,pairID,Flickr30kID,hypothesis,gold_label,explanation
12781,2607097757.jpg#3r1n,2607097757.jpg,The hole in the ground is intentional,entailment,Clearly the hole in the ground is intentional because it is being used for construction.
12466,2607097757.jpg#4r1n,2607097757.jpg,The worker is on his lunch break.,contradiction,The worker is at work he cannot said to be at lunch break.
6454,2607097757.jpg#0r1n,2607097757.jpg,The hat is white,neutral,Construction worker wearing a hard hat does not imply the hat is white
490,3046312861.jpg#2r2e,3046312861.jpg,A girl is in the middle of training.,entailment,training in gymnastics indicates she is currently in the middle of training
484,3046312861.jpg#2r3c,3046312861.jpg,A girl plays volleyball with an Alabama sign in the background.,contradiction,A Georgia sign can't be an Alabama sign.
10788,3046312861.jpg#2r3n,3046312861.jpg,A girl from Georgia State University trains for the Olympic gymnastics team.,neutral,Although the word Georgia is printed on the wall it might not be Georgia State University and although the girl is training for gymnastics it might not be for the Olympic gymnastics team.
9513,3620764461.jpg#3r1e,3620764461.jpg,Children are napping on a floor.,entailment,"""Children nap"" means that children are napping."
2381,3620764461.jpg#4r1c,3620764461.jpg,Kids are playing outside.,contradiction,You can't be sleeping and playing at the same time.
2382,3620764461.jpg#4r1n,3620764461.jpg,Some friends are having a sleepover.,neutral,"A sleepover consists of a party, children sleeping on the floor does not."
911,2952320230.jpg#1r1e,2952320230.jpg,a child was there,entailment,We can imply that the child is with the woman.
908,2952320230.jpg#0r1c,2952320230.jpg,A man is falling down stairs.,contradiction,A woman is not a man. Swinging a tennis racket is not falling down stairs.
9178,2952320230.jpg#2r1n,2952320230.jpg,The tennis player practiced swinging the racket.,neutral,It's not necessarily true that the player practiced swinging.
7596,191592626.jpg#0r1e,191592626.jpg,A man is rock climbing.,entailment,the helmet and backpack just further describe the man
7598,191592626.jpg#4r1c,191592626.jpg,The man is sitting on the couch.,contradiction,A man who climbs is not sitting. The location is either a couch or mountain.
14325,191592626.jpg#4r1n,191592626.jpg,The man is young.,neutral,Being young is relative.
5679,3747007211.jpg#2r1e,3747007211.jpg,A skier is about to descend.,entailment,Preparing means about to ski.
5682,3747007211.jpg#1r1c,3747007211.jpg,A man tubing on snow with mountains in the background.,contradiction,"If he skies, he cannot be tubing at the same time."
12280,3747007211.jpg#4r1n,3747007211.jpg,A young lad looking down a mountain.,neutral,We cant assure that the A young lad looking down a mountain.
2139,2841909138.jpg#1r1e,2841909138.jpg,A girl's feet are exposed.,entailment,"""A girl wearing sandals"" implies that her feet are exposed."
2138,2841909138.jpg#1r1c,2841909138.jpg,A girl is inside watching tv,contradiction,"The girl cannot be outside in a chair, while watching tv inside."
12052,2841909138.jpg#0r1n,2841909138.jpg,The woman is an author.,neutral,"Even though the woman is jotting down something in a book it could be her financial planner, day planner or even be writing her journal or a book. She may exactly not be an author."
5101,2147866213.jpg#3r1e,2147866213.jpg,A man has a a dog and a beer.,entailment,A man is sitting in a chair with his dog and a beer in hand is that the man has a dog and beer
5102,2147866213.jpg#3r1c,2147866213.jpg,The dog is talking about beer to his master.,contradiction,A dog cannot be talking about beer.
10000,2147866213.jpg#2r1n,2147866213.jpg,The man is drinking beer while petting his dog.,neutral,Can not tell from image if he is holding a beer.
5146,1453366750.jpg#1r1e,1453366750.jpg,Two women are indoors.,entailment,A bed is normally found indoors.
6355,1453366750.jpg#4r2c,1453366750.jpg,The kids were sitting at their desks.,contradiction,both shown upside and sitting are not same.
9864,1453366750.jpg#4r4n,1453366750.jpg,Children are playing.,neutral,We cant assure that Children are playing.
2842,3640348910.jpg#3r1e,3640348910.jpg,A guy riding his skateboard in the air.,entailment,Indicates that the skateboarder is going off the ramp and in midair.
2845,3640348910.jpg#0r1c,3640348910.jpg,A windsurfer dives off his board into the river.,contradiction,Is it a skateboarder or a windsurfer
12292,3640348910.jpg#4r1n,3640348910.jpg,The person on the skateboard ramp is an expert at dangerous skateboard stunts,neutral,We do not know if he's an expert
3679,3143991972.jpg#0r1e,3143991972.jpg,A woman spreads out a green blanket.,entailment,A woman is sitting on a green blanket that she had spread out.
3681,3143991972.jpg#4r1c,3143991972.jpg,The woman is alone.,contradiction,A woman and baby is different the just a woman
11875,3143991972.jpg#4r1n,3143991972.jpg,The airport is busy.,neutral,The picture in the airport does not clearly shows that it was busy. there are vacant seat and only a couple of people seen in the picture.
5185,3431671749.jpg#3r1e,3431671749.jpg,There is a car driving,entailment,A car can be on fire while driving.
5186,3431671749.jpg#3r1c,3431671749.jpg,There is a car not moving,contradiction,not all cars are race car
6688,3431671749.jpg#0r1n,3431671749.jpg,A smart car is zooming off with fire coming out of its exhaust pipe.,neutral,A car can be of any type and doesn't have to be a smart car.
5484,160541986.jpg#0r1e,160541986.jpg,A female is being photographed,entailment,A women is  a female. She poses for the camera so she is being photographed.
2412,160541986.jpg#2r1c,160541986.jpg,A woman sleeping in her bed.,contradiction,A woman wearing antiquated clothing including many pearls would not be sleeping in her bed.
11719,160541986.jpg#2r1n,160541986.jpg,A woman going to the Grammy's.,neutral,The woman could be heading to somewhere else other than the Grammy's.
13995,20805896.jpg#2r1n,20805896.jpg,The two men are laughing.,entailment,The two men appeared to be laughing and having fun .
6972,20805896.jpg#4r1c,20805896.jpg,Two women lay out to tan.,contradiction,they can't be both women and men.
14233,20805896.jpg#4r1n,20805896.jpg,The two men are a couple.,neutral,There is no evidence the two men are a couple.
14666,5661511556.jpg#0r5n,5661511556.jpg,Some people are wearing sneakers.,entailment,people are wearing sneakers in the background
5605,5661511556.jpg#0r1c,5661511556.jpg,a boy plays at an arcade,contradiction,People are in a garden space together where a boy holds a wooden frame of a raised plant bed. This garden space is not at an arcade which is where the other boy is.. A garden and an arcade are two different places
11496,5661511556.jpg#0r3n,5661511556.jpg,The young Black boy is helping with some new plants.,neutral,"do not know if the young boy is helping with plants, looks like wood"
7879,484280924.jpg#0r3e,484280924.jpg,The man is inside a building.,entailment,he  almost the same as man
2750,484280924.jpg#4r1c,484280924.jpg,The man is angrily making food.,contradiction,The man can't be doing it both angrily and happily.
7884,484280924.jpg#0r4n,484280924.jpg,A man is making sushi to-go,neutral,Just because an Asian chef is working in the kitchen does not mean the man is making sushi to-go.
6591,582788646.jpg#3r4e,582788646.jpg,The boy is wearing floaties as a safety precaution to prevent drowning.,entailment,The boy is wearing floaties with his feet in the sand on the beach
6587,582788646.jpg#3r3c,582788646.jpg,A boy is sleeping,contradiction,"His feet in the sand on the beach indicates he is standing, so the boy would not be sleeping simultaneously."
12987,582788646.jpg#1r4n,582788646.jpg,A small child was swimming.,neutral,The child is not actually swimming but is standing in water at the beach.
4726,7012109893.jpg#3r1e,7012109893.jpg,a child was there,entailment,No common sense reason that a child would be on a roof in the cold.
2296,7012109893.jpg#4r1c,7012109893.jpg,The woman fell while cleaning the roof.,contradiction,A man is not the same as a woman.
10133,7012109893.jpg#4r1n,7012109893.jpg,A tree fell on the roof.,neutral,"Label: NeutralExplanation: All we see is a man on the roof, we don't see anything falling in the picture."
3335,16630920.jpg#0r3e,16630920.jpg,The rugs have patterns.,entailment,rugs have patterns is a rewording of colourfully patterned rugs
3333,16630920.jpg#0r3c,16630920.jpg,The rugs have no patterns.,contradiction,"All the while a man is selling colorfully patterned rugs enjoys a drink from a coffee cup on a sunny day, couldn't very well have rugs with no patterns."
10123,16630920.jpg#3r1n,16630920.jpg,A merchant is selling his rugs at the marketplace.,neutral,"There is nothing to indicate that the man is a merchant or not a merchant, nor anything showing whether the rugs are for sale or not for sale. There doesn't appear to be a marketplace in the photo, but we can not know for sure whether he is or is not at a marketplace."
7179,5194023863.jpg#4r1e,5194023863.jpg,The girl is holding an insect.,entailment,A large snail is a type of insect.
7180,5194023863.jpg#4r1c,5194023863.jpg,The girl is holding a puppy.,contradiction,The subject cannot be holding a puppy if she holds a snail.
9604,5194023863.jpg#4r1n,5194023863.jpg,The girl is showing off her pet.,neutral,It is a girl showing off a snail but it may or may not be her pet.
6033,253924161.jpg#0r2e,253924161.jpg,A man and woman sit side by side at a table.,entailment,A man and woman sit side by side at a table implies a man with gray hair and a blond woman
6026,253924161.jpg#0r2c,253924161.jpg,The two men stand by the table.,contradiction,"The two people are either men, or they are a man and a woman."
10557,253924161.jpg#3r1n,253924161.jpg,A tall human sitting,neutral,The photo is not detailed enough to determine how tall the human is.
1015,3616525288.jpg#3r1e,3616525288.jpg,People ride horses.,entailment,Jockeys are people.
7809,3616525288.jpg#0r1c,3616525288.jpg,Horse jockeys are riding goats in a race.,contradiction,The jockeys can't be racing horses and riding goats at the same time.
13365,3616525288.jpg#3r1n,3616525288.jpg,People ride horses at the Kentucky Derby.,neutral,This picture shows people that ride horses but no proof it's at the Kentucky Derby
229,4734146340.jpg#0r2e,4734146340.jpg,Two men are wearing glasses.,entailment,"Both men were described as wearing glasses, so there are two men wearing those glasses."
224,4734146340.jpg#3r1c,4734146340.jpg,A man wears shorts and sits by a fountain.,contradiction,You can't be supporting a cause when he sits at a fountain.
12334,4734146340.jpg#4r1n,4734146340.jpg,A elderly male with a hiking stick.,neutral,"Whether the elderly male is holding a hiking stick or not, is unclear from the image."
6737,3619322150.jpg#0r1e,3619322150.jpg,A couple is in clothes.,entailment,a young couple is a couple and red outfits are clothes
6738,3619322150.jpg#0r1c,3619322150.jpg,No one is dancing.,contradiction,A young couple is performing a dance.
10631,3619322150.jpg#3r1n,3619322150.jpg,Two people are on a date.,neutral,The photo does show two people together and they appear to be a couple but you can not tell if they are on a date or not.
14171,3761067976.jpg#1r1n,3761067976.jpg,A girl is holding a rose.,entailment,A little girl is holding a rose in her right hand
8993,3761067976.jpg#3r1c,3761067976.jpg,A girl wears a pink dress.,contradiction,Yellow and pink are different colors.
13564,3761067976.jpg#2r1n,3761067976.jpg,A girl is pointing at a balloon in the air.,neutral,It is unclear by the picture what the girl is pointing at and if it is a balloon or not.
8761,4948403203.jpg#0r1e,4948403203.jpg,A guy is reading a newspaper outdoors.,entailment,A man is a guy.
8763,4948403203.jpg#4r1c,4948403203.jpg,A man is walking down a beach.,contradiction,One cant be walking and sits simultaneously.
13374,4948403203.jpg#1r1n,4948403203.jpg,A police officer reads a newspaper at the beach.,neutral,The man might just be an ordinary citizen and not a police officer.
7905,6053720349.jpg#1r1e,6053720349.jpg,A kid is inside of an open container.,entailment,A child in a suitcase means they are inside an open container.
7903,6053720349.jpg#4r1c,6053720349.jpg,man eats hot dog,contradiction,A baby is not a man and a suitcase is not a hot dog.
7906,6053720349.jpg#1r1n,6053720349.jpg,A child is happy and excited while sitting insde a container.,neutral,A child with a pacifier in its mouth is sitting in a suitcase does not indicate that a child is happy and excited while sitting insde a container.
2744,3691394196.jpg#3r1n,3691394196.jpg,A street performer is juggling.,entailment,A street performer would be juggling fire on a street corner.
2747,3691394196.jpg#1r1c,3691394196.jpg,The man is holding a cellphone.,contradiction,The man is either holding a torch or a cell phone.
14225,3691394196.jpg#2r1n,3691394196.jpg,A magician is doing a show with fire.,neutral,"There is a performer doing a show with fire. However, he may simply be a street performer and not a magician."
2250,3475111806.jpg#4r1e,3475111806.jpg,A person is taking a picture.,entailment,A man is a person and in a crowd is where the man is taking a picture.
2246,3475111806.jpg#1r1c,3475111806.jpg,Two women at the theater are turning off their cellphones.,contradiction,Either it is two men or two women.
11545,3475111806.jpg#1r1n,3475111806.jpg,Three men at a Nickelback concert are wishing they were somewhere else.,neutral,there are more than three men not in the crowd
919,732671252.jpg#4r1e,732671252.jpg,The boys are not standing.,entailment,"If boys are sitting, then they can not be standing."
924,732671252.jpg#1r1c,732671252.jpg,The children are running around the trampoline.,contradiction,They can't be both sitting and running around.
13087,732671252.jpg#0r1n,732671252.jpg,Two boys talk to each other about sports.,neutral,"In the photo, the two boys are talking, however their talk could be about sports or anything else."
3883,5086989679.jpg#3r1e,5086989679.jpg,The gymnast has a painted face.,entailment,with and has are the same thing
12109,5086989679.jpg#3r1n,5086989679.jpg,The gymnast has her face painted red.,contradiction,The man face is painted white.
10936,5086989679.jpg#1r1n,5086989679.jpg,A man is about to use the balance bar.,neutral,"He is doing gymnastics, but it does not appear that he is about to use the balance bar."
1448,4791485167.jpg#3r1e,4791485167.jpg,the man is digging,entailment,A man that digs in the snow is digging.
1449,4791485167.jpg#3r1c,4791485167.jpg,The lady in paints is playing in the sand.,contradiction,It cannot be both a man and a woman at once. It is not usually sunny if there is snow on the ground. A lady would not wear pants to the beach.
11754,4791485167.jpg#0r1n,4791485167.jpg,The woman is clearing her driveway of snow.,neutral,I cannot infer from the picture if this is a woman or man and it is unclear where they are clearing the snow from.
7583,4326893429.jpg#1r1e,4326893429.jpg,Men outside.,entailment,Men sledding are outside.
7586,4326893429.jpg#4r1c,4326893429.jpg,The people are going up the mountain on a ski lift.,contradiction,People cannot ride up and down a mountain at the same time.
13636,4326893429.jpg#1r1n,4326893429.jpg,Five co-workers sledding.,neutral,"The people are sledding, but we do not know that they are co-workers."
14496,4283472819.jpg#3r1n,4283472819.jpg,A man is doing ski tricks.,entailment,The man appears to be doing some type of tricks on skis.
3198,4283472819.jpg#4r1c,4283472819.jpg,A man is falling down from above.,contradiction,A person cannot be on skis and falling down at the same time.
10686,4283472819.jpg#2r1n,4283472819.jpg,an olympic skier does a gold winning stunt,neutral,Can't see a gold winning stunt.
3801,4606967207.jpg#1r1e,4606967207.jpg,the man's cat sits next to him while he cooks,entailment,A cat who sits next to a man cooking is a cat who sits.
11910,4606967207.jpg#1r1n,4606967207.jpg,the cat wants the food he's cooking,contradiction,"The cat ignores the food, it likely wants attention."
10162,4606967207.jpg#2r1n,4606967207.jpg,An Asian man is cooking dumplings.,neutral,The man is cooking but the picture isn't clear enough to see he's making dumplings.
12848,4673314291.jpg#4r1n,4673314291.jpg,Bystanders like poles.,entailment,"we have three bystanders,  and all of them are sitting in a pole, so, we can say they like them, since all seem relaxed, enjoying the moment"
7549,4673314291.jpg#2r1c,4673314291.jpg,Two men eat pizza in a restaruant.,contradiction,metal bollards and restaurant are different places
12517,4673314291.jpg#3r1n,4673314291.jpg,Three people are sitting and waiting patiently.,neutral,We are not sure if the three people are waiting patiently.
6795,3219606.jpg#4r1e,3219606.jpg,People are singing.,entailment,A choir sings.
6796,3219606.jpg#4r1c,3219606.jpg,A pastor is delivering his sermon.,contradiction,A choir is not a pastor.
10084,3219606.jpg#3r1n,3219606.jpg,There are 7 year old children on stage.,neutral,"They could be 7, or they could be young."
3161,7173939318.jpg#4r5e,7173939318.jpg,There is a water mass nearby,entailment,There must be water nearby for a dock and boats to be present.
3154,7173939318.jpg#0r1c,7173939318.jpg,A ship is sailing in the great lakes.,contradiction,It is not possible for a ship to be both in middle-eastern territory and the great lakes at the same time.
9813,7173939318.jpg#4r2n,7173939318.jpg,A group of people are having a boat viewing.,neutral,It is not apparent from the image whether or not they are having a boat viewing.
3010,439916996.jpg#0r1e,439916996.jpg,a woman ina  blue jacket watcher her dogs play,entailment,A woman watches her dogs play.
3011,439916996.jpg#0r1c,439916996.jpg,a woman in a red jacket watchers her two dogs play,contradiction,A woman in a blue and red jacket
13334,439916996.jpg#1r1n,439916996.jpg,A dog plays in the park with his owner on a sunny day.,neutral,The dog looks to be playing in a yard not in a park.
4161,4550700462.jpg#4r1e,4550700462.jpg,The boy is holding a flag.,entailment,The boy could only be holding a flag is he is with the flag.
4160,4550700462.jpg#2r1c,4550700462.jpg,The son is sleeping.,contradiction,The son is either walking or sleeping.
10802,4550700462.jpg#0r1n,4550700462.jpg,The woman and boy are in Mexico.,neutral,We cant assure that The woman and boy are in Mexico.
9329,7796487260.jpg#4r1e,7796487260.jpg,The pool is not full of water.,entailment,'empty' pool implies not full of water
7416,7796487260.jpg#2r1c,7796487260.jpg,A young woman is sitting on a couch,contradiction,either move on one hand and a sitting couch are not same.
9977,7796487260.jpg#3r1n,7796487260.jpg,A girl is training gymnastic moves for a competition.,neutral,"The girl is training gymnastic moves, however, we do not know that this is for a competition."
9845,122301379.jpg#4r1n,122301379.jpg,The two men cut down the trees.,entailment,There are two men in the picture wearing working gloves and a chainsaw in between them with a bunch of trees down.
8104,122301379.jpg#1r1c,122301379.jpg,There are two women at a bar.,contradiction,"Men are not women, and woods are not found in a bar."
9622,122301379.jpg#3r1n,122301379.jpg,Men are cutting down trees for lumbar for the nearby house.,neutral,Two men are standing by some fallen trees. It is not clear if they cut them down or if there is a nearby house.
9890,125635185.jpg#3r1n,125635185.jpg,Some children are outdoors.,entailment,Label: EntailmentExplanation: There are three children outdoors depicted in the photo.
5074,125635185.jpg#0r2c,125635185.jpg,Three children are playing indoors,contradiction,Three children cannot at the same time be playing outdoors and playing indoors.
13993,125635185.jpg#0r2n,125635185.jpg,Three children are at a park near their houses.,neutral,"There are two children playing, but we don't know if it is a park or near their houses."
12199,4791975111.jpg#0r1n,4791975111.jpg,A woman is leered at as she crosses the street.,entailment,A man does appear to be looking at the woman who is crossing the street.
10832,4791975111.jpg#1r1n,4791975111.jpg,A man is waiting for a women to get on his bike.,contradiction,"This man is just looking back at the woman to get on his bike, no real explanations."
10928,4791975111.jpg#2r1n,4791975111.jpg,The man is attracted to the woman.,neutral,The man is looking at the woman and seems to be attracted.
5789,1097710887.jpg#3r1e,1097710887.jpg,A little girl is playing outside.,entailment,A girl blowing bubbles in a field would be the same as a girl playing outside.
7410,1097710887.jpg#0r5c,1097710887.jpg,A young girl is carrying a hula hoop at the playground.,contradiction,A bubble solution is not the same as a hula hoop.
13615,1097710887.jpg#2r4n,1097710887.jpg,A little child is dressed to go to church.,neutral,We cant assure that A little child is dressed to go to church.
7842,2463394631.jpg#2r1e,2463394631.jpg,A man is bent over.,entailment,bending refers to bent.
7845,2463394631.jpg#0r1c,2463394631.jpg,A man is wearing a tank-top.,contradiction,one man is in a camouflage sweatshirt while the other is in a tank-top
13337,2463394631.jpg#2r1n,2463394631.jpg,A soldier is bending over.,neutral,A man is bending over on the ground. Don't know if he is a soldier.
11394,370445133.jpg#2r1n,370445133.jpg,A cowboy is trying to earn a good score in his event of the rodeo.,entailment,This cowboy is participating in an event in a rodeo called barrel racing.
2237,370445133.jpg#1r1c,370445133.jpg,The hat is a baseball cap.,contradiction,A baseball cap and cowboy hat are not the same type of hat.
12646,370445133.jpg#1r1n,370445133.jpg,The man is talented at riding.,neutral,The man in the picture may be talented in riding a horse
6605,449352117.jpg#3r1e,449352117.jpg,There is a dog in this picture.,entailment,A small dog is still a dog.
6604,449352117.jpg#3r1c,449352117.jpg,The dog is running free as his owner chases him across the field.,contradiction,A dog cannot be chewing while running free.
2810,449352117.jpg#2r1n,449352117.jpg,A small dog is looking through the lens of a camera.,neutral,Just beause a dog is standing behind a camera it does not mean he is looking through the lens.
8418,4768270751.jpg#4r1e,4768270751.jpg,A young woman creates art,entailment,a young woman paints a art on community
5978,4768270751.jpg#1r1c,4768270751.jpg,A man in a t-shirt paints on a large piece of paper on the ground.,contradiction,A woman and a man are not the same person.
10286,4768270751.jpg#4r1n,4768270751.jpg,A young woman paints on a large community mural for a third day in a row,neutral,a womans paints
8588,2987588136.jpg#0r1e,2987588136.jpg,Asian women are hugging each other.,entailment,Hugging each other is another way of saying to hug one another.
5664,2987588136.jpg#4r4c,2987588136.jpg,Two women watch tv,contradiction,Hugging is not watching TV.
12978,2987588136.jpg#0r1n,2987588136.jpg,Asian women have just purchased a car.,neutral,Nothing to suggest or confirm they have just purchased the car in the background.
5220,2313551145.jpg#3r1e,2313551145.jpg,a man is walking,entailment,There is a man walking to his destination.
5218,2313551145.jpg#2r1c,2313551145.jpg,The man is drinking beer in the pub.,contradiction,Holding and drinking are different.
10337,2313551145.jpg#3r1n,2313551145.jpg,the man is fifty,neutral,The age fifty cannot be detected by looks.
3943,2858456847.jpg#0r1e,2858456847.jpg,a woman is posing,entailment,African woman poses for picture with infant
3942,2858456847.jpg#0r1c,2858456847.jpg,the woman is naked,contradiction,A woman in a turban cannot be naked.
12822,2858456847.jpg#3r1n,2858456847.jpg,African woman smiling while holding her child after an earthquake.,neutral,we cant assure that  African woman smiling while holding her child after an earthquake.
9379,6952893010.jpg#2r1e,6952893010.jpg,There are four boats in the middle of the water.,entailment,Large sailboat surrounded by three small boats are four boats.
14693,6952893010.jpg#2r1n,6952893010.jpg,A large boat with a green flag on the back is towering above three smaller boats with the same flag.,contradiction,"Only one of the three smaller boats has a green flag, the same flag they have is orange, and the boat towering above he three has no green flag."
12902,6952893010.jpg#1r1n,6952893010.jpg,A blue and gray sailboat is losing a race.,neutral,we cant assure that A blue and gray sailboat is losing a race
1149,3562606482.jpg#0r1e,3562606482.jpg,Some people are walking in a field,entailment,Some people walking in a field is a man and a woman.
1148,3562606482.jpg#4r1c,3562606482.jpg,Two people are working in an office.,contradiction,The location is either a field or an office.
13741,3562606482.jpg#4r1n,3562606482.jpg,Two people are walking in town.,neutral,"Two people are walking, but in a park in town."
5878,345284642.jpg#0r1e,345284642.jpg,An animal carries something through the snowy field.,entailment,The brown dog is the animal and holding an object in it's mouth is the way a dog would carry something and a snowy field is outdoors.
5877,345284642.jpg#0r1c,345284642.jpg,The brown dog swims to shore with the frisbee in his mouth.,contradiction,One never swims in grass.
14219,345284642.jpg#2r1n,345284642.jpg,The dog in the field is named FIDO,neutral,"The dog in the field is named ""FIDO"" is not indicated. Can not see dog tags."
12548,524360969.jpg#0r1n,524360969.jpg,A woman is helping to direct traffic near a construction site.,entailment,Two people wearing safety clothes and carrying traffic signs stand next to a construction site on a city street.
6133,524360969.jpg#3r1c,524360969.jpg,The people are flying kites at the beach.,contradiction,construction site is different from the beach.
13089,524360969.jpg#3r1n,524360969.jpg,The flaggers are waiting for traffic to direct.,neutral,Not clear if waiting
3288,3996889070.jpg#0r1e,3996889070.jpg,"A young child is outside, petting a deer.",entailment,deer resembles a baby
3577,3996889070.jpg#4r1c,3996889070.jpg,Children pet a bunny.,contradiction,Bunnies and deer are different animals.
11155,3996889070.jpg#0r1n,3996889070.jpg,"A young child is outside, petting her friend's deer on a farm.",neutral,We cannot tell who the deer belongs to.
280,3157745346.jpg#0r1e,3157745346.jpg,A person is paying for transportation.,entailment,A bicyclist implies a person.
7092,3157745346.jpg#4r1c,3157745346.jpg,A man is talking to a teller at the bank.,contradiction,"If the man is at the ATM, he is not talking to a teller."
12830,3157745346.jpg#3r1n,3157745346.jpg,A competitive bicyclist gets money out of an ATM.,neutral,"Assuming that the man is getting money out of an ATM, it's unclear whether he's a competitive bicyclist."
647,259510411.jpg#4r1e,259510411.jpg,A woman stands near a painting.,entailment,The painting of a cow is a painting and the woman is standing in front of it which is near it.
14642,259510411.jpg#3r1e,259510411.jpg,The woman is admiring a picture.,contradiction,no the woman is not admiring a picture she is tooking photo with the picture
13510,259510411.jpg#0r1n,259510411.jpg,A woman is breaking her diet by eating ice cream for the first time in a month.,neutral,"The woman is eating ice cream, but we don't know if it is the first time in a month or not. We also don't know if she is on a diet."
8650,421153376.jpg#1r1e,421153376.jpg,A dog running outside,entailment,runs through marsh implies running outside
8654,421153376.jpg#2r1c,421153376.jpg,The white dog is dry.,contradiction,The dog could not be dry if it were running through water.
9869,421153376.jpg#3r1n,421153376.jpg,A 2 year old puppy runs through water.,neutral,"a 2 year old puppy runs through water, but its exact age cannot be specified."
7821,3421131122.jpg#0r1e,3421131122.jpg,The kayaker is outside holding an oar.,entailment,Waves are from water that is outside.
7817,3421131122.jpg#2r1c,3421131122.jpg,Boat rider is absolutely dry.,contradiction,"If the kayak rider is splashed with water, he cannot be dry."
11198,3421131122.jpg#1r1n,3421131122.jpg,A man is going down a river in a kayak.,neutral,"There is a man in a kayak but it could be any body of water, not just a river."
4060,2786245676.jpg#2r1e,2786245676.jpg,A small boy is happy.,entailment,"When the small boy holds something in his hand and smiles, he is happy"
4053,2786245676.jpg#4r1c,2786245676.jpg,A boy yelling with a baseball bat.,contradiction,The boy was smiling not yelling and someting in his hand could be a baseball but we dont know that.
13128,2786245676.jpg#4r1n,2786245676.jpg,A boy stole something from a store.,neutral,"Whatever the boy has in his hand, there is no reason to think he stole it or came from a store."
10554,6841943688.jpg#3r1n,6841943688.jpg,A person is holding a instrument.,entailment,"yes,A person is holding a instrument."
1590,6841943688.jpg#0r1c,6841943688.jpg,A man is playing a flute.,contradiction,A man cannot be playing a saxophone and a flute at the same time.
10077,6841943688.jpg#2r1n,6841943688.jpg,The saxophone player is recording a new jazz song.,neutral,"The man is playing the saxophone, however there is not enough evidence to infer that he is recording a new jazz song."
7170,2842439618.jpg#4r1e,2842439618.jpg,The surfer is riding down a large wave.,entailment,A person standing on a surfboard is called a surfer.
7163,2842439618.jpg#3r1c,2842439618.jpg,A dog is eating an avocado.,contradiction,"The someone who is surfing cannot be a dog, dogs don't generally eat avocados."
9772,2842439618.jpg#1r1n,2842439618.jpg,Two surfers out surfing in the early morning.,neutral,"There are two surfers that are out surfing, however there is no evidence to suggest the time of day is early morning (though, that is usually the best time)."
4088,3217187564.jpg#1r2e,3217187564.jpg,Dogs competing in a race.,entailment,Dogs running in a race are competing with each other.
10676,3217187564.jpg#1r1n,3217187564.jpg,Three dachsunds run in a weiner dog race.,contradiction,There are three dogs in a race which are not dachsound or weiner dog but they are greyhounds.
12954,3217187564.jpg#3r1n,3217187564.jpg,Three race dogs chase a fake rabbit towards the finish line.,neutral,The dogs are wearing race uniforms. There is no evidence of a finish line or a fake rabbit.
4913,1313961775.jpg#1r4e,1313961775.jpg,A girl wears a life jacket.,entailment,The girl is young and wears a life jacket so she can float in the lake.
4905,1313961775.jpg#2r4c,1313961775.jpg,A little girl learning to ride a bike.,contradiction,One cannot ride a bike in the water.
12670,1313961775.jpg#0r5n,1313961775.jpg,A young girl floats down the river.,neutral,we cant assure that  A young girl floats down the river.
63,5925544950.jpg#0r1e,5925544950.jpg,A girl is fishing.,entailment,A girl with red cap is fishing
61,5925544950.jpg#2r1c,5925544950.jpg,There is a woman in a black cap.,contradiction,Red is not black.
12104,5925544950.jpg#2r1n,5925544950.jpg,The woman enjoys fishing.,neutral,She's fishing but we cannot see any enjoyment from her face
3780,5631556013.jpg#4r1e,5631556013.jpg,A person is jumping into water.,entailment,a boy is a person
3774,5631556013.jpg#2r1c,5631556013.jpg,There is a man sitting,contradiction,One cannot be sitting and jumping at the same time.
9884,5631556013.jpg#0r1n,5631556013.jpg,a boy jumps into the pool,neutral,we cant assure that a boy jumps into the pool
2680,4443088094.jpg#4r1e,4443088094.jpg,The women are walking in the street.,entailment,A sidewalk is always part of a street.
2678,4443088094.jpg#3r1c,4443088094.jpg,The women are sitting on a couch.,contradiction,The women cannot be walking down a street and sitting on a couch simultaneously.
1871,4443088094.jpg#1r1n,4443088094.jpg,A woman is in New York City.,neutral,"New York City is a large city, but not the only large city."
3378,1546632452.jpg#0r2e,1546632452.jpg,A boy having fun outdoors.,entailment,A trampoline is outdoors.
13532,1546632452.jpg#4r1n,1546632452.jpg,A girl jumps on a blue trampoline.,contradiction,It looks to be a small boy jumping on a blue trampoline.
13106,1546632452.jpg#0r5n,1546632452.jpg,A little boy with read hair is doing his exercises on the trampoline at school.,neutral,we cant assure that A little boy with read hair is doing his exercises on the trampoline at school.
7282,3553056438.jpg#2r1e,3553056438.jpg,Two kids are sitting,entailment,bales of hay give context to where they're sitting
7283,3553056438.jpg#2r1c,3553056438.jpg,The kids are at the beach,contradiction,The children cannot be sitting on bales of hat and also at the beach simultaneously.
12331,3553056438.jpg#4r1n,3553056438.jpg,The little boy and the girl are in a barn.,neutral,we cant assure that The little boy and the girl are in a barn.
7684,1554713437.jpg#2r5e,1554713437.jpg,a dogs walks on a downed tree,entailment,Downed means fallen.
7679,1554713437.jpg#2r4c,1554713437.jpg,A fat dog sits on a cushion.,contradiction,"The dog cannot be fat and skinny at the same time, and cannot be walking when it sits"
11342,1554713437.jpg#2r3n,1554713437.jpg,Lightning made the tree fall so that the dog could walk upon it.,neutral,"Even though something made the tree fall and allowed the the dog to walk upon it, there is no evidence that it was definitely lightning that made the tree fall. It may or may not have been lightning."
7951,411008311.jpg#4r1e,411008311.jpg,A man is jumping.,entailment,A man jumping is in the present tense
7954,411008311.jpg#0r2c,411008311.jpg,The people are all wearing casual clothes.,contradiction,casual and formal are two different kind of clothes
10154,411008311.jpg#0r3n,411008311.jpg,People who are participating in a wedding are photobombed by a man jumping.,neutral,We cannot tell if the people are in a wedding or if the man jumping has photobombed the people.
3519,3355683198.jpg#1r1e,3355683198.jpg,The boy is practicing his grinding skills.,entailment,Skateboarding on a railing is called grinding.
338,3355683198.jpg#2r1c,3355683198.jpg,a girl eats chips,contradiction,A boy is not the same as a girl.
11432,3355683198.jpg#4r1n,3355683198.jpg,The kid is about to fall.,neutral,There is nothing to indicate that this stunt will result in a fall or injury.
7796,3126753745.jpg#3r1e,3126753745.jpg,The drummer is wearing a red hat.,entailment,A man with a red hat is inferred as The drummer is wearing a red hat.
7797,3126753745.jpg#3r1c,3126753745.jpg,A man playing the drums wore a blue hat.,contradiction,There can either be a red hat or a blue hat.
14001,3126753745.jpg#3r1n,3126753745.jpg,The drummer was very good at playing the drums.,neutral,"The drummer is playing, but he can be either good or bad."
5644,2763090857.jpg#2r1e,2763090857.jpg,A human smiling,entailment,A woman is a human and she can smile.
1033,2763090857.jpg#4r1c,2763090857.jpg,A girl is playing on her phone.,contradiction,One cannot get a drink from a fountain and play on phone simultaneously.
14044,2763090857.jpg#3r1n,2763090857.jpg,A woman is repairing a machine,neutral,a woman is doing something in a machine
8503,4885036157.jpg#0r1e,4885036157.jpg,A man and a woman pose together.,entailment,A man and a woman pose together is being restated.
13289,4885036157.jpg#4r1n,4885036157.jpg,A couple are making holiday cards.,contradiction,It looks like a couple but they are getting there photo taken. There is nothing holiday theme going on in the background.
13736,4885036157.jpg#1r1n,4885036157.jpg,Couple being photographed in a tunnel with graffiti.,neutral,the place is uncertain about  tunnel or not
1400,491987177.jpg#3r1e,491987177.jpg,An older gentleman cleans the bar.,entailment,older gentlemen cleans no matter
1401,491987177.jpg#3r1c,491987177.jpg,The bartender serves a whisky sour.,contradiction,cleans and serves are different actions
9632,491987177.jpg#2r1n,491987177.jpg,The drunk man swats at an animal in his restaurant.,neutral,There is no way to tell whether or not the man who is swatting at the animal is drunk or not. Also it looks like a bar not a restaurant.
8962,2705101739.jpg#3r1e,2705101739.jpg,People are sitting around a man.,entailment,Smiling people are people and they are sitting around a man.
8960,2705101739.jpg#0r1c,2705101739.jpg,He is standing on his head.,contradiction,plays and standing are not same
12429,2705101739.jpg#1r1n,2705101739.jpg,A group of people are sitting together at church.,neutral,We cant assure that  A group of people are sitting together at church.
1907,506082695.jpg#1r1e,506082695.jpg,Two climbers are climbing outside.,entailment,Two climbers on a rock wall outdoors
1911,506082695.jpg#4r1c,506082695.jpg,There are fifteen sheep climbing,contradiction,the climbing event can be for humans and not for fifteen  sheep.
14689,506082695.jpg#0r1n,506082695.jpg,The two people are both males.,neutral,we cant assure that The two people are both males.
6367,2877088081.jpg#1r1e,2877088081.jpg,A teenager does a trick on a skateboard.,entailment,Grinding is a type of trick done on a skateboard.
6365,2877088081.jpg#1r1c,2877088081.jpg,An old woman does tricks in a wheelchair.,contradiction,A boy can't be a woman.
6366,2877088081.jpg#1r1n,2877088081.jpg,An expert skater is shows off his skills.,neutral,"Just because a teenage boy is grinding his skateboard on a steep rail does not mean he is an expert skater, nor does it mean that he shows off."
12445,3357416302.jpg#3r1n,3357416302.jpg,A snowboader went off a ramp.,entailment,a snowboarder is midair from going off a ramp
8439,3357416302.jpg#4r2c,3357416302.jpg,A person is skateboarding.,contradiction,A snowboarder cannot be skateboarding simultaneously.
10570,3357416302.jpg#4r2n,3357416302.jpg,A woman is snowboarding.,neutral,A person is snowboarding. It is unclear if the subject is a woman.
4700,151215569.jpg#4r1e,151215569.jpg,A child sits on a mans shoulders to see.,entailment,A girl is a mans shoulders
14633,151215569.jpg#3r1n,151215569.jpg,The girl is taking pictures of a tourist attraction.,contradiction,The girl is not taking pictures of a tourist attraction.
12075,151215569.jpg#2r1n,151215569.jpg,The girl is the man's granddaughter.,neutral,Cant assure the girl is the man's granddaughter.
12078,5123000955.jpg#1r3n,5123000955.jpg,Some people are jumping in the air.,entailment,yes. some people jumping
5032,5123000955.jpg#4r1c,5123000955.jpg,There are no people on the deck.,contradiction,"If there are no people on the deck, there can't be a group of people on it."
14459,5123000955.jpg#1r1n,5123000955.jpg,The children jumping are all wearing the same brand of jackets,neutral,We don't know that their jackets are all the same brand.
627,2507831979.jpg#0r1e,2507831979.jpg,There are two cups of coffee on the table.,entailment,The table with two cups of coffee is the same thing as two cups of coffee on the table.
9446,2507831979.jpg#2r1c,2507831979.jpg,The woman is silent.,contradiction,The woman must be either be chatting or silent.
12459,2507831979.jpg#0r1n,2507831979.jpg,"The woman is a secret government agent spy, waiting to meet her contact from another country.",neutral,The woman might be a normal person instead of a government agent spy waiting for her relative or friends instead of her contact.
7661,427736337.jpg#0r1e,427736337.jpg,Two people are talking inside.,entailment,"A woman and a man are people,  talk in a purple room means they are talking inside."
7662,427736337.jpg#0r1c,427736337.jpg,A man and woman are eating ice cream cones.,contradiction,Talk and eating are different.
13407,427736337.jpg#1r1e,427736337.jpg,Two coworkers collaborate.,neutral,the two coworkers aren't for sure collaborating but maybe but might be just talking. hard to say what they are doing in the office or room their in.
9350,4876504906.jpg#4r1e,4876504906.jpg,Male nun is inhaling.,entailment,Inhaling by smoking a cigarette.
6506,4876504906.jpg#2r1c,4876504906.jpg,The man is dressed as Tarzan.,contradiction,Dressed as a nun is different from Tarzan.
13153,4876504906.jpg#1r1n,4876504906.jpg,A cross dresser is protesting the Catholic Church.,neutral,"It is unclear whether this man is a cross dresser, he might be an actor or this might be a very masculine woman.  It also is not clear that he or she is protesting anything."
3872,3707283973.jpg#2r1e,3707283973.jpg,The people are in the garden.,entailment,People walking through a garden should be in the garden first.
8185,3707283973.jpg#1r1c,3707283973.jpg,Three people sit on the train heading South.,contradiction,One cannot sit and be walking at the same time. One is either in a park or on the train.
11101,3707283973.jpg#4r1e,3707283973.jpg,A trio are enjoying the outdoors.,neutral,A trio are walking outdoors but it appears they are just sightseeing.
6653,316298162.jpg#2r1e,316298162.jpg,The people are walking together.,entailment,A group of people are people and wooded park is where they are walking together
6651,316298162.jpg#3r1c,316298162.jpg,A group of businessman ate on the road,contradiction,"If businessmen ate on the road, they are sitting, not walking."
10944,316298162.jpg#1r1n,316298162.jpg,The group walked away from the path and back to their cars.,neutral,Although the group is walking away from the path they could be going anywhere instead of their cars
3165,3772446893.jpg#4r1e,3772446893.jpg,The lady is by the flowers.,entailment,ROSES ARE FLOWERS.
13625,3772446893.jpg#1r1n,3772446893.jpg,The woman is smelling the rose bush.,contradiction,The woman is not facing towards or leaning in to smell the rose bush.
3237,3772446893.jpg#3r1n,3772446893.jpg,A woman is reading on the couch.,neutral,Sitting on the couch does not imply reading.
6004,2736263351.jpg#2r1e,2736263351.jpg,A man is gardening.,entailment,Planting flowers implies gardening.
6002,2736263351.jpg#1r1c,2736263351.jpg,The man is a woman.,contradiction,the man can not be a woman
9613,2736263351.jpg#0r1n,2736263351.jpg,The man is planting flowers.,neutral,"The man is gardening, and there are flowers in the picture, however, he could be planting any variety of plant. He is not necessarily planting flowers."
916,498404951.jpg#2r1e,498404951.jpg,The dog is furry.,entailment,A furry dog means the dog is furry.
4923,498404951.jpg#0r1c,498404951.jpg,The cat is wading through the pond.,contradiction,It is either a dog or a cat wading through the pond.
918,498404951.jpg#4r1n,498404951.jpg,The dog is by the water,neutral,"You don't know what the dog by the water is doing, there is no verb"
8338,3241531692.jpg#2r1n,3241531692.jpg,The lady is a musician.,entailment,Playing an instrument means being a musician.
8339,3241531692.jpg#2r1c,3241531692.jpg,The lady is fighting.,contradiction,Playing and fighting are different.
12860,3241531692.jpg#3r1n,3241531692.jpg,A woman is holding her hand up to ask a question.,neutral,A woman in the image might be holding her hand to ask a question or just could just be waving for any other reason
3611,4655361417.jpg#2r1e,4655361417.jpg,The man in black sings into the microphone.,entailment,man in a black shirt is a man
3482,4655361417.jpg#3r1c,4655361417.jpg,A singer is wearing an orange shirt.,contradiction,The man can have either a black shirt or an orange shirt.
14491,4655361417.jpg#0r1n,4655361417.jpg,A man is singing country.,neutral,"A man is singing in this picture, but no indication what genre of music. It could be country or rock or something else."
1817,83001714.jpg#0r1e,83001714.jpg,People playing a game outside.,entailment,Children are people and the street is outside.
1850,83001714.jpg#4r1c,83001714.jpg,The kids are sleeping.,contradiction,They cannot be playing tug-of-war and sleeping simultaneously.
13392,83001714.jpg#4r1n,83001714.jpg,The kids are friends.,neutral,"Even though the kids are playing tug of war, it is unclear why and does not mean they are friends."
3762,3799708677.jpg#1r1e,3799708677.jpg,Two monks are going for a stroll.,entailment,Going for a stroll means walking along a path.
3761,3799708677.jpg#1r1c,3799708677.jpg,Two monks are praying in front of some large columns.,contradiction,The monks are either walking along or praying.
11051,3799708677.jpg#2r1n,3799708677.jpg,Two men are talking about problems.,neutral,Problems- although they are both talking they could be talking about anythingindeed there are two men
7654,1810651611.jpg#0r5e,1810651611.jpg,The little girl is wearing a dress.,entailment,girl is wearing a dress can also be said as a  girl in a pink and white flowered dress
7628,1810651611.jpg#2r2c,1810651611.jpg,The girl is washing her hands in the kitchen.,contradiction,a kitchen is not a backyard
7644,1810651611.jpg#3r1n,1810651611.jpg,A girl plays on a red swingset.,neutral,A young girl is swinging in a backyard does not imply she plays on a red swingset.
1084,4494075018.jpg#0r1e,4494075018.jpg,A man is near water.,entailment,Cruises along the water implies near water.
14706,4494075018.jpg#4r1n,4494075018.jpg,A man is trying to quit smoking and failing.,contradiction,"A man is smoking something, which he wouldn't be doing if he was trying to quit smoking."
9918,4494075018.jpg#2r1n,4494075018.jpg,A fishing boat pulls up to a dock.,neutral,We cant assure  a fishing boat pulls up to a dock.
2965,2393971707.jpg#2r1e,2393971707.jpg,Two people going down stairs.,entailment,two people going down stairs are known to be descending a set of steps.
11617,2393971707.jpg#0r1n,2393971707.jpg,Two women are holding on to the railings while walking down the stairs.,contradiction,Two women are walking down the stairs but they are not holding onto the railing.
11169,2393971707.jpg#1r1n,2393971707.jpg,People in red and pink walking down their apartment building steps.,neutral,"While there are people in red and pink walking down steps, it is unclear as to whether or not they are steps to an apartment building."
10530,3809758561.jpg#1r2n,3809758561.jpg,"A vendor sells ties, sunglasses, and newspapers",entailment,It is safe to assume that the man that's standing there is a vendor and he sells things.
2126,3809758561.jpg#1r1c,3809758561.jpg,The vendor is sitting and trying to power nap.,contradiction,A vendor is standing looking at the camera so he can not be sitting trying to power nap.
9606,3809758561.jpg#0r1n,3809758561.jpg,"a man stands with his hands crossed awkwardly in front of him, trying to decide what to buy from a vending booth on the street",neutral,There is no indication he is trying to buy anything.
8176,5220880759.jpg#3r1e,5220880759.jpg,The person is wet.,entailment,Showering is related to wet.
8177,5220880759.jpg#3r1c,5220880759.jpg,The person is sitting on the toilet.,contradiction,One does not shower in the toilet.
14704,5220880759.jpg#2r1n,5220880759.jpg,Someone is getting ready for work.,neutral,"Someone is getting ready, but we don't know if it is for work."
5425,3124455694.jpg#2r1e,3124455694.jpg,passengers get off a train,entailment,Passengers in both.
5427,3124455694.jpg#1r1c,3124455694.jpg,People are boarding a city bus.,contradiction,The people cannot be standing on a platform and boarding a city bus simultaneously.
14253,3124455694.jpg#2r1n,3124455694.jpg,passengers are going to mount everst,neutral,It can't be seen from the photo whether the people are going to the mount or to some other destination.
597,4692725862.jpg#1r1e,4692725862.jpg,A boy plays in the pool.,entailment,The pool may not be filled with sparkling blue water.
9459,4692725862.jpg#4r1c,4692725862.jpg,Kids are riding bicycles.,contradiction,"swimming requires getting wet, while bicycles dont work when they are wet since they get rusty and slippery, therefore the children cannot be both wet and dry at the same time"
9441,4692725862.jpg#3r1n,4692725862.jpg,The two boys are swimming and catching a wave,neutral,The boys could be swimming and not catching a wave.
6979,4118638516.jpg#3r5e,4118638516.jpg,a guy sells things in the street,entailment,Being street side usually means one is in the street.
6976,4118638516.jpg#0r1c,4118638516.jpg,A boarded up storefront of a business that has closed.,contradiction,A man cannot hang goods up on his storefront is if the business is closed.
5093,4118638516.jpg#1r1n,4118638516.jpg,The man admires the decorations.,neutral,Not all men admires.
4431,4852819911.jpg#1r1e,4852819911.jpg,A guy uses a broom to sweep infront of a wall.,entailment,Man sweeps using broom in front of a wall
4430,4852819911.jpg#1r1c,4852819911.jpg,A witch flies on a broom in the sky.,contradiction,There can be either a man or a witch. One can be either sweeping or flying.
12284,4852819911.jpg#2r1n,4852819911.jpg,A shop worker is cleaning a mess left by children.,neutral,A workshop worker is cleaning up a mess but it can not be said that it was left by children.
9317,2723024306.jpg#3r1e,2723024306.jpg,An adult is working with sand.,entailment,"A man is an adult, and a sand castle is made of sand."
11391,2723024306.jpg#4r1n,2723024306.jpg,The man is playing with his kids.,contradiction,In above pic a man is playing with sand not with kid
10269,2723024306.jpg#2r1n,2723024306.jpg,There is a building contest on the beach,neutral,Someone is making a sand castle. There is no evidence of a contest.
3022,72010346.jpg#2r1e,72010346.jpg,A happy duo gets intimate,entailment,the happy duo embraces and this leads to being intimate.
6380,72010346.jpg#1r1c,72010346.jpg,The man and woman are on the couch.,contradiction,One cannot dance and be in couch simultaneously.
11405,72010346.jpg#3r1n,72010346.jpg,The young couple is dancing together for the first time.,neutral,"In this picture, there is no way to tell if this is a young couple or if they are dancing together for the first time."
6257,2991994607.jpg#2r1e,2991994607.jpg,The male is covered in blood.,entailment,A man is a male. Bloodied means covered in blood.
14438,2991994607.jpg#4r1n,2991994607.jpg,There is food and drink in the photo.,contradiction,There is no food or drink in this photo.
11315,2991994607.jpg#2r1n,2991994607.jpg,The man won best costume and made money from the halloween contest.,neutral,May or may not have won best costume at a Halloween contest and may or may not have made money
12620,3390808408.jpg#3r1n,3390808408.jpg,A soccer player is playing in a soccer game.,entailment,"This is entailment because there is a soccer player, playing in a soccer game"
9783,3390808408.jpg#1r1n,3390808408.jpg,The men play a friendly game of pick up soccer in the street.,contradiction,The men are not in the street and this is competitive soccer not pick up soccer.
10976,3390808408.jpg#0r1n,3390808408.jpg,The football player juked the defender.,neutral,"A football player running with the ball near a defender, but no indication that the defender was juked."
1739,3547000169.jpg#3r1e,3547000169.jpg,Three men are sitting,entailment,Three men are seated means they are sitting.
11319,3547000169.jpg#0r1n,3547000169.jpg,mena re being fitted for shoes,contradiction,the men are sitting down but does not look like they are being fitted for shoes.
12827,3547000169.jpg#4r1n,3547000169.jpg,the men are drinking coffee at the counter,neutral,"The men at the counter may be drinking coffee, or they may be drinking something else."
1653,4401136784.jpg#1r1e,4401136784.jpg,They are posing.,entailment,People stand under a float posing.
450,4401136784.jpg#3r1c,4401136784.jpg,They are inside.,contradiction,The can't be outside and inside at the same time.
10109,4401136784.jpg#1r1n,4401136784.jpg,They know eachother.,neutral,"Even though they are smiling together, they might not know each other"
2522,2305437797.jpg#0r1e,2305437797.jpg,A dog is swimming,entailment,THE DOG IS SWIMMING.
8673,2305437797.jpg#3r1c,2305437797.jpg,A cat ignores a ball of yarn in the house,contradiction,A dog is a different animal than a cat.  Fetching is not done while ignoring something.  A stick is a different object than yard.  A house is not located in water.
2521,2305437797.jpg#0r1n,2305437797.jpg,A puppy is swimming toward shore,neutral,"Dog could mean an animal of any age; puppy means the animal is young.  Also, the dog could be swimming in any direction, not necessarily toward shore."
5531,6987411804.jpg#4r1e,6987411804.jpg,The girls are wearing cheerleading outfits.,entailment,"Cheerleaders, cheerleading same thing."
4077,6987411804.jpg#2r1c,6987411804.jpg,Nobody is watching,contradiction,"Either several men watch or nobody is watching, it cannot be both simultaneously."
14134,6987411804.jpg#2r1n,6987411804.jpg,Tall humans watching,neutral,"A lot of humans are watching some apresentation, but no one can assure that all of them are tall."
9139,3607969989.jpg#0r1e,3607969989.jpg,A man skateboards.,entailment,A young man skateboards refers to  a man skateboards.
9138,3607969989.jpg#4r1c,3607969989.jpg,A man is swimming.,contradiction,One cannot be on a skateboard and swimming simultaneously.
11651,3607969989.jpg#3r1n,3607969989.jpg,A man is skateboarding at midday.,neutral,The man skateboarding can skating midday or in the morning.
2072,92679312.jpg#4r1e,92679312.jpg,Two people are holding electronics equipment.,entailment,"A man and a boy are ""two people"" and are holding microphones, which are electronics equipment."
2071,92679312.jpg#4r1c,92679312.jpg,A father and a son are playing baseball.,contradiction,You cannot be playing baseball while holding microphones.
2066,92679312.jpg#0r1n,92679312.jpg,The boy is going to sing,neutral,"All boys smiling into a microphone are not going to sing, the boy could be preparing to do many things, he may have just ended, or he may be doing nothing at all."
3320,3708748633.jpg#2r1e,3708748633.jpg,A man plays bagpipes.,entailment,The man that is playing the bagpipes is wearing a kilt.
3316,3708748633.jpg#4r1c,3708748633.jpg,A man is playing drums in the church.,contradiction,You cannot be playing bagpipes and playing drums at the same time.
13865,3708748633.jpg#0r1n,3708748633.jpg,The man is playing a beautiful song.,neutral,we cant assure that The man is playing a beautiful song.
1275,1424775129.jpg#4r1e,1424775129.jpg,child stepping on train tracks with a stick,entailment,the child is a boy who is stepping or walking with a stick on the tracks.
1268,1424775129.jpg#0r3c,1424775129.jpg,A little boy with a red jacket is riding the subway.,contradiction,Riding the subway is not walking.
13170,1424775129.jpg#2r1n,1424775129.jpg,A little boy is playing a game.,neutral,There is a boy who appears to be playing near a railroad track but is by himself so it may not be a game.
2833,575853856.jpg#4r1e,575853856.jpg,The man is playing an instrument.,entailment,A whistle is an instrument
13708,575853856.jpg#2r5n,575853856.jpg,a man in gray trousers and a hat plays a whistle,contradiction,The man is playing a whistle but is not wearing a hat. The image does not show if the man is wearing gray trousers.
13851,575853856.jpg#4r1n,575853856.jpg,The man is performing.,neutral,There is a man with an instrument that he is obviously playing but nothing to indicate that he is performing for anyone. He could be practicing by himself.
1277,6232601127.jpg#1r1e,6232601127.jpg,The man is making a piece of pottery.,entailment,a man loves that pottery
1280,6232601127.jpg#3r1c,6232601127.jpg,An artist is sleeping.,contradiction,The artist can'tbe creating pottery and be asleep at the same time.
12005,6232601127.jpg#2r1n,6232601127.jpg,A person is creating pottery on an outdated pottery wheel.,neutral,We do not know the date of the wheel.
7101,3416050480.jpg#0r4e,3416050480.jpg,A woman in expensive clothes is sitting on a big animal while it jumps.,entailment,horse is a big animal.
7102,3416050480.jpg#0r3c,3416050480.jpg,Nobody has apparel.,contradiction,A woman and nobody are contradictions.
11347,3416050480.jpg#1r1n,3416050480.jpg,An equestrian is riding a horse over a jump shaped like a plane at a competition.,neutral,"We cant assure that, the equestrian is riding a horse over a jump shaped like a plane at a competition."
2077,2230134548.jpg#3r1e,2230134548.jpg,A human working.,entailment,A man cook food in a city is working for money.
3278,2230134548.jpg#1r1c,2230134548.jpg,"The chef is working in the hot, stuffy kitchen.",contradiction,An outdoor kitchen cannot be hot and stuffy.
14032,2230134548.jpg#3r1n,2230134548.jpg,A tall person working.,neutral,With only one person in the photo I cannot tell if he is tall or not.
1762,1234206849.jpg#3r1e,1234206849.jpg,two women are happy,entailment,Women smile means that they are happy.
1779,1234206849.jpg#4r1c,1234206849.jpg,Two women are wearing hoods.,contradiction,The women can't be wearing hoods and hats covered in flowers.
13388,1234206849.jpg#0r4n,1234206849.jpg,The women are sitting for a picture.,neutral,"The image shows 2 women from the shoulders up, it is unclear if they are sitting or standing."
4031,1606988704.jpg#4r4e,1606988704.jpg,Children are playing together,entailment,Three children playing shows that Children are playing together
4037,1606988704.jpg#4r3c,1606988704.jpg,three children are shopping at wal mart in the clothes area,contradiction,The children are either playing or shopping.
12615,1606988704.jpg#4r2n,1606988704.jpg,Three children are visiting a farm.,neutral,"Three children are playing with hay, but we cannot say for sure if it is a farm."
8125,5513727638.jpg#0r1e,5513727638.jpg,A man is outside riding a bike.,entailment,The man riding a bike is doing tricks on it.
1370,5513727638.jpg#3r1c,5513727638.jpg,One biker doing a stunt while onlookers watch overhead.,contradiction,Onlookers can't be in two locations simultaneously and must either be overhead or in the far corner.
11636,5513727638.jpg#1r1n,5513727638.jpg,The boy is very young,neutral,It is too hard to tell from the image if the boy is very young since very is subjective.
8600,137444523.jpg#4r4e,137444523.jpg,A photgraphy student photographs a group of busy-minded pedestrians.,entailment,a girl is a photography student and busily walk by is same as busy-minded pedestrians
8623,137444523.jpg#0r1c,137444523.jpg,A man and woman are swimming.,contradiction,taking and swimming are not the same
13969,137444523.jpg#1r2n,137444523.jpg,A group of friends wait for their party bus.,neutral,It cannot be clearly said if they are friends or not.
189,4606522320.jpg#3r1e,4606522320.jpg,Men are wearing headwear.,entailment,Orange berets are headwear.
191,4606522320.jpg#4r1c,4606522320.jpg,Men are naked.,contradiction,THE MEN ARE EITHER WEARING RED HATS AND BLUE SUITS OR THEIR NAKED
9913,4606522320.jpg#0r1n,4606522320.jpg,men are posing for a picture,neutral,There are men in the picture but it is unclear if they are aware of their picture being taken.
5011,4801764348.jpg#4r1e,4801764348.jpg,The family is waiting for someone.,entailment,The family is waiting for someone in their family to arrive at the airport by plane.
5012,4801764348.jpg#4r1c,4801764348.jpg,The family is from Argentina.,contradiction,It is not likely that an Asian family would be from Argentina.
13194,4801764348.jpg#4r1n,4801764348.jpg,The family hasn't seen their loved one in years.,neutral,We don't know if these people are a family that is waiting for a loved one. They could be unrelated waiting for something else.
2200,4439654945.jpg#0r5e,4439654945.jpg,Children feign sleep while observing the local customs of adults.,entailment,Children can be young children.
2194,4439654945.jpg#0r4c,4439654945.jpg,Young kids are blindfolded.,contradiction,The young children cannot watch anything if they are blindfolded.
13167,4439654945.jpg#2r2n,4439654945.jpg,a boy grins in a crowd of people knowing that he should have his eyes closed too,neutral,"A boy grins in a crowd, the others have their eyes closed. He could be too young to realize he is supposed to have his eyes closed."
5587,707941195.jpg#2r1e,707941195.jpg,The dog is on a rock.,entailment,Climbing over a rock implies the dog is on a rock.
5592,707941195.jpg#4r1c,707941195.jpg,A cat is lying on  a rock.,contradiction,Dog and cat are different.
9670,707941195.jpg#1r1n,707941195.jpg,A black dog stands on a rock looking for its owner.,neutral,There is a black dog leaning on a rock and possibly seeking its owner
2111,6981038793.jpg#0r1e,6981038793.jpg,Person in orange pants skiing.,entailment,orange pants skiing is same as orange pants skiing.
2117,6981038793.jpg#3r1c,6981038793.jpg,A snowboarder is walking up the mountainside,contradiction,One cannot be skiing and walking.
12039,6981038793.jpg#3r1n,6981038793.jpg,A skier is preparing for a competition in the Winter Olympics,neutral,"There is a skier in the photo, but no way to tell if he or she is preparing for the Winter Olympics."
13617,5892931627.jpg#4r1n,5892931627.jpg,A person is trying to hit the ball.,entailment,The person (player) is swinging which also means actively trying to hit the ball. Th empire is grabbing the ball (in action) means there was a ball coming toward player.
5671,5892931627.jpg#0r2c,5892931627.jpg,The player drinks a bottle of wine,contradiction,The player can not drink wine and swing at the ball simultaneously.
9939,5892931627.jpg#0r2n,5892931627.jpg,The player has just hit a home run,neutral,The player is playing baseball an swinging pretty hard to the ball but the ball is not shown and it could be an strike not a home run.
4190,2757803246.jpg#1r1e,2757803246.jpg,The small child was happy.,entailment,Smiles represent that the small child is happy
4184,2757803246.jpg#2r1c,2757803246.jpg,The dog is playing near the people.,contradiction,child is contradictory to dog.
14290,2757803246.jpg#0r1n,2757803246.jpg,The boy is at a park with his mother.,neutral,we cant assure that  the boy is at a park with his mother
3046,4977528001.jpg#0r1e,4977528001.jpg,A boy has a New York hat on.,entailment,A young boy standing in crowd has a New York hat on
3512,4977528001.jpg#1r1c,4977528001.jpg,The boy is looking at the ground.,contradiction,The boy cannot look at both a camera and the ground simultaneously.
10027,4977528001.jpg#3r1n,4977528001.jpg,The son of a New York Yankees ball player wears his father's team hat.,neutral,There is no evidence that this is the son of a ball player in this photo.
4640,2635938723.jpg#1r1e,2635938723.jpg,The boy is consuming something.,entailment,Dark-headed boy is also a boy and eating implies consuming.
9314,2635938723.jpg#3r1c,2635938723.jpg,Little boy is sleeping.,contradiction,One can not simply eat a red Popsicle and sleep at the same time.
5668,2635938723.jpg#2r1n,2635938723.jpg,Dark-haired fat child eating a frozen treat.,neutral,Not every dark haired child is fat
10901,3094034946.jpg#4r1n,3094034946.jpg,The uniform is made of fabric,entailment,"The uniform is made of fabric, it doesn't specify which kind."
2397,3094034946.jpg#1r1c,3094034946.jpg,The soccer player kicks the ball to the moon.,contradiction,The soccer player cannot kick the ball to another player and also to the moon.
10951,3094034946.jpg#3r1n,3094034946.jpg,A soccer player is getting ready to take a penalty kick.,neutral,We cant assure that A soccer player is getting ready to take a penalty kick.
1254,4480270643.jpg#4r1e,4480270643.jpg,"A person is standing, indoors, near a window.",entailment,One must be indoors to be in a large room.
1383,4480270643.jpg#2r1c,4480270643.jpg,A man is standing in a field.,contradiction,The man cannot be in a building and a field at the same time.
14657,4480270643.jpg#4r1n,4480270643.jpg,"A man is in the living room, by the window.",neutral,"Not only is the person in the image possibly a woman and not a man, but without showing furniture, this may not considered a living room."
2973,2903617548.jpg#2r1e,2903617548.jpg,A game is being played by a children near a vehicle.,entailment,Croquette is a game played by children and adults. If they are by the truck they are near a vehicle.
2974,2903617548.jpg#2r1c,2903617548.jpg,The child is taking a shower.,contradiction,If there is indeed a child that is playing croquette next to the truck its not highly possible for the same child at the same time to take a shower.
11462,2903617548.jpg#1r1n,2903617548.jpg,The kid is playing a game with friends.,neutral,We see a kid playing a game but no friends.
4597,6680789117.jpg#1r1e,6680789117.jpg,People are kayaking.,entailment,There are two people in a kayak moving towards another kayak on the open water implying that there are multiple people kayaking.
4601,6680789117.jpg#3r1c,6680789117.jpg,There are only red canoes.,contradiction,Red is not yellow.
13051,6680789117.jpg#3r1n,6680789117.jpg,The rowers are in a competition.,neutral,Not sure whether it is a competition or a practice rowing
14302,6338704.jpg#1r1n,6338704.jpg,people trying to get to the other side of the street,entailment,"The people are clearly crossing the street, trying to get to the other side, in a cross walk."
7778,6338704.jpg#0r1c,6338704.jpg,The people are sleeping.,contradiction,crossing and sleeping are different activities
13739,6338704.jpg#4r1n,6338704.jpg,They are going to lunch together.,neutral,To me let's go to lunch feels more formal and implies that the food is prepared and ... My colleagues and I would usually go to lunch together. They are going to lunch together.
8123,7003919692.jpg#4r1e,7003919692.jpg,The marketplace is hot,entailment,"African marketplace is a form of a marketplace, and summer day implies hot."
8117,7003919692.jpg#0r1c,7003919692.jpg,The town  is submerged under 10 feet of water,contradiction,People would not traverse a street under 10 feet of water but swim it.
11613,7003919692.jpg#0r1n,7003919692.jpg,The black people are not bothered.,neutral,The black people are walking may be doing shopping.
12377,2790909995.jpg#0r1n,2790909995.jpg,A dog runs into a sandy patch away from the grass in the background.,entailment,The dog is running in a sandy patch with the grass in the background.
6450,2790909995.jpg#4r1c,2790909995.jpg,A dog sits nicely for it's treat.,contradiction,The dog cannot sit and run simultaneously.
11720,2790909995.jpg#4r1n,2790909995.jpg,A dog runs through sand at the beach.,neutral,"A dog is clearly running through the sand, but there's no ocean in the background so it may be at a park rather than a beach."
271,287212060.jpg#4r1e,287212060.jpg,The man is not alone.,entailment,A man holding a young boy can't be called alone.
6171,287212060.jpg#1r1c,287212060.jpg,Two guys about to eat at a hotdog contest.,contradiction,"Two guys is different from a man and a child, also while the two guys are about to eat at a hotdog contest, the man and a child are at an outdoor restaurant."
9981,287212060.jpg#4r1n,287212060.jpg,The man is getting ready to race in a three legged race with the boy.,neutral,not sure he is getting ready for race or not
4170,146019208.jpg#3r1e,146019208.jpg,The men are eating outside.,entailment,To be on a snow covered mountain you'd need to be outside.
4167,146019208.jpg#2r1c,146019208.jpg,Guys in swimsuits prepare a beach luau.,contradiction,Guys can't be in swimsuits if they are in heavy clothing.
11248,146019208.jpg#3r1n,146019208.jpg,The men are stuck where they are.,neutral,"The men are sitting near a lake with limited supplies, but there is no evidence they are stuck."
1582,837919879.jpg#4r1e,837919879.jpg,two people playing a game,entailment,Guys are people. Horseshoe is a type of game.
1583,837919879.jpg#0r1c,837919879.jpg,Two women wearing jeans and sunglasses are playing horseshoes.,contradiction,Is it two men or two women.
9697,837919879.jpg#2r1e,837919879.jpg,Tom and Sue were playing horseshoes.,neutral,We do not know the names of the people who are playing horseshoes.
9504,3381788544.jpg#3r1e,3381788544.jpg,There are many girls standing together.,entailment,"A group of girls infers that there are also many girls, and they are all standing together."
9999,3381788544.jpg#3r1n,3381788544.jpg,The girls are standing outside.,contradiction,The girls are not standing outside.
14639,3381788544.jpg#4r1n,3381788544.jpg,"Two girls are laughing about a funny joke, surrounded by people who hate them.",neutral,There is no way to tell if they are laughing about joke or if the girls around them hate them.
8468,65845718.jpg#0r1e,65845718.jpg,A person is swimming.,entailment,a woman is a person
8472,65845718.jpg#3r1c,65845718.jpg,A woman is racing a car.,contradiction,A woman that hangs on the side of a swimming pool cannot be the one racing in a car.
8467,65845718.jpg#0r1n,65845718.jpg,This is a woman in a swimming pool with her hand on the edge of the pool and appears to be wearing a dark blue bathing suit and yellow swim cap and looking off to her right.,neutral,Dark blue is not a rare color so because one woman is in a dark blue swimsuit does not imply she is also in a yellow swim cap.
9320,4570151256.jpg#1r1e,4570151256.jpg,The female is wearing a t-shirt.,entailment,Girl also means female.
10754,4570151256.jpg#0r1n,4570151256.jpg,The female is in the woods on a rainy day.,contradiction,"The female is in the woods, however, in the picture it is not raining."
13127,4570151256.jpg#1r1n,4570151256.jpg,The blond girl is wheeling a wheelbarrow across a lawn to put lawn trimmings in.,neutral,"From image provided, I can not tell whether or not she is going to put lawn trimmings in it."
12121,415604639.jpg#4r1n,415604639.jpg,There is a woman dressed in a black dress.,entailment,There is a woman wearing a black dress.
1544,415604639.jpg#0r1c,415604639.jpg,the woman closes the door,contradiction,one can not opens and closes door at the same time
1542,415604639.jpg#1r1n,415604639.jpg,This couple prepared to host their first big party.,neutral,"A man and a woman walking together are not always a couple. If two people enter a kitchen at a party, it does not mean that they host the party."
121,242558556.jpg#2r1e,242558556.jpg,The girl is wearing white.,entailment,A girl is wearing white implies white sweatshirt
6430,242558556.jpg#3r1c,242558556.jpg,The blond-haired model is passed out drunk.,contradiction,A lady who poses cannot also be passed out.
12386,242558556.jpg#3r1n,242558556.jpg,The model in white is posing like Marilyn Monroe.,neutral,The model is posing but not like Marilyn Monroe.
6481,2874876837.jpg#1r1e,2874876837.jpg,a boy is playing outside,entailment,If the boy jumps on a trampoline then he is playing.
10988,2874876837.jpg#4r1n,2874876837.jpg,the trampoline is blue,contradiction,The trampoline is black and the safety pad is blue.
12409,2874876837.jpg#1r1n,2874876837.jpg,the boy is not happy,neutral,"The boy appears to be happy because he is smiling, but he might not be happy in general. That can't be construed from the photo."
1921,618797331.jpg#4r1e,618797331.jpg,A young boy is showing his necklace.,entailment,Showing something off could be considered the same as showing.
1920,618797331.jpg#4r1c,618797331.jpg,A young girl is showing off her new ring.,contradiction,It's either a boy or a girl.
12406,618797331.jpg#4r1n,618797331.jpg,A young boy is showing the beaded necklace that he made.,neutral,There is no way to tell if he made the necklace or if it was given to him already made.
9533,2629784415.jpg#0r1e,2629784415.jpg,People stand in front of a display,entailment,A display of artifacts are a display.
2498,2629784415.jpg#1r1c,2629784415.jpg,The people are all driving go-carts around a track at their local family fun center.,contradiction,"The people can't be walking and driving at the same time, and also can't be at a museum and at the family fun center at the same time."
10918,2629784415.jpg#0r1n,2629784415.jpg,People stand in front of the new display,neutral,"There are people standing next to the display, but it is unclear if the display is new or old."
5654,2596474836.jpg#2r5e,2596474836.jpg,Two people are swimming.,entailment,A woman and a boy are swimming in a swimming pool.
5657,2596474836.jpg#4r1c,2596474836.jpg,Man teaching young boy how to swim.,contradiction,It's either a woman or a man teaching the young boy to swim.
14234,2596474836.jpg#2r3n,2596474836.jpg,The woman is holding her son.,neutral,"We cant assure that,The woman is holding her son."
5379,2993049054.jpg#2r1e,2993049054.jpg,A man is wearing a mask.,entailment,Man in both.
5798,2993049054.jpg#0r1c,2993049054.jpg,The man wears a pink mask and a purple cape.,contradiction,black and pink are different colors.
11797,2993049054.jpg#2r1n,2993049054.jpg,A man is wearing a mask and about to rob a bank.,neutral,A man is wearing a mask but am unsure about his intention to rob a bank.
5703,2540884723.jpg#2r1e,2540884723.jpg,Two people talking.,entailment,woman talking to  man is the same as Two people talking.
5702,2540884723.jpg#2r1c,2540884723.jpg,A naked man and woman having sex.,contradiction,the couple cannot be naked if the woman is wearing a pink blazer and the man is wearing a golf cap. They cannot be talking if they are having sex.
9633,2540884723.jpg#3r1n,2540884723.jpg,The people are waiting for a taxi.,neutral,"it shows two people waiting , may be for a taxi."
8737,2174648405.jpg#1r1e,2174648405.jpg,Two woman wearing masks are working.,entailment,The woman in medical masks are working specifically in a food factory.
11322,2174648405.jpg#3r1n,2174648405.jpg,Two women in pinks masks are in the warehouse.,contradiction,"The women are not in pinks masks, their masks are two different colors."
11205,2174648405.jpg#4r1n,2174648405.jpg,Two women work in a big factory,neutral,Factory may not be big.
1656,6847401646.jpg#0r1e,6847401646.jpg,The man is atheltically build,entailment,The man having an atheltically build implies that he is an athletically built man.
1332,6847401646.jpg#1r1c,6847401646.jpg,a man is too shy to take off his shirt,contradiction,A man posing is not the same as a man too shy.
4525,6847401646.jpg#3r1n,6847401646.jpg,Someone has shoulder-length hair.,neutral,Not all long hair is shoulder-length.
2164,3701699584.jpg#1r2e,3701699584.jpg,A tennis player playing tennis,entailment,"Sentence one and two are connect because if the tennis player ""prepares to hit the ball"" it is implied that the ""tennis player is playing tennis."""
12205,3701699584.jpg#4r1n,3701699584.jpg,Andy Roddick is playing in his tennis finals.,contradiction,There is a man playing tennis but it isn't Andy Roddick and you can't tell if it is the tennis finals.
10373,3701699584.jpg#1r1n,3701699584.jpg,The person you can see here is ranked #10 in the tennis world rankings.,neutral,We cant assure that  The person you can see here is ranked #10 in the tennis world rankings.
7739,3027397797.jpg#4r1e,3027397797.jpg,The man is outside.,entailment,man skateboards down the street means he is outside
7731,3027397797.jpg#0r1c,3027397797.jpg,the teenager is asleep in a tent,contradiction,A teenager who is skateboarding cannot at the same time be asleep in a tent.
11418,3027397797.jpg#1r1n,3027397797.jpg,A man is on a skateboard chasing after his son.,neutral,There is no conclusive evidence that the man on the skateboard is chasing his son
13117,2666234771.jpg#4r1n,2666234771.jpg,A man is being watched by a group of spectators in the street,entailment,There is a man being watched by spectators on a street while he performs.
2913,2666234771.jpg#4r1c,2666234771.jpg,A woman is singing in the street,contradiction,"man doesn't mean women, dance doesn't mean singing"
11002,2666234771.jpg#2r1n,2666234771.jpg,A man in a Halloween costume tries to scare a driver.,neutral,A man is jumping up in the air facing a car. He looks like he's going to scare a driver.
6953,4970590451.jpg#4r1e,4970590451.jpg,A man drives.,entailment,"A man who is driving, drives."
6949,4970590451.jpg#2r1c,4970590451.jpg,There is nothing on the person's head.,contradiction,"If one is sporting a helmet, then there cannot be nothing on their head."
11148,4970590451.jpg#1r1n,4970590451.jpg,man participate in the race.,neutral,A man is sitting on his motorcycle.
9559,2954929479.jpg#2r1e,2954929479.jpg,A child is holding something orange.,entailment,The orange thing a child is holding is a pumpkin.
5211,2954929479.jpg#4r1c,2954929479.jpg,A boy is fast asleep in his own bed.,contradiction,"If a boy is asleep in his own bed, he cannot be holding a pumpkin in a patch."
9558,2954929479.jpg#2r1n,2954929479.jpg,A boy is getting ready to carve his pumpkin.,neutral,A young boy holding a pumpkin in the middle of a pumpkin patch may not carve his pumpkin
4852,5732777684.jpg#1r1e,5732777684.jpg,children are outside walking,entailment,walking is same as walking.
4845,5732777684.jpg#0r2c,5732777684.jpg,The children want to die.,contradiction,Just because children are walking along train tracks doesn't mean they want to die.
12957,5732777684.jpg#0r5n,5732777684.jpg,The view is of children walking to school in the morning.,neutral,There is no evidence that it is morning and the children may be walking to school but there is no evidence of that.
7761,4682929932.jpg#0r1e,4682929932.jpg, A crowd of people stand in the background.,entailment,"The same action, stand in the background, is being performed by the same subject, a crowd of people."
9400,4682929932.jpg#4r1c,4682929932.jpg,People are eating.,contradiction,People aren't normally eating while being crowded around toys.
13293,4682929932.jpg#3r1n,4682929932.jpg,The people are conducting a purchase.,neutral,"There are people, but it is not clear if there a purchase happening"
1470,4941418090.jpg#3r1e,4941418090.jpg,Someone is holding an instrument.,entailment,A lady is someone and a guitar is an instrument that someone can hold.
1468,4941418090.jpg#2r1c,4941418090.jpg,A woman is sleeping.,contradiction,You cannot play a guitar and be sleeping at the same time.
11758,4941418090.jpg#4r1n,4941418090.jpg,A woman plays a guitar for an audience.,neutral,We cannot know if the woman who plays the guitar has an audience based on the picture
967,3256274183.jpg#4r1e,3256274183.jpg,Two men sneak across a boundary.,entailment,of the two men on is helping the other get under a boundary
957,3256274183.jpg#0r2c,3256274183.jpg,Nobody is assisting.,contradiction,"Sent. 1: A man is assisting, sent 2: nobody is assisting"
10748,3256274183.jpg#3r1n,3256274183.jpg,A cadet is working,neutral,"There is someone present in apparent military garb, so possible a cadet, it is unclear whether or not is doing a specific task for his work."
6563,3456579559.jpg#1r1e,3456579559.jpg,The trick is performed in the air.,entailment,If the skateboarder is jumping a trick in the air then the trick is performed in the air.
6561,3456579559.jpg#0r1c,3456579559.jpg,A woman eats dinner.,contradiction,Skateboarder and woman are different.
13793,3456579559.jpg#1r1n,3456579559.jpg,The skateboard does the trick to impress the judges.,neutral,The is no way to tell if this man is in a skateboard competition.
8426,2307118114.jpg#2r1e,2307118114.jpg,A man is happy.,entailment,Smiling implies that one one is happy.
8422,2307118114.jpg#0r1c,2307118114.jpg,This gentlemen is frowning and angry.,contradiction,You can't be smiling while you're frowning and angry.
11539,2307118114.jpg#1r1n,2307118114.jpg,The spokes model for the brand new Chevy Nisan smiles and poses with the car.,neutral,The model can be seen smiling and posing. No car can be seen within this image.
6766,3105623068.jpg#3r1e,3105623068.jpg,A girl is going upward.,entailment,Climbing is an act of going upward.
6759,3105623068.jpg#4r1c,3105623068.jpg,The girl is inside the atrium.,contradiction,You don't rock climb in an atrium.
12625,3105623068.jpg#2r1n,3105623068.jpg,A woman sweating it out while climbing.,neutral,Not sure what sweating it out means in this context.
3590,3351586010.jpg#3r1e,3351586010.jpg,The boy is rollerblading.,entailment,A boy rollerblading  is rollerblading.
3591,3351586010.jpg#3r1c,3351586010.jpg,The girl skateboarded down the hill.,contradiction,A boy is rollerblading in a skate park instead of a girl skateboarding down the hill.
13530,3351586010.jpg#3r1n,3351586010.jpg,The boy rollerblades for the first time.,neutral,"Although the boy is clearly rollerblading, there's no evidence that this is his first time doing so."
6384,4750766294.jpg#2r1e,4750766294.jpg,A child is reading.,entailment,One child reading means there is a child reading.
6262,4750766294.jpg#1r1c,4750766294.jpg,Someone is binding a book.,contradiction,One cannot be reading and binding a book simultaneously.
14266,4750766294.jpg#3r1n,4750766294.jpg,The other girl can not read.,neutral,We cant assure that The other girl can not read.
7480,5901845159.jpg#0r3e,5901845159.jpg,The people are together,entailment,people refers to man and child
7472,5901845159.jpg#4r1c,5901845159.jpg,The little boy is watching a Disney movie on tv.,contradiction,THE LITTLE BOY CANNOT BOTH BE ADMIRING A STATUE AND WATCHING A DISNEY MOVIE ON TV.
14509,5901845159.jpg#0r2n,5901845159.jpg,The man is part of a movie being filmed and a child passing by stops to look at his old-timey movie gear.,neutral,"In this picture it shows a man that looks like he is putting on a show but there is no proof he is a part of a movie being filmed, there is a child that stops to look at his old-timey movie gear."
1969,4858175898.jpg#3r1e,4858175898.jpg,An old man holding a baby.,entailment,An older male is an old man and a baby is also called an infant.
5445,4858175898.jpg#4r1c,4858175898.jpg,The older man is playing with the baby on the floor.,contradiction,The man can't hold the baby and play with the baby on the floor at the same time.
5446,4858175898.jpg#4r1n,4858175898.jpg,The older man is feeding the baby.,neutral,Just because the older man is holding the baby does not mean he is feeding the baby.
5984,3827176890.jpg#1r1e,3827176890.jpg,"Two boys, dressed for cold weather, greet each other.",entailment,They are wearing sweaters because it is cold.
5982,3827176890.jpg#3r1c,3827176890.jpg,The children have no hands.,contradiction,The children can't shake hands of they don't have hands.
12695,3827176890.jpg#0r1n,3827176890.jpg,Two kids are congratulating each other after their game.,neutral,There is nothing to support that the two kids are congratulating each other after a game.
4995,3784574313.jpg#2r1e,3784574313.jpg,Items are not being installed in a dirt pile.,entailment,grassy field is a dirt pile.
2579,3784574313.jpg#4r1c,3784574313.jpg,Workers are taking a nap.,contradiction,Sleeping workers cannot be unwinding cable.
10383,3784574313.jpg#3r1n,3784574313.jpg,The workers just started a new project.,neutral,"We cant assure that ,The workers just started a new project."
8148,3676460610.jpg#2r1e,3676460610.jpg,There is a woman in a field.,entailment,THE FIELD IS ON A BIKE TRAIL.
8142,3676460610.jpg#1r1c,3676460610.jpg,A woman is driving her car.,contradiction,A woman cannot be biking while driving.
14356,3676460610.jpg#3r1n,3676460610.jpg,The women is in a hurry,neutral,There is only one single woman in the photo and there is not enough evidence to determine if she is in a hurry.
1799,55438559.jpg#0r1e,55438559.jpg,children are in a race,entailment,The children that are racing are in a group and their parents are cheering them on.
13020,55438559.jpg#4r1n,55438559.jpg,The boys are running a race at the park.,contradiction,There are no boys running in this photograph; all the runners are girls.
11857,55438559.jpg#3r1n,55438559.jpg,Friends are running in a race.,neutral,"People are running in a race because they have identification numbers attached to their chest, however, it is unclear that they are friends."
494,489134459.jpg#4r1e,489134459.jpg,two kids are outside,entailment,A boy and a girl are two kids. The front of a house is located outside.
503,489134459.jpg#3r1c,489134459.jpg,The girl is walking away.,contradiction,One cannot be both standing and walking simultaneously
10350,489134459.jpg#0r1n,489134459.jpg,The sitting child is related to the leaning girl.,neutral,"The picture includes a sitting child and leaning girl, but whether the sitting child is related to the leaning girl cannot be determined from this picture alone."
13671,4978901111.jpg#1r1n,4978901111.jpg,A lady makes a funny face at her daughter.,entailment,A lady is making a funny face at a child.
3737,4978901111.jpg#3r1c,4978901111.jpg,Two men are in a hotdog eating contest.,contradiction,a woman is contradictory to two men
11175,4978901111.jpg#2r1n,4978901111.jpg,a woman and her daughter are smiling,neutral,"A women and a girl are smiling, but that may not be her daughter."
4454,172097783.jpg#2r5e,172097783.jpg,A boy is engaging in water activities.,entailment,"A boy with a red vest, blue and white trunks, on a wakeboard must mean he is engaging in water activities"
4461,172097783.jpg#0r4c,172097783.jpg,The life jacket is actually yellow.,contradiction,Life jacket can only be of one color
14303,172097783.jpg#2r2n,172097783.jpg,A boy on a wakeboard in a lake.,neutral,"There is a boy on a wakeboard, but it is impossible to tell from the picture if he is in a lake, river, stream, ocean or some other body of water."
305,1246863003.jpg#1r1e,1246863003.jpg,There are people in a kitchen.,entailment,People of three working in a kitchen quickly.
11625,1246863003.jpg#0r2n,1246863003.jpg,chefs destroying a kitchen to produce lasagna,contradiction,"The kitchen is very clean, no looks like destroyed."
12558,1246863003.jpg#0r5n,1246863003.jpg,The chefs are in a cooking challenge,neutral,The chefs looks like working on a restaurant.
1162,6206278823.jpg#4r1e,6206278823.jpg,the goalie is in play,entailment,A goalie defends their net in play.
6852,6206278823.jpg#3r1c,6206278823.jpg,A golfer ready to swing.,contradiction,Golfer does not play hockey.
10201,6206278823.jpg#3r1n,6206278823.jpg,A hockey goalie prepares to block a potentially winning shot.,neutral,A hockey goalie is attempting to block a shot.
7539,637245791.jpg#0r1e,637245791.jpg,A boy is sitting on the floor.,entailment,A boy could be small and Asian.
2870,637245791.jpg#1r2c,637245791.jpg,A boy is seated at his desk in a classroom.,contradiction,"The boy can either be seated on the floor or be seated at his desk, but not both."
10117,637245791.jpg#1r5n,637245791.jpg,A boy enjoys himself playing with legos.,neutral,"Whether this boy enjoys himself in this picture is not clear; he does seem to be having fun, though."
2432,3516087269.jpg#4r1e,3516087269.jpg,The girl has weird blue hair and big shoes.,entailment,Girl wore blue shoes.
2433,3516087269.jpg#4r1c,3516087269.jpg,The girl with the blue hair is wearing sandals.,contradiction,A girl can not wear thick-soled shoes and sandals at the same time.
12843,3516087269.jpg#1r1n,3516087269.jpg,A woman with blue hair stands in the subway as she tries to get to a concert.,neutral,we cant assure that  A woman with blue hair stands in the subway as she tries to get to a concert.
8097,479545053.jpg#2r1e,479545053.jpg,A man is standing outside.,entailment,Front of a store implies outside
8094,479545053.jpg#0r1c,479545053.jpg,A woman is working in a Korean laundromat.,contradiction,A man is different from a woman.
13992,479545053.jpg#2r1n,479545053.jpg,A man is waiting for someone.,neutral,"There is a man in the picture, nothing to indicate that he is waiting for someone. That would be an assumption."
7266,241345770.jpg#1r1e,241345770.jpg,A football game is in progress.,entailment,A football game being in progress is a shorter description of what is happening with the notre dame quarterback.
2676,241345770.jpg#4r1c,241345770.jpg,The cheerleader has a sprained ankle.,contradiction,The person cannot be both a quarterback and a cheerleader
13008,241345770.jpg#4r1n,241345770.jpg,A quarterback gets ready.,neutral,"The image shows a football player who may be preparing to throw a football, but it is unclear if the player is a quarterback and what is meant by the term gets ready."
7665,3893510114.jpg#1r1e,3893510114.jpg,Men are playing a game together in the water.,entailment,"Men are playing chess, which is a game, in water, and a pool is a source of water."
8918,3893510114.jpg#0r1c,3893510114.jpg,Men riding a bike.,contradiction,A POOL IS NOT A BIKE
11752,3893510114.jpg#0r1n,3893510114.jpg,Some mens are like to play chess near pool.,neutral,We cant assure that Some mens are like to play chess near pool.
5712,3559693175.jpg#1r1e,3559693175.jpg,The people are waiting at the bike shop.,entailment,"A bunch of people means more than one person, so they can be described as people.   If people are standing in line, they are probably waiting."
7095,3559693175.jpg#2r1c,3559693175.jpg,the store is empty of people,contradiction,A store can not be empty if it is full of people.
11792,3559693175.jpg#1r1n,3559693175.jpg,The people want the newest bike on the market.,neutral,we cant assure that The people want the newest bike on the market.
8060,3451290730.jpg#1r1e,3451290730.jpg,vigil for tree lovers,entailment,Vigil with signs including the word trees suggests it's a vigil for tree lovers.
8058,3451290730.jpg#0r1c,3451290730.jpg,"The men are all brothers, and are on their annual fishing trip to the Adirondacks.",contradiction,Saving trees and fishing trip are activities that conflicting with each other.
10239,3451290730.jpg#2r1n,3451290730.jpg,A group of men have a candlelight vigil in honor of saving trees.,neutral,"The men in the image above seem to be partaking in a candlelight vigil and judging by the posters, it is for tree conservation."
7972,154653766.jpg#1r1e,154653766.jpg,A group of people standing outdoors.,entailment,4 teenagers are group of people and outside a Wells Fargo bank is outdoors
7975,154653766.jpg#1r2c,154653766.jpg,The van pulls out of the driveway.,contradiction,Teenagers are people. A van is a vehicle.
13352,154653766.jpg#1r5n,154653766.jpg,Teenagers consider robbing a bank.,neutral,There are teenagers in the photo but you cannot tell what they are thinking about.
2131,2317271.jpg#2r1e,2317271.jpg,A picture of people was taken near a building.,entailment,"Photo of a wedding party is a picture of people, and in front of implies near."
2132,2317271.jpg#2r1c,2317271.jpg,A woman takes a picture of a dog,contradiction,There can be photo of a wedding party or a picture of a dog.
12166,2317271.jpg#0r1n,2317271.jpg,A large family poses for a photo for their Christmas card.,neutral,"This image shows a group of people (not necessarily a family) posing, and based upon wardrobe and flowers, it could be a photo shoot for a holiday celebration, but there is not enough information."
8996,4451504790.jpg#4r1e,4451504790.jpg,a child holding the steer,entailment,""" holding the steering wheel "" means the same thing as "" holding the steer """
8997,4451504790.jpg#2r1c,4451504790.jpg,An adult riding a motorcycle to work.,contradiction,sitting and riding are not same
11626,4451504790.jpg#2r1n,4451504790.jpg,A child dressed in clothing made by slave labor sitting on a vehicle used for agriculture.,neutral,"There is a child dressed in clothing sitting on a vehicle used for agriculture, but there is no evidence that the clothing was made by slave labor."
1017,4830307454.jpg#3r1e,4830307454.jpg,A boy is irritated.,entailment,The teenage boy with the cap looked irritated.
12565,4830307454.jpg#3r1n,4830307454.jpg,A boy is irritated because a monkey scratched him.,contradiction,The boy in the picture appears serious but not necessarily irritated. He is not apparently scratched and there is not a monkey in the picture.
12212,4830307454.jpg#1r1n,4830307454.jpg,Kid is having his school picture taken.,neutral,The picture in question may not be taken for a school picture.
11908,3455019076.jpg#0r5n,3455019076.jpg,The woman is getting ready to ride her bike.,entailment,It looks like the woman is on her bike getting ready to ride it
977,3455019076.jpg#1r1c,3455019076.jpg,A woman sleeping on the floor.,contradiction,Getting on a bike can't happen while sleeping on the floor.
14660,3455019076.jpg#0r1n,3455019076.jpg,A woman is parking her bicycle near  a group of other bicycles .,neutral,The woman is on her bicycle but it is not known whether she is parking her bicycle or if she is simply going to cycle.
8004,4716333601.jpg#1r1e,4716333601.jpg,There is a woman in a striped shirt and glasses walking.,entailment,a women refers to there is a women.
8007,4716333601.jpg#3r1c,4716333601.jpg,The men are running into the cafe.,contradiction,Walking is a different action and running. Women and men are two different genders.
11184,4716333601.jpg#1r1n,4716333601.jpg,The woman is middle aged.,neutral,"From image provided, I can not tell whether or not she is middle aged."
760,2922222717.jpg#2r1e,2922222717.jpg,A small dog and a man are close to each other,entailment,black dog is a dog and it is possible for dog to bite on a person's finger.only when dog and man are close to each other
764,2922222717.jpg#3r1c,2922222717.jpg,A small dog carefully aims a rifle.,contradiction,A dog cannot aim a rifle while he bites a ladies finger.
11954,2922222717.jpg#4r1n,2922222717.jpg,A dog is playing,neutral,"There is a dog who is nipping a human's fingers.  It is unclear whether he is mouthing, play biting, or nipping out of fear."
12693,5009047021.jpg#2r1n,5009047021.jpg,The player is running for the end zone while opponents chase him.,entailment,"In the picture, we see a football player running with the ball while opponents chase him."
3182,5009047021.jpg#1r1c,5009047021.jpg,Nobody is running,contradiction,One cannot be running and not running at the same time.
3181,5009047021.jpg#1r1n,5009047021.jpg,A tall human running,neutral,I told human running is not imply in any way that they are on a football team.
14147,2683823978.jpg#2r1n,2683823978.jpg,A slim human sitting,entailment,The women are of a small build and are sitting on the ground to fix their bikes.
11928,2683823978.jpg#3r1n,2683823978.jpg,Two boys are re-inflating their bicycle tires.,contradiction,"They do not look male, the bike are also feminine, also don't know if they are re-inflating because there is no pump and they could've just removed the wheel to prevent stealing"
14017,2683823978.jpg#4r1n,2683823978.jpg,Two girls fix their bikes before riding.,neutral,We cant assure that  Two girls fix their bikes before riding.
1755,4851268802.jpg#2r1e,4851268802.jpg,A man is looking at a woman.,entailment,A man is both cases is looking at a woman.
1756,4851268802.jpg#2r1c,4851268802.jpg,The man is wearing a pink shirt.,contradiction,The man is either wearing a white or a pink shirt.
13309,4851268802.jpg#3r1n,4851268802.jpg,The man is speaking with his wife.,neutral,The man is speaking to a woman but there is no way of knowing from the photo if it's his wife.
7081,2612125121.jpg#0r1e,2612125121.jpg,A man is painting a picture of someone next to a family by the beach.,entailment,"A portrait is picture to paint.To be surrounded by a family, one should be next to a family."
7084,2612125121.jpg#4r1c,2612125121.jpg,Nobody is painting anything.,contradiction,sits for a painter  is contradictory to nobody is painting
9921,2612125121.jpg#2r1n,2612125121.jpg,Someone is drawing with a pencil.,neutral,Someone is drawing but you cannot see the object they are drawing with
5800,288038357.jpg#3r1e,288038357.jpg,The man is outside.,entailment,The man is on the roof so he is outside.
9387,288038357.jpg#2r1c,288038357.jpg,A man sitting down watching television.,contradiction,If a man is patching up a hut he is outside working and can't be also sitting and watching television.
11948,288038357.jpg#1r1n,288038357.jpg,A man is fixing his roof after a storm.,neutral,"A man is fixing a roof, but it doesn't say or look like if its because of a storm"
7066,140774394.jpg#0r5e,140774394.jpg,The people are outside.,entailment,The people are outside refers to  man wearing a green shirt while a group of people walk on a lawn behind him.
9879,140774394.jpg#2r3n,140774394.jpg,A man is cutting something with a saw.,contradiction,There is a man but I cannot tell if he is cutting something and it doesn't look like a saw.
13266,140774394.jpg#2r5n,140774394.jpg,A man shows an industrial saw to an interested crowd.,neutral,"The man is using equipment, but we don't know for sure if it is an industrial saw is and if there is a crowd watching him."
6816,4764087782.jpg#1r1e,4764087782.jpg,A young woman is walking outside.,entailment,street almost the same as outside.
2439,4764087782.jpg#0r1c,4764087782.jpg,There is a man sitting in a red car,contradiction,Either a man or a woman. Either a red car or a yellow car.
12073,4764087782.jpg#4r1n,4764087782.jpg,The lot is at the grocery store.,neutral,Label: NeutralExplanation: It's definitely a parking lot but there's no evidence that it's at the grocery store.
9187,2682194299.jpg#2r1e,2682194299.jpg,The dog is excercising,entailment,jumping implies  excercising
9188,2682194299.jpg#2r1c,2682194299.jpg,The dog is laying down,contradiction,The dog is jumping over not laying down.
13015,2682194299.jpg#1r1n,2682194299.jpg,A dog is chasing someone down stairs.,neutral,"he is running down some stairs, you cannot see if he is chasing anyone"
6123,4975536758.jpg#3r1e,4975536758.jpg,The boy left his bike.,entailment,The boy left bike and runs on an empty street.
6121,4975536758.jpg#0r1c,4975536758.jpg,the girl is walking a rope over the canyon,contradiction,The girl is either walking away from her bicycle and down the street or walking a rope over the canyon
6124,4975536758.jpg#2r1n,4975536758.jpg,Child standing near the bike,neutral,Somebody can be standing on the concrete and not necessarily on an unpaved road.
3809,78058719.jpg#3r1e,78058719.jpg,Everyone is helping clean up.,entailment,If someone is cleaning then they clean up
1156,78058719.jpg#2r1c,78058719.jpg,The woman is at home sleeping on the couch.,contradiction,The woman can not be manipulating dishes and sleeping at the same time.
12707,78058719.jpg#0r1n,78058719.jpg,A man watches while his wife does the dishes,neutral,"While a man watches while a woman is using the dishwasher, it is unclear whether this woman is his wife."
9466,6314475602.jpg#4r1n,6314475602.jpg,A man is wearing a skirt.,entailment,A large pole is thrown by a man wearing a kilt.
930,6314475602.jpg#3r1c,6314475602.jpg,A group of men are hurling discs.,contradiction,Discs are different objects to long wooden sticks.
11717,6314475602.jpg#3r1n,6314475602.jpg,A group of Scottish men are competing.,neutral,"While a group of men are likely competing in a competition, we cannot know if they are all Scottish even though they are wearing kilts."
4931,3738685861.jpg#1r5e,3738685861.jpg,A child is outside.,entailment,The fact that the child is playing with a yard ornament indicates that the child is outside.
105,3738685861.jpg#2r1c,3738685861.jpg,the child watched a movie,contradiction,The child is either playing or watching a movie.
10568,3738685861.jpg#1r4n,3738685861.jpg,A child is bored and looking for something to stay amused.,neutral,There is no evidence that the child is bored.
9815,3063054647.jpg#4r1n,3063054647.jpg,Two people are walking along a trail.,entailment,Label: entailmentExplanation: Two people are walking along a wooden trail.
4319,3063054647.jpg#2r1c,3063054647.jpg,Two adults walk down a path in a flower garden.,contradiction,Kids and adults are not the same people.
10709,3063054647.jpg#1r1n,3063054647.jpg,A boy and girl are walking through the park.,neutral,"There is a boy and a girl walking on a wooden sidewalk through the woods, but it might not be a park."
6919,91875542.jpg#4r1e,91875542.jpg,The woman is soing her job.,entailment,An old lady is a woman and working means she's doing her job.
6918,91875542.jpg#4r1c,91875542.jpg,The woman is drawing a cat.,contradiction,if the woman is working a cash registrar she would not also be drawing.
13518,91875542.jpg#1r1n,91875542.jpg,The old woman is looking for her cat.,neutral,"Even though the woman appears to be looking for something, it's impossible to tell if she's looking for her cat."
2721,2752084369.jpg#1r1e,2752084369.jpg,The toddler is wearing red.,entailment,Wearing a red dress qualified as a way of wearing red.
352,2752084369.jpg#4r1c,2752084369.jpg,The girl is carrying shopping bags from Target.,contradiction,Girl is carrying shopping bags from either Zara or Target.
9840,2752084369.jpg#2r1n,2752084369.jpg,The young girls is buying her school clothers.,neutral,we cant assure that  The young girls is buying her school clothers.
5420,46663846.jpg#4r1e,46663846.jpg,The men are near a truck.,entailment,"When you are standing near a work truck, you are near a truck."
5419,46663846.jpg#2r1c,46663846.jpg,The two women took the cones out of the truck.,contradiction,"It is four men, not two women. They are placing the cones int the truck, not taking the cones out of the truck."
13903,46663846.jpg#0r1n,46663846.jpg,Four brothers are standing around a pickup truck,neutral,"Four people standing around a pickup truck, but not sure they are brothers."
7329,1285874746.jpg#2r4e,1285874746.jpg,The girl is in a crowded place.,entailment,"The presence of a ""crowd of people"" implies that the area in which they are located is a ""crowded place""."
7319,1285874746.jpg#0r5c,1285874746.jpg,"A man wearing a red dress, a dog next to him.",contradiction,There is either a lady or a man.
13596,1285874746.jpg#4r1n,1285874746.jpg,A woman in a blue dress and hat.,neutral,"The woman is in a blue dress, but no had is visible."
6394,1260816604.jpg#3r1e,1260816604.jpg,A car is on the bridge.,entailment,"If a red car is driving over a bridge, a car must be on the bridge."
1106,1260816604.jpg#2r1c,1260816604.jpg,A person driving on the freeway.,contradiction,The person can't be driving at the same time as they wait inside.
10717,1260816604.jpg#0r1n,1260816604.jpg,A driver drives slowly on a bridge.,neutral,"From the image provided, I can not tell whether or not they are driving slowly or rapidly."
3263,4818675994.jpg#3r1e,4818675994.jpg,Two women are in the public.,entailment,The middle of the street is a public place.
1741,4818675994.jpg#1r1c,4818675994.jpg,The women are at a basketball game.,contradiction,The women can't be waiting for a court hearing at the same time as they are at a basketball game.
14054,4818675994.jpg#4r1n,4818675994.jpg,One women trying to sell another a fake watch.,neutral,One woman is trying to sell another but it could be something else
7308,2532047708.jpg#4r1e,2532047708.jpg,Two men make music together.,entailment,The two men look like brothers.
7307,2532047708.jpg#4r1c,2532047708.jpg,Two ladies sing a song about their mother.,contradiction,Two people can not be both men and both ladies simultaneously.
10978,2532047708.jpg#3r1n,2532047708.jpg,Two friends are performing together,neutral,There are two people with instruments but there is nothing to indicate that they are performing a performance
5371,3000017878.jpg#0r1e,3000017878.jpg,Five men play music.,entailment,"Five men playing music, refers to the five men in jeans, in a band, onstage."
5370,3000017878.jpg#3r1c,3000017878.jpg,The band is performing on a bland stage,contradiction,Colorful and bland are different.
5373,3000017878.jpg#0r1n,3000017878.jpg,Five men in jeans play in a band on a stage with a crowd of hundreds watching them.,neutral,It is possible for the men to play on stage without a crowd of hundreds watching them.
8973,5171155099.jpg#1r1e,5171155099.jpg,A man in military dress is riding a horse.,entailment,man wearing a military uniform simply means man in military dress
8979,5171155099.jpg#0r5c,5171155099.jpg,A mouse is riding a horse.,contradiction,A man and a mouse are two different individuals
13348,5171155099.jpg#3r1n,5171155099.jpg,A rich young man takes his prize horse for a trot,neutral,There is a young man but we don´t know where is he taking his horse
11273,8034139464.jpg#0r2n,8034139464.jpg,A man is competing in a golf tournament.,entailment,"Yes, the picture shows that, that man is competing in a golf tournament."
2383,8034139464.jpg#4r1c,8034139464.jpg,The shirt is red.,contradiction,Orange is not the same color as red.
11060,8034139464.jpg#0r4n,8034139464.jpg,A golf player is about to hit a hole in one.,neutral,There is no evidence that the golf player will hit a hole in one
473,2973269132.jpg#3r1e,2973269132.jpg,A female lion is pursuiting her meal.,entailment,"A lioness is a female lion. Chasing is pursuing. Lions eat animals with horns, so this is her meal."
470,2973269132.jpg#2r1c,2973269132.jpg,The lioness plays with her cubs.,contradiction,"The lioness either attacks or plays, not both."
471,2973269132.jpg#3r1n,2973269132.jpg,A lioness chases an antelope.,neutral,Black animal with horns does not imply antelope.
6869,4257619114.jpg#3r1e,4257619114.jpg,A woman is dressed like an animal.,entailment,A woman is dressed like an animal implies a  woman is wearing a horse costume and helmet
6870,4257619114.jpg#0r1c,4257619114.jpg,A woman in a ballerina outfit  at a cookout.,contradiction,Ballerina outfits do not have helmets.
14631,4257619114.jpg#2r1n,4257619114.jpg,the women is going to a party,neutral,"There is a group of people standing together, and the woman is wearing a pony costume and a bicycle helmet. She could be at a party, or just chooses to dress in a horse costume."
6383,2900905937.jpg#0r1e,2900905937.jpg,A man repairs a vehicle.,entailment,a man under a vehicle repairs a vehicle
1157,2900905937.jpg#3r1c,2900905937.jpg,The man is driving the truck.,contradiction,a man fixes a truck and a man is driving a truck so one does not need to be fixed
10425,2900905937.jpg#4r1n,2900905937.jpg,A man works on his mother's blue vehicle.,neutral,"A man is repairing his, his mothers  or someone else vehicle."
637,2167644298.jpg#1r1e,2167644298.jpg,A person with glasses.,entailment,Man is person.
638,2167644298.jpg#1r1c,2167644298.jpg,A man in pajamas brushing his teeth.,contradiction,One does not wear a hat with pyjamas.
12253,2167644298.jpg#1r1n,2167644298.jpg,A man all dressed up for dinner.,neutral,We cant assure that  A man all dressed up for dinner.
10397,2834103050.jpg#0r1n,2834103050.jpg,people enjoy the summer,entailment,"The people in the picture appear to enjoy what they are doing, based on the woman's smiles."
7448,2834103050.jpg#1r1c,2834103050.jpg,"The lady is lying on her back, sunbathing.",contradiction,green sunshade woman and lying lady are not same.
8235,2834103050.jpg#3r1n,2834103050.jpg,The people are sunbathing outside.,neutral,You can not infer they are sunbathing.
418,170405864.jpg#1r1e,170405864.jpg,A woman dances in a parade.,entailment,She is in a parade because she is on a parade float.
4506,170405864.jpg#0r1c,170405864.jpg,The dancer is with a young girl during Carnival.,contradiction,The dancer can't dance with both a young girl and a small boy at once.
10437,170405864.jpg#0r1n,170405864.jpg,The dancer is with her son.,neutral,do not know if the dancer is with her son or not
2598,179778822.jpg#1r4e,179778822.jpg,A child is wearing a yellow shirt and looking into a mirror.,entailment,If someone is looking into a mirror you can say they look into a mirror
2585,179778822.jpg#3r1c,179778822.jpg,Two people died from looking in the mirror as Medusa rounded the corner.,contradiction,two are staring while the other two died
11225,179778822.jpg#0r3n,179778822.jpg,A little girl contemplates how much she has changed during life as she looks into a mirror.,neutral,A little gir possiblel contemplates how much she has changed during life as she looks into a mirror.
4593,3354474353.jpg#2r1e,3354474353.jpg,A pair of dogs outside.,entailment,Two dogs are a pair.
4591,3354474353.jpg#4r1c,3354474353.jpg,Two dogs are sitting on a couch.,contradiction,couch and beach are two different places
13930,3354474353.jpg#3r1n,3354474353.jpg,Dogs are playing in a huge pile of snow.,neutral,"The dogs are playing in snow, the pile does not look huge."
4859,177591612.jpg#0r3e,177591612.jpg,The men are outside.,entailment,"Men is plural, just like two, and football is played outside so they must be outside."
4865,177591612.jpg#1r2c,177591612.jpg,Two men are playing tennis.,contradiction,Upside down is not the same as playing tennis.
13488,177591612.jpg#1r3n,177591612.jpg,A man is beating another man up.,neutral,we cant assure that a man is beating another man up
3999,4472750626.jpg#3r1e,4472750626.jpg,The person walking on the road has light colored hair.,entailment,on the stree implies to on the road
3997,4472750626.jpg#4r1c,4472750626.jpg,A woman is sitting at a table in a cafe.,contradiction,One cannot be sitting and walking at the same time.
10585,4472750626.jpg#4r1n,4472750626.jpg,A woman is walking briskly down a street.,neutral,Although the woman is walking down the street we do not know if it is briskly.
9987,5199439325.jpg#0r1n,5199439325.jpg,The student is painting.,entailment,The student is painting in this picture based on the evidence provided. It seems he is using his hands.
1628,5199439325.jpg#0r1c,5199439325.jpg,"Student sitting down, writing an essay.",contradiction,A student can't be sitting down and standing up at the same time.  A project is not the same as an essay.
11534,5199439325.jpg#2r1n,5199439325.jpg,A student is using acrylic paints to paint the nude model,neutral,We do not know if the young man is using acrylic paints to paint the model or not.
6410,401405215.jpg#3r1e,401405215.jpg,The boy blows bubbles.,entailment,The boy blowing bubbles blows bubbles.
6415,401405215.jpg#0r1c,401405215.jpg,The sun is rising and a girl is eating ice cream by the bench at the beach.,contradiction,"The sun cannot be setting and rising at the same time. It's either a boy or a girl. The child cannot be blowing bubbles by rocks, new lake or ocean, and at the same time be by the bench at the beach."
10460,401405215.jpg#1r1n,401405215.jpg,The warm day makes kids blow bubbles.,neutral,It's not obvious whether the warm day makes kids blow bubble.s
4564,6632464405.jpg#1r1e,6632464405.jpg,A man is performing on a stage.,entailment,A man standing center state with a microphone means the man is performing on a stage.
4565,6632464405.jpg#1r1c,6632464405.jpg,The man is sitting on boat.,contradiction,The man cannot be sitting and standing simultaneously.
12940,6632464405.jpg#2r1n,6632464405.jpg,The man is getting tired from performing.,neutral,"The man is performing, but you can't tell if he is getting tired."
13536,2923086298.jpg#1r1n,2923086298.jpg,A woman is in her kitchen.,entailment,This woman is barefoot in a kitchen which indicates that it is probably her own.
3729,2923086298.jpg#3r1c,2923086298.jpg,The woman is drinking lemonade and watching T.V.,contradiction,One is not typically seen drinking lemonade and watching TV while one vacuums.
14458,2923086298.jpg#2r1n,2923086298.jpg,The vacuum is quiet.,neutral,The vacuum is present but from the picture you cannot tell if its loud or not
2863,4569926879.jpg#0r1e,4569926879.jpg,The man and woman are outdoors.,entailment,The man and woman could be part of a group of people.
2862,4569926879.jpg#3r1c,4569926879.jpg,"A woman smoking in public, while playing with puppies.",contradiction,A man and a woman are two different people. Drinking and smoking are two different activities.
14538,4569926879.jpg#2r1n,4569926879.jpg,The man and woman are talking about a business deal.,neutral,we do not know if they are talking about business or not
4071,3218861747.jpg#1r1e,3218861747.jpg,A guy is on a skateboard.,entailment,A man guy is jumping a ramp on a skateboard
4067,3218861747.jpg#3r1c,3218861747.jpg,A woman is riding a bike on the sidewalk.,contradiction,Man and Women are engaged in different event.
12140,3218861747.jpg#4r1n,3218861747.jpg,Tony Hawk is competing on the vert ramp at the X-Games.,neutral,"The photo could show Tony Hawk competing one the vert ramp at the x-games, but it is hard to tell if it is him or not."
411,101262930.jpg#3r1e,101262930.jpg,Some vehicles drive down a street.,entailment,"For the man and woman to be posing in front of traffic, there must be vehicles which drive down the street behind them."
417,101262930.jpg#0r5c,101262930.jpg,Two women are walking their dog at the park.,contradiction,There can either only be two women or a woman and a man. They can only either be sitting or walking their dog.
12463,101262930.jpg#4r1n,101262930.jpg,A Chinese couple sitting on the bench.,neutral,they seem Chinese but you can't be sure
6934,2123838998.jpg#3r1e,2123838998.jpg,A small band plays music while dressed in costume.,entailment,The men are dressed in Santa attire so they are in costume playing music.
6929,2123838998.jpg#1r1c,2123838998.jpg,The band is performing in front of a museum.,contradiction,A shop is not a museum.
13176,2123838998.jpg#3r1n,2123838998.jpg,The Santas are performing Christmas music.,neutral,"Even though the Santas are performing music, it is not confirmed that they are playing Christmas music."
1483,6901412.jpg#4r1e,6901412.jpg,A man licks the icing from the tongs.,entailment,Licking a small pair of ice tongs is a way to the icing.
1481,6901412.jpg#3r1c,6901412.jpg,A woman cooking lobster.,contradiction,A person cannot simultaneously be a man and a woman.
14352,6901412.jpg#1r1n,6901412.jpg,The guy is ordering drinks for the group.,neutral,"We cant assure that,the  guy is ordering drinks for the group."
80,3518443604.jpg#3r1e,3518443604.jpg,A couple is having some alone time together.,entailment,"If the couple are cuddling in a corner, then that applies that they are having alone time."
79,3518443604.jpg#3r1c,3518443604.jpg,"A couple is holding hands while walking down the street,.",contradiction,The couple cannot be cuddling in a corner while walking.
14473,3518443604.jpg#1r1n,3518443604.jpg,The people are under a threat.,neutral,In this picture the people are hiding their faces but the threat is no shown.
12366,511749704.jpg#0r1n,511749704.jpg,The boy is at a skate park.,entailment,"A young boy is on a skateboard, with a skate park obstacle just behind him."
9487,511749704.jpg#3r1c,511749704.jpg,A girl rides his skateboard at the park.,contradiction,It is either a boy or a girl.
9726,511749704.jpg#3r1n,511749704.jpg,A sad boy rides his skateboard at the park.,neutral,we cant assure that A sad boy rides his skateboard at the park.
8697,2589156742.jpg#4r1e,2589156742.jpg,A man outside is holding a drink.,entailment,A drink may be soda.
8691,2589156742.jpg#1r1c,2589156742.jpg,The man is tossing the cup into the garbage.,contradiction,holding a paper cup doesn't mean that the man is tossing the cup into the garbage.
9755,2589156742.jpg#3r1n,2589156742.jpg,A man is drinking coffee out of a cup.,neutral,The man is drinking something out of a cup but it doesn't look like a cup of coffee.
9012,2823575468.jpg#2r1e,2823575468.jpg,A young boy is running.,entailment,RUns is the same as running
602,2823575468.jpg#0r1c,2823575468.jpg,The boy was asleep in bed.,contradiction,Is the boy running or asleep?
10664,2823575468.jpg#2r3n,2823575468.jpg,Boy scared,neutral,The image is definitely of a boy but there is no way to tell what he is feeling by his body language. He only appears to be running.
8353,1016887272.jpg#0r1e,1016887272.jpg,A lot of people were on the rock,entailment,Several climbers constitute a lot of people.
4099,1016887272.jpg#3r1c,1016887272.jpg,Those people like flying squirrels.,contradiction,There can either be a group of people climbing a rock or people who like flying squirrels.
13263,1016887272.jpg#0r4n,1016887272.jpg,"Several rock climbers are climbing a rock, not realizing that they are no longer attached to the line that the man in red is holding below.",neutral,I cant tell what the climbers know.
6431,1423997242.jpg#4r1e,1423997242.jpg,Someone sitting in a field.,entailment,A hiker is someone and sitting is a form of resting that can be done in a field.
6119,1423997242.jpg#3r1c,1423997242.jpg,Nobody is relaxing.,contradiction,nobody is zero person whereas a man counts to one
13324,1423997242.jpg#2r1n,1423997242.jpg,The man has is taking his cleats out of his backpack.,neutral,This man is resting on a hillside and just went through his backpack.
3537,3698607223.jpg#3r1e,3698607223.jpg,There is a man in shorts.,entailment,Both subjects are in shorts
3540,3698607223.jpg#0r1c,3698607223.jpg,A person stands alone on the beach.,contradiction,A person can not be skiing and standing alone at the same time. A person can not ski on a beach
3539,3698607223.jpg#0r1n,3698607223.jpg,A person enjoying nature.,neutral,Skiing does not imply enjoying nature.
10209,2970183443.jpg#0r1n,2970183443.jpg,The dog is happy.,entailment,Any dog playing with family and jumping with a ball is happy.
8814,2970183443.jpg#4r1c,2970183443.jpg,a dog is sleeping,contradiction,watching and sleeping are different actions
14158,2970183443.jpg#1r1n,2970183443.jpg,The dog plays football with his owners.,neutral,though the dog plays football we cant conclude that the dog is playing with his owners
4894,6225843702.jpg#1r1e,6225843702.jpg,A man is on a bike outside.,entailment,A biker jumping a ramp is on a bike outside
3769,6225843702.jpg#0r1c,6225843702.jpg,The person is swimming,contradiction,One cannot be sitting on a bike and swimming simultaneously.
11649,6225843702.jpg#1r1n,6225843702.jpg,A guy triumphantly finishes his race in last place.,neutral,"A guy could feel like just completing a race in any place is a triumph. While it appears he might be in a competition, there is nothing suggesting this rider finished in last place."
3911,4080351447.jpg#1r1e,4080351447.jpg,A man cooking at a kitchen.,entailment,man cooking in a kitchen is same as man cooking at a kitchen
3912,4080351447.jpg#1r1c,4080351447.jpg,A man sitting down at a restaurant.,contradiction,One is either cooking or sitting.
10673,4080351447.jpg#3r1e,4080351447.jpg,A man cooking himself a meal inside of his kitchen.,neutral,"The man is wearing an apron and standing in a kitchen where cooking is occurring, but we do not know whether it is his kitchen."
8889,3461041826.jpg#4r1e,3461041826.jpg,The dog was in the water.,entailment,in some water is same as in the water
8887,3461041826.jpg#1r1c,3461041826.jpg,The dog was sleeping.,contradiction,One can not be sleeping and splashing in water simultaneously.
13476,3461041826.jpg#3r1n,3461041826.jpg,A dog fetches a stick from the stream.,neutral,"A dog is in a stream, but there is no indication that it is fetching a stick"
7508,2088460083.jpg#4r1e,2088460083.jpg,The vehicle has not been taken good care of.,entailment,A jeep that is old and beat-up implies that it was not taken care of.
7509,2088460083.jpg#4r1c,2088460083.jpg,It is being driven away.,contradiction,If a car is being towed away then it would not be driven.
10155,2088460083.jpg#2r1n,2088460083.jpg,The car wreckage gets towed to be repaired.,neutral,We cant assure that  The car wreckage gets towed to be repaired.
148,6958079140.jpg#0r1e,6958079140.jpg,The man is holding a gun.,entailment,"To look into the scope of a rifle, someone must hold it. He is holding a gun."
149,6958079140.jpg#0r1c,6958079140.jpg,The man is shooting with a bow.,contradiction,The man can't be using a rifle and a bow at the same time.
13037,6958079140.jpg#0r1n,6958079140.jpg,The man is shooting a deer.,neutral,"There is a man shooting a gun in the image; however, you cannot see what he is shooting the gun at.  You cannot be sure that he is shooting a deer since there is no deer in the image."
2649,2577972703.jpg#0r1n,2577972703.jpg,Someone has tears in their eyes.,entailment,girl are crying.
5029,2577972703.jpg#1r1c,2577972703.jpg,The girl is watching tv inside.,contradiction,She is on a red child's bike not watching tv inside.
13723,2577972703.jpg#2r1n,2577972703.jpg,A girl is sad because her tricycle is broken.,neutral,While the little girl is sad it is unclear if she is crying due to anything to do with her tricycle or if the bike is broken or not.
6246,2889113059.jpg#1r2e,2889113059.jpg,Some musicians have gathered together.,entailment,group implies Some
13200,2889113059.jpg#1r5n,2889113059.jpg,A man with a microphone is gesturing towards a group of people seated behind him.,contradiction,"The conductor is gesturing, not the man with the microphone."
11046,2889113059.jpg#1r3n,2889113059.jpg,A band is playing for a wedding.,neutral,WE cant assure that A band is playing for a wedding.
2798,4455065396.jpg#2r1e,4455065396.jpg,There is a child laying,entailment,If the child is on the floor that implies she is laying down.
2799,4455065396.jpg#2r1c,4455065396.jpg,There is a child standing,contradiction,A child cannot be laying and standing at the same time.
14343,4455065396.jpg#3r1n,4455065396.jpg,A child lays on the hardwood floor for a nap.,neutral,"A child is seen laying down on the floor from a side perspective, but his face cannot be seen so it is unclear whether he is napping or otherwise."
3531,74635420.jpg#2r1e,74635420.jpg,The children are shorter than the adults,entailment,Small children pose for a photo with their parents.
605,74635420.jpg#0r1c,74635420.jpg,The children are playing tag inside.,contradiction,Are the children in front of flowers or playing tag inside?
10322,74635420.jpg#3r1n,74635420.jpg,A handsome boy poses for his mom.,neutral,the woman photographing the boy may not be his mom.
6008,3731739486.jpg#3r1e,3731739486.jpg,4 people are in line for a school bus.,entailment,Young adults are people.
12369,3731739486.jpg#3r1n,3731739486.jpg,4 people are excited to get on the bus for the last day of school.,contradiction,"While 4 people are getting on a bus, they are not excited and there is no way of knowing if it is the last day of school."
13635,3731739486.jpg#4r1n,3731739486.jpg,The people are going home from work.,neutral,The people getting on the bus could be going home from work or going on a trip.
1439,311619377.jpg#2r1e,311619377.jpg,A woman is on top of a bowl.,entailment,When a woman stands over a bowl she is on top of the bowl.
1438,311619377.jpg#2r1c,311619377.jpg,A woman is breaking the bowl.,contradiction,One who stands cannot be one who is breaking at the same time.
14059,311619377.jpg#1r1n,311619377.jpg,A woman is praying for her son.,neutral,"A woman looks like she might be praying, but it's not completely obvious if she is. And there's no proof she's praying for her son, if she is praying."
2683,5662260935.jpg#2r1e,5662260935.jpg,Two men throw punches at each other,entailment,THE MAN ARE PRACTICE BOXING BY THROWING PUNCHES.
2682,5662260935.jpg#2r1c,5662260935.jpg,Two men swim in shorts,contradiction,"One says practice boxing and the other says to swim, they are two different activities that take place in different locations so you can't be doing both at the same time."
13140,5662260935.jpg#1r1n,5662260935.jpg,The man is training for an event.,neutral,The man practices his jab during a boxing training.
4776,4770745669.jpg#2r1e,4770745669.jpg,A man is wearing a black shirt,entailment,"If a man is in a black shirt, he is wearing a black shirt."
8473,4770745669.jpg#3r1c,4770745669.jpg,A man in a black shirt and pink shorts stands in the window smoking.,contradiction,Blue is not pink.
11323,4770745669.jpg#3r1n,4770745669.jpg,A man with a black shirt and blue shorts stand in the doorway of the storefront prior to closing the store.,neutral,Label: Neutral  Explanation: There is a man with a black shit and blue shorts in the doorway of the storefront but we do not know if they are closing.
6232,3855173636.jpg#4r1e,3855173636.jpg,The man is setting up a tripod away from the roadway.,entailment,Off road means the same thing as away from the roadway.
6235,3855173636.jpg#0r1c,3855173636.jpg,A man moonwalks down the street.,contradiction,THE BACK OF HIS VEHICLE IS NOT THE SAME AS DOWN THE STREET
6236,3855173636.jpg#2r1n,3855173636.jpg,A man is working on his dune buggy.,neutral,Just because a man does mechanic work on a dune buggy doesn't imply his dune buggy.
203,4752721674.jpg#1r1e,4752721674.jpg,Cameras hidden behind a barricade.,entailment,"""Cameras"" implies a ""group of cameras"".If the cameras are recording from behind the barricade then they would be hidden behind the barricade."
1357,4752721674.jpg#3r1c,4752721674.jpg,People are holding cameras and taking pictures of people walking inside.,contradiction,The cameras cant be held and lined up behind a wall
13988,4752721674.jpg#2r1n,4752721674.jpg,The cameras were on and filming.,neutral,"Whether the cameras were on and filming, or off and not filming, cannot be determined from this photo."
6335,3179223972.jpg#3r1e,3179223972.jpg,A baby boy gets his picture taken.,entailment,Posing for a picture entails getting his picture taken.
6333,3179223972.jpg#1r1c,3179223972.jpg,A child is walking through a store.,contradiction,"One cannot be sitting and walking at the same time, and a car and a store are different places."
13641,3179223972.jpg#4r1n,3179223972.jpg,The boy with the bright blue eyes just saw a good movie.,neutral,We cannot tell from this image whether the boy has just saw a good movie.
4017,3543294190.jpg#4r1e,3543294190.jpg,A man with a bike.,entailment,Balancing on a bike can only be done with a bike.
4019,3543294190.jpg#1r1c,3543294190.jpg,A man walks slowly down the street,contradiction,Walks and performing a trick are different.
12661,3543294190.jpg#2r1n,3543294190.jpg,A man is doing a wheelie on a red bike.,neutral,The bike is white and red.
2912,2229108152.jpg#0r1e,2229108152.jpg,A guy is walking his horse.,entailment,A man is a guy.
3173,2229108152.jpg#3r1c,2229108152.jpg,the horse is swimming in a zoo,contradiction,walking in racetrack and swimming in zoo is differ in action and location
11844,2229108152.jpg#0r1n,2229108152.jpg,The guy is getting his horse ready for the show tonight.,neutral,"The guy is getting his horse ready, or just walking with it."
2188,3134341610.jpg#3r1e,3134341610.jpg,Pair of people one in a hoilday costume and has glasses.,entailment,"Two people is a pair of people.  A Santa costume is a holiday costume.  If one wears funny glasses, one has glasses or one could not wear them."
2186,3134341610.jpg#0r1c,3134341610.jpg,The people are celebrating Independence day.,contradiction,Santa suit is not worn during independence day.
9624,3134341610.jpg#3r1n,3134341610.jpg,The people are cosplaying.,neutral,This is neutral because we don't know if they are cosplaying they are probably just enjoying holiday costumes.
322,2725441885.jpg#1r1e,2725441885.jpg,The person is playing baseball.,entailment,YOU PLAY BASEBALL WITH A BALL.
321,2725441885.jpg#1r1c,2725441885.jpg,Nobody films the man hitting the baseball.,contradiction,If a cameraman films then it is not true that nobody films.
13482,2725441885.jpg#1r1n,2725441885.jpg,The baseball is hit far.,neutral,"From image provided, I can not tell whether or not the baseball was hit far."
10319,3183330562.jpg#0r1n,3183330562.jpg,Kids follow a man on a path.,entailment,The kids are following the front person who does look like a man down a path.
1391,3183330562.jpg#3r1c,3183330562.jpg,The children are in bed ready for their nighttime story,contradiction,You cannot be in bed and walking at the same time.
10088,3183330562.jpg#1r1n,3183330562.jpg,A white man is walking several black children to their newly built school.,neutral,"This does appear to be a photograph of a white male and several black children, but there is no indication of where the subjects are going."
8575,1089755335.jpg#0r1e,1089755335.jpg,"During the evening, an adult and kids watch the ocean from the boardwalk.",entailment,If you are overlooking something you are watching
8581,1089755335.jpg#3r1c,1089755335.jpg,People are standing in the desert.,contradiction,A desert is pierless.
12402,1089755335.jpg#4r1n,1089755335.jpg,The mother enjoys fishing with her kids.,neutral,"While the woman is watching some kids fish, there's no way to know if they are her kids and if she enjoys what she's doing."
6693,2537819002.jpg#1r1e,2537819002.jpg,A person driving heavy equipment maneuvers his load.,entailment,A construction worker is a person. A tractor is heavy equipment.
3368,2537819002.jpg#3r5c,2537819002.jpg,Dancers are practicing near tracks in the middle of the day.,contradiction,"It is either construction workers or dancers, and it is either night or day."
11153,2537819002.jpg#1r1n,2537819002.jpg,A person helps with the creation of a new path around a lake.,neutral,Two railroad track repair workers stand by as gravel is put on train tracks. The railroad tracks are rusty. No lake is visible and the path is unknown.
8216,428979011.jpg#0r1e,428979011.jpg,A man talks on a microphone.,entailment,talking  implies talks
8211,428979011.jpg#4r1c,428979011.jpg,The microphone is in a box under a yellow hat.,contradiction,If the microphone is in a box then a guy cant be talking into it.
13431,428979011.jpg#3r1n,428979011.jpg,The man is a speaker for TED talks.,neutral,"We know the man is a speaker, but we haven't a clue who he's a speaker for."
6314,1775223211.jpg#2r1e,1775223211.jpg,A woman gives a thumbs up.,entailment,Thumbs point up.
6303,1775223211.jpg#4r1c,1775223211.jpg,Ladies are at a cafe having tea and sandwiches.,contradiction,Working at a loom is not a cafe.
12051,1775223211.jpg#0r3n,1775223211.jpg,Two women are co-workers at a Loom Factory.,neutral,"The two women sit in front of a loom, working together as co-workers, but the photo doesn't show how many looms there are, or if they are located in a Loom Factory."
1372,3168327945.jpg#2r1e,3168327945.jpg,A boy opens candy on christmas,entailment,Chocolate sweets are candy.
13450,3168327945.jpg#0r1n,3168327945.jpg,There is a boy sitting on santa's lap.,contradiction,There is a boy in the picture but he is not sitting on santa's lap and is actually standing in front of a man.
12132,3168327945.jpg#4r1n,3168327945.jpg,A child offers a man his favorite candy.,neutral,A child is showing the man the candy inside the can but there is not enough information to show that this is the man's favorite candy.
4617,4719086173.jpg#4r1e,4719086173.jpg,Fire fighters have done their job.,entailment,Leaving a fire scene implies that the fire fighters have finished and done their job.
4618,4719086173.jpg#2r1c,4719086173.jpg,Firefighters wearing suits laying down and eating chips.,contradiction,Firefighters cannot be walking and laying down at the same time.
13873,4719086173.jpg#1r1n,4719086173.jpg,there was a big fire,neutral,"There are firefighters in turn out gear wearing scba's and carrying equipment used to fight fires, but no obvious fire or fire damage in photo."
4733,86131617.jpg#1r1e,86131617.jpg,The men are looking at a billboard.,entailment,two men looking at the billboard is the same as the men are looking at a billboard.
4731,86131617.jpg#2r1c,86131617.jpg,The billboard has a cat on it.,contradiction,"The billboard either has a cat on it, or a woman on it."
14186,86131617.jpg#4r1n,86131617.jpg,Men are putting up a billboard in Hollywood.,neutral,"While the image shows men putting up a billboard, the location of the billboard is not known. therefore we cannot be sure it is hollywood"
8914,269361490.jpg#2r1e,269361490.jpg,The teenagers are moving around.,entailment,the teenagers are walking
6045,269361490.jpg#1r2c,269361490.jpg,There are no trees in the background.,contradiction,There cannot be people walking down a street with trees in the background if there are no trees in the background.
14305,269361490.jpg#1r1n,269361490.jpg,A group of goth people walk down the street that runs through the woods.,neutral,"The group of goth people are walking through a street with trees, but does not seem to be a street that runs through woods."
8452,4895355979.jpg#0r1e,4895355979.jpg,The adult in the striped shirt stands next to a lion figure.,entailment,A man is a type of adult.
8449,4895355979.jpg#3r1c,4895355979.jpg,The man stands in an open field.,contradiction,One cannot be standing next to a large black lion statue and standing in an open field simultaneously.
12440,4895355979.jpg#1r1n,4895355979.jpg,A man is posing for a picture,neutral,"The fact that the man is standing by a large statue of a lion would suggest he wants a picture, but there is nothing to suggest that he is actively posing for a picture. Although, he could be distracted by a friend telling him something funny and maybe was waiting for the photographer to be ready."
1063,2597958208.jpg#0r1e,2597958208.jpg,The kids are playing outside.,entailment,"People play Frisbee outside, if the kids are playing Frisbee, then they must be outside."
7827,2597958208.jpg#3r1c,2597958208.jpg,The children are inside a bedroom.,contradiction,Children cannot be outside in a field and inside a bedroom at the same time.
11945,2597958208.jpg#1r1n,2597958208.jpg,Two children play in the field.,neutral,Two children are walking in a field but we cannot tell for sure if they are just walking or playing.
6290,4734162520.jpg#1r1e,4734162520.jpg,A police officer is on a motorcycle.,entailment,a police officer on his motorcycle means he is on a motorcycle
9344,4734162520.jpg#0r1c,4734162520.jpg,a man impersonating a police officer flies with a jetpack,contradiction,Someone impersonating a police officer is not truly a police officer.
11018,4734162520.jpg#1r1n,4734162520.jpg,A police officer is about to write a ticket.,neutral,the police officer is standing in the picture but doing something which might not be writting a ticket
6770,4447160600.jpg#0r1e,4447160600.jpg,The uniformed person looks at some notes while leaning against a wall.,entailment,Uninformed person is an officer.
6773,4447160600.jpg#1r1c,4447160600.jpg,Police officers in disguise wait alone outside the catholic church.,contradiction,Uniformed and in disguise are different.
12723,4447160600.jpg#1r1n,4447160600.jpg,"Policemen guard the church, where a murder just took place.",neutral,"we cant assure that Policemen guard the church, where a murder just took place."
612,44619131.jpg#4r1e,44619131.jpg,The people are using computers.,entailment,"When saying laptops, it is implied that they are on computers. The people are implied by three men and a woman, anytime you have more than one person it is considered people."
611,44619131.jpg#4r1c,44619131.jpg,The people are using typewriters.,contradiction,They cannot be using laptops and typewriters simultaneously
12726,44619131.jpg#3r1n,44619131.jpg,The people are filling out job applications.,neutral,The people are probably filling out the job application probably their not.
4761,2645724661.jpg#2r1e,2645724661.jpg,A woman is sipping wine.,entailment,Sipping is a form of drinking.
4760,2645724661.jpg#3r1c,2645724661.jpg,A father watches his child play outside.,contradiction,"A father is nto a woman, it has to be a man."
12526,2645724661.jpg#1r1n,2645724661.jpg,The infant's mother is reading.,neutral,No way to tell whether she is a mother.
260,5501340599.jpg#2r1e,5501340599.jpg,A girl is washing her stuffed animal.,entailment,If the girl is giving a stuffed animal a bat then she is washing her stuffed animal.
259,5501340599.jpg#2r1c,5501340599.jpg,A girl is playing video games.,contradiction,You cannot play video games while doing anything in a sink.
263,5501340599.jpg#1r1n,5501340599.jpg,A girl is cleaning her stuffed bear.,neutral,Not all stuffed animals are a bear.
2231,4964794183.jpg#2r1e,4964794183.jpg,A man in a crowd drinks something purple.,entailment,A man in a crowd drinks something purple is part of his overall activity on a crowded street.
8033,4964794183.jpg#3r1c,4964794183.jpg,A lot of people are sitting in a restaurant.,contradiction,One cannot walk while sitting.  A crowded street is not located in a restaurant.
11041,4964794183.jpg#3r1n,4964794183.jpg,A lot of people are walking in a parade.,neutral,"While everyone is walking, there is nothing in the picture to confirm that they are in a parade."
5395,4944644486.jpg#4r1e,4944644486.jpg,A group of people are in a line.,entailment,People in a line implies they are lined up.
11641,4944644486.jpg#1r1n,4944644486.jpg,These guys and girls are at Disney.,contradiction,no evidence that shows they are at Disney
14047,4944644486.jpg#1r3n,4944644486.jpg,tourists on vacation.,neutral,"It is unclear whether these people are tourists or not, and if they are on vacation is unclear."
9581,7330749240.jpg#0r1e,7330749240.jpg,Race cars,entailment,Indy car implies race cars.
984,7330749240.jpg#3r1c,7330749240.jpg,The trucks are racing around the track.,contradiction,Cars and trucks are not the same thing.
10814,7330749240.jpg#0r1n,7330749240.jpg,A driver passing his opponent on the last lap,neutral,The picture does not make it clear when in the race this is taking place.  We do not know if he is passing the other car or if he has been in the lead or if this is the last lap or not.
5544,3562816250.jpg#0r1e,3562816250.jpg,The man has a dog,entailment,''A man with a black dog '' is  a reword of '' the man has  a dog.''
12556,3562816250.jpg#1r1n,3562816250.jpg,The dog is scared.,contradiction,"While there is a dog in the photo, one can clearly see their ears are up more than pinned to indicate a feeling of being scared."
14254,3562816250.jpg#4r1n,3562816250.jpg,A young woman kayaking in the ocean.,neutral,"A woman is kayaking, but it is not certain whether she is in the ocean or another body of water."
5453,3125628091.jpg#1r1e,3125628091.jpg,The boy is on the couch.,entailment,boy snuggles on a couch simply means he is on the couch
14138,3125628091.jpg#3r1n,3125628091.jpg,The child is opening Christmas presents.,contradiction,"While the child is dressed as if it is the Christmas season, there are no presents in the picture for him to open."
10970,3125628091.jpg#0r1n,3125628091.jpg,a small boy laying down for a nap,neutral,a small boy is laying but you cant tell if he Is going to nap or not.
2038,3469609037.jpg#2r1e,3469609037.jpg,A skateboarder is in the air.,entailment,To be midair is to be in the air.
2036,3469609037.jpg#3r1c,3469609037.jpg,Nobody is skateboarding at the skate park right now.,contradiction,"If the body is at a skate park, it means that it isn't true that nobody is at the skate park."
13016,3469609037.jpg#4r1n,3469609037.jpg,The kid is in a skateboarding competition.,neutral,This may not be a competition.
1507,2922807898.jpg#2r1e,2922807898.jpg,A large yellow dog jumps up to catch a toy.,entailment,A Frisbee is a toy that dogs will jump after.
1506,2922807898.jpg#2r1c,2922807898.jpg,A small white dog sleeps in its owner's lap.,contradiction,The subject is either a small white dog who sleeps or a large yellow dog who leaps.
1511,2922807898.jpg#0r1n,2922807898.jpg,"The white, pitbull puppy caught the pink floppy Frisbee in its mouth after jumping with all four feet from the ground.",neutral,That the animal is a dog does not necessarily mean it is a puppy.
1253,3135826945.jpg#3r1e,3135826945.jpg,A person and small child have a book.,entailment,Having and reading are different kind of action
1252,3135826945.jpg#3r1c,3135826945.jpg,Two people are watching tv.,contradiction,Watching TV is not reading.
13428,3135826945.jpg#2r1n,3135826945.jpg,A mother explains where babies come from to her son.,neutral,The person in this shot could be a mother that explains where babies come from to her son but it is not clear from the simple pictures in the book if that is what it entails.
7149,1053116826.jpg#0r2e,1053116826.jpg,Two children are outside.,entailment,The grass is found outside.
7155,1053116826.jpg#3r1c,1053116826.jpg,Two children are playing tag in the park,contradiction,You do not sit on grass while playing tag.
14022,1053116826.jpg#0r5n,1053116826.jpg,A brother and sister are playing in the grass.,neutral,There is no way to conclude that the children are brother and sister based upon this picture alone.
936,2384401298.jpg#3r1e,2384401298.jpg,The animal is running near the water.,entailment,The dog is an animal. If it is by the water's edge it is near the water.
2464,2384401298.jpg#4r1c,2384401298.jpg,Two cats play next to the water.,contradiction,Dogs cannot also be cats
11416,2384401298.jpg#4r1n,2384401298.jpg,The dogs are about to jump in the lake.,neutral,It is possible that the dogs will jump to the lake
3741,410422753.jpg#2r1e,410422753.jpg,The dog is playing outside.,entailment,The dog is enjoying the outside weather.
2291,410422753.jpg#0r1c,410422753.jpg,Nothing is running.,contradiction,"Black and brown dog is not nothing that is running,"
10445,410422753.jpg#0r1n,410422753.jpg,A huge animal running.,neutral,"Although the photo makes the animal seem huge, the animal may be smaller than what we think."
12423,3367399.jpg#0r1n,3367399.jpg,A man is refuelling his car.,entailment,yes A man is refueling his car.
5360,3367399.jpg#2r1c,3367399.jpg,The man pours gasoline on the tree.,contradiction,"If the man is filling a car with gasoline, he is not pouring it on a tree."
11795,3367399.jpg#2r1n,3367399.jpg,The man is putting a gallon of gasoline in his car.,neutral,"The man is putting gasoline in his car, but impossible to see which quantity"
2405,4689487867.jpg#0r1e,4689487867.jpg,The man in the vest and sunglasses looking at cards at the stand has buttons on his hat.,entailment,The man is looking at cards at an outdoor stand.
5026,4689487867.jpg#2r1c,4689487867.jpg,House robber trying to sell his wares.,contradiction,One can be either looking at items displayed or trying to sell.
13964,4689487867.jpg#1r1n,4689487867.jpg,A man shopping for groceries wearing a black vest and maroon shirt,neutral,We cant assure that  A man shopping for groceries wearing a black vest and maroon shirt
1421,86112875.jpg#3r1e,86112875.jpg,A person is indoors.,entailment,a woman is the person.
616,86112875.jpg#1r1c,86112875.jpg,One man works at a table with cigar tubes,contradiction,The man can't be women.
13775,86112875.jpg#4r1n,86112875.jpg,A mother and her sister work on a wooden swingset.,neutral,Their relationship may be of mother and her sister or they may not be related at all.
4217,6420396169.jpg#2r1e,6420396169.jpg,A boy is indoors.,entailment,One normally gets a haircut inside.
4218,6420396169.jpg#2r1c,6420396169.jpg,A boy is swimming in a lake.,contradiction,The boys cannot get a haircut while swimming.
8381,6420396169.jpg#0r1n,6420396169.jpg,A small boy dislikes the candy.,neutral,Enjoys does not imply dislikes.
9085,4465093007.jpg#1r1e,4465093007.jpg,a man can shout,entailment,Man can shout indicates his ability to shout out.
8222,4465093007.jpg#4r1c,4465093007.jpg,The man is upset at the game.,contradiction,A person cannot be cheering and being upset at the same time.
12480,4465093007.jpg#1r1n,4465093007.jpg,a man is excited that is is winning the scrabble game,neutral,"The man is clearly excited, but we are unsure if it is because he is winning a scrabble game."
7391,7129695767.jpg#2r1e,7129695767.jpg,A man is climbing a mountain.,entailment,That a man is suspended as he climbs implies that is climbing a mountain currently.
7393,7129695767.jpg#1r1c,7129695767.jpg,The weather is cloudy and raining,contradiction,They weather can't be both sun and clouds and clouds and rain.
13118,7129695767.jpg#3r1n,7129695767.jpg,A woman climbs up a cliff after falling.,neutral,a woman falling on the cliff.
2106,4024098174.jpg#1r1e,4024098174.jpg,This man is wearing safety gear while skiing.,entailment,A helmet is a type of safety gear.
7977,4024098174.jpg#0r1c,4024098174.jpg,A person sits in a sauna.,contradiction,One cannot be skiing while he sits in a sauna.
2107,4024098174.jpg#1r1c,4024098174.jpg,A black man on a ski slope!,neutral,Not all men who wear black are black
8793,6927848734.jpg#1r1e,6927848734.jpg,A man is driving from on location to another.,entailment,Both subjects are driving
8792,6927848734.jpg#1r1c,6927848734.jpg,A man isdriving a left hand drive car.,contradiction,right is contradictory to left
13250,6927848734.jpg#0r1n,6927848734.jpg,The man is a cab driver just finishing his shift as darkness falls on London.,neutral,"It is not possible to know if the man is a taxi driver and, much less, if his shift has just finished."
9897,3307563498.jpg#0r1n,3307563498.jpg,The child is climbing a chain bridge.,entailment,"yes,The child is climbing a chain bridge."
3961,3307563498.jpg#0r1c,3307563498.jpg,The child is walking on hot coals.,contradiction,One is either climbing over a chain or walking on hot coals.
14606,3307563498.jpg#1r1n,3307563498.jpg,A child is climbing over a chain to row a boat.,neutral,"The child is climbing over a chain, but there is no indication that they plan to row a boat, nor is a boat shown."
5540,3724946689.jpg#2r1e,3724946689.jpg,Some people are riding on a pirate ship.,entailment,''A crowd of people enjoy '' is  a reword of '': Some people are riding''
5539,3724946689.jpg#4r1c,3724946689.jpg,A group of old men enjoy a fair ride.,contradiction,"Either the group is of young people, or old men"
12886,3724946689.jpg#0r1n,3724946689.jpg,field trip to disneyland,neutral,"It shows people riding on an attraction from a park, but it could be any park other than Disneyland."
4817,5138003138.jpg#0r1e,5138003138.jpg,A woman is playing volleyball,entailment,Woman in both.
11395,5138003138.jpg#3r1n,5138003138.jpg,the girls is five,contradiction,There are more than one girl and clearly their physical coordination and appearance states that they are not five.
12786,5138003138.jpg#4r1n,5138003138.jpg,The girl wins the game for her team.,neutral,We cant assure that  The girl wins the game for her team.
9271,558338473.jpg#4r1e,558338473.jpg,Two men are doing martial arts.,entailment,Doing martial arts is a form of practicing martial arts.
2261,558338473.jpg#1r1c,558338473.jpg,Two men wearing green jumpsuits watch television,contradiction,"The men are wearing black clothing , not green jumpsuits .  The men are practicing karate moves not watching television."
14108,558338473.jpg#0r1n,558338473.jpg,They are great at sports.,neutral,These people may be great but there is nothing to prove their skill level in sports.
3973,3399944164.jpg#1r1e,3399944164.jpg,The people are taking pictures.,entailment,people taking pictures is same as people are taking pictures
3972,3399944164.jpg#0r1c,3399944164.jpg,The man and woman are raking leaves.,contradiction,"raking leaves are done when standing up not when one lays down, and a raking leaves is not taking a picture."
14556,3399944164.jpg#1r1n,3399944164.jpg,The couple is taking provocative photos.,neutral,The Couple are taking individual photos of themselves.
9221,6839984356.jpg#1r1e,6839984356.jpg,An Asian person is holding a skateboard.,entailment,A person with a skateboard on his lap is holding a skateboard.
9223,6839984356.jpg#2r1c,6839984356.jpg,The man is 92,contradiction,A man 92 years old is not a youth.
12560,6839984356.jpg#3r1n,6839984356.jpg,A young asian hurt himself skateboarding.,neutral,"Young asian skateboarding, but no indication that he's hurt."
1296,2646540383.jpg#2r1e,2646540383.jpg,The boy is near water.,entailment,The boy needs to be near water if he is going down the water slide.
1300,2646540383.jpg#0r1c,2646540383.jpg,The boy's swimsuit is red.,contradiction,A boy is wearing a blue swimsuit which is not red in color.
10551,2646540383.jpg#1r1n,2646540383.jpg,the person is having fun,neutral,this is a person but we cannot assume he having fun
6347,4940658755.jpg#4r1e,4940658755.jpg,There is an elderly person in front of a store.,entailment,shop and store have the same meaning
6339,4940658755.jpg#1r1c,4940658755.jpg,A bald man stands next to some rocks.,contradiction,An older man with gray hair is different to a bald man.
14575,4940658755.jpg#4r1n,4940658755.jpg,An elderly man is waiting for the store to open.,neutral,"An elderly man is standing in front of a store; however, he could be waiting for someone to pick him up."
10869,4770473055.jpg#4r1n,4770473055.jpg,He is wearing a uniform,entailment,The man is wearing a uniform
7020,4770473055.jpg#0r3c,4770473055.jpg,The man is holding a saxophone.,contradiction,wearing black shaggy and holding saxophone are not same.
9927,4770473055.jpg#3r1n,4770473055.jpg,A man is performing in a parade,neutral,There is a man performing but he may not be in a parade
12554,2602279427.jpg#4r1n,2602279427.jpg,A person is walking,entailment,"Several people, including a young woman wearing an apron, are walking at night."
2565,2602279427.jpg#3r1c,2602279427.jpg,A dog plays with a pig in some mud.,contradiction,An oriental girl is different from a dog
10161,2602279427.jpg#2r1n,2602279427.jpg,A woman is cooking in a yellow apron while watching her children sit down at the table.,neutral,we cant assure that A woman is cooking in a yellow apron while watching her children sit down at the table.
13829,1733853950.jpg#2r1n,1733853950.jpg,Some people are outside.,entailment,"yes,Some people are outside."
1622,1733853950.jpg#3r1c,1733853950.jpg,A couple are walking through the park.,contradiction,People who are entering a building are going from the outside to the inside while people who are walking through a park are outside and will likely remain outside throughout their walk.
10839,1733853950.jpg#0r1n,1733853950.jpg,men doing business deal,neutral,"Even though these two men are dressed in business-like attire, they could be doing anything."
14164,2335428699.jpg#2r3n,2335428699.jpg,Four children are bouncing together on a trampoline.,entailment,The picture shows four children playing together and jumping on a trampoline
2995,2335428699.jpg#0r1c,2335428699.jpg,Kids are playing baseball.,contradiction,Playing baseball is different from jumping on trampoline.
11353,2335428699.jpg#3r1n,2335428699.jpg,Children are excited to play after a long snowstorm finally ends.,neutral,the children look excited and are playing on a trampoline wearing winter clothing. in the background there is snow on the ground but it unclear if there was snowstorm.
1139,2908493594.jpg#2r1e,2908493594.jpg,The person is sprawled on the park bench.,entailment,a man lying tells the meaning of the word sprawled
1138,2908493594.jpg#2r1c,2908493594.jpg,The man is playing Frisbee in the park.,contradiction,He is likely not lying on a bench and playing frisbee at the same time.
12232,2908493594.jpg#1r1n,2908493594.jpg,A person sleeping after a long night of partying,neutral,we cant assure that A person sleeping after a long night of partying
9323,4726677489.jpg#0r1e,4726677489.jpg,Three people are walking together.,entailment,"Three people refers to the man, the female, and the older woman."
6014,4726677489.jpg#3r1c,4726677489.jpg,People are sitting down.,contradiction,One cannot be walking down and sitting down simultaneously.
11017,4726677489.jpg#4r1n,4726677489.jpg,People walking to a parade.,neutral,I can see people walking but not sure its a parade.
8374,3597715122.jpg#3r1e,3597715122.jpg,A group waits in line.,entailment,people usually waits in stand
8375,3597715122.jpg#3r1c,3597715122.jpg,A group cuts through the line and robs a ice cream stand.,contradiction,Waiting and robs are different.
9682,3597715122.jpg#1r1n,3597715122.jpg,people were outside the store on tuesday,neutral,Even tough some people are outside a store it could be any other day than Tuesday
4140,3050606344.jpg#4r2e,3050606344.jpg,A man is outside.,entailment,To kayak in rough water you must be outside.
4147,3050606344.jpg#0r1c,3050606344.jpg,The man is kayaking on a calm river.,contradiction,The rapids are by definition not calm.
4141,3050606344.jpg#4r2n,3050606344.jpg,A man is riding in a small boat on a lake.,neutral,Not all rough water is found in a lake.
5110,455714074.jpg#3r1e,455714074.jpg,A family is eating dinner.,entailment,is dining can be replaced by is eating.
7026,455714074.jpg#1r1c,455714074.jpg,The people are driving home from work.,contradiction,People eating food while watching television cannot be the people driving home from work.
12643,455714074.jpg#4r1n,455714074.jpg,A family is having breakfast together.,neutral,no way to tell if they are eating breakfast.
3843,3024022266.jpg#2r1e,3024022266.jpg,A kid rides some waves on a nice day,entailment,A young boy could be a kid.  Waves could be of blue water.
1883,3024022266.jpg#4r2c,3024022266.jpg,the boy is on the moon,contradiction,It is not possible to surf as it requires water and there is not a body of water on the moon.
10706,3024022266.jpg#1r1n,3024022266.jpg,A young guy on vacation.,neutral,There is no proof they are on vacation.
10302,2298661279.jpg#1r1n,2298661279.jpg,A child was outside.,entailment,The child is outside.
7561,2298661279.jpg#0r1c,2298661279.jpg,The boy is getting on a plane,contradiction,One cannot get ready to slide down a metal slide as they are getting on a plane.
11251,2298661279.jpg#0r1n,2298661279.jpg,The pants are comfortable,neutral,This boy is about to go down a slide. I cannot tell if he believes his pants are comfortable from this photo.
687,7249187716.jpg#2r1e,7249187716.jpg,The man crashed into the water.,entailment,crashing into the water is inferred as  crashed into the water.
12992,7249187716.jpg#0r1n,7249187716.jpg,Some people are swimming in a pool.,contradiction,"People in wet suits are entering and just starting to swim in what appears to be an outdoor body of water, not a pool."
688,7249187716.jpg#2r1n,7249187716.jpg,The man crashed into the water at the start of the race.,neutral,Just because someone is crashing into water doesn't mean that it is the start of the race.
5066,2955099064.jpg#1r1e,2955099064.jpg,three men looking at a football,entailment,react is a form of looking.
10396,2955099064.jpg#0r1n,2955099064.jpg,Three basketball players try to catch the ball during a game.,contradiction,Three football players try to catch the ball during a game.
11165,2955099064.jpg#3r1n,2955099064.jpg,The men hate each other,neutral,We cant assure the men hate each other
14637,4320494335.jpg#3r1n,4320494335.jpg,A woman pushes her child in a stroller,entailment,The woman is pushing a child that is in a stroller.
1550,4320494335.jpg#0r1c,4320494335.jpg,The couple are in an industrial area.,contradiction,The couple can't be in both an industrial area and a residential area at the same time
13393,4320494335.jpg#2r1n,4320494335.jpg,A couple is with their baby going to a store.,neutral,There is a couple but we dont know if they are going to the store
4432,3368569524.jpg#3r1e,3368569524.jpg,Girls are playing a game.,entailment,Girls are playing basketball game in front of crowd
4433,3368569524.jpg#3r1c,3368569524.jpg,Girls are playing football.,contradiction,Ones can be playing either basketball or football.
4437,3368569524.jpg#1r1n,3368569524.jpg,A WNBA game in progress.,neutral,Not all female basketball players are in the WNBA.
12930,1011572216.jpg#3r1n,1011572216.jpg,The couple stood together for the picture.,entailment,The couple looks like they stood together for the picture.
788,1011572216.jpg#0r1c,1011572216.jpg,A married couple is eating their first pieces of cake.,contradiction,"While eating cake, a couple isn't walking at the same time."
10577,1011572216.jpg#1r1n,1011572216.jpg,Newlyweds walk down the sidewalk from the church.,neutral,"They appear to be newlyweds and are on a sidewalk, but we cannot tell they are leaving a church."
532,2980901328.jpg#4r1e,2980901328.jpg,The worker fixes the window.,entailment,'a construction worker' is considered to be 'worker'
2688,2980901328.jpg#0r1c,2980901328.jpg,The repairman is driving away in his white van.,contradiction,One can't be trying to repair a pole and driving away at the same time.
534,2980901328.jpg#1r1n,2980901328.jpg,The man is strong,neutral,Just because the man is holding onto a wooden sign it doesn't mean he's strong.
7617,91251257.jpg#2r1e,91251257.jpg,The pot is outside.,entailment,By the water means that the lady is outside.
7615,91251257.jpg#1r1c,91251257.jpg,an asian woman is sleeping on the dock of her house,contradiction,"The woman is either kneeling or sleeping, but not both."
14519,91251257.jpg#0r1n,91251257.jpg,The tourist director works near the water.,neutral,She is near the water working but is she the tourist director or just a woman working.
3341,378453580.jpg#2r1e,378453580.jpg,a dog is jumping,entailment,Both dogs are jumping
14511,378453580.jpg#4r1n,378453580.jpg,A dog jumps in the rain.,contradiction,is not rain
9899,378453580.jpg#2r1n,378453580.jpg,the dog is out for a walk with it's owner,neutral,"There is a dog that appears to be on a walk, however there is no visible owner in the frame."
3687,305979887.jpg#1r1e,305979887.jpg,Her husband drinks.,entailment,The woman thinking of ways to get away from her drinking husband implies that her husband drinks.
3686,305979887.jpg#1r1c,305979887.jpg,Her husband is sober and can poop out gold.,contradiction,Her husband is either drinking or sober.
10550,305979887.jpg#4r1n,305979887.jpg,The woman sits on the park picnic table near the stroller while her child plays.,neutral,"While the woman is sitting near a stroller at a park picnic table, it is not clear if her child is playing."
7346,3727740053.jpg#4r1e,3727740053.jpg,People are competing in a match.,entailment,Martial artists are a type of people.
7345,3727740053.jpg#4r1c,3727740053.jpg,Two swimmers compete in a diving match.,contradiction,It's either martial or swimmers.
11240,3727740053.jpg#1r1n,3727740053.jpg,There are people kicking each other because they are mad,neutral,"The people fighting could be kicking each other because they are mad, or they could be simply engaged in a professional kickboxing match."
7591,3508522093.jpg#4r1e,3508522093.jpg,the boy is outside,entailment,A little boy is a boy.
9395,3508522093.jpg#0r1c,3508522093.jpg,The leaves are green.,contradiction,The green leaves contradicts the pile of brown leaves.
11786,3508522093.jpg#1r1n,3508522093.jpg,a young skateboarder jumped into a pile of leaves.,neutral,This a young skateboarder in a pile of leaves. He appears to have fallen in and not jumped. There are not enough leave to jump in and the skateboard is at an odd angle.
2345,3149038044.jpg#3r1e,3149038044.jpg,The kids are playing football.,entailment,Kids and two children can be interchanged and they are playing football
11167,3149038044.jpg#2r1n,3149038044.jpg,two kids playing on fresh mowed grass.,contradiction,It is unclear whether the grass is fresh mowed.
10343,3149038044.jpg#3r1n,3149038044.jpg,The children are playing flag football inside.,neutral,The children are playing  football
3552,2446830166.jpg#2r1e,2446830166.jpg,A man stilts behind a woman,entailment,Basically a man stands on stilts behind a woman.
3544,2446830166.jpg#0r1c,2446830166.jpg,The street performer is a magician.,contradiction,The performer is either walking on stilts or a magician.
14070,2446830166.jpg#2r4n,2446830166.jpg,A circus performer and his girlfriend who is about to leave him,neutral,Girlfriend is not clear and no sign of leave him
4403,2256447557.jpg#1r1e,2256447557.jpg,Some people by the ocean.,entailment,"A family can be described as a group of people. If someone is on the beach, they would have to be by the ocean."
4398,2256447557.jpg#4r1c,2256447557.jpg,Four girls are in the mountains.,contradiction,Beach cannot be mountains simultaneously.
10870,2256447557.jpg#2r1n,2256447557.jpg,The women are sisters on vacation together.,neutral,do not know if the women are sisters or on vacation
11254,451547131.jpg#2r1n,451547131.jpg,The person is wearing a wetsuit.,entailment,The person in the picture is wearing a wetsuit.
3303,451547131.jpg#1r1c,451547131.jpg,A surfer is carrying his surfboard into his house.,contradiction,One cannot walk along the beach and into a house at the same time.
13414,451547131.jpg#0r1e,451547131.jpg,The waves are not large enough for surfing at this time of day.,neutral,It is unclear that the waves are not large enough for surfing.
1287,3311724634.jpg#0r1e,3311724634.jpg,The people are on the stage.,entailment,"A woman, guy, and a man are all types of people, since it is established that she is on the stage, that the guy and man are listed with her implies they are also on the stage."
1288,3311724634.jpg#1r1c,3311724634.jpg,The man is swimming alone in a pool.,contradiction,attack and swimming is different in action
12318,3311724634.jpg#3r1n,3311724634.jpg,A group of performers play cover songs of Fall Out Boy.,neutral,"The group of performers do seem like they are playing songs, we cannot infer from the image that they are playing cover songs of Fall Out Boy."
9021,6274918824.jpg#2r1e,6274918824.jpg,Someone is cooking.,entailment,an egg in front of a mixing bowl indicates cooking is happening or about to happen
9020,6274918824.jpg#2r1c,6274918824.jpg,A chef is cutting meat.,contradiction,cutting meat and holding egg are not the same.
13653,6274918824.jpg#2r1n,6274918824.jpg,Someone is going to make a cake.,neutral,"Someone is using ingredients that go into making a cake but it is not clear that, that is exactly what they are making."
3819,1961696686.jpg#0r5e,1961696686.jpg,A woman is bowling in a bowling alley.,entailment,A woman must be bowling to throw her bowling ball down the lane.
3820,1961696686.jpg#0r3c,1961696686.jpg,The woman is doing gymnastics,contradiction,One cannot be bowling and doing gymnastics simultaneously.
14005,1961696686.jpg#2r1n,1961696686.jpg,A woman bowls a strike.,neutral,"A women is getting ready to bowl, but we don't know if it will be a strike or not."
7625,69830857.jpg#3r1e,69830857.jpg,An individual walks outdoors.,entailment,an individual is a figure
7620,69830857.jpg#0r1c,69830857.jpg,A man having coffee seating on table.,contradiction,The man can't walk along and be seating on a table at the same time.
12519,69830857.jpg#0r1n,69830857.jpg,A person walking toward church.,neutral,"This is a picture of a person walking on a roadway. But there are no churches in sight, unless its behind that large mountain. This image is neutral because the question remains as to what is just beyond the mountain. There might possibly be a church or nothing at all."
3081,2503250992.jpg#1r1e,2503250992.jpg,There are some people outside.,entailment,customers in the street is a group of people. A man is cooking some food for them.
3522,2503250992.jpg#4r1c,2503250992.jpg,A person rubbing food all over themselves,contradiction,The vendor cannot possibly be preparing snacks while rubbing food on themselves
14057,2503250992.jpg#4r1n,2503250992.jpg,A seller preparing their homemade goods,neutral,The seller is preparing goods but it is unclear if it is homemade.
2937,2822418176.jpg#2r1e,2822418176.jpg,A man is doing woodwork.,entailment,Carving is a form of woodwork.
9193,2822418176.jpg#0r1c,2822418176.jpg,A woman with noise-cancelling headphones in a black t-shirt is using a chainsaw to sculpt a bird out of a tree stump.,contradiction,One can either be a man or a woman.
10380,2822418176.jpg#3r1n,2822418176.jpg,The man is making sculptures to sell.,neutral,The man is making a sculpture but we don't know why.
9427,6191516871.jpg#0r1e,6191516871.jpg,A man is wearing something.,entailment,The man is wearing blue.
249,6191516871.jpg#1r1c,6191516871.jpg,The group of soccer players celebrate their recent game.,contradiction,Martial arts is not soccer.
14011,6191516871.jpg#2r1n,6191516871.jpg,Students in uniform are about to enter a competition.,neutral,"There are students in uniforms, but it is unclear if they are about to enter a competition or not."
2769,1580159719.jpg#2r1e,1580159719.jpg,"Two street musicians are performing, surrounded by an audience.",entailment,Two guys are playing music is same as two street musicians are performing
2771,1580159719.jpg#3r1c,1580159719.jpg,It is silent on the lawn.,contradiction,It is not silent when there is guitar playing.
12178,1580159719.jpg#0r4n,1580159719.jpg,People are listening to music.,neutral,It is not clear if they are listening to music or just sitting.
5948,2875823162.jpg#3r1e,2875823162.jpg,The vehicle is heavy.,entailment,hard time pushing shows that the vehicle is heavy.
5947,2875823162.jpg#2r1c,2875823162.jpg,A duck sits in the water.,contradiction,water and bus are different places
9653,2875823162.jpg#4r1n,2875823162.jpg,He is heavy.,neutral,We cant assure that  He is heavy.
9634,2284894733.jpg#1r1n,2284894733.jpg,the dog is in the performance.,entailment,"There is a dog in the image, and it does seem to be at some kind of performance, like a dog show."
6701,2284894733.jpg#2r1c,2284894733.jpg,The cat is barking.,contradiction,The cat cannot be a dog barking.
3400,2284894733.jpg#0r1n,2284894733.jpg,The dog is competing with other dogs.,neutral,A dog running is not necessarily competing with other dogs.
10028,2904714989.jpg#3r1n,2904714989.jpg,The men are on a tennis team.,entailment,This is a group of men holding tennis rackets and appearing to be standing on a court as a team.
3462,2904714989.jpg#0r1c,2904714989.jpg,The women are playing softball.,contradiction,Playing softball is different than posing near a tennis net.
10207,2904714989.jpg#4r1n,2904714989.jpg,Tennis players all standing around a court waiting for the matches to begin.,neutral,no evidence of the matches not being already finished
13553,3449846784.jpg#3r1n,3449846784.jpg,a dog is outdoors playing,entailment,This is a dog playing outdoors.
390,3449846784.jpg#4r1n,3449846784.jpg,A black and white cat is playing with a white string.,contradiction,A dog is not simultaneously a cat.
384,3449846784.jpg#2r1n,3449846784.jpg,A black dog focuses on a ball that's been thrown.,neutral,Looks up does not imply focuses.
9277,3019776218.jpg#0r1e,3019776218.jpg,A person looking,entailment,Young boy is person.
6834,3019776218.jpg#3r1c,3019776218.jpg,A child is laying down next to the cat.,contradiction,A dog is not a cat.
10646,3019776218.jpg#2r1n,3019776218.jpg,boy calls mom,neutral,"The boy is using  a phone, but we don't know that he's calling his mom."
3226,2324581814.jpg#0r1e,2324581814.jpg,A man with two people hangs something inside.,entailment,Two others and two people are the same thing. Putting something up on a wall and hanging something inside are the same action.
3225,2324581814.jpg#3r1c,2324581814.jpg,A group of people are watching netflix together,contradiction,"The people are either nailing something or they are watching netflix, not both at the same time."
14086,2324581814.jpg#3r1n,2324581814.jpg,A group of people are rebuilding a house together,neutral,"there are people doing work, but it's unclear if they are rebuilding a house or fixing some other type of building."
3056,3325960085.jpg#1r1e,3325960085.jpg,Community event outdoors.,entailment,wearing bunny ears is the event and it is outdoors.
3054,3325960085.jpg#2r1c,3325960085.jpg,There are no parents sitting at an outdoor assembly.,contradiction,"If there are no parents, there would not be a group of parents."
13707,3325960085.jpg#4r1n,3325960085.jpg,A group of people are telling funny stories.,neutral,"Whether any of these folks are telling funny stories is unknown; they could be, or perhaps this is a memorial for children who have passed away and every one of these people are in great pain and can't stop crying."
8803,4062259729.jpg#0r1e,4062259729.jpg,A man is on a sailboat.,entailment,"While sailing, one is on a sailboat."
8804,4062259729.jpg#4r1c,4062259729.jpg,a man wearing sunglasses and a blue cap is on a kayak.,contradiction,"The cap can't be yellow and blue at the same time, as well as a boat is not the same as a kayak."
11091,4062259729.jpg#1r1n,4062259729.jpg,a man on a boat on vacation,neutral,The man is on the boat but he could be working on the boat and not on vacation.
833,230486268.jpg#1r1e,230486268.jpg,The boy is playing in the sand.,entailment,Digs into the sand is a way of saying playing in the sand.
12152,230486268.jpg#0r5n,230486268.jpg,A boy throws his yellow plastic sand shovel in anger when his mother grabs his hand to go,contradiction,Clearly the little boy is not with his mother and she is not grabbing his hand and he is not throwing his shovel in anger
13970,230486268.jpg#2r4n,230486268.jpg,The little boy loves his yellow plastic shovel.,neutral,I can not tell from the image whether or not he loves his shovel.
9306,3307667255.jpg#0r1n,3307667255.jpg,Men and women stand in front of a building,entailment,Lot of people infers men and women.  Colorful squares hanging from top is not inferred.
5063,3307667255.jpg#3r1c,3307667255.jpg,A landscape shot of a sunse.,contradiction,Sunse and street are different.
10051,3307667255.jpg#3r1n,3307667255.jpg,A large group is protesting something in the street.,neutral,"It is a large group and they are in a street, but it is not determinable if they are protesting anything or just gathering ."
4212,241345522.jpg#2r1e,241345522.jpg,A person is playing a sport.,entailment,Answer; The man is the person and football is a type of sport.
9995,241345522.jpg#1r1n,241345522.jpg,A man bring to the ball back that was thrown out of zone.,contradiction,ball thrown out of zone can't be brought back
13996,241345522.jpg#2r1n,241345522.jpg,A man is running to the touchdown line.,neutral,A man is running with a football but I cannot see if he is heading towards the touchdown line.
12831,123997871.jpg#1r2n,123997871.jpg,the girls are athletes,entailment,"The girls are playing an athletic sport, which makes them athletes."
3499,123997871.jpg#4r1c,123997871.jpg,Women are playing volleyball.,contradiction,Women cannot play lacrosse and volleyball concurrently.
12468,123997871.jpg#4r1n,123997871.jpg,Women are playing lacrosse for their home team.,neutral,The women are playing lacrosse but don't know if they're at the home team
1698,39024981.jpg#4r1e,39024981.jpg,Two ladies have a conversation.,entailment,Talk and conversation are similar words.
12641,39024981.jpg#3r1n,39024981.jpg,Two old women are talking.,contradiction,In above pic two young woman are talking not old...
10300,39024981.jpg#4r1n,39024981.jpg,Two women are arguing about something.,neutral,Two women are having a conversation but it is not clear what emotion they are displaying.
5488,2536957963.jpg#3r1e,2536957963.jpg,Two men moving an object.,entailment,Saying that the men are moving an object implies it has weight.
5486,2536957963.jpg#0r1c,2536957963.jpg,The two men are using brooms and mops to clean the stairs.,contradiction,cleaning machine is contradictory to brooms and mops
12510,2536957963.jpg#0r1n,2536957963.jpg,The janitors are doing their job.,neutral,It is unclear whether these men are janitors from the information in this photograph.
5263,3199895624.jpg#2r5e,3199895624.jpg,Two people sit together,entailment,A woman and a man are considered 2 people.
5265,3199895624.jpg#3r1c,3199895624.jpg,A man proposes to a woman with a wedding ring in his hand.,contradiction,A man is either receiving a gift or proposes to a woman.
10939,3199895624.jpg#2r5n,3199895624.jpg,A man and woman sit together eating food.,neutral,both of them sitting together but they are eating food or not
11348,4912108775.jpg#0r1n,4912108775.jpg,A man is reaching for something on the window,entailment,There is evidence to show the man is reaching something on the window
8877,4912108775.jpg#2r1c,4912108775.jpg,A man is working inside his office.,contradiction,Outside is not same with inside.
13960,4912108775.jpg#4r1n,4912108775.jpg,A man is replacing windows in his home.,neutral,"The image shows a man who seems to be doing something with windows in a building, but nothing in the image indicates he is replacing windows or that the building is his home or even a home at all. He could be a worker repairing windows at a business."
1305,2431723485.jpg#4r1e,2431723485.jpg,A person rides a bike in the woods.,entailment,A biker is a person.
1306,2431723485.jpg#4r1c,2431723485.jpg,A person runs in the woods.,contradiction,Bikes is different than runs.
12009,2431723485.jpg#0r1n,2431723485.jpg,girl looking for friends,neutral,"I see a girl on a bike, but I do not know if she is looking for her friends."
5803,3601843201.jpg#2r1e,3601843201.jpg,A motorcycle rider is currently outdoors.,entailment,A motorcycle rider drives here for showing his performance.
5808,3601843201.jpg#0r1c,3601843201.jpg,A man is rowing a boat.,contradiction,"A person doesn't imply any gender, a man does. Racing a motorcycle require little to no physical labor, while rowing a boat requires allot of physical labor."
11885,3601843201.jpg#4r1n,3601843201.jpg,A man racing a Ducati.,neutral,you can not see if it's a ducati.
1122,2313598755.jpg#1r1e,2313598755.jpg,A man holds a baby.,entailment,Holding is the same action as holds.
5527,2313598755.jpg#3r1c,2313598755.jpg,The woman and her daughter are asleep.,contradiction,The subjects cannot be both a father and son and a woman and her daughter.
13576,2313598755.jpg#0r1n,2313598755.jpg,A sad father and a son are tucked tightly together while sleeping.,neutral,"it's hard to say if the father and son are sad, but they are definitely sleeping."
3899,2448393373.jpg#1r1e,2448393373.jpg,A boy is holding a plastic bat.,entailment,A boy holding a plastic bat means he's with a plastic bat
8085,2448393373.jpg#3r1c,2448393373.jpg,A girl plays soccer.,contradiction,A boy is not a girl.
11580,2448393373.jpg#2r1n,2448393373.jpg,A boy is practicing to be on the baseball team.,neutral,The boy is practicing baseball outside.
8843,104285082.jpg#1r4e,104285082.jpg,The man playing the bamboo instrument is older and has gray hair.,entailment,A older man with grey hair is playing an instrument. So the man playing the instrument is older and has grey hair.
8848,104285082.jpg#0r1c,104285082.jpg,People are watching music videos on TV.,contradiction,Spectators watch a man playing oboe and a man who plays percussion mot watching tv.
10560,104285082.jpg#3r1n,104285082.jpg,A group of people are in a band.,neutral,The image does not show a group.
4163,4474749623.jpg#0r1e,4474749623.jpg,Two elderly women walking in the city,entailment,the two women are elderly
1660,4474749623.jpg#1r1c,4474749623.jpg,The men are enjoying the sunny day and clear sky.,contradiction,They can't be enjoying the sunny day and taking a walk in the rain.
10219,4474749623.jpg#3r1n,4474749623.jpg,Two people are walking in the rain.,neutral,The photo show two people walking with umbrellas but its not clear if its raining
2634,3514184232.jpg#3r3e,3514184232.jpg,A softball player attempting to make a play.,entailment,if she is running to catch a ball she must be attempting to make a play.
2630,3514184232.jpg#3r5c,3514184232.jpg,The woman is playing soccer,contradiction,The woman can not play softball and soccer simultaneously.
11271,3514184232.jpg#3r1n,3514184232.jpg,A female is in the outfield.,neutral,We cant assure that A female is in the outfield.
5850,16158623.jpg#3r1e,16158623.jpg,a man is wearing a vray shirt.,entailment,""" Man wearing a gray shirt "" is repeated."
5828,16158623.jpg#4r1c,16158623.jpg,Two men are in a truck parked at the curb.,contradiction,Men working together on a ladder cannot be in a truck same time.
5834,16158623.jpg#0r1n,16158623.jpg,The man on the latter is replacing letters on a sign.,neutral,You can stand on a ladder and not be replacing letters on a sign.
9393,4631131293.jpg#0r1e,4631131293.jpg,Women are wearing matching outfits.,entailment,Women wearing matching outfits are just wearing matching outfits.
9589,4631131293.jpg#3r1c,4631131293.jpg,A group of girls are sitting on a bench.,contradiction,The girls are crossing the street and therefore are not sitting stationary on the bench.
13681,4631131293.jpg#1r1n,4631131293.jpg,The crowded people were protested,neutral,Explanation: group of people in the picture is too hard to see if they are protesting or not.
7857,536537638.jpg#0r1e,536537638.jpg,The group of women are shopping.,entailment,Group of Asian women are a group of women
1432,536537638.jpg#3r1c,536537638.jpg,a naked man waits by the train station,contradiction,A group of people wearing the same attire vary in both number and dress to a naked man.
12748,536537638.jpg#3r1n,536537638.jpg,a well dressed group wait together,neutral,"Well dressed is an interesting term - I think they are in sports gear, and nothing to confirm they wait."
8936,2691641332.jpg#0r1e,2691641332.jpg,The young lady is preparing to ride her bike.,entailment,"if she is wearing knee pads and a helmet and is next to a pretty bike, it follows she is preparing to ride her bike."
2886,2691641332.jpg#2r1c,2691641332.jpg,The little girl is wearing a green dress.,contradiction,The girl cannot be wearing pink and green at the same time.
14243,2691641332.jpg#4r1n,2691641332.jpg,A girl is wiating for someone to take her bicycle.,neutral,"The girl is next to her bike, but we do not know if someone is going to take it."
9757,2324804923.jpg#0r1n,2324804923.jpg,A man is talking into a microphone.,entailment,The man is talking into a microphone.
6068,2324804923.jpg#3r1c,2324804923.jpg,The man is named Larry.,contradiction,The man cannot be named Deleon and named Larry.
12143,2324804923.jpg#4r1n,2324804923.jpg,Deleon is speaking into a mic about different charities.,neutral,Not sure if the man is speaking about charities.
5491,4936302238.jpg#4r1e,4936302238.jpg,A couple are standing.,entailment,"A couple that is standing, standing in front of a major tourist spot."
5492,4936302238.jpg#4r1c,4936302238.jpg,A couple sit in a restaurant.,contradiction,A couple sit a restaurant in major spot.
12638,4936302238.jpg#3r1n,4936302238.jpg,The man is the woman's husband.,neutral,"Though the man is pictured with the woman, their relationship is not clear."
7856,2678171436.jpg#1r1e,2678171436.jpg,The man clutches a shovel.,entailment,"A man is seen holding a shovel, and he is clutching it."
10196,2678171436.jpg#0r1n,2678171436.jpg,A man holds a stick from the tree he planted when he was 10 years old.,contradiction,"The man is holding something made of wood, probably a shovel. There is no indication of where the wood came from or that it came from a tree planted when he was 10 years old."
12603,2678171436.jpg#3r1n,2678171436.jpg,The bridge has fallen.,neutral,There is no evidence that the bridge has fallen.
4329,263494261.jpg#0r1e,263494261.jpg,The crowd watch many people run.,entailment,The crowd watching people run is another way of saying the crowd watches many people run.
4328,263494261.jpg#3r1c,263494261.jpg,They are inside a tent.,contradiction,both running and inside a tent are different.
11346,263494261.jpg#1r1n,263494261.jpg,The group of people are friends of the runners.,neutral,The group of people watching are usually the friends of the runners but could also just be supporting people.
5586,3501457496.jpg#1r1e,3501457496.jpg,People are sitting outside at a social event.,entailment,"4 women, one child refers to people."
5583,3501457496.jpg#4r1c,3501457496.jpg,Bad friends hitting each other at school.,contradiction,"They can either be good friends or bad friends, not both."
11632,3501457496.jpg#0r1n,3501457496.jpg,A family is with their pet.,neutral,They can just be friends and not family.
3649,3773298212.jpg#1r1e,3773298212.jpg,The man is looking at a mechanical part.,entailment,air compressor is considered a3mechanical part.
3648,3773298212.jpg#1r1c,3773298212.jpg,The man is looking at ball bearings.,contradiction,He either looks at ball bearings or an air compressor.
13226,3773298212.jpg#4r1n,3773298212.jpg,A man is kneeling to fix a machine.,neutral,"The man is kneeling next to a machine, but we do not know why he is kneeling next to it.  He could be taking a break and looking at it without the intent to fix it.  We have no indication from the photo that the machine is broken."
4895,2293149170.jpg#4r1e,2293149170.jpg,A boy is lying down.,entailment,One who lays in bed is lying down.
4896,2293149170.jpg#4r1c,2293149170.jpg,The boy is running.,contradiction,A boy cannot lay in bed while running.
13468,2293149170.jpg#1r1n,2293149170.jpg,The child is sleeping with his favorite stuffed animal.,neutral,The child is sleeping with multiple stuffed animals but evidence is insufficient to determine if any are his favorite.
3312,86120682.jpg#4r1e,86120682.jpg,A woman is by a fire.,entailment,If she kneels in front of a fire then it is inferred that she is by a fire.
5191,86120682.jpg#2r1c,86120682.jpg,a man watches his house burn,contradiction,"A woman is not a man. A person watching his house burn would not be sitting. A person on a bench watching a bright fire implies a pleasant, contained fire, not a burning house."
11223,86120682.jpg#0r1n,86120682.jpg,The glass-blower was not happy with her creation and decided to start over.,neutral,We cannot tell by the photo if the glass-blower was not happy with her work or if she decided to start over.
5483,3273892996.jpg#3r1e,3273892996.jpg,a child was there,entailment,There were two other men and a child at the produce stand.
5303,3273892996.jpg#1r1c,3273892996.jpg,Men are weighing hamsters.,contradiction,If they are weighing hamsters then they would not be beside vegetables at the same time.
13809,3273892996.jpg#4r1n,3273892996.jpg,There are people trading items while at work.,neutral,"there are people exchanging items, but not clear that it is at work"
188,2511798599.jpg#4r1e,2511798599.jpg,Two people speaking into a megaphone.,entailment,Answer: Speaking refers to using .
1187,2511798599.jpg#3r1c,2511798599.jpg,The people are in white shirts,contradiction,The people can not be in white shirts if they were previously in blue shirts
13973,2511798599.jpg#3r1n,2511798599.jpg,The people are friends,neutral,we cant assure that The people are friends
4129,1330645772.jpg#4r2e,1330645772.jpg,There is an animal running,entailment,dog runs in a field. simply means there is an animal running
4121,1330645772.jpg#1r2c,1330645772.jpg,A gray black and white dog is sitting on a couch.,contradiction,"A dog is either running or sitting, but not both at the same time, and the dog is either black and white or the dog is gray black and white but not both."
12614,1330645772.jpg#1r4n,1330645772.jpg,A dog runs to save his master from a well.,neutral,A dog is running quickly.
623,4328538175.jpg#2r1e,4328538175.jpg,people are using their minds,entailment,People can be two.  Using their minds can be trying to put together a puzzle.
13797,4328538175.jpg#0r1n,4328538175.jpg,The students are using tools,contradiction,There are two people in the image. They appear to be playing with pieces of paper and tools.
11310,4328538175.jpg#1r1n,4328538175.jpg,A husband and wife looking at snippets of paper.,neutral,There is a man and woman looking at paper but there is no way to know if they are husband and wife
5514,21514026.jpg#3r1e,21514026.jpg,There is a person standing far away who is wearing a dress.,entailment,"A woman is a person, who can wear a dress and far away can be in the distance."
5511,21514026.jpg#0r1c,21514026.jpg,The lady is sleeping in the grass.,contradiction,The lady cannot be sleeping in the grass while standing in a room at the same time
12222,21514026.jpg#1r1n,21514026.jpg,The man is about to eat dinner.,neutral,"Though the picture entails a man who appears to be in a restaurant, there is no solid evidence to indicate that the man will eat dinner soon as he is standing up."
10850,411678041.jpg#1r1n,411678041.jpg,The man is wearing a cowboy hat.,entailment,Clearly the man is wearing a cowboy hat.
8819,411678041.jpg#3r1c,411678041.jpg,A man in a parade doesn't ride a brown horse,contradiction,A man either rides  a brown horse or he doesn't.
9690,411678041.jpg#0r1n,411678041.jpg,The man is partaking in a summer parade in his small town.,neutral,We do not know that the man is in a parade in his small town.
3438,143688205.jpg#3r1e,143688205.jpg,A guy is rock climbing,entailment,A guy is a man. Climbing a cliff is also rock climbing.
3594,143688205.jpg#0r1c,143688205.jpg,Candice falls off a cliff.,contradiction,Can't be supporting and falling at same time.
12200,143688205.jpg#4r1n,143688205.jpg,The climber is a man,neutral,It is not possible indentify if it is a man climber.
5280,3416339125.jpg#1r1e,3416339125.jpg,Two men have alcoholic beverages.,entailment,Beers are alcoholic beverages
5281,3416339125.jpg#1r1c,3416339125.jpg,Two men are standing at a bar ordering beer.,contradiction,"The men are either standing at a bar, or sitting around a table."
11653,3416339125.jpg#2r1n,3416339125.jpg,Two men watch the ballgame in the sun.,neutral,It is impossible to tell whether the men are watching a ballgame or not.
4008,3373544964.jpg#0r1e,3373544964.jpg,"A man is outdoors, petting his bulldog.",entailment,Woods are outdoors.
2021,3373544964.jpg#1r1c,3373544964.jpg,the boy is sleeping at home,contradiction,People are not usually sleeping on a trampoline.
11039,3373544964.jpg#4r1n,3373544964.jpg,The dog is begging for food from the young boy.,neutral,The dog looks at young boy
5095,390369.jpg#2r1e,390369.jpg,Some people are looking at a woman.,entailment,Staring means looking.
6268,390369.jpg#3r1c,390369.jpg,The performer is sitting in the street.,contradiction,The performer can be either standing or sitting in the street.
10730,390369.jpg#3r1n,390369.jpg,The performer is making money.,neutral,"The picture features a performer, but there is no evidence that she is getting paid."
5684,5526795355.jpg#0r1e,5526795355.jpg,Someone is playing music.,entailment,Plays the violin implies playing music.
5683,5526795355.jpg#4r1c,5526795355.jpg,A man is smashing his violin into the ground.,contradiction,If he is playing the violin then he can't be smashing it
10529,5526795355.jpg#1r1n,5526795355.jpg,A street performer wearing face paint and a red hat wows the crowd.,neutral,"The man in the picture is wearing face paint and a red hat, but there's no proof he's a street performer, or a performer at all for that matter as there is no audience shown."
7705,123101580.jpg#1r4e,123101580.jpg,Two teenager girls wearing jerseys are kicking a soccer ball.,entailment,Playing soccer involves kicking a soccer ball.
1600,123101580.jpg#0r1c,123101580.jpg,The boys run toward the other end of the field.,contradiction,Girls are not boys.
13927,123101580.jpg#0r4n,123101580.jpg,Two sisters compete against each other in a game of soccer.,neutral,The girls in the game of soccer may or may not be sisters.
7350,3732728142.jpg#3r1e,3732728142.jpg,The baby is wearing a hat.,entailment,THE HAT IS ON THE BABY'S HEAD
11486,3732728142.jpg#0r1n,3732728142.jpg,The baby is smiling and wearing a red hat.,contradiction,The baby is not smiling in the picture.
7348,3732728142.jpg#4r1n,3732728142.jpg,Baby wearing red hat in a blue car seat.,neutral,The car seat is blue.
6626,3726551176.jpg#3r1e,3726551176.jpg,The girl is outside.,entailment,Standing by a grassy knoll requires being outside.
6635,3726551176.jpg#1r1c,3726551176.jpg,A woman sleeping on a bus as it goes down the road.,contradiction,"To be sleeping you would be lying down, not standing."
10062,3726551176.jpg#1r1n,3726551176.jpg,A woman waiting for her date outside by a multipurpose centre sign.,neutral,"There is no evidence that the woman is waiting for her date, she could be waiting for her Uber."
4262,4376363559.jpg#1r1e,4376363559.jpg,The man is looking at his horse.,entailment,The fact that the man is checking the equipment hooked up to his horse implies that he was looking at the horse.
4263,4376363559.jpg#1r1c,4376363559.jpg,The man is bathing the dog.,contradiction,Checks the carriage is different than bathing.
11103,4376363559.jpg#4r1n,4376363559.jpg,A man about to ride a horse.,neutral,"There is a man and a horse, but nothing to indicate the man is going to ride the horse."
7085,4672132178.jpg#4r1e,4672132178.jpg,People dancing.,entailment,People in hats are dancing so it is implied that they are the ones dancing.
7089,4672132178.jpg#3r1c,4672132178.jpg,The group of people are inside of a building.,contradiction,"A group of people wait on the sidewalk, wearing hats people are inside of a building."
12032,4672132178.jpg#0r1n,4672132178.jpg,Young people are on their way home from a baseball game.,neutral,we cant assure that young people are on their way home from a baseball game.
8178,6848277313.jpg#1r1e,6848277313.jpg,A man is giving a presentation.,entailment,Someone presenting something is giving a presentation.
9409,6848277313.jpg#2r1c,6848277313.jpg,the man is wearing a green shirt,contradiction,"The shirt is either checkered or green, but not both."
14552,6848277313.jpg#1r1n,6848277313.jpg,A man is teaching a class.,neutral,Hard to tell if the man is teaching a class.
7865,3081330705.jpg#2r1e,3081330705.jpg,A man is on the cliff,entailment,"A man is on the cliff, so he is on top of it."
7877,3081330705.jpg#4r1c,3081330705.jpg,The man is lying down.,contradiction,The man cannot be both on a cliff and lying down.
14236,3081330705.jpg#0r2n,3081330705.jpg,A man standing in front of the snowy mountain is wearing a blue shirt and on vacation.,neutral,"We cant assure that, the man in on vacation."
7441,141203926.jpg#2r1e,141203926.jpg,The woman looks like she does not know what's going on.,entailment,Not know what's going on implies looking confused.
11179,141203926.jpg#1r1n,141203926.jpg,A woman is looking at a refrigerator.,contradiction,"A woman  is looking at a milkshake machine, not a refrigerator."
13341,141203926.jpg#3r1n,141203926.jpg,The woman starting her first day at work.,neutral,Woman appears to be at work but that is an assumption because of the logo apron. We have no idea if this would be her first day.
600,3599780784.jpg#2r1e,3599780784.jpg,A guy is taking a picture of someone getting a hair cut.,entailment,A guy gets a hair cut while someone takes a picture.
9336,3599780784.jpg#1r1c,3599780784.jpg,an elephant sits,contradiction,Two men are entirely different than an elephant.
14547,3599780784.jpg#3r1n,3599780784.jpg,The haircut is ugly,neutral,A person seen having a haircut doesn't convey that the haircut is ugly.
13251,378336163.jpg#1r1n,378336163.jpg,A tall human jumping.,entailment,just a human having fun.
9422,378336163.jpg#1r1c,378336163.jpg,Nobody is jumping.,contradiction,"If there is a bearded man than somebody is jumping, not nobody."
14361,378336163.jpg#0r1n,378336163.jpg,A man is making faces while jumping in the air.,neutral,A man is jumping in the air but not sure if he is making faces or not
1846,6728801573.jpg#2r1e,6728801573.jpg,A woman working on a bicycle.,entailment,Bicycle is bike frame.
1836,6728801573.jpg#4r1c,6728801573.jpg,A lady is eating dinner in a chinese restaurant.,contradiction,Eating dinner and fixing a bicycle are two different actions.
1841,6728801573.jpg#1r5n,6728801573.jpg,The woman is a framebuilder.,neutral,She has experience as a framebuilder.
3598,4584266249.jpg#2r1e,4584266249.jpg,The women can see.,entailment,Looking at a display implies or requires site.
11878,4584266249.jpg#1r1n,4584266249.jpg,Women in Japan take shelter from the rain,contradiction,The women are wearing kimonos so they seem to be Japanese but it is not raining.
12962,4584266249.jpg#3r1n,4584266249.jpg,Two women are trying to figure out where they are.,neutral,There is no way to tell what the two women are looking at.  They may not be trying to figure out anything.
6755,2782480767.jpg#0r1e,2782480767.jpg,The girl was underwater.,entailment,Girl is young.
6752,2782480767.jpg#3r1c,2782480767.jpg,A girl is pretending she is a bird in her yard.,contradiction,The girl can either hold her breath or pretend she is a bird.
10003,2782480767.jpg#0r1n,2782480767.jpg,The girl is having fun swimming.,neutral,There is a girl swimming but it unknown whether she is having fun.
6378,3745405944.jpg#4r1e,3745405944.jpg,The couple is outdoors.,entailment,If you are in a park you are outdoors
6375,3745405944.jpg#0r1c,3745405944.jpg,A blonde woman is sitting on a bench eating an ice cream.,contradiction,the woman is eating and the man is drinking
13166,3745405944.jpg#2r1n,3745405944.jpg,Couple sits next to eachother,neutral,A couple sits next to one another on a bench.
7947,4715269800.jpg#3r1e,4715269800.jpg,There is a window in the vehicle.,entailment,The window on the vehicle is meant to be looking out
11526,4715269800.jpg#0r5n,4715269800.jpg,A passenger on the plane is going on vacation.,contradiction,in the picture there is no plane there is a truck
13326,4715269800.jpg#0r4n,4715269800.jpg,The man is flying home.,neutral,the man is flying but we don't know where.
8262,4879951396.jpg#4r1e,4879951396.jpg,A woman is under an umbrella,entailment,WHEN USING AN UMBRELLA YOU NEED TO BE UNDER IT.
8253,4879951396.jpg#1r1c,4879951396.jpg,A woman with no smudges on her face smiles with teeth showing while holding a large white umbrella and some papers.,contradiction,BLACK SMUDGES IS MORE THAN NO SMUDGES
13979,4879951396.jpg#0r1n,4879951396.jpg,The girl with the umbrella is outside in the rain.,neutral,"Even though she is outside with an umbrella, she should be categorized as a young woman instead of a girl, and it is unclear whether or not it is raining."
9431,4183662919.jpg#3r1e,4183662919.jpg,A child is playing.,entailment,Both child are playing something.
12357,4183662919.jpg#2r1n,4183662919.jpg,The little girl is wearing shoes that are way too big for her.,contradiction,She's not wearing the shoes
12254,4183662919.jpg#4r1n,4183662919.jpg,The small girl boots were a little dirty.,neutral,She's shining the shoe but maybe the boots were clean to begin with
744,3676788491.jpg#1r1e,3676788491.jpg,The man is outside.,entailment,"Building is outside, so the man is outside."
745,3676788491.jpg#3r1c,3676788491.jpg,The man is taking a shower.,contradiction,The man is either standing outside or he's taking a shower.
13209,3676788491.jpg#3r1n,3676788491.jpg,The man is staring at the building.,neutral,"What the man is staring at, or indeed if he is staring at all, is unclear in this photograph."
3991,97138973.jpg#2r1e,97138973.jpg,A man was is in water.,entailment,Someone who just finished a swim was recently in water.
3992,97138973.jpg#0r1c,97138973.jpg,A man is wearing a green shirt at the beach.,contradiction,A green shirt is not a black shirt.
13939,97138973.jpg#2r1n,97138973.jpg,A man is getting out to go back to sunbathing.,neutral,We don't know if the man is going sunbathing.
7576,1181708011.jpg#0r1e,1181708011.jpg,A woman has a green tank top,entailment,A woman in a green tank top has a green tank top.
7579,1181708011.jpg#1r1c,1181708011.jpg,A person is using a light saber.,contradiction,"Sentence one is a woman using a power drill Sentence two is only a person, using a light saber"
14421,1181708011.jpg#2r1n,1181708011.jpg,The woman is the man's wife.,neutral,"There is a woman and a man in the picture, but there is not evidence that she is the man's wife."
2726,6194677011.jpg#2r1e,6194677011.jpg,A researcher has the proper tools for analysis work.,entailment,Microscope is a tool.
3993,6194677011.jpg#0r1c,6194677011.jpg,A man delivers pizza.,contradiction,A man who delivers pizza cannot be sitting.
13389,6194677011.jpg#3r1n,6194677011.jpg,A tall human looking,neutral,You cannot tell if the person in the image is tall or not since they are sitting.  They appear to be looking at the screen.
10998,6084817815.jpg#3r1n,6084817815.jpg,Several Asians are dancing.,entailment,The foreign language on the ads on the building indicate Asian region and the several persons are dancing.
8863,6084817815.jpg#2r1c,6084817815.jpg,Naked Chinese people are entering the building.,contradiction,Chinese dancers do not have to be naked.  Chinese people do not have to be dancers.
10268,6084817815.jpg#0r1n,6084817815.jpg,Foreign folk dancers are dressed in bright outfits while dancing in the street for an audience that paid to see them.,neutral,we cant assure that Foreign folk dancers are dressed in bright outfits while dancing in the street for an audience that paid to see them.
2041,687513087.jpg#4r1e,687513087.jpg,Two dogs are playing.,entailment,dogs are in black colour
6441,687513087.jpg#2r1c,687513087.jpg,Cats are climbing the tree.,contradiction,dogs are not cats.
13675,687513087.jpg#4r1n,687513087.jpg,The dogs are from the same litter.,neutral,The dogs are similar in appearance and could be related but it does not follow that they are from the same litter.
1230,4859170265.jpg#0r1e,4859170265.jpg,Two girls are handing out literature and balloons.,entailment,"Both girls are either handing out literature or holding balloons; therefore, they are collectively handing out literature and balloons."
1088,4859170265.jpg#3r1c,4859170265.jpg,A man drives the Batmobile.,contradiction,either it is two blonds or a man
14375,4859170265.jpg#1r2n,4859170265.jpg,A woman sells balloons while her friend hands out fliers advertising the next clown show.,neutral,There is a woman holding balloons but she might not be selling them and we don't know what the fliers the woman is handing out say or advertise.
7199,3169276423.jpg#2r1e,3169276423.jpg,An older couple has dressed up as Goucho Marx,entailment,If a man and a woman are wearing Grouch Marx masks and fake cigars that implies they are dressed up as Groucho Marx.
7197,3169276423.jpg#3r1c,3169276423.jpg,"Man and woman are wearing nothing,",contradiction,A person can either wear something or nothing.
13907,3169276423.jpg#2r1n,3169276423.jpg,And older couple is going to a costume party.,neutral,"The Picture shows a couple in costumes, but they may already be at the costume party instead of going."
730,1777816180.jpg#4r1e,1777816180.jpg,The boy is planning to jump.,entailment,preparing a jump could also he described as planning to jump.
8732,1777816180.jpg#3r1c,1777816180.jpg,A boy is wearing an all black outfit.,contradiction,If he is wearing all black then he is not wearing any blue.
11092,1777816180.jpg#2r1n,1777816180.jpg,A toddler balances on a large rock near a waterfall.,neutral,He could be near a waterfall or perhaps there is no waterfall at all.
3448,1483574454.jpg#2r1e,1483574454.jpg,Some people inside a store.,entailment,"For one man to check out a bicycle and another sit nearby, they must both be in the store."
3443,1483574454.jpg#2r1c,1483574454.jpg,Some people on a rollercoaster.,contradiction,Rollercoaster is not in a shop
10705,1483574454.jpg#4r1n,1483574454.jpg,Two people are preparing their bikes for a cross-country trip.,neutral,"Two people are preparing their bikes, but we have no idea if its for a cross-country trip."
2672,3362080042.jpg#2r1e,3362080042.jpg,A human playing baseball.,entailment,A baseball player is a human.
2673,3362080042.jpg#3r1c,3362080042.jpg,Number 88 tries to tag first base.,contradiction,It was Number 16 not Number 88
13390,3362080042.jpg#4r1n,3362080042.jpg,The baseball players are having practice.,neutral,we cant assure that The baseball players are having practice.
14329,281658181.jpg#3r1n,281658181.jpg,A person is performing.,entailment,"While vague, the person is clearly the woman and the performing is the high jump"
8407,281658181.jpg#3r1c,281658181.jpg,A woman is sleeping.,contradiction,A woman doing gymnastics can not be sleeping.
10663,281658181.jpg#0r1n,281658181.jpg,A female athlete is doing a photoshoot as a fan watches.,neutral,It can't be seen from the photo whether the athlete is doing a photoshoot or not.
8249,2856524322.jpg#0r1e,2856524322.jpg,A man is riding a vehicle with two pedals.,entailment,A bicycle is a vehicle that has two pedals.
12072,2856524322.jpg#1r1n,2856524322.jpg,The man is learning to ride a bike.,contradiction,Label: contradictionExplanation: Yes there is a man riding his bike however it looks like he knows how to ride a bike. He looks to be experienced since he is riding off a jump.
12424,2856524322.jpg#3r1n,2856524322.jpg,A man trying to impress his wife with bike tricks.,neutral,A man is performing a bike trick but there is no indication is wife will see this.
4291,314800643.jpg#2r4e,314800643.jpg,A person is outside with his girlfriend.,entailment,"A specific person who happens to be a man is with his girlfriend, putting up a tent."
4286,314800643.jpg#2r3c,314800643.jpg,A group of people playing volleyball.,contradiction,One cannot be setting up a tent and playing volleyball simultaneously.
10855,314800643.jpg#3r1n,314800643.jpg,A person is setting up tents for the catering service.,neutral,"The main person in the picture is touching a tent like object butit is unclear if it is from a catering service or if it is a tent, or if the person is setting this up."
9048,313385842.jpg#0r1e,313385842.jpg,Two men talk near a truck.,entailment,People who are behind a truck are near to the truck.
9046,313385842.jpg#3r1c,313385842.jpg,The people are outside in the sun.,contradiction,People are either standing in a warehouse or are outside in the sun.
13076,313385842.jpg#2r1e,313385842.jpg,A semi-trailer is being unloaded by a group of people.,neutral,they are at the open container not sure they are unloaded the things are just standing
11277,3560081723.jpg#1r1n,3560081723.jpg,A man is racing on his ATV over an obstacle course,entailment,He does appear to be racing over an obstacle course.
938,3560081723.jpg#4r1c,3560081723.jpg,A man jogging on a trail.,contradiction,A man cannot be driving and jogging at the same time.
14700,3560081723.jpg#3r1n,3560081723.jpg,A man does risky things while riding an All-Terrain Vehicle.,neutral,There is no evidence to suggest that the way the man is operating the vehicle is risky.
2350,2834752476.jpg#1r1e,2834752476.jpg,The man is inside.,entailment,The man is inside implies that he is in a room.
12243,2834752476.jpg#2r1c,2834752476.jpg,A young man drinking a beer,contradiction,"A young man in a black t-shirt is sitting on a couch; however, it is unclear as to whether he is drinking a beer or anything else."
12372,2834752476.jpg#4r1n,2834752476.jpg,a man smoking while watching TV,neutral,The man is smoking but he could be watching tv or something else.
1458,1117972841.jpg#0r4e,1117972841.jpg,A dog is outside.,entailment,the dog is running outside
1459,1117972841.jpg#0r3c,1117972841.jpg,A cat is licking his tail.,contradiction,A dog and a cat are different animals.
14188,1117972841.jpg#0r1n,1117972841.jpg,The brown dog is on the beach.,neutral,There is a brown dog running in some sand.
1165,2504056718.jpg#1r1e,2504056718.jpg,The dog can jump.,entailment,To get a Frisbee the dog will need to jump most of the time.
3090,2504056718.jpg#0r1c,2504056718.jpg,A man rides his motorcycle,contradiction,"A dog is an animal, while a man is a human being."
11587,2504056718.jpg#4r1n,2504056718.jpg,The dog is being trained for competition.,neutral,"The dog is catching something, and may be in training for a competition."
9156,3170122039.jpg#0r1e,3170122039.jpg,Two girls are riding bikes outside.,entailment,Girls riding bikes down a dirt road implies they are outside..
9161,3170122039.jpg#2r1c,3170122039.jpg,The bikers are riding stationary bikes in a gym.,contradiction,Either the people are riding bicycles or they are riding stationary bikes. They are either on a dirt road or in a gym. They cannot ride both things nor can they be in both places at once.
10218,3170122039.jpg#2r1n,3170122039.jpg,The bikers are riding in the country.,neutral,Bikers who are riding in the country.
2984,3549006919.jpg#2r1e,3549006919.jpg,A person is climbing.,entailment,''climbing a cliff'' is a type of climbing
8172,3549006919.jpg#4r1c,3549006919.jpg,"A mountain climber forgot his gear, so he stayed at the cabin.",contradiction,There is no cabin at the top of a cliff.
11100,3549006919.jpg#0r1n,3549006919.jpg,A man climbing a rock wall in a race.,neutral,The man is climbing but the only other person shown in the picture is holding onto his rope so there is not evidence that he is in a race.
2859,509778093.jpg#2r1e,509778093.jpg,An orange dog plays in the grass.,entailment,Playing with a white ball is a way a dog can play.
2855,509778093.jpg#3r1c,509778093.jpg,A dog waits to retrieve a stick,contradiction,A dog can not be chasing a ball and waiting to retrieve a stick simultaneously.
13091,509778093.jpg#2r1n,509778093.jpg,An orange dog playing with a white ball on green grass as his owner watches.,neutral,I can't tell if the owner watches the dog.
7111,2638177115.jpg#0r1e,2638177115.jpg,Men in khaki green pants are in the city for the day.,entailment,There's a busy street in the city.
5398,2638177115.jpg#4r1c,2638177115.jpg,The man is sitting on a couch inside his house.,contradiction,The man wouldn't be sitting on a couch if he poses for a group.
10542,2638177115.jpg#4r1n,2638177115.jpg,The soldier just returned from war.,neutral,We cant assure that The soldier just returned from war.
1667,400345058.jpg#3r1e,400345058.jpg,A human stands in water.,entailment,A human is also a person and the ocean is also water.
8251,400345058.jpg#2r1c,400345058.jpg,The man swims laps in the pool.,contradiction,"Wading involves walking, not swimming. An ocean is not a pool."
14093,400345058.jpg#2r1n,400345058.jpg,The person doesn't know how to swim.,neutral,There is nothing yet to show if he can swim or not.
1486,4684005479.jpg#0r1e,4684005479.jpg,A man in a jersey is outside.,entailment,Walking down a city street implies that the man is outside.
1209,4684005479.jpg#4r5c,4684005479.jpg,The guy is in a wheelchair.,contradiction,Walking cannot happen in a wheelchair.
12302,4684005479.jpg#4r3n,4684005479.jpg,A man is walking to work.,neutral,The picture does not provide enough information to tell if work is the man's final destination of the walk.
8829,3590753142.jpg#2r1e,3590753142.jpg,The people are outdoors.,entailment,A boardwalk is outdoors.
7031,3590753142.jpg#4r1c,3590753142.jpg,The sightseers are viewing a wrecked ship underwater.,contradiction,"They are either looking at a city, or a wrecked ship."
11447,3590753142.jpg#3r1n,3590753142.jpg,A family enjoying the city on vacation.,neutral,figure shows three ladies. may be they are including one family
5172,3640870001.jpg#2r1e,3640870001.jpg,The dog is running through the water,entailment,A dog is running when a dog runs.
3457,3640870001.jpg#4r1c,3640870001.jpg,The water is really liquid nitrogen,contradiction,water cannot be liquid nitrogen.
12546,3640870001.jpg#4r1n,3640870001.jpg,The water is warm,neutral,Whether the water is warm or cool cannot be ascertained from this picture.
7235,4074473431.jpg#1r1e,4074473431.jpg,The marathon runners near the finish line.,entailment,The finish line is at the close of a marathon.
4063,4074473431.jpg#0r1c,4074473431.jpg,Nobody is using a camera.,contradiction,You need a camera to take photos.
11421,4074473431.jpg#1r1n,4074473431.jpg,The marathon runners are tired.,neutral,We have no idea if the runners are tired or not.
2924,4328528475.jpg#2r1e,4328528475.jpg,girl holds racket,entailment,The girl who holds racket is this girl in blue shorts and holding up the racket
9924,4328528475.jpg#2r1n,4328528475.jpg,girl just won tennis match,contradiction,"A girl just won a badminton match, not a tennis match."
14024,4328528475.jpg#0r1n,4328528475.jpg,The girl had light hair before yesterday.,neutral,"The girl in this photo does not have light hair, but it is impossible to tell what color her hair could have been before yesterday."
1632,2468906010.jpg#0r1e,2468906010.jpg,There is a picture.,entailment,A picture of the two volleyball teams states that there is a picture.
1635,2468906010.jpg#2r1c,2468906010.jpg,Girls writing letters.,contradiction,"The girls can either play volleyball or write letters, but not both simultaneously."
13039,2468906010.jpg#2r1n,2468906010.jpg,A girls college volleyball competition.,neutral,We don't know if the girls volleyball competition is for college.
11163,456299217.jpg#1r1n,456299217.jpg,the woman is getting light spray from the fountain,entailment,"The woman is sitting right next to the fountain while it is going, so it's safe to say she's getting a light spray."
131,456299217.jpg#3r2c,456299217.jpg,A boys sits outside at a small fountain.,contradiction,The fountain can't be both large and small.
11901,456299217.jpg#2r1n,456299217.jpg,The woman is a tourist.,neutral,I can not tell from the image whether or not she is a tourist.
4837,444051472.jpg#4r1e,444051472.jpg,A person is at a park feeding ducks while reading.,entailment,THE PERSON IS A MAN.
2210,444051472.jpg#1r1c,444051472.jpg,A man tries to frantically run all of his errands on his short lunch hour.,contradiction,People can not be run around while seated.
9611,444051472.jpg#1r1n,444051472.jpg,A businessman enjoys a quiet lunch reading a book on a park bench.,neutral,It is impossible to tell if the man is a businessman or not.
4165,4090827772.jpg#1r1e,4090827772.jpg,A man driving a car.,entailment,man driving a Spyder is same as man driving a car
4370,4090827772.jpg#3r1c,4090827772.jpg,The man is sitting on a recliner.,contradiction,The man can't be riding a motorcycle and sitting on a recliner at the same time.
11903,4090827772.jpg#3r1n,4090827772.jpg,The motorcycle is the world's fastest,neutral,It is not possible to kinow if the motorcycle is the world´s fastest
2875,3685373706.jpg#3r1e,3685373706.jpg,a man with red marks on his body,entailment,"If a man is covered in something, it is on his body."
2879,3685373706.jpg#1r1c,3685373706.jpg,A man in a blazer waving a flag.,contradiction,a shirtless man cannot be wearing blazer
11985,3685373706.jpg#2r1n,3685373706.jpg,A rabid sports fan cheers for his team.,neutral,"The man is cheering for something, but it might not be for a sports team."
2253,405615014.jpg#1r1e,405615014.jpg,There is one person in this picture.,entailment,A person could be a traffic director.
6472,405615014.jpg#0r1c,405615014.jpg,A policeman is wearing a black vest.,contradiction,Green is not black.
12561,405615014.jpg#3r1n,405615014.jpg,A tall person directing.,neutral,though a man is directing we cant conclude that he is a tall person
2270,241109594.jpg#2r1e,241109594.jpg,The black and white dog is outdoors.,entailment,TEH DOG IS SWIMMING OUTDOORS.
2268,241109594.jpg#1r1c,241109594.jpg,A dog is chasing a cat.,contradiction,The dog is either chasing a cat or biting onto a stick.
12267,241109594.jpg#4r1n,241109594.jpg,A big dog swims retrieving a stick.,neutral,A big dog is swimming in water retrieving a stick.
1522,2723785828.jpg#0r1e,2723785828.jpg,Two children has paint on their face.,entailment,"There are two children with face paint sitting, and minus the description of their activity there are two children with paint on their face"
1519,2723785828.jpg#2r1c,2723785828.jpg,The kids are pouring paints on people on the streets.,contradiction,Kids with the painted face are sitting in the street
10497,2723785828.jpg#4r1n,2723785828.jpg,The kids had fun getting their faces painted.,neutral,"The kids may have had fun getting their faces painted, but the boy on the right is not expressing happiness or fun at the time of this photo."
3600,4448279884.jpg#0r1e,4448279884.jpg,A crowd is gathered around a large bonfire.,entailment,"If there is a group of people, there is a crowd."
3601,4448279884.jpg#1r1c,4448279884.jpg,The people are all standing in the ocean.,contradiction,"If the people are all standing in the ocean, they are not gathered around a fire."
12320,4448279884.jpg#0r1n,4448279884.jpg,A crowd gathers around the bonfire to celebrate the team's championship.,neutral,We see a crowd around a bonfire but we don't know if they celebrate their team's championship or something else.
8482,6066650935.jpg#0r1e,6066650935.jpg,A couple of friends go for a bicycle ride.,entailment,A couple of friends are riding a bike on the distance road with their backs
8484,6066650935.jpg#1r1c,6066650935.jpg,A man and woman swim in the ocean alongside one another.,contradiction,People who are bicycling cannot also be swimming in the ocean.
13267,6066650935.jpg#0r1n,6066650935.jpg,Some friends work to improve their physical health by going for a bike ride.,neutral,"There are some people going for a bike ride, which usually does improve physical health, but whether they are friends or not is unknown."
19,4569102627.jpg#3r1e,4569102627.jpg,A girl is holding a glass.,entailment,To be drinking a glass of juice the girl must be holding a glass.
1899,4569102627.jpg#0r1c,4569102627.jpg,A little girl has just fell over to drink a gun juice.,contradiction,Getting ups does not mean she just fell. Apple juice is not gun juice.
17,4569102627.jpg#3r1n,4569102627.jpg,The girl is sitting on a swing.,neutral,The fact that a blond-haired girl drinking a glass of juice doesn't 'imply that the girl sitting on a swing.
2364,3194533056.jpg#2r1e,3194533056.jpg,The africans are enjoying thesmselves,entailment,"Africans are part of the group of Africans. Africans enjoying thesmselves is a misspelling of enjoying themselves, but it is understood that the word should be themselves."
2366,3194533056.jpg#4r1c,3194533056.jpg,The women are strolling along the beach.,contradiction,They cannot be strolling and dancing.
10856,3194533056.jpg#1r1n,3194533056.jpg,People are dancing at a wedding.,neutral,"People are dancing, but there is not enough evidence to conclude that they are at a wedding."
9066,3326249355.jpg#3r1e,3326249355.jpg,A couple are outside.,entailment,If you are on a grassy hill you are outside
12914,3326249355.jpg#2r1n,3326249355.jpg,People are holding their suitcases as they stand by the marker.,contradiction,"People do stand by the marker, but in this image they are not holding their suitcases."
11498,3326249355.jpg#1r1n,3326249355.jpg,A couple take a photo by a sign to remember the name of the city that they spent time in.,neutral,The photo shows a couple taking a photo by a sign however we do not know if their reason was to remember the name of the city they spent time in. They could have taken the picture for other reasons.
5536,1625306051.jpg#0r1e,1625306051.jpg,Two men jump.,entailment,"If two men jump in the air, then the men jump."
5745,1625306051.jpg#1r1c,1625306051.jpg,Two guys in slippers are settling down for the night.,contradiction,"It's implied that the two men are the two guys. They can't be wearing slippers because they're wearing hiking boots. They're also striking martial arts poses, which implies that they aren't settling down."
14411,1625306051.jpg#1r1n,1625306051.jpg,Two guys are getting ready to fight.,neutral,"There is not enough evidence to conclude that the two men are getting ready to fight, although it's possible."
4005,2202059975.jpg#3r1e,2202059975.jpg,Two person is looking at an art piece.,entailment,Two person is looking at an art piece implies two person  are looking down at sculptures on the street.
4006,2202059975.jpg#0r1c,2202059975.jpg,People stand next a bicycle on a corner.,contradiction,A car is not a bicycle.
14283,2202059975.jpg#0r1n,2202059975.jpg,Friends stand around odd car parts.,neutral,"There are several people in the image, but they are standing apart and may or may not be friends.  They appear to be looking at abstract art, but it is unclear if these are car parts or not."
2670,4274214534.jpg#1r1e,4274214534.jpg,A girl is walking her dog.,entailment,"Although the girl is on ice skates she is walking her dog on a leash, so she is walking her dog."
13794,4274214534.jpg#1r1n,4274214534.jpg,The girl is walking her dog on a nice day.,contradiction,"That may not be her dog, the woman is not walking but is on skates, and they day does not look nice."
10882,4274214534.jpg#4r1n,4274214534.jpg,A woman is trying to get her dog to go to the bathroom after it has freshly snowed.,neutral,We cant assure the  woman is trying to get her dog to go to the bathroom after it has freshly snowed.
6438,4950889937.jpg#3r1e,4950889937.jpg,The Asian streets are busy.,entailment,A street scene in an Asian community means there are Asian streets.
12704,4950889937.jpg#1r1n,4950889937.jpg,People are walking down a street holding homemade signs.,contradiction,"People are indeed walking down a street, but there are no homemade signs in evidence."
13748,4950889937.jpg#4r1n,4950889937.jpg,A great street.,neutral,This is a street but the descriptor great is subjective.
1685,3245460937.jpg#1r3e,3245460937.jpg,A boy jumps.,entailment,Jumps is the same as jumping.
1688,3245460937.jpg#1r4c,3245460937.jpg,The boy is smashing pumpkins.,contradiction,Jumping to hit a ball and smashing pumpkins cannot be done at the same time.
10610,3245460937.jpg#1r3n,3245460937.jpg,A boy hits a ball.,neutral,A boy hits in something
1251,2127166904.jpg#1r1e,2127166904.jpg,A guy is interested in a camera and it is chilly outside.,entailment,THE MAN IN LOOKING AT THE CAMERA.
10329,2127166904.jpg#4r1n,2127166904.jpg,Four girls talking while shopping for shoes.,contradiction,Two men and two girls are talking while shopping for groceries.
13494,2127166904.jpg#0r1n,2127166904.jpg,The man has run into a group of his friends at Walmart.,neutral,"Even though the man seems to be conversing in a group, one cannot tell whether they're his friends."
8488,2209751.jpg#3r1e,2209751.jpg,People are standing by a car.,entailment,Four men are people and yellow car is a car
8487,2209751.jpg#3r1c,2209751.jpg,Four men are sitting in a restaurant.,contradiction,Four men can not be standing and sitting simultaneously. Four men can not be in a restaurant if they are standing near a car.
11909,2209751.jpg#2r1n,2209751.jpg,A car is being waxed in preparation for an ad.,neutral,A car does appear to be featured in a ad but we cannot see it being waxed
6091,3344040145.jpg#1r1e,3344040145.jpg,They are outside.,entailment,Pointing and exclaming on a snowy hill side means they are outside
6094,3344040145.jpg#2r1c,3344040145.jpg,The woman is calm,contradiction,"If one is panicking, one is not calm."
6016,3344040145.jpg#4r1n,3344040145.jpg,A woman is skiing down a large hill.,neutral,Skiing does not imply skiing down a large hill.
4135,6218244928.jpg#2r1e,6218244928.jpg,A group of people on a boat,entailment,people are on boat shows that the workers are working around  the boat
6659,6218244928.jpg#1r1c,6218244928.jpg,several men are in the desert,contradiction,The men can not be on a boat and in the desert at the same time
11777,6218244928.jpg#3r1n,6218244928.jpg,Some people are getting ready to fix a broken ship.,neutral,The people could be preparing to fix a broken ship or not.
6946,3316725440.jpg#1r1e,3316725440.jpg,They took a picture of a bicycle racer.,entailment,bicycle racer take part in bicycle races
4396,3316725440.jpg#2r1c,3316725440.jpg,A man is walking through the woods.,contradiction,A man is either rides a bike through a course or walking through the woods.
9944,3316725440.jpg#1r1n,3316725440.jpg,The bicyclist is racing.,neutral,"The image shows a bicyclist on a track, might be a stunt not a race."
6469,2047543321.jpg#4r1e,2047543321.jpg,An individual is working in the midst of debris.,entailment,"""Cleaning up a demolition site"" implies ""working in the midst of debris""."
6549,2047543321.jpg#1r1c,2047543321.jpg,A worker is eating lunch.,contradiction,The worker is probably not eating lunch if they have a hose in their hand.
14653,2047543321.jpg#3r1n,2047543321.jpg,The man is a construction foreman.,neutral,We cant assure that the man is a construction foreman.
13875,74759622.jpg#2r1n,74759622.jpg,The janitor completes the bathroom cleaning.,entailment,It looks like the janitor holding a toilet brush and a cup of coffee so he probably just completed cleaning.
9304,74759622.jpg#0r1n,74759622.jpg,A man may have created a monster too unwilling to be flushed.,contradiction,First subject is a guy is standing in front of a toilet.   The next is a man and he is unwilling.
10482,74759622.jpg#3r1n,74759622.jpg,He is in the bathroom to drink.,neutral,We cant assure that He is in the bathroom to drink.
9495,19469520.jpg#1r1e,19469520.jpg,A group of cyclists racing.,entailment,Cyclists that are racing would be at a race.
6327,19469520.jpg#4r1c,19469520.jpg,The cyclists are all sitting in canoes.,contradiction,"If cyclists are sitting in canoes, they do not await the start of a race."
14698,19469520.jpg#0r2n,19469520.jpg,The competitors are nervous.,neutral,Hard to say if the competitors are nervous or excited.
3044,3072074170.jpg#3r1e,3072074170.jpg,a man is outside,entailment,A man is performing the action of standing outside.
588,3072074170.jpg#1r1c,3072074170.jpg,The man is doing pull ups.,contradiction,The man can't be doing a one handed handstand and pull ups at the same time.
10770,3072074170.jpg#4r1n,3072074170.jpg,the man is happy in the ggrass,neutral,The man is in the grass but it is difficult to ascertain his mood.
7491,852427632.jpg#0r1e,852427632.jpg,The woman in the cowboy hat is riding a horse.,entailment,A woman in a cowboy hat holding a rope and riding a horse means the woman in the cowboy hat is riding a horse.
7492,852427632.jpg#4r1c,852427632.jpg,A bull is riding a woman and chasing a horse.,contradiction,A woman cannot corral a bull if a bull is riding a woman.
13273,852427632.jpg#2r1n,852427632.jpg,The girl is going to rope the steer.,neutral,We cant assure  the girl is going to rope the steer.
6194,6774537791.jpg#3r1e,6774537791.jpg,An athlete hangs in the air next to a machine.,entailment,Athlete hangs in the air is actually skier.
6192,6774537791.jpg#4r1c,6774537791.jpg,The snowboarder is getting nice turns in.,contradiction,"Either a skier is getting nice jumps,  or a snowboarder is getting nice turns."
14478,6774537791.jpg#3r1n,6774537791.jpg,The athlete is about to crash land.,neutral,"The athlete is about to land,  We cannot see if the athlete will crash."
801,6925158300.jpg#4r1e,6925158300.jpg,The people are concentrating on their screens.,entailment,Gamers are people and if they are focusing on their screens they are also concentrating
97,6925158300.jpg#1r1c,6925158300.jpg,A group of people are playing Dungeons and Dragons at a table.,contradiction,If a group of computer gamers are laying on the computer they are not playing at the table.
10800,6925158300.jpg#0r1n,6925158300.jpg,A group of college students play World of Warcraft in their dorm room.,neutral,We cant assure that A group of college students play World of Warcraft in their dorm room.
4825,4316585644.jpg#0r1e,4316585644.jpg,A woman taking a photo of a red car,entailment,Photo is a kind of picture.
4824,4316585644.jpg#0r1c,4316585644.jpg,A woman spying on her ex,contradiction,ex is someone past lover and car is not an ex.
10982,4316585644.jpg#2r1n,4316585644.jpg,A woman is taking pictures at a car show.,neutral,"While there is a woman in the picture, it is unclear if she is taking a picture.  Likewise, while there are cars in the picture, it is unclear if if is a car show."
7754,4180952377.jpg#0r1e,4180952377.jpg,It is cold outside.,entailment,It is cold because of this the man keeps warm with a hat and sweatshirt.
7933,4180952377.jpg#2r1c,4180952377.jpg,An elderly man runs over a curb.,contradiction,One cannot be working on a car  as he runs over a curb.
12555,4180952377.jpg#1r1n,4180952377.jpg,The old man is a good mechanic.,neutral,"We cant assure that, the  old man is a good mechanic."
9264,4333374998.jpg#4r1e,4333374998.jpg,There is a door.,entailment,There is a child inside who is looking out through a closed door.
9263,4333374998.jpg#4r1c,4333374998.jpg,The child is asleep.,contradiction,The child cannot simultaneously be asleep and looking out
11845,4333374998.jpg#1r1n,4333374998.jpg,A kid waiting at the door for his dad to return from his trip to get smokes 3 years ago.,neutral,we cant assure that  A kid waiting at the door for his dad to return from his trip to get smokes 3 years ago.
5104,20702864.jpg#1r1e,20702864.jpg,People are outside.,entailment,A sidewalk is outside.
5105,20702864.jpg#1r1c,20702864.jpg,People are drinknig pepsi at the superbowl.,contradiction,"One cannot be at the superbowl and on the sidewalk simultaneously. Usually, one cannot be using jackhammers and drinking pepsi at the same time."
9683,20702864.jpg#0r1n,20702864.jpg,A man is waiting on his friend.,neutral,Picture shows there are some men walking but no indication if they are waiting or if they are finding their friends.
10480,1112334131.jpg#0r4n,1112334131.jpg,The woman is walking behind a photo being taken.,entailment,Woman is in the background of a photo of a boy eating ice cream and making a face.
7300,1112334131.jpg#1r4c,1112334131.jpg,A woman is wearing an orange hat and eating a cookie.,contradiction,A boy is not a woman.
14497,1112334131.jpg#0r2n,1112334131.jpg,"A little boy is standing with ice cream, in front of his mom.",neutral,An woman looks at the camera while she is a few yards behind the boy with an ice cream cone.
11663,3262645599.jpg#0r1n,3262645599.jpg,THe men are fishermen.,entailment,Two fishermen are sorting the nets.
3222,3262645599.jpg#1r1c,3262645599.jpg,Three people are making pies.,contradiction,Two fishermen does not mean three people.
14602,3262645599.jpg#3r1n,3262645599.jpg,fishermen are getting ready for thie day,neutral,"These fishermen may be finishing up for thie day, rather than getting ready."
1258,3728015645.jpg#1r1e,3728015645.jpg,A skateboarder is in the park.,entailment,A city skate park is a park.
1261,3728015645.jpg#4r1c,3728015645.jpg,The man on skates is the President of the Unites States,contradiction,President of the United States never skates in midair
14342,3728015645.jpg#1r1n,3728015645.jpg,A skateboarder competes in a local contest.,neutral,we cant assure that A skateboarder competes in a local contest.
7744,137444466.jpg#3r5e,137444466.jpg,Multiple people gather together.,entailment,A large crowd is a form of multiple people together.
7749,137444466.jpg#0r1c,137444466.jpg,Nobody is in line.,contradiction,If there is a line of people it is not true that nobody is in line.
13746,137444466.jpg#2r1n,137444466.jpg,People are gathered for a mayors speech in a courtyard plaza,neutral,"Although there are many people gathered, it is unclear if they are there for a mayors speech."
6734,135444196.jpg#3r1e,135444196.jpg,A woman is walking in a street.,entailment,woman is with a young boy
8768,135444196.jpg#1r4c,135444196.jpg,A man is eating a cake.,contradiction,A woman cannot become a man.
12381,135444196.jpg#0r2n,135444196.jpg,An African American in a red top and white and brown skirt walks in front of a man in a blue shirt.,neutral,"The long maxi cotton skirts and wraparounds with the traditional prints, floral prints, multicoloured skirts are usually worn with blue, white or black plain tank tops"
6065,3041642723.jpg#3r1e,3041642723.jpg,A group of teenagers outside.,entailment,house is outside.
6063,3041642723.jpg#3r5c,3041642723.jpg,Teenagers are skateboarding.,contradiction,sit is contradictory to skateboarding
11975,3041642723.jpg#3r2n,3041642723.jpg,teenagers have a party,neutral,We cannot tell if these teenagers are having a party.
11355,2422482455.jpg#0r1n,2422482455.jpg,the man and dog were outside,entailment,the dog and the man are outside.
1993,2422482455.jpg#0r1c,2422482455.jpg,the woman took her cat to the vet,contradiction,A person who prepares to throw a stick is not taking her cat to the vet.
10303,2422482455.jpg#3r1n,2422482455.jpg,A person is playing catch with a dog.,neutral,There is a person playing with a dog and she is holding and object but you cannot determine whether she is playing catch with the dog.
5502,499165634.jpg#0r1e,499165634.jpg,A woman is eating.,entailment,In order to be eating lunch she is eating.
787,499165634.jpg#2r1c,499165634.jpg,A woman wearing contacts and a tank-top drinking a coke.,contradiction,"Glasses are not the same as contacts, a sweater is a different article of clothing than a tank top, and you cannot eat a coke, you drink it."
11050,499165634.jpg#2r1n,499165634.jpg,A woman in blue glasses and a white sweater is eating a salad.,neutral,A woman in blue glasses and a white sweater is eating something other than a salad.
8197,5896386113.jpg#0r1e,5896386113.jpg,A woman is hanging up clothes.,entailment,The clothes the woman is hangings in a neighborhood.
8195,5896386113.jpg#2r1c,5896386113.jpg,An older woman is putting clothes in a dryer.,contradiction,One cannot be putting clothes in a dryer and hanging clothing on a clothesline at the same time.
9806,5896386113.jpg#4r1n,5896386113.jpg,A tall woman hanging whites.,neutral,Whether or not the woman is tall is a matter of perspective-there is no actual evidence pointing to the woman being tall or being very short.
1039,423782935.jpg#0r1e,423782935.jpg,There are two men.,entailment,"There are two men, one on the bulldozer pouring in liquid and another standing and watching."
7813,423782935.jpg#2r1c,423782935.jpg,Both men are blind.,contradiction,"If both men are blind, a man cannot watch another man add liquid, and a blind man cannot add liquid to a compartment."
13025,423782935.jpg#2r1n,423782935.jpg,One of the men knows about mechanics.,neutral,We dont know if the one man on the forklift knows about mechanics
118,4838943023.jpg#3r1e,4838943023.jpg,The father has taken photos.,entailment,Father has taken pictures of his sons.
4415,4838943023.jpg#0r1c,4838943023.jpg,The man is lying in bed.,contradiction,He can't be both looking down at his camera and lying in bed.
13902,4838943023.jpg#3r1n,4838943023.jpg,The sons are not babies.,neutral,We cant assure that They are sons
2781,2113996953.jpg#4r1e,2113996953.jpg,A person is outside.,entailment,A woman is a person.
10282,2113996953.jpg#4r1n,2113996953.jpg,There are lots of apple and oranges.,contradiction,"There are not apples or oranges in the picture, rather the woman is sitting next to two baskets of bananas."
9851,2113996953.jpg#2r1n,2113996953.jpg,a lady is selling her bananas,neutral,A lady with some bananas
4108,3362592729.jpg#1r1e,3362592729.jpg,Two dancers have tossed battons.,entailment,with battons doesn't mean that the were tossed
13664,3362592729.jpg#1r1n,3362592729.jpg,Two dancers are wearing black outfits and pink shoes.,contradiction,The dancers are wearing black outfits but not pink shoes.
10652,3362592729.jpg#3r1n,3362592729.jpg,Two homeless women are looking up at the stars.,neutral,It is not known if homeless
8066,247189554.jpg#2r5e,247189554.jpg,A man sits towards the camera.,entailment,Towards the camera is the same as facing the camera.
13936,247189554.jpg#2r3n,247189554.jpg,Someone is holding a large black camera.,contradiction,The man is not holding a large black camera.
10295,247189554.jpg#3r1n,247189554.jpg,The man is meditating.,neutral,"The man is sitting in a typical meditating position, but it can't be known whether he is indeed meditating, or if he is just comfortable sitting that way"
642,3427233064.jpg#3r1e,3427233064.jpg,There is a horse and a girl.,entailment,"The girls is watching a horse therefore, there is a horse and a girl."
640,3427233064.jpg#2r1c,3427233064.jpg,A thief steals a horse through a gap in the fence.,contradiction,It's actually hard for a thief to steal while the girl is watching from the other side.
12588,3427233064.jpg#2r1n,3427233064.jpg,A little girl dreams of owning her own horse.,neutral,A young girl is standing on the gate looking at  the horses inside. No way of knowing whether she is dreaming of owning a horse.
1753,3334866049.jpg#2r1e,3334866049.jpg,A boy is walking.,entailment,"A young boy walks across tracks in the snow, while in the same instant couldn't just be aboy is walking."
1125,3334866049.jpg#3r1c,3334866049.jpg,A man is dancing,contradiction,The subject is either a man dancing or a child walking.
10761,3334866049.jpg#4r1n,3334866049.jpg,A child is playing in the snow.,neutral,"A child is in the snow, but we don't know if they are playing or just walking somewhere."
14227,5196783191.jpg#4r1n,5196783191.jpg,There is a show in a live theater for millions of people.,entailment,I believe there is enough information in the picture to confirm that a show is being performed in a theater in front of a large group of people.
3742,5196783191.jpg#4r1c,5196783191.jpg,A show is not being put on in the theater.,contradiction,"The show can either be being put on or not being put on, it cannot do both simultaneously."
14349,5196783191.jpg#1r1n,5196783191.jpg,The guy with blue hair is the lead singer.,neutral,There is a singer with blue hair and may not be lead singer.
5167,6043589490.jpg#2r1e,6043589490.jpg,Woman in the woods,entailment,The forest is a form of woods.
3436,6043589490.jpg#4r1c,6043589490.jpg,A man chopping wood.,contradiction,"If you're a women brushing your teeth, you cannot also be a man chopping wood at the same time."
12084,6043589490.jpg#0r1n,6043589490.jpg,Some lady is brushing her teeth and washing her pierced face.,neutral,The picture doesn't show her washing her pierced face.
9122,4540165999.jpg#0r1e,4540165999.jpg,Someone is carrying an umbrella on a walk.,entailment,A woman walking holding an umbrella is someone carrying an umbrella on a walk.
8479,4540165999.jpg#1r1c,4540165999.jpg,Women walk with bikinis on a sunny day.,contradiction,Fur coat is different to bikinis.
11591,4540165999.jpg#4r1n,4540165999.jpg,People are walking to the fair.,neutral,People are walking
8306,2471447879.jpg#4r1e,2471447879.jpg,The girl is climbing,entailment,climbing is another form of climbs
3799,2471447879.jpg#2r1c,2471447879.jpg,A little girl is standing by a climbing wall watching others climb,contradiction,A girl is either climbing up a wall or standing by it.
12563,2471447879.jpg#1r1n,2471447879.jpg,A girl is rock climbing for an event,neutral,"There is a girl inside rock climbing. She might be doing it for an event, or she might be doing it just for fun."
7533,3259229498.jpg#0r1e,3259229498.jpg,Someone is performing on stage.,entailment,A lecturer can be performing on a stage.
7532,3259229498.jpg#0r1c,3259229498.jpg,A band is performing on stage.,contradiction,A lone performer does not constitute a band
13481,3259229498.jpg#0r1n,3259229498.jpg,A large crowd has gathered just to hear this speaker.,neutral,there is not a large number of people in the audience
3638,4603099757.jpg#4r1e,4603099757.jpg,A women is squinting,entailment,The woman is wearing a yellow t-shirt.
3704,4603099757.jpg#1r1c,4603099757.jpg,A blond woman in a yellow clown car,contradiction,A yellow shirt is different from a yellow clown car.
10515,4603099757.jpg#0r1n,4603099757.jpg,The handbag has cosmetics inside.,neutral,The woman has an handbag but we cannot know if there is cosmetics inside.
5442,4937441878.jpg#0r4e,4937441878.jpg,A woman is in a car.,entailment,Woman in the car is hanging out the window.
14073,4937441878.jpg#0r2n,4937441878.jpg,A woman hanging out of a window trying to see what is in the tree ahead of her.,contradiction,"I can see a woman outside leaning on a car door window, but she is not hanging out of it."
12394,4937441878.jpg#1r1n,4937441878.jpg,A woman is entertaining a crowd of people,neutral,It's impossible to tell whether or not the woman in this picture is actually entertaining a crowd of people. She is simply pictured around a crowd of people.
5690,7472814756.jpg#3r1e,7472814756.jpg,Three sailboats are sailing through the water.,entailment,sailing through the water implies passing a bridge.
5691,7472814756.jpg#2r1c,7472814756.jpg,A sailing team is playing golf.,contradiction,"A group of people performing a water rescue cannot be playing golf, playing golf is done on land."
13643,7472814756.jpg#4r1n,7472814756.jpg,sailboats in a race in the summer,neutral,Sailboats can be in a race anytime other than summer.
14439,4631804601.jpg#4r1n,4631804601.jpg,An artisan mastering his craft.,entailment,An artisan is working with his tools to master his craft.
3261,4631804601.jpg#2r1c,4631804601.jpg,The male is lifting weights.,contradiction,One does not wear typically wear boots to lift weights.  One cannot be doing woodwork and lifting weights at the same time.
11073,4631804601.jpg#3r1n,4631804601.jpg,The man is an artist.,neutral,"I consider this to be neutral, because the man is clearly making something, but I can't tell if he is making something for practical usage or art. Plus if he is making a piece of art, does that necessarily make him an artist by trade? It might just be that this is a small hobby of his."
1566,3221036999.jpg#1r1e,3221036999.jpg,A PERSON IS RIDING A SKATEBOARD ON A RAMP.,entailment,A skateboarder would have to be riding a skateboard to do a trick on the skateboard ramp.
1569,3221036999.jpg#2r1c,3221036999.jpg,A man is performing tricks on a scooter.,contradiction,The man cannot be performing the skateboard jump if he is performing tricks on  the scooter.
9950,3221036999.jpg#2r1n,3221036999.jpg,A man is in a skateboard competition.,neutral,The man could be in a skateboarding competition but there does not show the competition.
8135,7353914844.jpg#2r1e,7353914844.jpg,The kayakers are outdoors.,entailment,"in order to be kayaking, they have to be outdoors"
2646,7353914844.jpg#0r1c,7353914844.jpg,Three people are fishing peacefully on a quiet corner of a lake.,contradiction,One cannot pause and be fishing at the same time. There is either a river or a lake.
12412,7353914844.jpg#3r1n,7353914844.jpg,Men are kayaking in rough water in the ocean.,neutral,"This picture does show men kayaking, but there is no way to know where they are."
2650,4857558207.jpg#0r1e,4857558207.jpg,Mother and child come face to face for the first time.,entailment,embracing implies face to face for the first time or welcome with open arms.
2651,4857558207.jpg#0r1c,4857558207.jpg,A grandmother holding her 2nd grandchild for the first time.,contradiction,They are either the mother or the grandmother of the child.
14620,4857558207.jpg#3r1n,4857558207.jpg,A woman is showing her newborn baby to her family.,neutral,Whether she is showing the baby to her family or to her friends or to anyone at all is unclear in this photo.
8823,2743465453.jpg#3r1e,2743465453.jpg,The waiter is in a restaurant.,entailment,"A waiter might be described as a man in an apron, and if he is standing by a table, he is likely in a restaurant."
8825,2743465453.jpg#2r1c,2743465453.jpg,The man is taking a much needed break.,contradiction,If he is preparing the table then he wouldn't be taking a break.
9794,2743465453.jpg#1r1n,2743465453.jpg,A woman preparing for a Christmas feast.,neutral,we cant assure a woman preparing for a Christmas feast.
7613,3745474894.jpg#3r1e,3745474894.jpg,The youths are outside.,entailment,A field of grass is outside.
8704,3745474894.jpg#0r1c,3745474894.jpg,The younger people are inside the house.,contradiction,a house and grass are not the same.
13585,3745474894.jpg#0r1n,3745474894.jpg,The younger people are having a picnic.,neutral,Younger people are present in the picture but there is no evidence of them having a picnic.
13439,3063544435.jpg#4r1n,3063544435.jpg,the people are outside,entailment,"This is a photo of people in a boat on the water, clearly outside."
2283,3063544435.jpg#1r1c,3063544435.jpg,A team of skydivers jump from the rescue plane.,contradiction,Rowers propelling their boat in the water could not be skydivers jumping from the rescue plane.
11404,3063544435.jpg#2r1n,3063544435.jpg,A group of friends are kayaking away from the city.,neutral,"This is a group of people who appear to be kayaking away from the city, but they may not be friends. They may be or they could just be teammates."
7923,4751250311.jpg#3r1e,4751250311.jpg,Dark skinned man moving,entailment,Black usually means dark skinned. Walking is a form of moving.
7924,4751250311.jpg#3r1c,4751250311.jpg,The man is lifiting,contradiction,walking and lifting are different actions
12635,4751250311.jpg#1r1n,4751250311.jpg,a smart man walks down the sreet,neutral,A man walking down the street does not give you any information on his intelligence.
3923,1157215900.jpg#0r2e,1157215900.jpg,A person enjoying fresh air and the aromas of bakery items.,entailment,"A woman is enjoying fresh air because the marketplace is outside, and must be close enough to smell the aroma of the bread."
3925,1157215900.jpg#0r4c,1157215900.jpg,The woman is eating a tomato.,contradiction,The woman in the marketplace is not eating.
10579,1157215900.jpg#0r4n,1157215900.jpg,The woman is selling bread.,neutral,"This may be a woman or it could be a man, it is unclear from this picture which is true.  Whether this person is selling bread or just hanging out is unclear."
4377,1015118661.jpg#1r5e,1015118661.jpg,A little boy watches a man stack stones to build a wall.,entailment,The boy is standing in the street as he watches a man.
4385,1015118661.jpg#2r1c,1015118661.jpg,A kid plays with toys in the living room.,contradiction,A boy cannot be walking in the street while he plays with toys in the living room.
9095,1015118661.jpg#0r3n,1015118661.jpg,A father stands proudly behind his son who is wearing a white shirt and jeans.,neutral,not every father is proud
3144,5988551357.jpg#0r1e,5988551357.jpg,A clown lies on a horse.,entailment,Circus shows that there is a clown.
9534,5988551357.jpg#2r1c,5988551357.jpg,The cowboy rode the bull to the buzzer.,contradiction,"If you are riding something, you have not fallen off"
6266,5988551357.jpg#4r1n,5988551357.jpg,The horse is brown.,neutral,Not all horses are brown.
11577,3019609769.jpg#0r1n,3019609769.jpg,Parents and their children are taking a walk.,entailment,The photo does show a family taking a walk.
12350,3019609769.jpg#1r1e,3019609769.jpg,A group ofwomen  are walking down a muddy road passing by some barb-wire.,contradiction,"Although passing by barb-wire, the group is not exclusively made up ofwomen. In addition, the road is not muddy."
9766,3019609769.jpg#2r1n,3019609769.jpg,A family has been evicted.,neutral,Just because the people are carrying bags doesn't mean they were evicted.
3674,516360813.jpg#0r1e,516360813.jpg,A man is showing children how to carve wood.,entailment,Kids are the same as children and if they are around him then he is showing them.
2943,516360813.jpg#1r1c,516360813.jpg,The people are dead,contradiction,The older man cannot be sitting by the young children and the people cannot be dead.
2939,516360813.jpg#2r1n,516360813.jpg,A man opening peanuts.,neutral,All nuts are not peanuts.
7419,2741990005.jpg#0r1e,2741990005.jpg,A high jumper is outdoors.,entailment,"Outdoors, under a blue sky and white clouds a high jumper is leaping over the pole."
7373,2741990005.jpg#3r1c,2741990005.jpg,the jumper was an amateur,contradiction,If the jumper was an amateur he couldn't have been an Olympic jumper .
13551,2741990005.jpg#4r1n,2741990005.jpg,A man jumps over a white high bar.,neutral,we cant assure that A man jumps over a white high bar.
13537,3774986130.jpg#0r1n,3774986130.jpg,Two girls are performing gymnastic moves.,entailment,There are two girls found doing gymnastic.
5594,3774986130.jpg#4r1c,3774986130.jpg,The women are drinking coffee together.,contradiction,The women are either spinning or drinking.
12335,3774986130.jpg#4r1n,3774986130.jpg,The women are competing in a hula hoops competition.,neutral,"The women are using hula hoops, but could be competing in a competition or just having fun."
9837,4842876705.jpg#2r1n,4842876705.jpg,A man is playing music.,entailment,He is playing the cello.
7487,4842876705.jpg#3r3c,4842876705.jpg,A woman playing piano at a concert.,contradiction,There is either a man or there is a woman.
10363,4842876705.jpg#3r2n,4842876705.jpg,A person in jeans is playing music for a crowd.,neutral,"A person is playing music, but it is unclear if he is playing for a crowd or no one is there."
10414,6188266707.jpg#1r1n,6188266707.jpg,A woman is wearing a volleyball uniform.,entailment,"She is playing the sport of volleyball, in addition."
7182,6188266707.jpg#3r1c,6188266707.jpg,A sports arena is empty.,contradiction,The team cannot be helped to victory if the arena is empty.
10372,6188266707.jpg#2r1n,6188266707.jpg,A volleyball player hits a ball in a pro match.,neutral,we cant assure that A volleyball player hits a ball in a pro match.
6484,2723929323.jpg#2r1e,2723929323.jpg,Photographers are having a conversation on the beach,entailment,People with cameras are photographers and talking means having a conversation.
1220,2723929323.jpg#1r1c,2723929323.jpg,Women are jogging in the park.,contradiction,Three women talking on beach and may or may not go jogging in the park.
13755,2723929323.jpg#2r1n,2723929323.jpg,Some photographers are taking photos of the ocean,neutral,Three photographers are talking and raking photos to the ocean
7658,3249597269.jpg#1r1e,3249597269.jpg,A squirrel leaps over the snow.,entailment,Snow can be in a mound.
334,3249597269.jpg#2r1c,3249597269.jpg,The squirrel is sunbathing.,contradiction,One cannot be sunbathing and jumping simultaneously.
9610,3249597269.jpg#4r1n,3249597269.jpg,A squirrel is looking for food in the snow.,neutral,A squirrel is flying over the snow but we don't know if its looking for food in in the snow
8180,2637510448.jpg#0r1e,2637510448.jpg,The girl is outside skiing.,entailment,Snow covered slope would be outside.
5941,2637510448.jpg#2r1c,2637510448.jpg,A man is dancing in the park.,contradiction,one who skis cant be dancing at the same time
10307,2637510448.jpg#3r1n,2637510448.jpg,The child was skiing down the snowy slopes in Switzerland,neutral,"From image provided, I can not tell whether or not she is in Switzerland."
891,2474776724.jpg#4r1e,2474776724.jpg,The people are at practice.,entailment,People and girls are people.
894,2474776724.jpg#1r1c,2474776724.jpg,Two boys catching frogs.,contradiction,Girl is different form boys.
13808,2474776724.jpg#2r1n,2474776724.jpg,Sad girls in red and white striped uniforms standing in a field.,neutral,It cannot be said that the girls are sad.
9333,8173029395.jpg#1r1e,8173029395.jpg,Some music is being performed on stage.,entailment,"If people are watching a performance, there is something being performed."
13097,8173029395.jpg#1r1n,8173029395.jpg,Some people are enjoying themselves at a musical.,contradiction,"Some people are standing around at an indoor venue, but it does not look like a musical. It looks like a concert."
13315,8173029395.jpg#2r1n,8173029395.jpg,As the band was about to begin the people became excited in anticipation.,neutral,There is a band but we don't know that the people are excited.
706,1196886054.jpg#1r5e,1196886054.jpg,Several people of a wedding party are walking outside along a sidewalk.,entailment,PARK S ARE OUTSIDE.
702,1196886054.jpg#1r2c,1196886054.jpg,The people are laying down.,contradiction,People wouldn't be laying down in a park they're walking in.
10913,1196886054.jpg#1r1n,1196886054.jpg,The bride is crying because she is happy.,neutral,we cant assure that The bride is crying because she is happy.
5549,3134644844.jpg#0r1e,3134644844.jpg,A man plays a song for a sick child.,entailment,A guitar playing is playing a song.    An ill little girl is a sick child.
8190,3134644844.jpg#2r1c,3134644844.jpg,Father and son having a fun dip in the pool.,contradiction,A man is not father and son.
14534,3134644844.jpg#3r1n,3134644844.jpg,A man is doing something nice for charity.,neutral,"A man is playing a guitar while looking at a young girl in a hospital bed. There is no way to know the connection between the man and the girl, and nothing in the picture to indicate that the man is connected with a charity."
7902,8038092309.jpg#1r1e,8038092309.jpg,Two baseball players are grabbing a ball on the field.,entailment,grassy refers to field.
7894,8038092309.jpg#4r1c,8038092309.jpg,The baseball players are watching from the dugout,contradiction,They cannot be watching from the dugout if they are chasing the ball.
10435,8038092309.jpg#1r1n,8038092309.jpg,The pitcher and the backup are picking up baseballs to practice throwing.,neutral,Though there are base ball players with balls it is not clear whether they practice throwing.
2242,553918837.jpg#0r1e,553918837.jpg,A little girl plays on the playground.,entailment,Going down the slide is the same as if someone plays
1922,553918837.jpg#2r1c,553918837.jpg,The girl is sleeping.,contradiction,One cannot be having fun on the slides while sleeping.
14695,553918837.jpg#0r1n,553918837.jpg,A little girl is being watched by her parents.,neutral,"Although a little girl is playing in the image, It is unknown if she is being watched by her parents"
2174,3085590738.jpg#0r1e,3085590738.jpg,A woman speaking at a podium.,entailment,"The women who speaks, continued speaking at the podium"
12244,3085590738.jpg#1r1n,3085590738.jpg,A woman in a blue suit is speaking at a podium at the University of Illinois at Springfield for a Holiday Stars Project.,contradiction,The woman is wearing a brown suit not a blue one
11932,3085590738.jpg#3r1n,3085590738.jpg,The woman is making a speach about agriculture.,neutral,"A woman is making a speech, but we have no way of knowing if it is about agriculture."
4607,3376741717.jpg#4r1e,3376741717.jpg,a person cleaning,entailment,A person cleaning is part of his description in front of a stage.
9176,3376741717.jpg#1r1c,3376741717.jpg,People are waiting for the rock band to start.,contradiction,Waiting to start means that there is no aftermath yet.
12688,3376741717.jpg#3r1n,3376741717.jpg,A man in a blue janitor uniform is cleaning the floor.,neutral,The picture shows a man in what looks like a janitor uniform cleaning the floor. The picture is too dark to tell if the uniform is blue or of any other color.
9074,3809063851.jpg#4r1e,3809063851.jpg,Live music is being played.,entailment,The band is playing so that means there must be live music.
10367,3809063851.jpg#0r1n,3809063851.jpg,The musicians are singing.,contradiction,"There are musicians are playing instruments, not singing."
12002,3809063851.jpg#4r1n,3809063851.jpg,A country band performs outside.,neutral,We dont know if they are a country band.
5858,517942470.jpg#0r1e,517942470.jpg,The dog is looking up,entailment,The small dog is looking up at the owner.
5861,517942470.jpg#3r1c,517942470.jpg,The dog sleeps under its owner's computer desk.,contradiction,The dog that distracts his owner from working at her computer cannot be the one that sleeps under its owner's computer desk.
13861,517942470.jpg#2r1n,517942470.jpg,A man playing with his dog.,neutral,There is a person playing with a dog but since you cannot see the persons face it is unknown if it is a man.
3007,2557922709.jpg#0r1e,2557922709.jpg,A girl looking at America.,entailment,A girl looking at American flags and a wooded area implies she is looking at America.
3008,2557922709.jpg#2r1c,2557922709.jpg,A girl is eating dinner with an alien.,contradiction,There can either be a girl with glasses next to flags or a girl eating dinner.
13710,2557922709.jpg#0r1n,2557922709.jpg,A girl at a picnic.,neutral,"The image is too small to tell if she is ""at a picnic"" or not. She is outside, however, so she may be."
366,4442382200.jpg#1r1e,4442382200.jpg,Some guy is in the city making a statement about politics.,entailment,Politics in the city make men talk.
367,4442382200.jpg#0r1c,4442382200.jpg,A man steals a wallet.,contradiction,A man can not steal a wallet and hold a cross simultaneously.
13922,4442382200.jpg#0r1n,4442382200.jpg,A priest preaches in the street.,neutral,"Priest preaches in street, don't know if he does or not, he is standing in the street, that is all I can see."
3773,2058124718.jpg#1r1e,2058124718.jpg,Two dogs are running together.,entailment,dogs running together is same as dogs are running together
9966,2058124718.jpg#2r1n,2058124718.jpg,Dogs are wearing completely identical collars.,contradiction,"two dogs are running with one wearing a pink collar and the other a red collar, but not identical collars"
13709,2058124718.jpg#1r1n,2058124718.jpg,Two dogs are playing together with their duck toy.,neutral,It is not apparent if both are playing.
1710,3880366728.jpg#2r1e,3880366728.jpg,Two people are dancing.,entailment,Man dancing with woman are two people.
1709,3880366728.jpg#3r1c,3880366728.jpg,An old couple sit on a bench,contradiction,One cannot perform at a dance competition while sitting on a bench.
12806,3880366728.jpg#3r1n,3880366728.jpg,A young couple of newlyweds dance during a competition,neutral,"From the image provided, I can not tell whether or not they are newlyweds or in a competition.,"
3855,1558753996.jpg#0r1e,1558753996.jpg,A man with a beard plays a guitar in the room,entailment,"White man is a man, gray beard means he is with a beard, acoustic guitar is a guitar and against white tiled background implies he is in the room."
713,1558753996.jpg#4r3c,1558753996.jpg,The man is playing the drums.,contradiction,One cannot be playing a guitar and playing the drums simultaneously.
10790,1558753996.jpg#4r2n,1558753996.jpg,A male has a beard because he does not like to shave.,neutral,This male has a beard. It may be he does not like to shave or it just may be he likes the beard.
7192,4400746838.jpg#1r1e,4400746838.jpg,The blonde girl has her hand over her eyes.,entailment,"The girl in the yellow dress is covering her eyes with her hand and so she has her hands over her eyes to cover them because that is how you cover your eyes, with your hand over them."
7193,4400746838.jpg#1r1c,4400746838.jpg,The blonde girl is wearing a blue dress.,contradiction,"A girl is a general statement while the girl is allot more specific, also yellow is a contradiction to blue."
13202,4400746838.jpg#0r1n,4400746838.jpg,The blonde girl is very shy.,neutral,"There is no way to be certain whether or not the girl is very shy, only slightly shy, or perhaps not shy at all but blinded by the sunlight."
13444,2853682342.jpg#2r1n,2853682342.jpg,A young male jumps down a hill.,entailment,the young guy clearly is jumping down the hill
10840,2853682342.jpg#3r1n,2853682342.jpg,A person is jumping on top of a hill with his kids.,contradiction,There are only a person jumping
14050,2853682342.jpg#4r1n,2853682342.jpg,The man is jumping fast.,neutral,The man is jumping we can see this obviously but we don't know at what type of speed he's jumping so we can't say fast.
7801,4967261262.jpg#2r1e,4967261262.jpg,three girls,entailment,"There are three girls, because two are raising another girl in the air."
4296,4967261262.jpg#0r1c,4967261262.jpg,Some gymnasts sit on the floor and do nothing.,contradiction,"Execute a team move means gymnasts do something, and not nothing."
6963,4967261262.jpg#4r1n,4967261262.jpg,The girls are performing on the mats.,neutral,Those perfecting gymnastics might not necessarily be performing on the mats.
2488,3396251819.jpg#4r1e,3396251819.jpg,The woman likes pink.,entailment,The woman is wearing pink sunglasses because she likes the color pink.
9514,3396251819.jpg#3r1c,3396251819.jpg,The man has blue sunglasses.,contradiction,Wearing red sunglasses as opposed to having blue sunglasses.
12495,3396251819.jpg#3r1n,3396251819.jpg,The man likes taking pictures.,neutral,It is not everybody that takes a picture that likes taking pictures.
6705,2378356400.jpg#2r1e,2378356400.jpg,The lady is talking photos.,entailment,A picture and photos are the same thing.
6704,2378356400.jpg#2r1c,2378356400.jpg,The lady is sleeping in the grass.,contradiction,If the lady is taking a picture we can conclude that she cannot also be sleeping.
13023,2378356400.jpg#0r1n,2378356400.jpg,The woman is taking a picture of her daughter,neutral,The girl might be her niece and not her daughter.
12229,16396205.jpg#1r4n,16396205.jpg,Three men are outside cooking.,entailment,"Three men are outsing, cooking on a barbecue"
8028,16396205.jpg#3r1c,16396205.jpg,Men are drinking tea at home.,contradiction,Men could be more than three men
10745,16396205.jpg#1r1n,16396205.jpg,Three guys cook sausages on the grill for the party.,neutral,we cant assure that Three guys cook sausages on the grill for the party.
1102,618771382.jpg#1r1e,618771382.jpg,Two females embrace in front of a flag.,entailment,girls are hugging just means females embrace
8939,618771382.jpg#2r1c,618771382.jpg,The girls are not touching.,contradiction,People can't be hugging while not touching.
13426,618771382.jpg#2r1n,618771382.jpg,The girls are Americans.,neutral,The girls are posing in front of the American flag but we cannot be sure they are americans.
6524,3449114979.jpg#3r1e,3449114979.jpg,The children are learning.,entailment,The children learning are holding slates in classroom.
6520,3449114979.jpg#1r1c,3449114979.jpg,Dogs are chasing a squirrel.,contradiction,Children are human and dogs as squirrels are animals.
6521,3449114979.jpg#0r1n,3449114979.jpg,6 kids have plastic bags on their desks for a craft.,neutral,They are making craft.
581,2518853257.jpg#1r1e,2518853257.jpg,there are two women sitting in green chairs and reading.,entailment,Looking at a book implies reading.
585,2518853257.jpg#3r1c,2518853257.jpg,Two people do jumping jacks near a bench.,contradiction,One does not sit while jumping.
13950,2518853257.jpg#0r1n,2518853257.jpg,Two people are enjoying a very interesting book.,neutral,"two people are together, maybe only one is reading a book, unable to tell."
2417,280840823.jpg#2r1e,280840823.jpg,three men are playing,entailment,Both playing a game (Monopoly) and pushing could both be forms of playing.
2428,280840823.jpg#1r3c,280840823.jpg,Three men are sitting on the couch.,contradiction,The group of men is described at young and then just as men. The group of men may be playing monopoly while in the couch.
13086,280840823.jpg#1r3n,280840823.jpg,Two men are arguing.,neutral,We cant assure Two men are arguing.
7832,268365231.jpg#3r1e,268365231.jpg,The couple are outside.,entailment,"A couple in black clothes is a couple, and one is most likely to be outside when walking towards a gate."
7831,268365231.jpg#3r1c,268365231.jpg,The couple are driving a car.,contradiction,Either the couple is walking or driving a car.
11867,268365231.jpg#0r1n,268365231.jpg,Two people are walking to a friend's house.,neutral,Two people are walking towards a gate to what could be a friend's house.
3002,3567604049.jpg#4r1e,3567604049.jpg,The man can jump.,entailment,That the man jumps in the pool shows that the man can jump.
3001,3567604049.jpg#3r1c,3567604049.jpg,The boy is running away from a pack of lions into a bubblebath.,contradiction,"The boy is either jumping into the large pool, or running away from a pack of lions."
12564,3567604049.jpg#2r1n,3567604049.jpg,The man jumped stomach first into the pool so he could make his friends laugh.,neutral,We cant assure that the man jumped stomach first into the pool so he could make his friends laugh.
9342,2222732183.jpg#2r1e,2222732183.jpg,a woman is reading,entailment,A woman is reading because a woman is reading to her son.
6286,2222732183.jpg#3r1c,2222732183.jpg,A mother sings to her son.,contradiction,It can either be sings or reads.
10593,2222732183.jpg#0r1n,2222732183.jpg,The woman and boy are mother and son,neutral,"From image provided, I can not tell whether or not they are mother and son."
3784,5009687058.jpg#1r1e,5009687058.jpg,Two opposing football players tackle each other.,entailment,Tackling implies tackling.
3785,5009687058.jpg#1r1c,5009687058.jpg,The football players are in the locker room.,contradiction,Tackling is different than in the locker room.
10723,5009687058.jpg#0r1n,5009687058.jpg,the group of players are preaping for a game,neutral,"There is a group of players depicted playing a game, but there is not enough evidence to conclude that they are preaping for it."
356,3669527584.jpg#0r2e,3669527584.jpg,"A woman is dressed in traditional, ethnic clothing.",entailment,"an Indian women with painted red fingers and a head piece can also be described as a women dressed in traditional, ethnic clothing."
8194,3669527584.jpg#1r1c,3669527584.jpg,The woman is getting ready for bed,contradiction,One cannot poses in ornate ceremonial posing when they're getting ready for bed.
13744,3669527584.jpg#0r4n,3669527584.jpg,An Indian lady is wearing a beautiful outfit.,neutral,we cant assure that  An Indian lady is wearing a beautiful outfit.
5142,3815318559.jpg#0r1e,3815318559.jpg,A person is in a car.,entailment,"If a person is riding in a car, they are in a car."
13684,3815318559.jpg#0r1n,3815318559.jpg,"A man wearing a top hat, driving a red Camaro and looking out the window.",contradiction,The man is not driving a Camaro.
12929,3815318559.jpg#1r1n,3815318559.jpg,A person wanted to cruise down the beach highway to distress himself.,neutral,The person might be cruising for some other purpose and not to distress himself.
7251,4152957260.jpg#1r1e,4152957260.jpg,An old woman is carrying plants.,entailment,An old woman could also be described as elderly; she is carrying plants.
7250,4152957260.jpg#1r1c,4152957260.jpg,A young woman is carrying plants.,contradiction,The woman can't be young and elderly at the same time.
12733,4152957260.jpg#2r1n,4152957260.jpg,The bridge is brand new.,neutral,It is difficult to tell from just a picture if the bridge is new.
6023,2265106886.jpg#4r1e,2265106886.jpg,A lady with veggies.,entailment,"If the lady gathers vegetables, she then has the veggies."
3947,2265106886.jpg#0r1c,2265106886.jpg,A woman sells puppies.,contradiction,If she is selling vegetables she is not selling puppies.
13301,2265106886.jpg#2r1n,2265106886.jpg,The woman is sitting outside.,neutral,we cant assure that The woman is sitting outside.
11986,2219805467.jpg#4r1n,2219805467.jpg,A dog is playing with a ball by the ocean.,entailment,There is clearly a dog playing with a ball in its mouth near the ocean.
5472,2219805467.jpg#3r1c,2219805467.jpg,A dog carries a bird in it's mouth.,contradiction,Dog cannot carries a bird and ball in it's mouth simultaneously.
13322,2219805467.jpg#1r1n,2219805467.jpg,A dog playing fetch with a yellow ball at the beach.,neutral,There is a dog playing fetch with a yellow ball but it is unclear whether he is at the beach or running through snow.
943,3529333786.jpg#1r1e,3529333786.jpg,A man is looking at a computer screen,entailment,Looking and viewing are the same thing
942,3529333786.jpg#2r1c,3529333786.jpg,The woman in the dress is working at her cubicle.,contradiction,There is no reference of a woman in the original description of man in the black shirt relaxing at a desk.
940,3529333786.jpg#3r1n,3529333786.jpg,A man sitting at his desk with empty Dr. Pepper cans.,neutral,Not all sodas are Dr. Pepper.
8785,4668948309.jpg#2r1e,4668948309.jpg,People looking down.,entailment,People means several people and they are all looking down.
8783,4668948309.jpg#3r1c,4668948309.jpg,The people are all wearing white clothes.,contradiction,White and black are different colors.
14067,4668948309.jpg#0r1n,4668948309.jpg,People at a party looking over a balcony.,neutral,"People are looking over a balcony, but there is not enough evidence to conclude that they are at a party."
2541,1444710198.jpg#3r1e,1444710198.jpg,The rocks will sink in the water.,entailment,the boys have rocks
2559,1444710198.jpg#0r4c,1444710198.jpg,Two boys build a fort by a lake.,contradiction,Throwing rocks and building a fort are different activities.
9700,1444710198.jpg#0r5n,1444710198.jpg,Two boys are picking up rocks.,neutral,"Yes, two boys appear to be picking up rocks, and throwing them as well."
5340,4586247564.jpg#2r1e,4586247564.jpg,The woman is outside.,entailment,Walking along pier implies being outside.
5336,4586247564.jpg#1r1c,4586247564.jpg,There is a person walking along a trail in the mountains.,contradiction,"Person is either at the ocean or mountains, on a trail or concrete path."
9782,4586247564.jpg#2r1n,4586247564.jpg,The woman is walking to meet a friend.,neutral,The woman is walking but it is unclear if she is meeting a friend.
3309,6472693569.jpg#1r1e,6472693569.jpg,A man is standing near the water.,entailment,A man leaning over a canoe at the end of the dock is standing near the water.
1932,6472693569.jpg#4r1c,6472693569.jpg,Two women are scuba diving,contradiction,"A couple guys implies two male figures, while two women are of the opposite gender Rowboats and scuba diving are two different activities"
14112,6472693569.jpg#2r1n,6472693569.jpg,A woman is staning near the lake,neutral,The woman in bending over near the water not staning near the lake. This looks like a man. That this is a lake is an assumption.
2005,3176499620.jpg#0r1e,3176499620.jpg,man does handstand,entailment,A man does a handstand in front of a wall while wearing a t-shirt.
2004,3176499620.jpg#0r1c,3176499620.jpg,girl cooks pasta,contradiction,A man is not a girl.
2001,3176499620.jpg#2r1n,3176499620.jpg,Skateboarder is trying to impress others.,neutral,TRYING TO IMPRESS OTHERS  We do not know that he cares about impressing people with his tricks or even whether or not there is anyone else present.
176,2800990525.jpg#1r1e,2800990525.jpg,Man taking a photo,entailment,"If he poses for a pictures, then it can be said that he is ""taking a photo."""
13079,2800990525.jpg#0r1n,2800990525.jpg,A man with dogs is waiting for a ride.,contradiction,there is a man in the picture but with no dogs
10797,2800990525.jpg#1r1n,2800990525.jpg,Man modeling his new sunglasses for magazine,neutral,The picture shows a man wearing sunglasses. It's unknown if his sunglasses are new or if this is a photo of the man modeling for a magazine.
5048,1387014885.jpg#3r5e,1387014885.jpg,Two people talk with each other on an outing.,entailment,A man and a woman are two people.
8509,1387014885.jpg#4r1c,1387014885.jpg,A man addresses the audience in September of 2009.,contradiction,A couple isn't a man.
11554,1387014885.jpg#0r2n,1387014885.jpg,The people in the picture are at an indie folk festival.,neutral,The people are at some type of gathering or festival but there is nothing to support the type of festival.
1334,3121219649.jpg#3r1e,3121219649.jpg,Three humans are standing outside.,entailment,"Men are humans, and they are in the forest so they are outside."
1379,3121219649.jpg#2r1c,3121219649.jpg,Three men are fishing at a lake,contradiction,"If men are looking at a tree in the woods, then they can't be busy fishing at a lake at the same exact moment."
9623,3121219649.jpg#0r1n,3121219649.jpg,The men are lost.,neutral,The men are in jangle but there is no evidence that they are lost.
5386,2537002791.jpg#1r1e,2537002791.jpg,A man is near electronic equipment.,entailment,Near and next to electronic equipment have the same meaning.
13501,2537002791.jpg#4r1n,2537002791.jpg,The Factory needs a little touch up.,contradiction,"This man is showing a computer system used to run the factory, not a messy factory."
10049,2537002791.jpg#0r1n,2537002791.jpg,The man is building a bridge with the large equipment,neutral,no bridge in image
3854,97162852.jpg#4r1e,97162852.jpg,Woman is working with material.,entailment,Working refers to sewing machine.
3860,97162852.jpg#3r3c,97162852.jpg,The women is trying her hand at graffiti art.,contradiction,There can be either a woman or some women. One can be either sewing or trying one's hand at graffiti art.
13913,97162852.jpg#3r4n,97162852.jpg,Woman makes clothes for her baby.,neutral,we cant assure that Woman makes clothes for her baby.
14016,519228867.jpg#2r1n,519228867.jpg,The girl is taking a bath.,entailment,Girl is in water so she can said to be taking bath.
8133,519228867.jpg#4r1c,519228867.jpg,A boy is in a pool.,contradiction,Tub and pool are different.
12095,519228867.jpg#0r1n,519228867.jpg,A young girl takes a bubble bath in her swimsuit.,neutral,We cant assure that A young girl takes a bubble bath in her swimsuit.
8554,6870585516.jpg#0r1e,6870585516.jpg,People are on the escalator,entailment,The people must be on the escalator in order to travel on it.
8555,6870585516.jpg#3r1c,6870585516.jpg,A group of people walking down the stairs.,contradiction,A group of people are on an escalator or walking down the stairs.
13722,6870585516.jpg#1r1n,6870585516.jpg,Men and women are going to work.,neutral,can't tell if people are going to work or not.
9731,2768972186.jpg#0r1n,2768972186.jpg,The older dog wanted to play with the younger white puppy.,entailment,The older dog is wanting to play with the puppy.
13820,2768972186.jpg#1r1n,2768972186.jpg,The same person owns both dogs.,contradiction,"There are two dogs in the picture, however there is no evidence that anyone owns either dog as a person is not present."
13706,2768972186.jpg#4r1n,2768972186.jpg,The dogs are just playing with each other.,neutral,Dogs are not just playing with each other because it looks like the big brown dog is biting on the white dog's tail.
9684,3422458549.jpg#2r1n,3422458549.jpg,a female is in orange clothes,entailment,A female tennis player dressed in orange clothing swings at the ball with her racquet.
6301,3422458549.jpg#0r1c,3422458549.jpg,A white lady wearing black is playing golf.,contradiction,The woman is either African American or white.
10617,3422458549.jpg#0r1n,3422458549.jpg,A black woman wearing orange is winning a tennis match.,neutral,There is no indication that she is winning.
108,4594224630.jpg#3r1e,4594224630.jpg,people play instruments,entailment,"Men are people, so people must be playing musical instruments."
902,4594224630.jpg#2r1c,4594224630.jpg,Men are playing instruments at the mall.,contradiction,baseball field is different from a mall.
13733,4594224630.jpg#2r1n,4594224630.jpg,Men are rehearsing for the concert at the baseball field.,neutral,"There are men playing instruments at a baseball field, but it cannot be determined that they are rehearsing for a concert."
9166,292198220.jpg#1r1e,292198220.jpg,A young female is looking at a doll.,entailment,A little girl is a young female.
9168,292198220.jpg#3r1c,292198220.jpg,a boy running,contradiction,"Boy refers to young male, girl refers to young female. Either the person is playing or they are running."
13568,292198220.jpg#4r1n,292198220.jpg,The girl is holding a Barbie doll.,neutral,"The girl holds a doll, but it is unclear whether it is Barbie or another brand."
7279,3090398639.jpg#4r1e,3090398639.jpg,A woman is riding a bike.,entailment,rides a bike means she is riding
10185,3090398639.jpg#2r1n,3090398639.jpg,they are men,contradiction,This could be a woman not men
9862,3090398639.jpg#0r1n,3090398639.jpg,A mountain biker rides along a trail in the woods and hopes not to lose the race.,neutral,A mountain biker rides in the woods but we don´t know if he hopes not to lose the race or another thing
2014,76466808.jpg#4r1e,76466808.jpg,their a plane in airport,entailment,A plane must be in a airport in order for a pilot to be standing next to the airplane.
2011,76466808.jpg#0r1c,76466808.jpg,The pilots are in the cockpit joking around with the stewardess.,contradiction,They can't be in front of the plane and in the cockpit at the same time.
11351,76466808.jpg#4r1n,76466808.jpg,pliot is going to take a selfie,neutral,we cant assure that  pliot is going to take a selfie
754,234374617.jpg#0r1e,234374617.jpg,A man talks on the phone.,entailment,A man using a cellphone must mean that he is on the phone.
753,234374617.jpg#0r1c,234374617.jpg,A man runs through the park.,contradiction,Somebody who squats cannot run at the same time.
14533,234374617.jpg#3r1n,234374617.jpg,A man calls someone from a festival.,neutral,We don't know if the man is from a festival or not.
5519,2255266906.jpg#1r1e,2255266906.jpg,The bird is is touching the tree.,entailment,bird sits in a dead tree means bird is is touching the tree
5522,2255266906.jpg#0r1c,2255266906.jpg,The cherry trees are in full bloom.,contradiction,The trees can't be in full bloom if they're leafless.
10419,2255266906.jpg#3r1n,2255266906.jpg,A dove is in a tree that is dying.,neutral,A dove seen in a tree sitting on a branch doesn't mean that the dove is dying.
865,5428390334.jpg#4r1e,5428390334.jpg,The man in the lab coat is looking at something.,entailment,looking through implies that he is looking at something on the other side of the microscope.
861,5428390334.jpg#0r1c,5428390334.jpg,The man is not a scientist.,contradiction,A LABORATORY COAT DOESN'T MEAN YOUR A SCIENTIST
11519,5428390334.jpg#3r1n,5428390334.jpg,A scientist comparing the two slides.,neutral,There is a scientist in the picture but he could be doing another analysis than just comparing two slides.
13408,1408958345.jpg#1r1n,1408958345.jpg,A happy girl is at the beach.,entailment,"Yes, A happy girl is at the beach."
5725,1408958345.jpg#0r5c,1408958345.jpg,A little boy is sitting on some sand,contradiction,A person cannot be running and sitting at once.
11654,1408958345.jpg#4r4n,1408958345.jpg,The female is chasing her friend.,neutral,It is not clear that the female is chasing her friend; she may be playing or chasing a crab or being chased by a friendly crab.
4963,312788070.jpg#1r1e,312788070.jpg,The players are outdoors.,entailment,"Players in both,"
7010,312788070.jpg#2r1c,312788070.jpg,The soccer game was canceled and all the players stayed home and vowed not to play soccer.,contradiction,A field is not home.
12442,312788070.jpg#0r1n,312788070.jpg,The soccer player was waiting to play a game.,neutral,we cant assure that The soccer player was waiting to play a game.
5225,6869365418.jpg#0r1e,6869365418.jpg,The children play at a park outside,entailment,The children are outside.
5230,6869365418.jpg#3r1c,6869365418.jpg,The children are riding bicycles.,contradiction,If the kids are playing with bubbles they are not riding bicycles.
5232,6869365418.jpg#3r1n,6869365418.jpg,the children are pretending they are underwater and blowing bubbles.,neutral,Not all kids are pretending they are underwater.
5622,2319389144.jpg#3r1e,2319389144.jpg,An overhead shot of two people on a street.,entailment,Ariel view means a view from above that is also known as an overhead shot.
5627,2319389144.jpg#1r1c,2319389144.jpg,The picture is taken on the national highway.,contradiction,A street is not the same as a highway.
12221,2319389144.jpg#1r1n,2319389144.jpg,The photograph is shot by a female.,neutral,This is a photograph but we have no evidence it was shot by a female
5295,3522989916.jpg#1r1e,3522989916.jpg,The gray and tan dog is outside.,entailment,THE DOG IS OUTSIDE IN A GRASSY FIELD.
8931,3522989916.jpg#2r1c,3522989916.jpg,The dogs are inside napping.,contradiction,The dog could not bark if it is napping.
8932,3522989916.jpg#2r1n,3522989916.jpg,The brown dog alerts at the strange gray dog.,neutral,A dog barks does not not always mean the dog alerts and the gray dog may or may not be strange.
5612,3274495419.jpg#1r1e,3274495419.jpg,Several people are watching a demonstration.,entailment,The people can stand since they are watching a demonstration.
5613,3274495419.jpg#1r1c,3274495419.jpg,The people are all sitting down.,contradiction,First one states they are standing so they can't be sitting down as well.
12048,3274495419.jpg#3r1n,3274495419.jpg,People working in a factory.,neutral,"Here are people fiddling with equipment in the dark, and all this is being recorded, it can be in a factory or not."
13648,4433634883.jpg#3r1n,4433634883.jpg,a man is standing,entailment,The image shows a man that is standing.
4390,4433634883.jpg#2r1c,4433634883.jpg,An image of rolling farmland.,contradiction,It can either be rolling farmland or city street.
9123,4433634883.jpg#4r1n,4433634883.jpg,It is the fall.,neutral,Just because there is a Suburban street in the fall does not mean it is the fall.
10650,299303069.jpg#0r1n,299303069.jpg,The child is playing alone.,entailment,The child is playing with toys alone.
9312,299303069.jpg#2r1c,299303069.jpg,A boy is playing with some crayons.,contradiction,There can be either a boy dumping a bag of Lego's or playing with some crayons.
10310,299303069.jpg#3r1n,299303069.jpg,The boy played with his Legos earlier.,neutral,The boy is playing with Legos but there is no way to tell whether he was doing so earlier than the photo was taken.
4197,118854260.jpg#1r1e,118854260.jpg,A woman is manicuring her nails.,entailment,women is doing manicure with help of scissors
4195,118854260.jpg#3r1c,118854260.jpg,A woman is ironing.,contradiction,Cutting and ironing are different.
12170,118854260.jpg#1r1n,118854260.jpg,A woman is getting ready for a date.,neutral,A date does not entail cutting with scissors.
4785,4974263771.jpg#4r4e,4974263771.jpg,Humans are seated.,entailment,Kids can be inferred to be humans.
4795,4974263771.jpg#2r1c,4974263771.jpg,A girl is in her kitchen.,contradiction,Some group sitting on a wall versus a girl in the kitchen.
10532,4974263771.jpg#4r2n,4974263771.jpg,A couple of kids sit on a ledge and talk about romance,neutral,A couple of kids sit on a ledge.
7917,492587970.jpg#1r1e,492587970.jpg,Two men are improving their hygiene while women watch,entailment,Shave their beards implies improving their hygiene.
7918,492587970.jpg#1r1c,492587970.jpg,Two men are in their cars in heavy traffic,contradiction,If men shave their beards they are not in heavy traffic.
12454,492587970.jpg#0r1n,492587970.jpg,The woman is waiting for the men to get ready.,neutral,The woman could be watching instead of waiting.
11359,4973611817.jpg#4r1n,4973611817.jpg,The man is by the car,entailment,"Yes,The man is by the car"
3890,4973611817.jpg#3r1c,4973611817.jpg,the bike rider on road,contradiction,"The bike rider was on the road.  A person does not park on the road, so the biker could not get a parking ticket for being on the road."
12678,4973611817.jpg#3r1n,4973611817.jpg,"On poor parking, He Writes a ticket.",neutral,"It seems like the officer is writing a ticket for poor parking, but it's not fully clear that that's the case."
3955,3310851569.jpg#0r1e,3310851569.jpg,People are backstage.,entailment,A band in backstage by warming up their routine.
3954,3310851569.jpg#3r1c,3310851569.jpg,A boy is playing tag with friends while in his front yard.,contradiction,The subjects cannot be in a band performing and playing tag simultaneously.
13519,3310851569.jpg#2r1n,3310851569.jpg,Musicians are playing rock music.,neutral,"From the image provided, I can not tell whether or not they are playing rock music or some other genre."
499,3771613841.jpg#1r1e,3771613841.jpg,A group of people look at a bridge.,entailment,Five people are a group.
10518,3771613841.jpg#1r1n,3771613841.jpg,Five people look towards a bridge to watch the fireworks.,contradiction,This is fake there are five people looking forward but there is no bridge to watch fireworks so it's not true.
13487,3771613841.jpg#4r1n,3771613841.jpg,younger men enjoy fishing,neutral,"The subjects in this photo do appear to be males, and they do appear to be fishing. However, there is no indication of their precise ages or level of pleasure they are getting out of fishing."
2779,4397606831.jpg#2r1e,4397606831.jpg,Two men are goofing around and climbing a light pole.,entailment,"If he is posing with his tongue out, that is goofing around."
13727,4397606831.jpg#1r1n,4397606831.jpg,A man is officiating a Nascar race.,contradiction,"Picture shows three people climbing a traffic pole with a brick building behind them suggesting a downtown area, not a race track. They appear to be revelers and none are dressed to be officiating a Nascar race."
14613,4397606831.jpg#2r1n,4397606831.jpg,Two men are chasing each other to the top of a light pole.,neutral,While there are two men on a light pole they might not be chasing each other
1169,1303727066.jpg#2r3e,1303727066.jpg,The man has a beard.,entailment,"""bearded man"" is another way of saying a ""man has a beard"""
2661,1303727066.jpg#1r1c,1303727066.jpg,A woman is naked.,contradiction,The person is either a man or a woman. The person cannot be naked and wearing a t-shirt simultaneously.
11839,1303727066.jpg#0r1n,1303727066.jpg,This hippie wants peace throughout the world.,neutral,"This is a neutral image because although we can relate peace with a hippie, it is unknown if they want peace throughout the world."
9450,2466420387.jpg#1r1e,2466420387.jpg,A lady in a swimsuit checking things out.,entailment,"By looking at something, she is checking things out."
9451,2466420387.jpg#1r1c,2466420387.jpg,A naked woman playing piano.,contradiction,A woman can not be naked and in a bikini at the same time.
13147,2466420387.jpg#2r1n,2466420387.jpg,the girls are sweaty,neutral,"The girls are wearing summer clothes, but that doesn't mean that they're sweaty"
5959,2705922624.jpg#4r1e,2705922624.jpg,A creepy man filming girls.,entailment,A man films a group of girls is a rewording of '' a creepy man filming girls.''
11690,2705922624.jpg#1r1n,2705922624.jpg,children are making goofy faces for a picture,contradiction,Explanation: The children pictured are smiling.
10971,2705922624.jpg#4r1n,2705922624.jpg,A man taking a video of girls outside for a movie.,neutral,we cant assure that A man taking a video of girls outside for a movie
6993,5131842202.jpg#0r1e,5131842202.jpg,A clown relaxing in a tent.,entailment,a clown relaxes can be stated as a clown relaxing
9945,5131842202.jpg#3r1n,5131842202.jpg,the clown is performing at a party,contradiction,This is a contradiction because the clown we see is obviously not performing at a party but is sitting down in front of a tent.
10242,5131842202.jpg#2r1n,5131842202.jpg,the clown is a killer,neutral,"From the image provided, I can not tell whether or not he is a killer."
11182,4565084634.jpg#3r1n,4565084634.jpg,people carrying things,entailment,"There are people, and they are in fact carrying things.  This picture is absolutely true."
747,4565084634.jpg#1r1c,4565084634.jpg,A homeless man sits outside a train station and asks people for money.,contradiction,Carrying groceries is different than asking people for money.
11104,4565084634.jpg#0r1n,4565084634.jpg,A man and his wife are walking home.,neutral,"The woman may not be his wife, just because they're beside one another. Nothing in the photo shows their route is toward home."
4955,7610186624.jpg#4r1e,7610186624.jpg,There is one woman in this picture and she is outside.,entailment,A young women watching a picture and eating a lunch outside.
9938,7610186624.jpg#4r1n,7610186624.jpg,The woman works as a secretary at a local office building down the street.,contradiction,Nothing in this photo implies that the woman is in an office setting or wearing professional wear.
11329,7610186624.jpg#1r1n,7610186624.jpg,A woman is sitting outside waiting for her friend.,neutral,We do not know if she is waiting for her friend or not.
6842,551315867.jpg#0r4e,551315867.jpg,There are two man standing together.,entailment,"Two men- one wearing a blue cap, two-toned blue shirt, and gray trousers, the other hatless and in dark-colored shorts- stand in a green  means there are two man standing together"
6838,551315867.jpg#0r1c,551315867.jpg,two trees have fallen on a boar,contradiction,A boar is not two men.
14216,551315867.jpg#0r1n,551315867.jpg,two public works men trim treeptops,neutral,they are men but they dont have to be trimming treetops
14366,2382950929.jpg#0r1n,2382950929.jpg,There was a lake near the rocks,entailment,There was in fact a lake near the rocks in this picture.
9480,2382950929.jpg#3r1c,2382950929.jpg,The sun is at its highest point of the day.,contradiction,Sunset cannot occur when the sun is at its highest point.
9481,2382950929.jpg#3r1n,2382950929.jpg,The faces of the people are visible,neutral,Just because the boy and woman are on top of large rocks does not mean the faces are visible.
1866,2860432302.jpg#0r1e,2860432302.jpg,The butcher is working with fish.,entailment,"A butcher cuts meat. We can assume that he is working with fish, if he is looking at a slab of fish meat."
1863,2860432302.jpg#2r1c,2860432302.jpg,A man stares at half of a piece of pasta.,contradiction,Fish and pasta are different.
13364,2860432302.jpg#3r1n,2860432302.jpg,A man just caught some trout.,neutral,the man might have not necessarily caught the trout but buy
2448,4287633714.jpg#2r5e,4287633714.jpg,A person in a jacket has his arms covered.,entailment,him wearing a jacket would imply his arms are covered
2450,4287633714.jpg#2r2c,4287633714.jpg,The man is walking ahead of the woman.,contradiction,"A person does not identify gender, whereas man and woman are clearly identified.  Also, the man cannot be walking ahead of the woman at the same time as holding another person's hand."
14191,4287633714.jpg#2r5n,4287633714.jpg,A person is holding hands with his wife.,neutral,"A person is holding hands with another person, but it cannot be ascertained that the person is his wife."
2899,4005756399.jpg#0r1e,4005756399.jpg,The person in the photo has more than one thing for sale at his stand or cart.,entailment,"The person (vendor) has many items for sale from his cart or stand, such as balloons, guns, and umbrellas."
9025,4005756399.jpg#3r1c,4005756399.jpg,A man eating dinner,contradiction,The man that sells on a busy street cannot be the same one eating dinner.
11683,4005756399.jpg#0r5n,4005756399.jpg,a poor man sells kids toys,neutral,"He is selling toys, but there is not a way to tell if he is ""poor"" or not."
9288,4803926618.jpg#0r1e,4803926618.jpg,The drummer is performing.,entailment,The drummer is part of the overall description of a dark-haired drummer and he playing his set means performing.
2256,4803926618.jpg#2r1c,4803926618.jpg,2 guys are playing the guitar.,contradiction,A guy cannot be 2 guys.
14514,4803926618.jpg#0r1n,4803926618.jpg,The drummer is playing his set for an audience at an event.,neutral,"The drummer does seem to be playing his set. However, there is no evidence of an audience or an event."
8079,116409198.jpg#2r1e,116409198.jpg,A young man is sitting on snow,entailment,Sitting on snow in mountain area is a form of sitting on snow.
4558,116409198.jpg#4r1c,116409198.jpg,A woman in a field,contradiction,either it is a man or a woman
12504,116409198.jpg#2r1n,116409198.jpg,The young man is enjoying the scene.,neutral,the young man could be enjoying the scene
1221,227689211.jpg#3r1e,227689211.jpg,A policeman is looking at a man.,entailment,Is looking at is the same action as looks at.
10259,227689211.jpg#2r1n,227689211.jpg,A policeman is directing traffic.,contradiction,The policeman in the picture seems to be at a parade. He might be directing human traffic or he might be there for security.
11406,227689211.jpg#3r1n,227689211.jpg,A policeman suspect the sailor is the murderer.,neutral,There is a policeman it is unclear if he suspect the sailor as the murderer.
3314,2997939824.jpg#3r1e,2997939824.jpg,Soldiers wash objects.,entailment,pans are objects
3315,2997939824.jpg#3r1c,2997939824.jpg,Soldiers wash puppies in tubs.,contradiction,Puppies are not pans.
10994,2997939824.jpg#3r1n,2997939824.jpg,Soldiers wash pans after a meal.,neutral,We cant assure the soldiers wash pans after a meal.
6909,2741051940.jpg#1r1e,2741051940.jpg,A dog is playing,entailment,a puppy dog is still a dog
6908,2741051940.jpg#1r1c,2741051940.jpg,The dog has a full tail,contradiction,A cutoff tail is not a full tail.
6907,2741051940.jpg#1r1n,2741051940.jpg,The dog is a pit bull,neutral,The breed is not clearly a pit bull
4225,45334151.jpg#0r1e,45334151.jpg,The woman is entertaining herself with a book,entailment,The woman is entertaining herself with a book because she is reading a book.
4226,45334151.jpg#0r1c,45334151.jpg,The woman is watching tv,contradiction,Reading and watching are two different activiities. Novel and tv are two different things.
11188,45334151.jpg#1r1n,45334151.jpg,A woman is reading a book waiting for her load of whites to finish.,neutral,"The woman is reading a book while waiting for her laundry, but hard to tell if they are whites or colors."
9275,7772052674.jpg#0r1e,7772052674.jpg,A women in black drinks.,entailment,It is implied that multiple women are in the bar since one woman drinks from a glass.
2517,7772052674.jpg#2r1c,7772052674.jpg,Two men and a woman are eating dinner at the bar.,contradiction,when two men and a woman are sitting at a table inside a bar having drinks would not simultaneously have two men and a woman eating at the bar.
10222,7772052674.jpg#4r1n,7772052674.jpg,Young men drinking at the bar while the girls dance.,neutral,Though there are men drinking no girls found to dance.
4061,2527628435.jpg#1r1e,2527628435.jpg,A man sits and holds onto an item.,entailment,A piece of shoe is an item. Someone who is holding something holds onto it.
7789,2527628435.jpg#2r1c,2527628435.jpg,The man is rowing a boat.,contradiction,Sorting and rowing are different.
9933,2527628435.jpg#1r1n,2527628435.jpg,A man prepares to fix his broken shoe.,neutral,The man does work with shoes but it is unclear whether he is working on a new pair of shoes or if he is fixing a shoe.
13325,221596640.jpg#3r1n,221596640.jpg,A hippie plays his music.,entailment,A man who appears to be a hippie is shown as he plays music.
11757,221596640.jpg#2r1n,221596640.jpg,A long grey haired hippy plays a song on his guitar.,contradiction,There is a long haired man playing a guitar but he does not have grey hair and it is unclear whether or not he is a hippy.
2055,221596640.jpg#4r1n,221596640.jpg,A long-haired man plays a guitar outdoors.,neutral,Playing guitar can be anywhere. It doesn't necessary mean that he had to play outdoors.
2458,4368362518.jpg#0r1e,4368362518.jpg,A man is playing an instrument.,entailment,A guitar  is an instrument.
2459,4368362518.jpg#0r1c,4368362518.jpg,A man is playing on the beach.,contradiction,One cannot be playing a guitar and playing on the beach simultaneously.
12894,4368362518.jpg#3r1n,4368362518.jpg,A man teaches a congregation the new worship song he wrote.,neutral,"There is no evidence that the man is teaching them the song, or that the song is new."
5316,2501548593.jpg#4r1e,2501548593.jpg,Ladies playing a sport.,entailment,Ladies is another word to describe woman and volleyball is a sport.
5314,2501548593.jpg#1r1c,2501548593.jpg,Two men are playing basketball.,contradiction,volleyball and basketball are very different
12972,2501548593.jpg#2r1n,2501548593.jpg,Two women are playing in a volleyball tournament.,neutral,The women are playing volleyball but is it hard to tell whether it is for a tournament or not.
6167,2905200744.jpg#2r1e,2905200744.jpg,People are in a vehicle.,entailment,Two people are people in general.
6168,2905200744.jpg#2r1c,2905200744.jpg,Octopi juggle.,contradiction,Octopi and people are different species.
13307,2905200744.jpg#3r1n,2905200744.jpg,The vehicle is large.,neutral,Cannot confirm vehicles large size without scale. Its all contextual.
2167,4844409798.jpg#0r1e,4844409798.jpg,A child is walking with an adult.,entailment,Boy is a type of child.
6947,4844409798.jpg#4r1c,4844409798.jpg,The young boy is running away from the person in a red shirt.,contradiction,A boy would not be walking next to someone and be running away from a person simultaneously.
12566,4844409798.jpg#0r2n,4844409798.jpg,A boy with his older brother are waking to school.,neutral,"There is a boy, but it is not clear if the other person is his older brother or not; it is unclear whether they are waking to school or to somewhere else."
3074,4716376540.jpg#0r1e,4716376540.jpg,They performed a wheelie.,entailment,somebody performing a wheelie means they performed a wheelie
3078,4716376540.jpg#2r1c,4716376540.jpg,A motor cycle rider pumping gas.,contradiction,Riding a wheelie is different than pumping gas.
10567,4716376540.jpg#3r1n,4716376540.jpg,A woman on a motorcycle tries popping a wheelie for the first time.,neutral,A woman is on a motorcycle popping a wheelie but no evidence it's the first time.
9004,4751932433.jpg#0r1e,4751932433.jpg,5 people are near some sheep.,entailment,"Two men, a woman, a woman, and a man are 5 people."
14294,4751932433.jpg#1r1n,4751932433.jpg,Five black men stand next to lambs.,contradiction,"While there are five people next to lambs, one of them appears to be a woman, not a man, and all of them are white, not black."
10375,4751932433.jpg#2r1n,4751932433.jpg,Five scientists are studying five cloned sheep.,neutral,We cant assure that five scientists are studying five cloned sheep.
10035,4631840705.jpg#4r1n,4631840705.jpg,There are some guys climbing a mountain.,entailment,There are several men climbing a cliff face.
6779,4631840705.jpg#4r1c,4631840705.jpg,The guys are running on the road.,contradiction,"If the men are rock climbing, they are not running."
11871,4631840705.jpg#3r1n,4631840705.jpg,Men wear shorts under their rock climbing harness.,neutral,the men are wearing rock climbing harness but you cant tell if they have shorts under.
9374,4555935886.jpg#4r1e,4555935886.jpg,A lady does her laundry.,entailment,"Hanging out her laundry implies does her laundry, and lady is woman."
4202,4555935886.jpg#1r1c,4555935886.jpg,a woman having dinner,contradiction,"One can either be having dinner or hanging the laundry, not both at the same time."
10897,4555935886.jpg#4r1n,4555935886.jpg,A woman hangs her wash out to save money.,neutral,"It is possible that the woman hanging her wash out to dry, has a malfunctioning clothes dryer and not trying to save money."
441,369047365.jpg#0r1e,369047365.jpg,the man is taking a picture of a guy with his dogs,entailment,"A man is a guy, and the two dogs could be his dogs."
12809,369047365.jpg#0r1n,369047365.jpg,the man owns two beautiful husky dogs,contradiction,Two men appear to be taking pictures of two dogs that may not be theirs.
12750,369047365.jpg#2r1n,369047365.jpg,A brother and sister on a hike.,neutral,We cant assure that  A brother and sister on a hike.
5390,821599220.jpg#2r1e,821599220.jpg,a couple are hiking,entailment,a couple is 2 people and can be a man and a woman
4814,821599220.jpg#0r1c,821599220.jpg,The are diving in caves.,contradiction,They cannot simultaneously be on top of a cliff and in caves
13323,821599220.jpg#4r1n,821599220.jpg,The husband and wife are taking a second honeymoon to England.,neutral,"Two people, one boy one girl, hike a mountain side. It cannot be confirmed if they are siblings, a couple or on a honeymoon in England."
3030,1378557186.jpg#3r1e,1378557186.jpg,a man is pictured with his dog,entailment,A dog with the man implies it is his dog.
10019,1378557186.jpg#3r5n,1378557186.jpg,The man is outside hunting.,contradiction,"The man is outside, but it is unclear if he is hunting."
11806,1378557186.jpg#2r1n,1378557186.jpg,The man is hunting for ducks with his dog.,neutral,"While the man does appear to be hunting with his dog, it is unclear if they are hunting for ducks."
6902,6381062375.jpg#0r1e,6381062375.jpg,A woman is wearing goggles swimming.,entailment,woman doing the backstroke in a swimming pool shows that the woman is swimming
6903,6381062375.jpg#0r1c,6381062375.jpg,A woman is resting at home.,contradiction,wearing and resting are different actions
9750,6381062375.jpg#1r1n,6381062375.jpg,a female swimmer is training the backstroke for the olympics,neutral,"a female swimmer  is doing the backstroke , she may be training for the Olympics , she may not ."
3404,2391509645.jpg#3r1e,2391509645.jpg,The person and the cow are outdoors.,entailment,Laying on the ground implies the man and cow are outdoors
9543,2391509645.jpg#1r1c,2391509645.jpg,The man is at home with his kids.,contradiction,"The man wouldn't have sand in his home. Also, he is either next to a cow or with his kids."
14063,2391509645.jpg#1r1n,2391509645.jpg,The man is at a farm.,neutral,It is impossible to tell if the man is at a farm.
5854,4803984649.jpg#0r1e,4803984649.jpg,The black man is posing in front of the camera.,entailment,Showing his hands to the camera is a form of posing in front of a camera.
5852,4803984649.jpg#1r1c,4803984649.jpg,He is under the car.,contradiction,A man standing in front of a car cannot be under the car same time.
13876,4803984649.jpg#1r1n,4803984649.jpg,He was almost run over.,neutral,I can not see if I run over
5931,2441313372.jpg#2r1e,2441313372.jpg,A young boy with an injured arm.,entailment,The boy injured his arm and has a cast.
5934,2441313372.jpg#3r1c,2441313372.jpg,A boy plays patty cake outside of his home.,contradiction,The boy cannot simultaneously be sleeping in a hospital bed and play patty cake.
12993,2441313372.jpg#4r1n,2441313372.jpg,the boy fell recently.,neutral,seems  the boy fell recently.
7928,1160441615.jpg#0r1e,1160441615.jpg,Woman pass the covered bridge in the forest,entailment,The forest has wood and trees.
7927,1160441615.jpg#1r1c,1160441615.jpg,Nobody is walking.,contradiction,Nobody cannot be three girls.
9728,1160441615.jpg#1r1n,1160441615.jpg,Tall humans walking,neutral,May or may not be tall.
9259,3667788497.jpg#3r1e,3667788497.jpg,A young boy and an airplane.,entailment,For the young boy to touch the propeller of a vintage aircraft both young boy and an airplane should be available.
1061,3667788497.jpg#1r1c,3667788497.jpg,The boy is touching a train.,contradiction,The propeller of an antique airplane cannot be a train simultaneously as they are very different objects.
12179,3667788497.jpg#1r1n,3667788497.jpg,The airplane is an old military plane.,neutral,We do not have enough information to know if this is a military airplane.
4579,1406296515.jpg#0r1e,1406296515.jpg,People sit outside the leaning tower of Piza being photographed.,entailment,"Many people are sitting outside, and if someone is facing a camera, they are likely being photographed."
4588,1406296515.jpg#2r2c,1406296515.jpg,The girl is standing near the Leaning Tower OF Pisa In Sweden.,contradiction,italy and sweden are not the same
4580,1406296515.jpg#3r1n,1406296515.jpg,A woman is dressed up,neutral,Women can lay in grass without being dressed up.
205,777288299.jpg#2r1e,777288299.jpg,The woman is blonde.,entailment,A blonde is a blond woman.
206,777288299.jpg#2r1c,777288299.jpg,The woman is hitting a football with her tennis racket.,contradiction,A football is not used in a tennis match.
12855,777288299.jpg#2r1n,777288299.jpg,The woman is a professional tennis player.,neutral,The woman is playing tennis but I don't know if she is professional.
8984,7162685234.jpg#0r1e,7162685234.jpg,The children are standing on the sand.,entailment,Two children playing on the sand signifies that they are standing on it.
464,7162685234.jpg#2r1c,7162685234.jpg,The brothers sleep in the sand.,contradiction,Playing in the sand is different from sleeping in the sand.
12309,7162685234.jpg#0r1n,7162685234.jpg,The ocean has tidal waves coming in.,neutral,There isn't a way to know if these are tidal waves or not
4775,3678098428.jpg#0r1e,3678098428.jpg,A man smiles at the camera while another plays behind him.,entailment,A man could be wearing a black tank top and a red plaid hat.
13247,3678098428.jpg#0r1n,3678098428.jpg,A man smiles at the camera while his partner plays with a child's toy.,contradiction,This man smiles not at the camera but downward.
13321,3678098428.jpg#3r1n,3678098428.jpg,A man getting ready to play golf.,neutral,"There is a man wearing a hat that could be construed as a golf hat, standing in front of tents with flags, but it is not apparent what he is doing there other that smiling as he looks down."
2079,4632869465.jpg#1r1e,4632869465.jpg,A light-haired graduate gets a bouquet from her family after the ceremony.,entailment,"Blond is a type of light hair. if it was her graduation, then she is a graduate."
2080,4632869465.jpg#1r1c,4632869465.jpg,A black-haired woman of 60 sits in a pub drinking a Guinness.,contradiction,You cannot be a blond and a black-haired person.
10912,4632869465.jpg#0r1n,4632869465.jpg,A girl smiles after graduating college.,neutral,yes there a girl smile but There is no proof of graduation day
6102,3549614763.jpg#0r5e,3549614763.jpg,Two people sitting outside.,entailment,Women are people and outdoor restaurant means they must be outside.
6113,3549614763.jpg#4r1e,3549614763.jpg,Females and a male in a restaurant.,contradiction,Females and male are different than women.
12455,3549614763.jpg#4r1n,3549614763.jpg,Two females trying to decide what they want while a waiter is getting impatient.,neutral,"have two females, but dont now is impatient"
1916,2852982055.jpg#3r1e,2852982055.jpg,they are near a fountain,entailment,"""They"" is used as a generalization or pronoun for multiple children and an adult."
1915,2852982055.jpg#2r1c,2852982055.jpg,A woman and kids are riding ostriches.,contradiction,First they are playing in outdoor fountain then changed to riding ostriches.
12474,2852982055.jpg#4r1n,2852982055.jpg,Kids playing in fountain at the public park.,neutral,I can see the kids playing in the fountain. I am unsure if they are at a park.
5993,4736841029.jpg#3r1e,4736841029.jpg,a girl is young,entailment,The girl is a child.
8044,4736841029.jpg#0r1c,4736841029.jpg,An adult with short hair is looking through a glass window.,contradiction,Either the subject is a child with long hair or an adult with short hair. Either the subject is looking through a window or a telescope.
11582,4736841029.jpg#0r1n,4736841029.jpg,A child is enjoying his vacation by looking through a telescope.,neutral,We don't know if the child is enjoying his vacation or not
3808,4514987995.jpg#2r1e,4514987995.jpg,Three people are in a classroom.,entailment,two women and a man total three people.
3807,4514987995.jpg#2r1c,4514987995.jpg,One person alone sweeps the floor of a submarine.,contradiction,Two women is more than one person.
10708,4514987995.jpg#3r1n,4514987995.jpg,Three friends are working on an art project,neutral,"There is no way to know if these people are actually friends, the man looks a lot older than the woman in green, and I can't see what type of project they are working on."
1617,2641049916.jpg#1r1e,2641049916.jpg,The young boy was very patriotic,entailment,"Red, white and blue and the American flag are patriotic symbols."
14440,2641049916.jpg#0r1n,2641049916.jpg,The t-shirt is moldy.,contradiction,The t-shirt is not moldy because the boy is where it.
1616,2641049916.jpg#1r1n,2641049916.jpg,The patriotic boy went overboard with his red white and blue face,neutral,"Just because the boy has face paint, does not mean he is patriotic. When he leaned over does not imply that he went overboard."
815,1235099089.jpg#0r5e,1235099089.jpg,A young girl in summer clothes is running outside near some safety markers.,entailment,shorts and a tank top are summer clothes. orange cones and tape is usually safety markers.
816,1235099089.jpg#0r4c,1235099089.jpg,A young girl plays inside with her dolls,contradiction,The young girl cannot be running on the grass while playing inside.
9914,1235099089.jpg#0r5n,1235099089.jpg,A young girl in summer clothes is running in a field near a construction site.,neutral,it cannot be clearly said that she is running near a construction site.
3609,6828750292.jpg#4r1e,6828750292.jpg,Some kids are wearing safety gear.,entailment,Pads are safety gear
6746,6828750292.jpg#1r1c,6828750292.jpg,Three girls are playing lacrosse on the field.,contradiction,The girls and males cannot play lacrosse at the same time.
12797,6828750292.jpg#0r1n,6828750292.jpg,The masked men are playing for the tiebreaker point in the rugby match.,neutral,not playing rugby match
1001,3403263046.jpg#4r1e,3403263046.jpg,Two basketball players are competing for the ball.,entailment,Competing for and looking up are not the same thing.
1002,3403263046.jpg#4r1c,3403263046.jpg,The basketball player is eyeing her teammate.,contradiction,"If the player looks upwards, they wouldn't see a teammate."
14116,3403263046.jpg#4r1n,3403263046.jpg,The player is looking at the basket.,neutral,The player is looking upwards but there is no basket present.
1243,7235990180.jpg#3r1e,7235990180.jpg,People watch kids being entertained.,entailment,little girl and boy refers to kids.
10455,7235990180.jpg#4r1n,7235990180.jpg,Two children in baseball uniforms are playing with sticks at an event.,contradiction,Two children are playing with sticks at an event but are not dressed in baseball uniforms.
12192,7235990180.jpg#0r1n,7235990180.jpg,two siblings in a crowd with a stick,neutral,"The two children may or may not be siblings, but they are in a crowd and holding a stick."
7358,3163281186.jpg#3r1e,3163281186.jpg,A woman is on top of the wall,entailment,woman stands on a wall means woman is on top of the wall
7356,3163281186.jpg#4r1c,3163281186.jpg,The scene is in a kitchen.,contradiction,The action of someone petting a man's elephant cannot be carried out in a kitchen.
12249,3163281186.jpg#2r1n,3163281186.jpg,A women pats an elephant she is about to ride.,neutral,"All though the woman pats the elephant, that doesn't necessarily mean she is about to ride the elephant."
6202,2654943319.jpg#0r1e,2654943319.jpg,A person is trying to do tricks inside an area.,entailment,Skateboard tricks can be done inside.
6201,2654943319.jpg#3r1c,2654943319.jpg,A kid rollerskates down the sidewalk.,contradiction,Skateboards and rollerskates are not the same thing.
14477,2654943319.jpg#4r1n,2654943319.jpg,A person competing,neutral,"A person playing a skating board,  he is playing, is it a competing or not?"
13821,129662899.jpg#1r5n,129662899.jpg,The man is working.,entailment,The man is on work uniform so he is working.
5351,129662899.jpg#0r4c,129662899.jpg,A guy is knitting a sweater inside his house.,contradiction,One sits when knitting not stands.
12313,129662899.jpg#3r1n,129662899.jpg,A man is getting ready to hang lights.,neutral,"The man is working with rop but there is no way of telling what he is going to hang, Whether it be lights or something else."
8797,7645680482.jpg#3r1e,7645680482.jpg,Some cyclists are outside.,entailment,Streets are outside.
8799,7645680482.jpg#4r1c,7645680482.jpg,Bicyclists are rolling around in the mud.,contradiction,Bicyclists rolling in the mud are not near competing for gold.
11726,7645680482.jpg#1r1n,7645680482.jpg,The cyclists are in a race and have numbers pinned to their backs.,neutral,It is impossible to know if the numbers are pinned to their backs.
3370,3194034449.jpg#3r1e,3194034449.jpg,The men are sitting down.,entailment,Resting on the steps is sitting  down on the steps.
2772,3194034449.jpg#4r1c,3194034449.jpg,the men are naked,contradiction,person dressed cannot be naked
13802,3194034449.jpg#4r1n,3194034449.jpg,the men are thieves,neutral,The men are dressed as Romans. Nothing suggests they are thieves
3256,3522495606.jpg#3r1e,3522495606.jpg,The people are sitting down.,entailment,People sit at tables to look out the window.
3254,3522495606.jpg#2r1c,3522495606.jpg,A room full of ducks with elderly people sitting and standing around them.,contradiction,The room is either full of tables or ducks.
11652,3522495606.jpg#1r1n,3522495606.jpg,A group of people are waiting on their catered lunch.,neutral,"The people seem to be waiting for waiters to provide their meals, but whether it's a catered lunch is not particularly clear from the image."
3089,7711598144.jpg#4r1e,7711598144.jpg,There are two people in this picture.,entailment,Athletes are people
3831,7711598144.jpg#2r1c,7711598144.jpg,The woman is performing ballet.,contradiction,Martial arts is a different hobby from ballet.
10611,7711598144.jpg#2r1n,7711598144.jpg,The woman is competing against a man.,neutral,I can not tell if it's another woman or a man.
10246,54242432.jpg#0r1n,54242432.jpg,A man is in jeans.,entailment,there is a man in this picture who is wearing jeans
7804,54242432.jpg#1r1c,54242432.jpg,A man is sitting in the car.,contradiction,"The man cannot either be holding onto a light pole, or sitting in the car."
11614,54242432.jpg#3r1n,54242432.jpg,The light pole is high.,neutral,We do not have enough visual information to determine if the pole is high or low and in what it might be high in comparison to.
7463,4819772045.jpg#1r5e,4819772045.jpg,two ladies and a child are pictured,entailment,Women are ladies.
7461,4819772045.jpg#1r2c,4819772045.jpg,Two women are standing while a child is hiding under a car.,contradiction,One does not sit while standing.  One does not get attention while also hiding.
14194,4819772045.jpg#0r1n,4819772045.jpg,The boy is the son of one of the women.,neutral,"The boy could be the son of one of the shown women, but there is no clear indication for that."
11020,6186146093.jpg#4r1n,6186146093.jpg,The people repair a bike tire that has gone flat.,entailment,The people are repairing a bike tire.
1363,6186146093.jpg#2r1c,6186146093.jpg,the birds are eating worms,contradiction,A bird cannot be a man or woman because a bird is not a human being.
14453,6186146093.jpg#1r1n,6186146093.jpg,A man and a woman are working on replacing a bike tire tube in order to sell the bike.,neutral,The Man and woman are working on the bike tire tube but is doesn't show a shop or a for sale sign indicating they are not trying to sell the bike.
3532,2536995789.jpg#0r1e,2536995789.jpg,A man in a hard hat and orange vest stands near a major indoor construction project.,entailment,a man has to wear orange vest and hard-hat for this construction project
3534,2536995789.jpg#3r1c,2536995789.jpg,The workers are watching Tv,contradiction,There is generally not a tv in a stairwell.
12247,2536995789.jpg#4r1n,2536995789.jpg,People are fixing a staircase.,neutral,There are people fixing something but it doest look like the staircase.
3497,5489602545.jpg#3r1e,5489602545.jpg,Someone is sweeping,entailment,A shopkeeper is someone.
14201,5489602545.jpg#0r1n,5489602545.jpg,A man is cleaning the sidewalk after a flood.,contradiction,"The man is cleaning the sidewalk, but there is no water in sight so it could not be after a flood."
12436,5489602545.jpg#1r1n,5489602545.jpg,the man works in the building and is cleaning up the area,neutral,The man may work in the building and is cleaning up
3100,5614715384.jpg#2r1e,5614715384.jpg,The woman is not indoors.,entailment,The stairs are outside of a building so if a woman is on the stairs then she is not indoors.
3098,5614715384.jpg#0r1c,5614715384.jpg,The woman is in the shower.,contradiction,Wearing a tan dress isn't appropriate in the shower.
14038,5614715384.jpg#2r1n,5614715384.jpg,The woman is waiting to enter the building for her wedding.,neutral,There is a woman in this picture.  We do not know if she is waiting to enter the building or if she is coming out of the building.  We also do not know if she is having a wedding or not.
5741,3635194562.jpg#0r1e,3635194562.jpg,The child is painting,entailment,A description of the child was shortened.
7130,3635194562.jpg#4r1c,3635194562.jpg,The small child is playing with action figures.,contradiction,A child either fingerpaints or plays action figures at a given time.
9833,3635194562.jpg#1r1n,3635194562.jpg,The little girl has on white pants.,neutral,This is a neutral comment because we can't see the whole outfit that the little girl has on to determine she has on white pants.
885,7746984692.jpg#4r1e,7746984692.jpg,A hiker is walking.,entailment,"A person walking on a path, is walking."
4641,7746984692.jpg#2r1c,7746984692.jpg,the person is naked,contradiction,The person cannot be naked if they have on a red jacket.
14623,7746984692.jpg#4r1n,7746984692.jpg,A hiker is walking to a camp-site.,neutral,A hiker is walking on a trail.
2408,6386880789.jpg#0r1e,6386880789.jpg,The swimmer is wearing goggles,entailment,goggles is a close fitting eye glass. swimmer with goggles implies swimmer is wearing goggles.
2407,6386880789.jpg#0r1c,6386880789.jpg,The swimmer is sleeping.,contradiction,The swimmer fixing her swimmers head cap cannot be the same person sleeping.
14709,6386880789.jpg#2r1n,6386880789.jpg,The female swimmer's goggles and headcap are somewhat damp.,neutral,"The swimmer being in swimming gear at a pool would easily lead to the inference that the goggles and headcap might be damp. However, it is not known if she had entered the pool or gotten prepared for a race. There is no evidence in the picture, but the inference that she had already prepped them is plausible."
13123,407815946.jpg#3r1n,407815946.jpg,A man picks corn.,entailment,A man is in a field holding ears of corn. The man probably picks the corn and then carries it like he is in the picture.
2571,407815946.jpg#3r1c,407815946.jpg,A man sits indoors.,contradiction,Man who carries  corn outdoors and sits indoors
12892,407815946.jpg#1r1n,407815946.jpg,Harley-Davidson is his favorite brand.,neutral,"The man does have a harley-davidson brand hat, but not necessarily his favorite."
6598,7738368186.jpg#2r1e,7738368186.jpg,A woman wearing a hat.,entailment,A women is wearing a hat and holding 5 bottles of Heineken beer
9356,7738368186.jpg#1r1c,7738368186.jpg,The person is naked and drunk running with a flag across a field while a soccer match is going on.,contradiction,"The person is either naked or wearing sunglasses, a visor, and a British flag."
11756,7738368186.jpg#2r1n,7738368186.jpg,A woman buying beer.,neutral,A woman is holding six beer bottles in hand.
5304,2409312675.jpg#0r2e,2409312675.jpg,The vehicle is getting dirty.,entailment,Mud makes cars dirty.
3839,2409312675.jpg#3r1c,2409312675.jpg,An ATV is driving down the road.,contradiction,if atv attemps to get out of a ditch then it cannot be driving at the same time down the road
11045,2409312675.jpg#3r1n,2409312675.jpg,An ATV crashed.,neutral,we cant assure that An ATV crashed
8546,4690278994.jpg#3r4e,4690278994.jpg,A man is wearing clothes.,entailment,You are wearing clothes if you are in a white shirt
8532,4690278994.jpg#4r1c,4690278994.jpg,Man jogging on a rainy day.,contradiction,"If its a sunny day then it is not raining. If it is raining, then it is not a sunny day."
14650,4690278994.jpg#3r2n,4690278994.jpg,A man participating in a foot race.,neutral,"Even though the man is visibly running, I can't say for sure he's participating in a foot race, beause there's no bib or something else to prove that, and also he runs alone, with no other participants appearing."
3654,2373932560.jpg#0r1e,2373932560.jpg,A man is exiting a vehicle.,entailment,man steps out from a vehicle
3657,2373932560.jpg#2r1c,2373932560.jpg,The car is red.,contradiction,There can either be an orange car or a red car.
10459,2373932560.jpg#3r1n,2373932560.jpg,The man has parked his car.,neutral,Unclear who exactly parked the car.
1020,462383841.jpg#1r1e,462383841.jpg,martial arts demonstration,entailment,A woman can not do a martial arts demonstration floating on a raft.
6272,462383841.jpg#0r1c,462383841.jpg,A young man wearing a bikini and a baseball cap is taking a sunbath floating on the beach,contradiction,Woman cannot be man.
11494,462383841.jpg#3r1n,462383841.jpg,One sad lady enjoying her flotation device on a clear water beach.,neutral,We don't see the lady's face. There is no way of telling if she is sad or feeling any other emotion.
635,4686568156.jpg#4r1e,4686568156.jpg,Two people are going out.,entailment,GOING OUT IS A DATE.
629,4686568156.jpg#2r1c,4686568156.jpg,They are eating strawberries on the farm,contradiction,"If they kiss on the street, they cannot be eating on the farm simultaneously."
9709,4686568156.jpg#4r1n,4686568156.jpg,Two people are on their first date.,neutral,These people appear to be close but I cannot tell if this is their first date.
283,536495604.jpg#1r1e,536495604.jpg,A woman is holding a baby.,entailment,A woman wearing black is walking pass the sidewalk is holding a baby.
284,536495604.jpg#1r1c,536495604.jpg,A man is holding a baby.,contradiction,A woman is not a man.
10427,536495604.jpg#4r1n,536495604.jpg,The woman likes holding the baby.,neutral,We do not know whether she likes holding the baby or not
1046,2176874361.jpg#4r1e,2176874361.jpg,An animal is moving.,entailment,the dog is running is same as an animal is moving
1041,2176874361.jpg#1r1c,2176874361.jpg,The dog is larger than the bull.,contradiction,The dog cannot be larger than the large bull.
12434,2176874361.jpg#3r1n,2176874361.jpg,The dog is chasing the cow.,neutral,"From image provided, I can not tell whether or not the dog is chasing the cow or the cow is chasing the dog."
4533,2641098920.jpg#4r1e,2641098920.jpg,The woman is eating inside.,entailment,"An ""Asian woman"" is still a woman. A couch is typically located inside rather than outside."
4536,2641098920.jpg#0r2c,2641098920.jpg,A man and woman sit together on the couch.,contradiction,The subjects change from a woman and a female to a man and a woman.
10738,2641098920.jpg#2r1n,2641098920.jpg,Two women sit together on a sofa watching tv as one of them eats a snack.,neutral,"Two women are sitting together on a sofa, but it is not clear what they are doing."
9174,463978865.jpg#1r1e,463978865.jpg,A human sitting,entailment,A man was  near a colorful building and he saw his friend walking on the other side of the building.
9170,463978865.jpg#3r1c,463978865.jpg,The man is bald.,contradiction,Dreadlocks are different than being bald.
13383,463978865.jpg#4r1n,463978865.jpg,A man passing by a homeless guy o the street.,neutral,The man passing a guy that does not look homeless.
3271,2125626631.jpg#3r1e,2125626631.jpg,there is a small dog,entailment,there is a small dog refers to a small dog.
618,2125626631.jpg#0r1c,2125626631.jpg,a cat plays with its owner,contradiction,A dog is not a cat.
10463,2125626631.jpg#2r1n,2125626631.jpg,A jumping dog caught a Frisbee then fell down.,neutral,"The dog is indeed jumping and caught a frisbee. Since he is in the air, we cannot say that he has fell as this action has not happened yet."
181,3353400143.jpg#2r1e,3353400143.jpg,The driver is in a vehicle with two wheels.,entailment,Answer: Two wheels tell that the vehicle is a bike.
186,3353400143.jpg#4r1c,3353400143.jpg,A motorcyclist wearing blue.,contradiction,YELLOW AND BLUE ARE DIFFERENT COLORS
13088,3353400143.jpg#3r1n,3353400143.jpg,A yellow motorcycle is speeding.,neutral,We see a yellow motorcycle but we don't know if it's speeding
4650,33497646.jpg#3r1e,33497646.jpg,A man is on the beach.,entailment,No matter what the man is wearing he is on the beach.
555,33497646.jpg#1r1c,33497646.jpg,A karate battle in the woods,contradiction,The man performed yoga not karate. He was on the beach not in the woods.
9029,33497646.jpg#4r1n,33497646.jpg,A man showing off his body by the beach.,neutral,Just because a man is posing it does not mean the man is showing off his body.
9298,4825458628.jpg#1r1e,4825458628.jpg,A guy is in the laundromat,entailment,"If a guy is getting things together in a laundromat, he is in the laundromat."
5296,4825458628.jpg#0r1c,4825458628.jpg,A man is riding a motorcycle.,contradiction,One cannot ride a motorcycle in a laundromat.
10962,4825458628.jpg#2r1n,4825458628.jpg,A guy is getting ready to wash his clothes.,neutral,"It cannot be clearly said if he is going  to wash his clothes, he may be just standing."
4751,4145119743.jpg#1r1e,4145119743.jpg,A cashier counting change.,entailment,black goodies sweatshirt cashier counting change.
8547,4145119743.jpg#0r1c,4145119743.jpg,The people are outside playing volleyball.,contradiction,One can not be outside playing and at a store checkout simultaneously.
11528,4145119743.jpg#0r1n,4145119743.jpg,The store is full.,neutral,I can't tell if the store is full.
1794,4903293024.jpg#2r1e,4903293024.jpg,Entertainers put on a show for the people.,entailment,Strippers implies entertaining people.
1792,4903293024.jpg#1r1c,4903293024.jpg,They are eating lobsters.,contradiction,it would be hard to be pole dancing while eating lobsters
11798,4903293024.jpg#1r1n,4903293024.jpg,They are strippers.,neutral,There is no way to know whether they are strippers or not.
999,2229177914.jpg#4r1e,2229177914.jpg,The dog is yellow,entailment,yellow dog means dog is yellow
1000,2229177914.jpg#4r1c,2229177914.jpg,The dog is sleeping.,contradiction,jumping over and sleeping are not the same
12026,2229177914.jpg#0r1n,2229177914.jpg,the light brown dog is scared,neutral,There is no evidence to support that the dog is scared.
523,141841337.jpg#0r3e,141841337.jpg,A flexible man is stretching his leg.,entailment,"In order to put foot on top of his head, the man needs to stretch his leg."
508,141841337.jpg#3r1c,141841337.jpg,The women is stretching her leg over her head.,contradiction,Bending is not the same as stretching. The man subject changed to a woman.
9942,141841337.jpg#1r5n,141841337.jpg,The boy is laughing at his stupid friend.,neutral,"In the photo, the youth appears to be laughing at the predicament he is in, rather than at his friend being stupid."
2500,2363540508.jpg#0r1e,2363540508.jpg,A girl going through a tunnel.,entailment,"If she is sliding down a tunnel, she is going through a tunnel."
2504,2363540508.jpg#3r1c,2363540508.jpg,The slide is blue,contradiction,The slide is either blue or red.
12953,2363540508.jpg#3r1n,2363540508.jpg,The girl is excited,neutral,She's sliding down the slide. She could be excited.
270,3302986588.jpg#4r1e,3302986588.jpg,A child is holding something.,entailment,"Young boy is child, and umbrella a is something."
12405,3302986588.jpg#1r1n,3302986588.jpg,Some chinese boys are standing out front of a chinese restaurant.,contradiction,"There is only one boy, not boys, standing out from of the restaurant."
14144,3302986588.jpg#3r1n,3302986588.jpg,The boy was given this umbrella by their parents.,neutral,Neutral. The fact is the boy in this image has an umbrella. We don't know if it was given to him by his parents.
5116,7117115809.jpg#0r1e,7117115809.jpg,Someone is wearing a cap.,entailment,A woman could be described as someone. A white cap could simply be described as a cap.
5120,7117115809.jpg#4r1c,7117115809.jpg,A woman paints birds.,contradiction,one woman paints mountains while the other is painting birds
11338,7117115809.jpg#2r1n,7117115809.jpg,A woman who is painting the Grand Canyon is a great artist.,neutral,The woman is painting the Grand Canyon. There is no evidence that she is a great painter.
2816,2584487952.jpg#2r1e,2584487952.jpg,A brown dog jumps in the air.,entailment,the dog is brown and is jumping in the air
2819,2584487952.jpg#3r1c,2584487952.jpg,A black dog is laying in the sun.,contradiction,A brown dog jumping contradicts a Black dog laying in the sun.
14335,2584487952.jpg#3r1n,2584487952.jpg,A dog is chasing a rabbit through the grass.,neutral,"A dog is jumping through the grass, its not clear if it is chasing a rabbit."
12612,4558580445.jpg#2r1n,4558580445.jpg,THE grass was green,entailment,"Yes, The grass was green"
8057,4558580445.jpg#4r1c,4558580445.jpg,There is one horse standing alone.,contradiction,Horses is plural whereas a horse is singular.
2736,4558580445.jpg#0r1n,4558580445.jpg,The man peered out from under the hood of his car as the impressive line of saddled horses walked down the street beside him.,neutral,"Although there is a car with it's hood up, it does not imply that there is a man."
672,534570169.jpg#2r2e,534570169.jpg,A man is near several instruments.,entailment,A saxophone and a grand piano are instruments.
668,534570169.jpg#3r1c,534570169.jpg,The man is holding a drum stick.,contradiction,A drum stick is not a saxophone.
14322,534570169.jpg#4r1n,534570169.jpg,The man is  auditioning for a well paying job.,neutral,We have no idea if this is for a job that is well paying.
1638,4851524954.jpg#4r1e,4851524954.jpg,There are two people in this picture.,entailment,mother and daughter are two people.
408,4851524954.jpg#0r1c,4851524954.jpg,Two women don't sit at an outdoor cafe,contradiction,Don't sit is different than sit.
12969,4851524954.jpg#2r1n,4851524954.jpg,A woman is lost in thought as she waits for food to arrive.,neutral,A woman who seems to be lost in thought or could just be staring at something is just sitting. There is no proof that food will arrive.They may just be having beverages.
12963,1066831905.jpg#4r1n,1066831905.jpg,An old man bends to pick something up.,entailment,There is an old man bending down to pick something up
5827,1066831905.jpg#1r1c,1066831905.jpg,An elderly man is looking at a shoe,contradiction,A bush is not a shoe.
10022,1066831905.jpg#1r1n,1066831905.jpg,An elderly man is looking at a bush to see if his wallet is in there.,neutral,An elderly man is looking at a bush but you cannot say if he is looking for his wallet or doing something else.
13696,4971580248.jpg#1r1n,4971580248.jpg,Someone taking a photo of a woman dressed in black in the park.,entailment,I see a woman who is dressed in black. Someone is taking a photo of her and there are park benches in the background and greenery near her.
3135,4971580248.jpg#0r4c,4971580248.jpg,the people are making sandwiches,contradiction,A woman cannot be standing on the street and at the same time be making sandwiches.
3129,4971580248.jpg#2r1n,4971580248.jpg,Woman holding pair of glasses in blind.,neutral,Just because a woman is holding a pair of glasses does not necessarily mean the woman in blind.
1021,1295719054.jpg#0r1e,1295719054.jpg,The child in the cape was running away from the children.,entailment,Being chased caused running away from.
6281,1295719054.jpg#2r4c,1295719054.jpg,Four boys sitting at a bus stop.,contradiction,running and sitting are different activities
14733,1295719054.jpg#0r1n,1295719054.jpg,"A large boy in a black cape threatened a group of children, and they all began to angrily chase after him.",neutral,I cannot tell if these boys have threatened him or that they are angrily chasing him while playing.
2660,345852737.jpg#4r1e,345852737.jpg,a woman returns from shopping,entailment,woman exits Trader Joes with a cartful of bags means she is returns from shopping.
7191,345852737.jpg#3r1c,345852737.jpg,A woman is walking in a park.,contradiction,Supermarket parking lot is not located in the park.
12283,345852737.jpg#4r1n,345852737.jpg,a lady buys some cloths for evening,neutral,women may have bought cloths for evening or morning or not at all.
4957,4523218758.jpg#4r1e,4523218758.jpg,Women are walking out doors.,entailment,City sidewalk implies out doors.
4962,4523218758.jpg#2r1c,4523218758.jpg,A group of women lead a riot.,contradiction,Ones can be either walking or leading a riot.
12941,4523218758.jpg#1r1n,4523218758.jpg,The walking women are friends.,neutral,"The picture shows three women walking, but it is not certain that they are friends."
6,2735558076.jpg#3r1e,2735558076.jpg,there is a group of people waiting outside,entailment,others implies a group.
2961,2735558076.jpg#4r1c,2735558076.jpg,The boy is old.,contradiction,A BOY CANNOT BE OLD.
14712,2735558076.jpg#2r1n,2735558076.jpg,people of a village wearing matching heeled shoes,neutral,I can see the people in the front row have similar shoes on.
8391,2910885196.jpg#3r1e,2910885196.jpg,A man is holding a knife in front of some cake,entailment,It follows that a person about to cut a cake would be standing in front of a cake holding a knife.
8401,2910885196.jpg#4r3c,2910885196.jpg,A man is holding a fork in front of an elephant.,contradiction,The man cannot have a knife and cake while holding a fork near an elephant.
14129,2910885196.jpg#0r1n,2910885196.jpg,There are two men and a woman standing in front of a chocolate cake holding a knife and gesturing towards the woman,neutral,"There are two men and a woman standing in front of the cake, one is holding a knife and one is gesturing, but it's not clear that the cake is chocolate."
2048,4817804359.jpg#1r5e,4817804359.jpg,The two people are carrying backpacks with them.,entailment,People carrying backpacks have backpacks with them.
2051,4817804359.jpg#1r2c,4817804359.jpg,Three people are standing alone looking through binoculars.,contradiction,Either there can be two or three people.
13869,4817804359.jpg#1r3n,4817804359.jpg,Two people on a vacation are taking pictures.,neutral,There are people standing and taking pictures but you cannot tell whether they are on vacation or not.
4756,4016499639.jpg#0r1e,4016499639.jpg,a disabled veteran sells food.,entailment,Hotdogs and pretzels are referred to food
5559,4016499639.jpg#3r1c,4016499639.jpg,A man and his son are at the food stand.,contradiction,Either a man and woman are at the stand or a man and his son are.
11308,4016499639.jpg#4r1c,4016499639.jpg,People quickly get their orders at a street vendor stand.,neutral,"While there are two people standing in front of a street vendor stand, it is unclear whether they are quickly getting orders."
6096,4441980889.jpg#4r1e,4441980889.jpg,A woman has groceries.,entailment,Groceries on the table shows has groceries.
6095,4441980889.jpg#1r1c,4441980889.jpg,The lady is playing basketball.,contradiction,Being by a table is not playing.
14601,4441980889.jpg#1r1n,4441980889.jpg,The lady just got done grocery shopping.,neutral,A women just to got done grocery shopping
3660,4712636240.jpg#0r1e,4712636240.jpg,A man looks at his surroundings.,entailment,Peers through binoculars means looks at his surroundings
3663,4712636240.jpg#2r1c,4712636240.jpg,The man is playing chess.,contradiction,one man is looking through binoculars while the other man is playing chess
12791,4712636240.jpg#1r1n,4712636240.jpg,A man looking for a bird with binoculars.,neutral,"The man could be looking at anything through his binoculars, so we cannot conclude he is looking for a bird."
3018,4743795506.jpg#0r1e,4743795506.jpg,Two men are behind a podium.,entailment,a man stands at a podium while another man stand behind him.simply means two men are behind a podium
3015,4743795506.jpg#2r1c,4743795506.jpg,A cat hanging from a ledge.,contradiction,A man is not a cat; a man is a human and a cat is a feline.
10886,4743795506.jpg#4r1n,4743795506.jpg,The man is giving a speech from the podium.,neutral,We cant assure that  The man is giving a speech from the podium.
5020,2763601657.jpg#3r1e,2763601657.jpg,The people are outside.,entailment,walk up a sidewalk away from the water implies they are outside.
5016,2763601657.jpg#1r1c,2763601657.jpg,Two people are walking in a pasture.,contradiction,There is not likely to be water in a pasture.
10119,2763601657.jpg#1r1n,2763601657.jpg,The couple is taking a romantic walk.,neutral,The couple are walking but I cannot see that it is romantic.
6516,4365035558.jpg#1r1e,4365035558.jpg,A woman on the beach.,entailment,Both woman are on the beach doing something.
13105,4365035558.jpg#0r1n,4365035558.jpg,The mother has four children.,contradiction,In the picture mother does not have four children.
11633,4365035558.jpg#3r1n,4365035558.jpg,A mother is carrying her child.,neutral,"A woman is carrying a baby. While it seems obvious that this is a family, it cannot be assumed that this woman is holding her child and not someone else's."
8530,289639811.jpg#4r1e,289639811.jpg,People are playing a soccer game.,entailment,There is both a soccer game happening in the scene.
8531,289639811.jpg#4r1c,289639811.jpg,People are watching a field hockey match.,contradiction,A soccer game is different than a hockey match.
9925,289639811.jpg#1r1n,289639811.jpg,A tall person about to kick.,neutral,"Althoughit does seem possible that someone is about to kick the ball, there can not be any data collected to assume that a tall person is about to kick it."
2802,3329207492.jpg#4r1e,3329207492.jpg,Kids play with toys.,entailment,Water guns are a type of toy that kids can play with.
2804,3329207492.jpg#0r1c,3329207492.jpg,The street cleaner goes down the empty street.,contradiction,if there is a group of people the street can't be empty
12708,3329207492.jpg#0r1n,3329207492.jpg,The truck is selling ice cream.,neutral,In the picture a truck and some children are shown. Ice cream is not clear in the picture. The truck is may be selling ice cream or not.
8632,23473996.jpg#1r1e,23473996.jpg,Men wearing vets,entailment,The five men are wearing orange vests.
5823,23473996.jpg#2r1c,23473996.jpg,The men are inside the store.,contradiction,road block and store are different places
10981,23473996.jpg#0r1n,23473996.jpg,The sad workers are wearing reflective jackets for working at night.,neutral,There is no evidence that they are sad.
9793,4920617810.jpg#4r1n,4920617810.jpg,A women photographing something outdoors,entailment,Label: entailmentExplanation: You can clearly see a woman taking a photo of something whilst outdoors.
5364,4920617810.jpg#1r1c,4920617810.jpg,she is eating lunch,contradiction,One can not be eating lunch and take a photo simultaneously.
14264,4920617810.jpg#3r1n,4920617810.jpg,The lady is at a concert.,neutral,The lady is using her camera in a crowd.
8500,4486484038.jpg#1r1e,4486484038.jpg,A woman is crossing the street.,entailment,A blonde woman is crossing the street with a golden purse.
2822,4486484038.jpg#0r1c,4486484038.jpg,A woman browsing store displays.,contradiction,Browsing and runs are different.
14292,4486484038.jpg#2r1n,4486484038.jpg,A woman missed her bus and is running across the street,neutral,We cannot tell that the woman missed her bus
10193,6160193920.jpg#3r1n,6160193920.jpg,A lady wearing a cover.,entailment,A lady is wearing a scarf to cover her hair.
9417,6160193920.jpg#4r1c,6160193920.jpg,The woman has been shot.,contradiction,There can be either a woman with a very big grin or a woman who has been shot.
9868,6160193920.jpg#2r1n,6160193920.jpg,A woman laughs at a joke.,neutral,The woman seems to be laughing but we do not know if she was laughing at a joke.
866,3819214047.jpg#0r3e,3819214047.jpg,A teen sits with arms resting on knees.,entailment,A teenage man is a teen.
877,3819214047.jpg#4r4c,3819214047.jpg,A dog licks his fur.,contradiction,Dog is different than a guy.
11291,3819214047.jpg#4r1n,3819214047.jpg,A smiling boy is resting.,neutral,we cant assure that  A smiling boy is resting.
4015,4935046155.jpg#2r1e,4935046155.jpg,The two people are walking outside.,entailment,The road is outside.
11926,4935046155.jpg#1r1n,4935046155.jpg,A busy city freeway while it is raining outside.,contradiction,It is not raining in the image.
13895,4935046155.jpg#4r1n,4935046155.jpg,The drivers are frustrated.,neutral,we cant assure that The drivers are frustrated.
10186,358355700.jpg#2r1n,358355700.jpg,Children and parents stand in front of a newly opened bounce house,entailment,There are children and parents in front of a bounce house.
2310,358355700.jpg#2r1c,358355700.jpg,Dogs stand in front of a bounce house,contradiction,It can either be a group of children and their parents or dogs.
10849,358355700.jpg#0r1n,358355700.jpg,Some families attend a Christmas party with a bounce house.,neutral,"There is enough information to see that there is a bounce house and that there are several families. However, there is not enough information given to prove that this is a Christmas party or another event."
6573,2327240505.jpg#4r1e,2327240505.jpg,A boy and girl are messing around,entailment,Hitting can be interpreted as messing around.
5631,2327240505.jpg#1r1c,2327240505.jpg,The boy is riding a bicycle.,contradiction,Girl is not boy.
14703,2327240505.jpg#2r1n,2327240505.jpg,The boy is flirting with the girl.,neutral,The boy may be teasing the girl. There is no proof that he is flirting with her.
9565,2324963565.jpg#1r1e,2324963565.jpg,A woman puts candy away,entailment,Putting it in a box implies puts away.
4652,2324963565.jpg#0r1c,2324963565.jpg,A woman in a green hooded sweatshirt is playing tennis at her local country club.,contradiction,"The woman is either playing tennis, or picking food from the bin."
14089,2324963565.jpg#0r1n,2324963565.jpg,A homeless woman is looking in the bin for food to eat.,neutral,"The woman is looking for food, but we do not know if she is homeless or not."
436,4749166996.jpg#1r1e,4749166996.jpg,An executive is holding a speech inside a building.,entailment,The executive is giving a speech implies inside a building that he is speaking at the podium in a building.
439,4749166996.jpg#0r1c,4749166996.jpg,The man stands still at a podium with no microphone.,contradiction,You cannot have a microphone and not have a microphone at the same time.
12824,4749166996.jpg#3r1n,4749166996.jpg,An elderly man uses gestures to explain his lecture in a large auditorium.,neutral,The man is using hand gestures in his speech or lecture but it looks like a church it may be an auditorium.
1054,688926797.jpg#2r1e,688926797.jpg,A woman is posturing.,entailment,the posturing is standing with her hand on her hip
1055,688926797.jpg#2r1c,688926797.jpg,A man is watching tv.,contradiction,Woman and man are two different things.
12803,688926797.jpg#2r1n,688926797.jpg,A woman is standing with her hand on her hip while waiting for her daughter to come inside.,neutral,This woman is standing with her hand on her hip but I cannot tell if she is waiting for anyone or that they are outside.
2085,4797050581.jpg#1r1e,4797050581.jpg,Some people are on their phones.,entailment,Cellphones are a type of phones
2086,4797050581.jpg#1r1c,4797050581.jpg,Nobody is on their cell phone.,contradiction,People are either talking on cellphones or nobody is on their cell phone.
13460,4797050581.jpg#4r1n,4797050581.jpg,A crowd of people are exiting the building.,neutral,"There is a crowd of people, but whether they are exiting the building is not made clear in the image."
4702,4560100704.jpg#4r1e,4560100704.jpg,Some folks stationary outside.,entailment,"A few is equivalent to some, and in the road suggest it is outside."
4706,4560100704.jpg#2r1c,4560100704.jpg,The amusement park is closed for business and is completely empty.,contradiction,Are at cannot happen if the park is closed.
10804,4560100704.jpg#0r1n,4560100704.jpg,A lady wearing gray speaks to a lady in black outside of a church.,neutral,The photo does have a lady in grey speaking to a lady in black but nothing suggests they're outside a church.
6497,3120921482.jpg#1r1e,3120921482.jpg,A child is holding an instrument.,entailment,A guitar is an instrrument
14648,3120921482.jpg#0r1n,3120921482.jpg,A little boy is playing guitar on stage.,contradiction,The picture does not show the boy on a stage.
13283,3120921482.jpg#1r1n,3120921482.jpg,The boy is practicing guitar for a concert.,neutral,The boy is practicing guitar but it may not be for a concert.
2615,3504379205.jpg#2r1e,3504379205.jpg,Tourists are bartering for lower prices.,entailment,Tourists at a flea market implies that they must be  bartering for lower prices.
2616,3504379205.jpg#4r1c,3504379205.jpg,A group of people eat food inside a tent.,contradiction,A tent is not usually found in a mall.
14170,3504379205.jpg#0r1n,3504379205.jpg,the women are hot,neutral,"While the women are standing in front of a hot food cart, they themselves do not appear to feel hot."
9058,3019667009.jpg#2r1e,3019667009.jpg,The men are standing under the arch in the doorway.,entailment,the men are people
11604,3019667009.jpg#4r1n,3019667009.jpg,Two boys are playing football in the parking lot of a building.,contradiction,"The boys are not playing football, and are not in a parking lot."
11196,3019667009.jpg#1r1n,3019667009.jpg,Shy boy and party boy,neutral,this could be a shy boy and a party boy but it could also be two shy boys or two party boys.
3948,2515822745.jpg#4r1e,2515822745.jpg,The two people speak into the same microphone.,entailment,a man and a woman are two people. if they are reading this implies that they speak.
4277,2515822745.jpg#0r1c,2515822745.jpg,Nobody is reading,contradiction,There is an Asian man reading a piece of paper.
10524,2515822745.jpg#3r1n,2515822745.jpg,The people are performing for an audience.,neutral,"There are two people in the image holding papers and appear to be performing.  However, you cannot see if there is an audience or not."
5996,2254913901.jpg#2r1e,2254913901.jpg,The woman is outside of a clothing store.,entailment,The woman is outside looking into the store window.
8722,2254913901.jpg#4r1c,2254913901.jpg,The sun is shining at the window.,contradiction,There is no shining sun during night time.
10264,2254913901.jpg#2r1n,2254913901.jpg,The woman is shopping for a new dress.,neutral,do not know if the woman is shopping for a new dress
7696,5456862756.jpg#3r1e,5456862756.jpg,A woman soaking her feet.,entailment,"""Sitting with her feet in the water"" implies ""soaking her feet""."
2717,5456862756.jpg#2r1c,5456862756.jpg,A woman is walking down the street.,contradiction,The woman can't be dipping her feet while walking down the street.
13137,5456862756.jpg#4r1n,5456862756.jpg,A woman was on her feet all day.,neutral,May not have been all day
299,434932657.jpg#3r1e,434932657.jpg,The cowboy is dirty.,entailment,"A person "" riding a bull "" will be "" dirty """
294,434932657.jpg#4r1c,434932657.jpg,A woman is riding a horse.,contradiction,A cowboy is a male cannot be a woman.
12632,434932657.jpg#4r1n,434932657.jpg,A man is riding a bull in a contest.,neutral,"The man is riding a bull, but we do not know if it is in a contest or practice."
446,2321865325.jpg#1r1e,2321865325.jpg,A puppy is running.,entailment,a black and white puppy with ears straight up is exactly a puppy.
2474,2321865325.jpg#2r1c,2321865325.jpg,a puppy laying on a gravel road,contradiction,"If the puppy runs, he cannot be laying."
444,2321865325.jpg#4r1n,2321865325.jpg,"Two small dogs, each a different color",neutral,You can not infer they are a different color.
201,745880539.jpg#4r1e,745880539.jpg,An animal is in a tube.,entailment,Dog is type of animal.
200,745880539.jpg#0r1c,745880539.jpg,The dog is on the bed.,contradiction,The dog cannot be on the lawn and on the bed at the same time.
10943,745880539.jpg#1r1n,745880539.jpg,The dog is getting exercise at the obstacle course.,neutral,The dog does appear to be at an obstacle course but this could also be a park. We are not able to know if the dog is getting exercise.
6085,253800791.jpg#0r3e,253800791.jpg,Two men are outdoors.,entailment,The men are at the park so they must be outdoors.
6084,253800791.jpg#0r4c,253800791.jpg,A woman is watching a man eating a banana.,contradiction,gentleman and woman are different gender
11995,253800791.jpg#0r1n,253800791.jpg,The man watches the baseball lesson in the park.,neutral,"There is no baseball lesson shown in the image, so we do not know what the man is watching."
1693,4361156028.jpg#1r1e,4361156028.jpg,an unhappy looking woman,entailment,Not happy is the same as unhappy.
1695,4361156028.jpg#2r1c,4361156028.jpg,The sweater is yellow,contradiction,The yellow sweater could not be referred to as a dark-colored sweater as yellow is a light color.
11015,4361156028.jpg#0r1n,4361156028.jpg,A woman is on a bus.,neutral,"Although the woman is on a type of public transportation, there is nothing indicating that it is specifically a bus."
1307,2837804631.jpg#4r1e,2837804631.jpg,A kid is splashed at a fountain.,entailment,Kid is another way of saying child.  A water fountain is a type of fountain.
12751,2837804631.jpg#4r1n,2837804631.jpg,A child is drenched in water by his friends at a fountain.,contradiction,The child is at a fountain but not with any friends and appears to be dry.
12362,2837804631.jpg#2r1n,2837804631.jpg,a little boy is pretending to be a duck in the fountain,neutral,A little boy is pretending to be a duck in the fountain the water.
375,288025239.jpg#4r1e,288025239.jpg,A person is in an outdoor shelter.,entailment,A tent is an outdoor shelter.
376,288025239.jpg#1r1c,288025239.jpg,A hiker pokes out of a tent to see a nice sunny day.,contradiction,If there is snow it cannot be a nice sunny day.
379,288025239.jpg#2r1n,288025239.jpg,A man thinking of escaping heavy snowfall,neutral,Not every person is a man. Just because a person peeks out from a tent is a field of snow does not mean that he is thinking of escaping heavy snowfall.
3721,3279228339.jpg#1r3e,3279228339.jpg,There is someone at the restaurant.,entailment,If someone is at a restaurant then they are also at the restaurant
10584,3279228339.jpg#1r5n,3279228339.jpg,The worker is holding food.,contradiction,The worker is seen behind a counter. It is not shown if he is holding food or not.
13929,3279228339.jpg#4r1n,3279228339.jpg,the man is a coward,neutral,Neither men in the photo are outwardly doing anything that would validate being seen as a coward.
1076,2249682069.jpg#3r1e,2249682069.jpg,The man is knitting.,entailment,The man learning to knit implies that he is knitting.
11974,2249682069.jpg#2r1n,2249682069.jpg,people are sewing a gift for their friend,contradiction,These people are not sewing; they are holding knitting needles.
13265,2249682069.jpg#4r1n,2249682069.jpg,A group of people are knitting socks.,neutral,There are group of people knitting but not sure if they are knitting socks.
1497,2507182524.jpg#4r1e,2507182524.jpg,The dog runs after a ball.,entailment,The dog runs after a ball because the dog chases the ball.
9015,2507182524.jpg#1r1c,2507182524.jpg,A dog sits to scratch it's self.,contradiction,A dog does not scratch it;s self while it runs.
1500,2507182524.jpg#2r1n,2507182524.jpg,A dog is chasing a tennis ball.,neutral,That the dog is chasing a ball does not necessarily mean it is a tennis ball.
2032,2551602773.jpg#1r1e,2551602773.jpg,A few people are getting off a plane.,entailment,To be exiting a commercial jet aircraft means one is getting off a plane.
9101,2551602773.jpg#2r1c,2551602773.jpg,The plane was destroyed,contradiction,People are exiting the airplane or the plane was destroyed.
13475,2551602773.jpg#1r1n,2551602773.jpg,A group of tourists are getting off a plane.,neutral,"This is a group getting off a plane, but nothing says they are tourists."
13448,3415178926.jpg#1r1n,3415178926.jpg,A man plays with his dog.,entailment,There is a man playing with a stick with his dog in the photo.
3123,3415178926.jpg#3r1c,3415178926.jpg,A man relaxing with his cat.,contradiction,A dog is vastly different than a cat.
12431,3415178926.jpg#4r1n,3415178926.jpg,The man tried to get the dog to play catch.,neutral,The man is trying to get a stick away from the dog. It is unknown whether or not he is playing catch.
1879,2717110088.jpg#2r1e,2717110088.jpg,The two kids are in a store.,entailment,A furniture store is a type of store.
1878,2717110088.jpg#3r1c,2717110088.jpg,Two people are having sex on the bed in the middle of the department store.,contradiction,"When one has sex, one is not just laying in bed."
10742,2717110088.jpg#3r1n,2717110088.jpg,Two people are checking out the bed to see if they want to buy it.,neutral,"It is unclear whether the people are checking out the bed to see if they want to buy it, or if they might be homeless people who have found a wonderful place to spend this evening."
6227,3332248667.jpg#0r1e,3332248667.jpg,A man and a woman are using public transportation.,entailment,The subway is a type of public transportation.
6226,3332248667.jpg#0r1c,3332248667.jpg,A man is crying in his car.,contradiction,smiles is contradictory to crying
11339,3332248667.jpg#4r1n,3332248667.jpg,The coworkers wait in silence as they ride to work.,neutral,"there are people on a train, but it's not obvious they're coworkers- or that they're riding in silence."
5635,7990849887.jpg#1r1e,7990849887.jpg,An audience is watching a musical performance.,entailment,A musical group performs implies that there is musical performance and in front of live audience implies that audience is watching.
5638,7990849887.jpg#3r1c,7990849887.jpg,Two artists are sleeping.,contradiction,Two artists cannot be sleeping and performing simultaneously.
10620,7990849887.jpg#0r1n,7990849887.jpg,the band is made up of three brothers,neutral,it can not be said that musicians are brothers
799,4857776520.jpg#0r1e,4857776520.jpg,A man is next to a woman.,entailment,If the man is next to the woman then the man is next to a woman.
13743,4857776520.jpg#2r1n,4857776520.jpg,A couple sits at the beach and look at the clouds.,contradiction,The couple is standing and not sitting on a beach. It's clear that their looking up but it may or not be the clouds.
14526,4857776520.jpg#4r1n,4857776520.jpg,THEY ARE LOOKING UP  AT THE PLANE,neutral,"They are indeed looking up, but we do not know that it is at a plane."
11595,48614561.jpg#1r5n,48614561.jpg,A toddler has another kids mouth piece.,entailment,It appears the toddler in yellow is crying because the other toddler has his mouth piece and he wants it back.
5196,48614561.jpg#1r5c,48614561.jpg,Babies climb in the trees.,contradiction,Either there is one toddler or babies.
12506,48614561.jpg#0r1n,48614561.jpg,Two babies are sitting on the floor playing with one toy.,neutral,We cant assure that Two babies are sitting on the floor playing with one toy.
6570,6156276992.jpg#2r1e,6156276992.jpg,A man has a camera.,entailment,A man can only be looking through a camera if he has a camera.
4973,6156276992.jpg#3r1c,6156276992.jpg,Two travelers are sleeping in their bunks.,contradiction,They cannot observe anything if they are sleeping.
11387,6156276992.jpg#2r1n,6156276992.jpg,A man is taking pictures of the flowers on the mountain.,neutral,We don't know that there are flowers.
11886,2279432034.jpg#3r1n,2279432034.jpg,A group of musicians and singers practice.,entailment,There is a group of musicians and singers playing on a empty theater and wearing casual clothing. Most likely a practice
2530,2279432034.jpg#0r2c,2279432034.jpg,There are no instruments in the orchestra.,contradiction,They cannot be playing instruments if there are no instruments.
14414,2279432034.jpg#0r1n,2279432034.jpg,Two musical groups are in the middle of a concert,neutral,It is not clear from the image if they are in the middle of a concert.
1407,4478063110.jpg#2r1e,4478063110.jpg,The man is his own opponent.,entailment,A man who is his own opponenent in chess would be playing chess alone.
1406,4478063110.jpg#4r2c,4478063110.jpg,The man is playing field hockey.,contradiction,chess and field hockey are different sports
13975,4478063110.jpg#1r1n,4478063110.jpg,Two people sit down at a table.,neutral,you can only see one person not to and there is no table in sight
11362,3298573714.jpg#0r1n,3298573714.jpg,She is going for a walk,entailment,"The is a women (she) who is walking her dog on a leash. Hence, she is going for a walk (while walking her dog)."
6566,3298573714.jpg#4r1c,3298573714.jpg,A man cleans a litterbox.,contradiction,"A woman and a man or not the same person. ""Walking a small dog"" describes a different action than ""cleans a litterbox""."
14550,3298573714.jpg#4r1n,3298573714.jpg,The woman walks her neighbors dog.,neutral,There is a woman walking a dog in the image but it is not apparent if it is her dog or a neighbor's.
6821,4915658588.jpg#1r1e,4915658588.jpg,Three people are standing by a road.,entailment,Two women and one man are three people.
9361,4915658588.jpg#4r1c,4915658588.jpg,Five guys are eating burgers on a street corner.,contradiction,There  can either be  three or five people.
11733,4915658588.jpg#4r1n,4915658588.jpg,Three people are waiting at a street corner for the bus.,neutral,Though there are three persons on the sidewalk it cannot be assured they are waiting for a bus.
7313,7212803242.jpg#0r1e,7212803242.jpg,There is a baby outside.,entailment,A baby in grass is outside.
7311,7212803242.jpg#1r1c,7212803242.jpg,The child is asleep,contradiction,A child trying to feed his mom can not be asleep.
11016,7212803242.jpg#3r1n,7212803242.jpg,The baby is learning to food small things.,neutral,"The baby, used to being fed by others, is feeding someone else."
5007,4801849846.jpg#0r1e,4801849846.jpg,A person walks in front of a store.,entailment,Man is a person.
11316,4801849846.jpg#0r4n,4801849846.jpg,A man walks in front of a store at night.,contradiction,The man is not walking at night.
11823,4801849846.jpg#0r1n,4801849846.jpg,Pink is a mans favorite color.,neutral,The man walking is wearing a pink shirt but it doesn't mean pink is his favorite color.
1120,6474645169.jpg#1r1e,6474645169.jpg,There is a basketball game between Lafayette and Penn State.,entailment,"When  there is a game between two teams, it implies it will be showing players of both teams."
13052,6474645169.jpg#2r1n,6474645169.jpg,The game is almost over,contradiction,"The clock in the background shows that there is over 19 minutes left, so the game isn't almost over."
11399,6474645169.jpg#1r1n,6474645169.jpg,The Lafayette player has the ball.,neutral,"we can see a lafayette player, but we don't see any ball in this picture, so, we cannot know who has the ball"
3977,263233914.jpg#2r1e,263233914.jpg,the girl is wet,entailment,"if she is standing in a pool, then she would be wet."
9078,263233914.jpg#1r1c,263233914.jpg,A little boy in a pink bathing suit laughs by a pool.,contradiction,A girl is not a boy.
9080,263233914.jpg#3r1n,263233914.jpg,The girl is visiting her grandmother who lives on Martha's Vineyard.,neutral,Because she is in a bathing suit does not mean she is visiting her grandmother.
6791,4490635744.jpg#3r1e,4490635744.jpg,People are guarding a barrier,entailment,Guarding a barrier means that no one crosses the barrier.
6787,4490635744.jpg#1r1c,4490635744.jpg,Two cops arrest an elephant.,contradiction,You either stand by or arrest someone.
10224,4490635744.jpg#0r1c,4490635744.jpg,Two fake cops and a child undercover agent.,neutral,"There is no evidence that the two men are cops, and no evidence that the children are agents for anything."
7423,6589292543.jpg#4r1e,6589292543.jpg,Little boys lay down,entailment,Boys lay down when they are tired.
7427,6589292543.jpg#1r1c,6589292543.jpg,A child resting on the floor.,contradiction,The child cannot be resting on a bed and the floor at the same time.
12888,6589292543.jpg#2r1n,6589292543.jpg,A young boy is tries to take a rest from his shopaholic mother,neutral,"There is a young boy trying to take a rest or just playing around, I can't assume his mother is shopaholic"
9240,4828433053.jpg#3r1e,4828433053.jpg,A dog is on a leash,entailment,if it is leashed then it must be on a leash
9245,4828433053.jpg#0r5c,4828433053.jpg,A person is walking his cat.,contradiction,dog is contradictory to cat
13212,4828433053.jpg#1r1n,4828433053.jpg,A man with his dog is waiting for his friend.,neutral,A man is standing with his dog however we cannot infer whether or not he is waiting for his friend.
1528,4971484184.jpg#2r1e,4971484184.jpg,There is a blue car.,entailment,A mannequin is photographed next to a blue car so there is a blue car.
1526,4971484184.jpg#4r1c,4971484184.jpg,There is nothing behind the blue car.,contradiction,A mannequin is not nothing.
1533,4971484184.jpg#1r1n,4971484184.jpg,A half naked woman poses for art students beside a blue car.,neutral,She may not be posing for art students.
2490,6693881913.jpg#1r1e,6693881913.jpg,Hockey players fight.,entailment,"""Hockey players fight"" is literally exactly the same wording and meaning as hockey players fight."
5576,6693881913.jpg#0r1c,6693881913.jpg,Two basketball players jump for the ball.,contradiction,Hockey and basketball are not the same sport.
5579,6693881913.jpg#3r1n,6693881913.jpg,Two hockey players are charged with penalties.,neutral,The hockey players would not necessarily be charged with penalties.
13063,4442319130.jpg#3r1n,4442319130.jpg,A cat nestles against someone.,entailment,A cat is on someones shoulder nestling them.
4270,4442319130.jpg#2r1c,4442319130.jpg,Nobody has a cat.,contradiction,A man and a cat is not also nobody and a cat.
4268,4442319130.jpg#2r1n,4442319130.jpg,A tall person with a cat.,neutral,Sentence 1: A cat lays on an old woman's shoulder. Sentence 2: A cat nestles against someone.
13258,520913429.jpg#3r1n,520913429.jpg,A person doing something outside.,entailment,There is a person doing something outside.
13825,520913429.jpg#4r1n,520913429.jpg,A man is sweeping his kitchen floor with a broom that he made.,contradiction,The man is not cleaning his kitchen floor and we don't know if he made that broom.
10017,520913429.jpg#0r1n,520913429.jpg,A man is cleaning an altar before a wedding.,neutral,We don't know if he is cleaning an altar for a wedding he could just be cleaning the street.
2330,4848645410.jpg#0r1e,4848645410.jpg,The man in white and blue is outside.,entailment,The street is outside.
2329,4848645410.jpg#0r1c,4848645410.jpg,The man is inside the bar.,contradiction,The man cannot be inside and on the street at the same time.
14323,4848645410.jpg#3r1n,4848645410.jpg,Someone is taking photographs of the street.,neutral,though there is person who is taking photographs we cant conclude that he is taking photographs of the street
7362,3231749680.jpg#1r1e,3231749680.jpg,Children taking naps.,entailment,children taking a nap simply means children taking naps
8006,3231749680.jpg#4r1c,3231749680.jpg,Four Mexican toddlers nap on a floor.,contradiction,One cannot be an Asian and Mexican.
10187,3231749680.jpg#3r1n,3231749680.jpg,girls are sleeping on blankets on the basement floor.,neutral,Even though these children are sleeping on blankets there is no way to tell if they are all girls and if that is a basement floor it could be on the floor of a daycare.
8368,77740577.jpg#0r5e,77740577.jpg,The man and women are sitting on the same piece of furniture.,entailment,Both subjects are sitting
13021,77740577.jpg#0r3n,77740577.jpg,Woman sits next to a man and child.,contradiction,We see a woman sitting next to a man and no child or evidence of a child can be seen next to the woman.
14539,77740577.jpg#0r1n,77740577.jpg,A woman is nervous about a blind date.,neutral,"Even though the woman is nervous, it may not be a blind date"
2469,3655074079.jpg#0r1e,3655074079.jpg,The woman is wearing no clothes.,entailment,Naked lady implies the woman is wearing no clothes.
2468,3655074079.jpg#0r1c,3655074079.jpg,"The woman is so cold, she has to wear a sweater.",contradiction,A nake lady does not wear a sweater.
13018,3655074079.jpg#2r1n,3655074079.jpg,the woman is posing for a magazine,neutral,there is nothing to show that she is posing for a magazine photo shot
5131,2797188545.jpg#2r2e,2797188545.jpg,Two people are floating in a boat.,entailment,A couple are two people and paddle down a rough river is same as floating in a boat
5133,2797188545.jpg#3r1c,2797188545.jpg,There are people in the pool.,contradiction,A pool is not a river.
12187,2797188545.jpg#2r2n,2797188545.jpg,The couple paddle hard.,neutral,We dont know for sure if the people in the canoe are a couple
1933,503357436.jpg#0r5e,503357436.jpg,a man rides a bike,entailment,Both subjects rides a bike
1942,503357436.jpg#0r3c,503357436.jpg,There is only one person present.,contradiction,not every person is american
13204,503357436.jpg#4r1n,503357436.jpg,The two men are testing the new product line of their toy company in front of their investors,neutral,"The two men are riding a bike and doing tricks on a skateboard. There is nothing to suggest they are testing a new product line for any toy company, let alone one they own and there is no one in the picture, so no way to know if investors are present."
3296,3418462699.jpg#0r1e,3418462699.jpg,the person is touching a tree,entailment,"If someone's hands are against a tree then it means, of course they are touching it."
10223,3418462699.jpg#1r1n,3418462699.jpg,A lumberjack poses with a tree he's about to chop down,contradiction,The man in the picture does not have an ax to chop down the tree. The tree itself is enormously huge and the man might be posing a picture to show his strength against trying to push the tree.
13844,3418462699.jpg#4r1n,3418462699.jpg,A man is stretching before going on a run.,neutral,We cant assure that A man is stretching before going on a run.
13575,3604391853.jpg#4r1n,3604391853.jpg,A man is reaching,entailment,yes the man was trying to reaching out
543,3604391853.jpg#2r1c,3604391853.jpg,"Man lying on a sidewalk, staring at the sky.",contradiction,"The man would need to be either on the grass or on the sidewalk, can't be both"
10750,3604391853.jpg#1r1n,3604391853.jpg,a man is about to hold his wife,neutral,We don't know what the man is about to hold
168,218225539.jpg#1r1e,218225539.jpg,There is water.,entailment,Lakes are made out of water.
167,218225539.jpg#1r1c,218225539.jpg,There is no water around.,contradiction,"If there is no water, a device cannot be floating in a lake."
13238,218225539.jpg#4r1n,218225539.jpg,A father is spending time with his family on his day off.,neutral,"There is no way to tell if this person is a father, or if the other person there is a family member."
13425,4677535056.jpg#2r1n,4677535056.jpg,A person goes by a car next to a street.,entailment,The man is passing a car that is in the street.
6680,4677535056.jpg#4r1c,4677535056.jpg,The man is sitting in a movie theater.,contradiction,Passing by a taxi is something happening outside. Sitting in a movie theater is inside.
9754,4677535056.jpg#1r1n,4677535056.jpg,a man stands next to his taxi with his new sunglasses,neutral,It is unclear if it is the mans taxi and if they are new sunglasses.
9477,2667242810.jpg#3r1e,2667242810.jpg,Five total people are near a table with objects on it.,entailment,Four men plus a boy equals five people and they are at the table with the craft objects on it.
1213,2667242810.jpg#4r1c,2667242810.jpg,The organizers of the fundraiser were fighting each other.,contradiction,The organizers of a fundraiser wouldn't be fighting.
12293,2667242810.jpg#2r1n,2667242810.jpg,two men talk about design,neutral,Find cartoon men talking two stock images in HD and millions of other royalty-free ... design on conversation poses and gestures of two casually clothed men.
2979,965444691.jpg#1r1e,965444691.jpg,Someone is with a baby.,entailment,A man is someone.
2977,965444691.jpg#2r1c,965444691.jpg,The man is not the father.,contradiction,"If someone is not the father, he shouldn't be holding a baby."
11189,965444691.jpg#1r1n,965444691.jpg,The baby is the man's daughter.,neutral,"While there is a baby being held by a man, there is no evidence that the baby is the daughter of the man."
4976,4347441967.jpg#0r1e,4347441967.jpg,A man and kid are practicing martial arts.,entailment,they are practicing in both
4975,4347441967.jpg#1r1c,4347441967.jpg,A young boy is running away screaming.,contradiction,"The young boy is not running away, he's facing off against a man in a black cape."
9711,4347441967.jpg#1r1n,4347441967.jpg,A young boy is scared.,neutral,The young boy does not appear to be scared.
6292,460326010.jpg#1r1e,460326010.jpg,A child chases a small animal.,entailment,chases is the same as chasing
1051,460326010.jpg#3r1c,460326010.jpg,The girl was in the car.,contradiction,It is either a boy or a girl. One cannot chase a pigeon in a car.
13655,460326010.jpg#1r1n,460326010.jpg,A boy tries to catch a bird for a pet.,neutral,"The boy appears to be chasing the bird. However, it cannot be inferred that he is trying to catch the bird, let alone for the reason of keeping it as a pet."
14231,3189464563.jpg#0r4n,3189464563.jpg,A women wears hoop earrings.,entailment,Label: EntailmentExplanation: This is a woman and she is wearing hoop earrings in the photo.
4552,3189464563.jpg#0r1c,3189464563.jpg,"a woman with big earrings, holding up her prize parrot",contradiction,A prize ticket and a parrot are two different objects.
10776,3189464563.jpg#0r1n,3189464563.jpg,"a woman with big hoop earrings, holding up her prize ticket.",neutral,It is unclear if the woman is holding up her prize ticket or if she is holding up something else.
4350,8138745455.jpg#1r1e,8138745455.jpg,the med played games,entailment,A board game is a game.
8925,8138745455.jpg#4r1c,8138745455.jpg,Three old men are playing checkers.,contradiction,"If some men are playing checkers, they can't be playing domino's."
11916,8138745455.jpg#0r1n,8138745455.jpg,Three people gambling for money in front of a building.,neutral,It is unclear by the photo if the men are gambling for money or not.
6051,530170010.jpg#3r1e,530170010.jpg,The man is active.,entailment,A man is jumping and jumping is an activity.
6050,530170010.jpg#3r1c,530170010.jpg,The man is laying quietly on the rainy day.,contradiction,One is either jumping or laying quietly. The day is either sunny or rainy.
12579,530170010.jpg#0r1n,530170010.jpg,The man is hispanic.,neutral,There is a man but you can not tell if he Hispanic or not.
3214,2671602981.jpg#3r1e,2671602981.jpg,A girl is jumping.,entailment,If someone leaps you can say they are leaping
3215,2671602981.jpg#0r1c,2671602981.jpg,A man is stranded in the middle of a desert.,contradiction,A girl is not a man.
11803,2671602981.jpg#4r1n,2671602981.jpg,A girl is splashing around in the waters outside.,neutral,"Even though the girl is outside near water, the image doesn't show her splashing in the water."
7243,4917931600.jpg#3r1e,4917931600.jpg,A man in a hat is by the road.,entailment,aviation cap is a hat
7247,4917931600.jpg#1r1c,4917931600.jpg,A boy wears swimming goggles at the pool.,contradiction,"A man, not a boy, was sitting in the street, not at the pool. He was wearing flying goggles, not swimming goggles"
7246,4917931600.jpg#0r1n,4917931600.jpg,The man in the street is wearing socks.,neutral,One cannot assume that the man is wearing socks.
983,4623878206.jpg#1r1e,4623878206.jpg,The woman is walking outdoors.,entailment,"A tattooed woman is a type of woman, and street implies outdoors."
8891,4623878206.jpg#4r1c,4623878206.jpg,The woman with the bottle of water was sitting at her kitchen table reading the newspaper,contradiction,The woman cannot be sitting and walk at the same time.
12338,4623878206.jpg#0r1n,4623878206.jpg,The woman is on her way to a hiking trail.,neutral,The woman could be on her way to anywhere and not necessarily a hiking trail.
427,2984174290.jpg#1r1e,2984174290.jpg,Man is outside.,entailment,A man faling off a surfboard must mean he is outside.
425,2984174290.jpg#0r1c,2984174290.jpg,A shark is surfing.,contradiction,one is shark not a humanbeing.
12460,2984174290.jpg#4r1n,2984174290.jpg,a surfer riding a big wave at a competition,neutral,we cant assure that  a surfer riding a big wave at a competition
4046,4511879942.jpg#2r1e,4511879942.jpg,The women are standing by each other.,entailment,If two women are sitting next to a sign and gesturing to each other they're likely standing by each other
6805,4511879942.jpg#1r4c,4511879942.jpg,A woman is standing on a train.,contradiction,asking and standing are different genders
12970,4511879942.jpg#1r4n,4511879942.jpg,A woman is lost and asks the first woman she sees for directions.,neutral,"There is a women pointing and taking to the second women, but we don't know if she is giving directions or not."
5555,3320411267.jpg#0r1e,3320411267.jpg,A person is outside.,entailment,climbs a large rock in a dark forest  shows that person is outside.
10904,3320411267.jpg#4r1n,3320411267.jpg,She double-checked her safety gear before beginning her ascent.,contradiction,There is not enough evidence to see if she double-checked her safety gear and if the is ascending or descending.
12325,3320411267.jpg#1r1n,3320411267.jpg,A man in a blue jacket is climbing a rock for the first time.,neutral,The picture shows a man climbing a rock but whether it is his first time to do so is not stated in the picture.
2493,620595746.jpg#0r1e,620595746.jpg,There are two people sunbathing.,entailment,People in swimsuits implies they are sunbathing.
10739,620595746.jpg#1r1n,620595746.jpg,a black african lady wearing green traditional dress walk past sunbathers,contradiction,The dress the woman wears is not green.
13001,620595746.jpg#3r1n,620595746.jpg,the basket has towels in it,neutral,There is no way to see if the basket contains towels or not in this picture.
13954,473323374.jpg#0r1n,473323374.jpg,the baby is wearing cute clothes.,entailment,"Yes,  the baby is wearing cute clothes."
2509,473323374.jpg#1r1c,473323374.jpg,the baby is not crying,contradiction,The baby can't be crying and not crying at the same time.
13234,473323374.jpg#4r1n,473323374.jpg,The child wants to be fed.,neutral,It is not clear if the child wants to be fed.
3907,3139160252.jpg#3r1e,3139160252.jpg,Three people and a tree.,entailment,Women are people and a Christmas tree is a tree.
5926,3139160252.jpg#2r1c,3139160252.jpg,the turkey is waiting for some juicy batches on mturkgrind,contradiction,standing and waiting are different actions
10395,3139160252.jpg#2r1n,3139160252.jpg,the women are related,neutral,The women may or may not be related.
240,2747436384.jpg#0r1e,2747436384.jpg,A wave is about to crash on four people.,entailment,"Four young men are four people, and a crashing wave is a type of wave."
9425,2747436384.jpg#1r1c,2747436384.jpg,The wave missed the boys.,contradiction,It appeared the boys would be hit by the wave but it actually missed them.
12142,2747436384.jpg#2r1n,2747436384.jpg,three brothers get splashed by a wave,neutral,There are three people about to get hit by wave but we don't know if they are brothers
9301,4825488431.jpg#2r1e,4825488431.jpg,Group of people standing outside,entailment,To stand near a fence implies standing outside.
9302,4825488431.jpg#2r1c,4825488431.jpg,The people are inside,contradiction,There are no fences inside to stand near.
11994,4825488431.jpg#3r1n,4825488431.jpg,People watch a trick pilot perform at an air show.,neutral,we cant assure that People watch a trick pilot perform at an air show.
8664,4444686770.jpg#3r1e,4444686770.jpg,A couple are fishing.,entailment,Both subjects are fishing
8666,4444686770.jpg#4r1c,4444686770.jpg,A man and a woman help each other up after falling down while rollerskating.,contradiction,Fishing rod isn't rollerskating.
9680,4444686770.jpg#1r1n,4444686770.jpg,The fisherpeople have hiked to the lake.,neutral,"It is unclear how these people reached this location; they could have hiked, or they could have driven, or perhaps they swam, or maybe the arrived on some sort of watercraft."
5966,4459033855.jpg#0r3e,4459033855.jpg,The old gentlean used a screen to interact to other men at a table.,entailment,communicate is to interact.
5968,4459033855.jpg#1r1c,4459033855.jpg,The men are watching a movie near the Brooklyn Bridge.,contradiction,The Golden Gate Bridge is different from the Brooklyn Bridge.
14446,4459033855.jpg#0r4n,4459033855.jpg,A head coach of a team talks to reporters in the audience.,neutral,"It does seem as though he is talking to an audience, but there's little indication he's a coach or that there are reporters in the audience."
2626,2844202978.jpg#4r1e,2844202978.jpg,A women sitting with food.,entailment,Sitting with food is just a different tense applied to sits with… food.
2625,2844202978.jpg#3r1c,2844202978.jpg,A woman is presenting herself on stage at a club.,contradiction,A woman can't present herself and goods.
14240,2844202978.jpg#4r1n,2844202978.jpg,A woman is about to eat.,neutral,"A woman is pictured next to food but it is unclear if she is about to eat, has just eaten, or has just simply prepared the food."
1891,319870744.jpg#0r1e,319870744.jpg,Someone is sitting.,entailment,A hiker sitting on the ground means someone sitting.
1894,319870744.jpg#1r1c,319870744.jpg,A person is in bed.,contradiction,If a person is in bed then they can’t be sitting on a mountain.
11684,319870744.jpg#3r1n,319870744.jpg,a man sits and waits on top of the rocky mountains.,neutral,"A man is sitting on top of some rocky mountains, but we don't know if he is waiting or just tired and catching his breath."
4208,3223809913.jpg#3r1e,3223809913.jpg,A man is skateboarding.,entailment,"""propels his skateboard into the air"" is same as ""skateboarding"""
4209,3223809913.jpg#3r1c,3223809913.jpg,A man is riding his bike on a sidewalk.,contradiction,The man can either be on his skateboard or on his bike.  A man can not ride a skateboard and a bike at the same time.
12917,3223809913.jpg#2r1n,3223809913.jpg,One skateboarder bet another skateboarder that he couldn't do the same trick he did.,neutral,Nothing to show that a bet has been placed or a competition that one skater couldn't do anothers' trick - just someone skateboarding whilst someone watches.
6793,2640869832.jpg#4r1e,2640869832.jpg,Some men have skateboards.,entailment,Men with their skateboards means they have skateboards.
7436,2640869832.jpg#0r1c,2640869832.jpg,the three young men are playing with swords at the flea market,contradiction,Three young men in this picture are seen trying and playing
10621,2640869832.jpg#1r1n,2640869832.jpg,A young school boy talks to his friends on a park bench.,neutral,"It is unclear if the person looking at the person by his side is a school boy, whether they are currently engaged in talks, and if the people by him are his friends based solely on the photo."
1849,7252718418.jpg#3r1e,7252718418.jpg,A little girl is playing ball.,entailment,girl swinging at a baseball is same as girl is playing ball
1948,7252718418.jpg#1r1c,7252718418.jpg,"The young girl is in bed, sleeping.",contradiction,the young girl is playing softball or sleeping.
11847,7252718418.jpg#3r1n,7252718418.jpg,A little girl is trying out for baseball.,neutral,"A little girl is playing baseball, we do not know whether or not she is trying out, playing just for fun or already on a team."
3205,7784556300.jpg#2r1e,7784556300.jpg,A cameraman films the cyclists.,entailment,"When several cyclists make their way through a field as a cameraman films, the cameraman is filming the cyclists."
3207,7784556300.jpg#1r1c,7784556300.jpg,The man is indoors.,contradiction,"If the man is riding a bike, he can't be indoors."
11484,7784556300.jpg#4r1n,7784556300.jpg,A group of men cycle professionally.,neutral,They aren't only men . Some are woman.
5246,3525978606.jpg#0r1e,3525978606.jpg,the woman is working on the aircraft,entailment,Polishing an aircraft is working on the aircraft.
5236,3525978606.jpg#1r5c,3525978606.jpg,The woman is preparing to go on vacation.,contradiction,A vacation is a trip where you do not work so she would not be preparing for work and a vacation.
12739,3525978606.jpg#0r1n,3525978606.jpg,the woman is hot,neutral,even though there is a woman in the picture but not sure is she hot because she turned her back.
7708,3119887967.jpg#4r1e,3119887967.jpg,Man sees camera.,entailment,"If the man is pointing at the camera, it is understood he sees it."
7712,3119887967.jpg#0r1c,3119887967.jpg,Both men have their hands in their pockets.,contradiction,If both men have their hands in their pockets then one cannot also have arms outstretched
14379,3119887967.jpg#1r1n,3119887967.jpg,The two men  are members of the military.,neutral,We cant assure that The two men are members of the military.
9284,3640329164.jpg#0r1e,3640329164.jpg,There are people surfing.,entailment,A surfer riding waves infers that people are surfing.
10280,3640329164.jpg#4r1n,3640329164.jpg,The surfer is a woman.,contradiction,"The surfer is a man, not a woman."
10339,3640329164.jpg#0r1n,3640329164.jpg,There are people surfing in a competition.,neutral,we cant assure that There are people surfing in a competition.
7546,4480923732.jpg#3r1e,4480923732.jpg,A person on the phone holding a child.,entailment,a man is a person
7545,4480923732.jpg#3r1c,4480923732.jpg,A man puts a baby girl down for a nap.,contradiction,One can not holds a girl and puts a girl down simultaneously.
13043,4480923732.jpg#2r1n,4480923732.jpg,The baby belongs to the man.,neutral,we cant assure that the baby belongs to the man
6435,84509831.jpg#0r1e,84509831.jpg,A young boy holds a shovel close to the ocean.,entailment,The boy is near the ocean which means he is close to it.
2610,84509831.jpg#4r1c,84509831.jpg,A boy is standing still.,contradiction,One is either running or standing still. You cannot do both simultaneously.
9734,84509831.jpg#0r1n,84509831.jpg,A young man is metal detecting on the beach.,neutral,There is a boy on the beach it is unclear if that is a metal detector in his hand.
1348,6870444330.jpg#2r1e,6870444330.jpg,a male is holding a microphone,entailment,both subjects are holding a microphone
245,6870444330.jpg#3r1c,6870444330.jpg,Women are knitting.,contradiction,Is it a man or is it women?
13686,6870444330.jpg#3r1n,6870444330.jpg,A man is waiting to perform.,neutral,"A man is holding a microphone, which might mean that he will perform. We cannot tell if he is waiting, performing, or finished."
13328,6315352509.jpg#0r1n,6315352509.jpg,The driver is racing.,entailment,"yes, The driver is racing."
3050,6315352509.jpg#4r1c,6315352509.jpg,A plane on a runway.,contradiction,There cannot be a race car on a runway.
10876,6315352509.jpg#2r1n,6315352509.jpg,a car on it way to the edge of the road,neutral,It is not sure whether the car is on its way to the edge or ahead the center.
12303,4410033566.jpg#2r1n,4410033566.jpg,A man is leaning in the kitchen,entailment,The picture clearly shows a man leaning in a kitchen.
5921,4410033566.jpg#4r4c,4410033566.jpg,Nobody is leaning,contradiction,A man means at least one and nobody mean none.
14668,4410033566.jpg#4r1n,4410033566.jpg,A person is leaning on a table talking to a friend.,neutral,the man is leaning on a table but nothing to suggest he is talking to a friend.
6832,549520317.jpg#0r1e,549520317.jpg,Little boy provided with red coat and tan pants.,entailment,If you are in the red coat and th tan pants you are with a red coat and tan pants
6829,549520317.jpg#2r1c,549520317.jpg,"Ten monks chant ""Ave Maria"" in a cloister.",contradiction,Monks are not comprised of a little boy.
10758,549520317.jpg#3r1n,549520317.jpg,A toddler in tan pants and red hoodie on a slide at a picnic,neutral,There is a toddler in tan pants and a red hoodie sliding but you cannot tell if this is at a picnic.
655,4494095559.jpg#3r1e,4494095559.jpg,A person rides on a skateboard.,entailment,Rides on a skateboard is a form skating.
656,4494095559.jpg#3r1c,4494095559.jpg,A man is riding a bicycle.,contradiction,"It's implied that the skateboarder is the man. He's skating, which means he can't be riding a bicycle."
11003,4494095559.jpg#1r1n,4494095559.jpg,A man is zooming past a bench on a skateboard.,neutral,"The man is on his skateboard, but you can't tell wheather he's going fast or passing a bench"
4407,5384132543.jpg#2r1e,5384132543.jpg,A man is leaping into the air.,entailment,A man is jumping off a dock into the air into a body of water.
4406,5384132543.jpg#4r1c,5384132543.jpg,A cat does a back flip into the water.,contradiction,a person is not a cat
13178,5384132543.jpg#1r1n,5384132543.jpg,A criminal leaps into the water to escape the police dogs chasing behind him.,neutral,"A man leaps into water, no indication of police dogs or that he is escaping"
5884,388837010.jpg#3r1e,388837010.jpg,The children are near horses.,entailment,They have to be near the horses to pet them.
8150,388837010.jpg#0r1c,388837010.jpg,3 kids are looking at manatees through the fence,contradiction,3 kids are greater in number than two children.
10070,388837010.jpg#4r1n,388837010.jpg,The children are petting the horses and telling them hello.,neutral,it shows two children petting horses.
9905,7430272380.jpg#4r1n,7430272380.jpg,A man is about to throw a javelin.,entailment,The man  has a javelin in his hand and is about to throw it.
5894,7430272380.jpg#2r1c,7430272380.jpg,The man is wearing a wife beater.,contradiction,The subject cannot wear a shirt and a wife beater at the same time.
12001,7430272380.jpg#3r1n,7430272380.jpg,The man is going to run a marathon.,neutral,we cant assure that The man is going to run a marathon.
4199,4071750215.jpg#0r1e,4071750215.jpg,A little girl in an outfit stands in leaves.,entailment,A girl standing in leaves is a restatement of a girl standing in a pile of leaves.
12471,4071750215.jpg#1r1n,4071750215.jpg,A little girl is playing in the woods.,contradiction,not in the woods
10332,4071750215.jpg#4r1n,4071750215.jpg,A girl jumps into a pile of leaves after raking.,neutral,The girl is sitting in leaves. It is unclear if she jumped and whether it was after raking.
4247,1806580620.jpg#0r1e,1806580620.jpg,There's a girl in the picture that is smiling.,entailment,The girl in the picture is smiling
13486,1806580620.jpg#1r4n,1806580620.jpg,A young woman is wearing shades to protect her eyes from the bright sunlight and turns right as her friend screams for help.,contradiction,Although the woman is wearing shades it is unclear if its for protection from bright sunlight. She is not turning right and there is no friend that screams for help in the image.
14076,1806580620.jpg#1r2n,1806580620.jpg,The woman is posing for the camera.,neutral,"There is a woman in the picture, don't know if she is posing or if there is a camera involved"
5905,2700788458.jpg#3r1e,2700788458.jpg,A man and woman are wearing shorts.,entailment,People in a wooded area would be wearing something.
5907,2700788458.jpg#3r5c,2700788458.jpg,The man and woman are in the water.,contradiction,in a wooded area is contradictory to in the water
11620,2700788458.jpg#3r5n,2700788458.jpg,The man and woman are in the wooded area looking for their dog.,neutral,"You can see there is a man and woman in the picture near a wooded area, but looks as though they could be dancing; not looking for a dog. There is no way to know from this picture."
5818,4694894610.jpg#1r1e,4694894610.jpg,A man plays outside.,entailment,man plays an electric guitar on a city street implies that he is outside.
5817,4694894610.jpg#1r1c,4694894610.jpg,A man is in a concert hall.,contradiction,The man is either on a city street or in a concert hall.
12862,4694894610.jpg#0r1n,4694894610.jpg,A man is panhandling with his guitar.,neutral,"A man playing is guitar on the street, he may or may not be panhandling."
6867,2394003437.jpg#0r1e,2394003437.jpg,A boy rides on a Segway.,entailment,Rides a Segway and rides on a Segway are same thing
4205,2394003437.jpg#2r1c,2394003437.jpg,The boy is wearing a purple shirt and riding a skateboard.,contradiction,A boy can be driving either a segway or a skateboard.
13376,2394003437.jpg#3r1n,2394003437.jpg,A man racing on his scooter.,neutral,"A boy riding a scooter not a man, and nothing suggest racing"
2496,3707585013.jpg#1r1e,3707585013.jpg,A performer is playing a guitar.,entailment,A woman that is performing is a performer. Performing with a guitar means playing a guitar.
9352,3707585013.jpg#4r1c,3707585013.jpg,A heavy metal band plays an arena show.,contradiction,It cannot be both a small crowd and be an arena show
14603,3707585013.jpg#3r1n,3707585013.jpg,She is singing in front of a large audience.,neutral,"From image provided, I can not tell whether or not she is in front of a large audience."
11941,1288909046.jpg#0r5n,1288909046.jpg,A dog jumps into a pool to retrieve it's favorite play toy.,entailment,The dog jumps to go after its toy that is sure to go to the pool.
3425,1288909046.jpg#4r1c,1288909046.jpg,The cat purrs softly.,contradiction,A dog is not a cat.
9649,1288909046.jpg#3r1n,1288909046.jpg,A poodle jumps into a swimming pool after a squeaky toy.,neutral,A dog which does not look like a poodle jumps into a swimming pool.
38,3773323977.jpg#2r1e,3773323977.jpg,boys stand next to another boy sitting by the water,entailment,A LAKE IS WATER.
339,3773323977.jpg#0r1c,3773323977.jpg,Childern are sleeping,contradiction,Children cannot play while they are sleeping.
11214,3773323977.jpg#4r1n,3773323977.jpg,The children are siblings.,neutral,"The children could be siblings, however there is no clear indicator for that."
8464,2437392162.jpg#4r1e,2437392162.jpg,Children playing in the park.,entailment,Both subjects are at a park
8462,2437392162.jpg#2r1c,2437392162.jpg,Old men play on a jungle-gym.,contradiction,old men and children have different ages
12074,2437392162.jpg#2r1n,2437392162.jpg,Children play in a playground at an orphanage,neutral,"The image does show children playing on a playground, but there are no buildings or signs indicating that the play ground is at an orphanage or that the children playing are orphans."
1555,4549641134.jpg#2r1e,4549641134.jpg,The people are sitting in chars.,entailment,People are sitting in yellow chairs
7554,4549641134.jpg#4r1c,4549641134.jpg,The people are standing inside.,contradiction,The people cannot be both seated and standing. The people cannot be both outdoors and inside.
11740,4549641134.jpg#2r1n,4549641134.jpg,Some people are sitting in red chairs while others sit in yellow ones.,neutral,"There are people sitting in chairs, but it is not possible to tell the color of all the chairs in the picture."
6217,617782839.jpg#4r4e,617782839.jpg,A person is trying to move a projectile from where he is to another place.,entailment,Trying to move a projectile from where he is to another place is an elaborate way of saying shooting a bow and arrow.
6221,617782839.jpg#1r1c,617782839.jpg,An older woman wearing a chinese outfit shooting a large bow at a target,contradiction,man is contradictory to woman
11734,617782839.jpg#4r1n,617782839.jpg,The man is practicing.,neutral,The man looks like he might be practicing but this could be an official competition.
5181,5504963988.jpg#1r1e,5504963988.jpg,Some people are preparing a meal.,entailment,group of Asian people and Some people have similar meaning.
5722,5504963988.jpg#4r1c,5504963988.jpg,The Australians are doing all the hard work for the Asians.,contradiction,The asian workers cannot be Australians.
11241,5504963988.jpg#2r1n,5504963988.jpg,the workers are underpaid,neutral,"It is unclear whether these workers are underpaid or if they are even paid at all.  And they might be the board of directors out to investigate their business ""on the downlow""."
11584,5870701819.jpg#1r1n,5870701819.jpg,The dancers performed in a show.,entailment,There is a dancer in a picture and clothes and lights are enough in my opinion to suppose is a picture of a show
5159,5870701819.jpg#1r1c,5870701819.jpg,The dancers sat on stage in bland clothes.,contradiction,The clothes cannot be both bland and beautiful colors.
11897,5870701819.jpg#3r1n,5870701819.jpg,Two beautiful women dance at the celebration.,neutral,Two women are dancing but we don't know where
854,7081584189.jpg#0r1e,7081584189.jpg,A pair of kayakers going down the rapids.,entailment,A pair of athletes on a kayak are a pair of kayakers and rowing down a rapid is the same as going down rapids
4412,7081584189.jpg#1r1c,7081584189.jpg,People are indoors.,contradiction,it' not possible to be kayaking indoors
10026,7081584189.jpg#1r1n,7081584189.jpg,People are on vacation.,neutral,we cant assure that People are on vacation.
1322,4799951910.jpg#2r1e,4799951910.jpg,The men are seated.,entailment,It would make sense that men who are sitting around would be seated.
1321,4799951910.jpg#2r1c,4799951910.jpg,The men are eighteen years old.,contradiction,Eighteen is not old.
10451,4799951910.jpg#3r1n,4799951910.jpg,Some of the men are veterans.,neutral,There are several men in the photo but it's impossible to tell if they're veterans or not.
112,208025491.jpg#0r1e,208025491.jpg,A man is drinking beer.,entailment,HE IS WITH A BEER AND IS DRINKING IT.
14117,208025491.jpg#3r1n,208025491.jpg,The men are sitting at a bar.,contradiction,The men are standing outside at the park.
12521,208025491.jpg#4r1n,208025491.jpg,Two old friends chat and catch up at the park.,neutral,"Although there are two older gentleman who appear to be chatting in a park, there is no indication that they are old friends."
398,3944169186.jpg#0r2e,3944169186.jpg,A young female is playing basketball.,entailment,A basketball player is playing basketball.
399,3944169186.jpg#0r2c,3944169186.jpg,"A young female is indoors, nursing a hamstring injury.",contradiction,Person with hamstring injury will not be able to blocks another playing basketball.
10215,3944169186.jpg#0r2n,3944169186.jpg,A young female is participating in the annual basketball game for her school.,neutral,In above pic a young girl is practicing basket ball but in not clear that it is for annual day
8987,269440642.jpg#0r1e,269440642.jpg,a group of women do the hula dance,entailment,Four women is a group of women.
8986,269440642.jpg#0r1c,269440642.jpg,a man is doing the hula,contradiction,women and man are different gender
14319,269440642.jpg#2r1n,269440642.jpg,Friends are dancing while others watch intensely.,neutral,It is not clear whether they are friends or not.
9579,4821810079.jpg#0r1e,4821810079.jpg,The man is walking in a direction.,entailment,Walking towards is the same as walking in a direction.
12745,4821810079.jpg#3r1n,4821810079.jpg,Male vendor stands behind his fruit stand at marketplace,contradiction,"The male on the photo is not a vendor and he is in front of the stall, not behind."
9967,4821810079.jpg#0r1n,4821810079.jpg,The man wants to purchase some produce.,neutral,The information in the picture is inconclusive as to whether the man wishes to purchase produce.
4238,4052515931.jpg#4r1e,4052515931.jpg,People are talking in the street.,entailment,The people talking in the street are a man and a woman
4231,4052515931.jpg#3r1c,4052515931.jpg,The man is angry with the woman.,contradiction,One is not angry while smiling.
10074,4052515931.jpg#3r1n,4052515931.jpg,The man is flirting with the woman.,neutral,It is not clear the man is flirting with the woman.
7725,4676792744.jpg#1r1e,4676792744.jpg,A couple walks outside.,entailment,A busy area could be outside.
7724,4676792744.jpg#1r1c,4676792744.jpg,A couple is sitting at the park.,contradiction,One cannot walk while sitting at the same time.
12308,4676792744.jpg#0r1n,4676792744.jpg,The man is walking with his girlfriend.,neutral,"the man is walking alongside the girl it may be a friend or family, may not be his girlfriend."
1330,3486831654.jpg#0r1e,3486831654.jpg,The home plate is too dirty to view properly.,entailment,One might assume that home plate is too dirty to view properly and that is why it needs to be dusted off in order to see it better.
7850,3486831654.jpg#2r1c,3486831654.jpg,An umpire is chasing the pitcher around with a bat.,contradiction,Chasing and brushes are not the same.
12093,3486831654.jpg#3r1n,3486831654.jpg,It is the bottom of the ninth inning.,neutral,It is unclear if it is the bottom of the ninth inning.
3667,3856155585.jpg#2r1e,3856155585.jpg,Women standing looking at something.,entailment,Group of ladies are women.
13011,3856155585.jpg#1r1n,3856155585.jpg,A group of woman are tired of standing.,contradiction,A group of women are standing. But they are smiling and show no indication that they are tired.
9832,3856155585.jpg#3r1n,3856155585.jpg,Older women are reading books about art.,neutral,"From the image provided, I can not tell whether or not the books are about art or something else."
9548,5925539370.jpg#0r1e,5925539370.jpg,Three boys hold baseball gloves.,entailment,"There are three boys (a boy in blue uniform, boy in red boy in yellow) as they hold baseball gloves."
3615,5925539370.jpg#2r1c,5925539370.jpg,A girl is playing soccer on a field.,contradiction,Young boys is a different reference than a girl
12391,5925539370.jpg#0r2n,5925539370.jpg,Three boys are preparing for their big game that is about to start.,neutral,"There are three boys on a baseball field, we do not know if they are preparing for a big game about to start."
7773,2580707208.jpg#4r1e,2580707208.jpg,A man holds colorful hats.,entailment,Holding is holds.
1715,2580707208.jpg#0r1c,2580707208.jpg,The man is bald,contradiction,He can be either bald or have long hair. One cannot hold a hat on his elbow.
12789,2580707208.jpg#1r2n,2580707208.jpg,The main with the two hats is a magician.,neutral,we cant assure that The main with the two hats is a magician.
11940,3247052319.jpg#2r1n,3247052319.jpg,There is a man in a park.,entailment,This is a picture of a man riding an ATV in a park.
5177,3247052319.jpg#0r1c,3247052319.jpg,A man rides a horse.,contradiction,"An ATV is not an animal, it is a vehicle."
10120,3247052319.jpg#4r1n,3247052319.jpg,A man is being chased on his ATV.,neutral,We see a man on an ATV but we don't know if he's really being chased or just riding around.
5980,4966861386.jpg#0r1e,4966861386.jpg,A firefighter is standing next to a fire house.,entailment,Afirefighter is usually at the fire house
5981,4966861386.jpg#0r1c,4966861386.jpg,"A firefighter wearing a hard hat, carrying a tank on his back stands behind another man who is reaching in behind a fire hose in a wooden cabinet.",contradiction,A cabinet cannot be metal and wooden at the same time.
12653,4966861386.jpg#1r1n,4966861386.jpg,A firefighter dressed in red gear looking puzzled.,neutral,We cant assure that A firefighter dressed in red gear looking puzzled.
4638,3272847211.jpg#2r1e,3272847211.jpg,A group of people playing with a ball.,entailment,If the players are trying to get the ball from another player then they are playing with a ball.
4637,3272847211.jpg#2r1c,3272847211.jpg,A student studying for a test.,contradiction,The student couldn't try to get the ball and be studying for a test at the same time.
11159,3272847211.jpg#4r1n,3272847211.jpg,The basketball player was winning.,neutral,we cant assure that  The basketball player was winning.
5060,4890932738.jpg#3r1e,4890932738.jpg,A human is indoors.,entailment,"A person is the same as a human, and a long hall would be found indoors."
5059,4890932738.jpg#3r1c,4890932738.jpg,One person is sleeping at home.,contradiction,Sleeping and walking are different activies
11265,4890932738.jpg#4r1n,4890932738.jpg,The person can't stand this hallway.,neutral,There is no evidence to prove if the person can't sand the hallway.
3620,5430267989.jpg#1r1e,5430267989.jpg,A person is riding a horse.,entailment,A woman is a person.
3624,5430267989.jpg#3r1c,5430267989.jpg,A woman is cooking.,contradiction,One cannot be cooking while riding a horse
12426,5430267989.jpg#4r1n,5430267989.jpg,The young person is learning how to ride a horse.,neutral,A lady seen riding a horse doesn't mean that the person is learning how to ride a horse.
3468,2622624460.jpg#1r1e,2622624460.jpg,There is an animal in this picture,entailment,A dog is an animal.
3467,2622624460.jpg#1r1c,2622624460.jpg,He is having a melt down,contradiction,"He is either splashing in the water, or having a melt down."
11672,2622624460.jpg#1r1n,2622624460.jpg,He likes to play in the water,neutral,we cant assure that  He likes to play in the water
1730,101669240.jpg#4r3e,101669240.jpg,the man is on skis.,entailment,the man on skis is looking at the artwork
1727,101669240.jpg#2r3c,101669240.jpg,The snow painting displayed are destroyed by a careless skiier.,contradiction,A an can't ski past a man displaying paintings if the paintings have been destroyed.
11870,101669240.jpg#2r4n,101669240.jpg,A man is displaying paintings at a ski resort as part of an art festival.,neutral,It's unclear whether it's a ski resort as part of an art festival.
7542,4893369019.jpg#0r1e,4893369019.jpg,a crowd gathers for a concert,entailment,"A large group of men, women, and children refers to a crowd."
8264,4893369019.jpg#4r1c,4893369019.jpg,A crowd of people enjoy an acapella themed outdoor Justin Bieber concert.,contradiction,people sitting cannot be people enjoying a concert at the same time
12201,4893369019.jpg#3r1n,4893369019.jpg,The crowd is at a concert.,neutral,"The crowd is all looking in the same direction, but I cannot tell if they are watching a concert or not."
3698,4491044489.jpg#4r1e,4491044489.jpg,Two men on the ocean,entailment,"if they are making their way across the ocean, then they are on the ocean."
11504,4491044489.jpg#0r1n,4491044489.jpg,A man in red and a man in white are having a boat race,contradiction,"We do see a men in red and white but there is only one boat, so they can't be competing."
11597,4491044489.jpg#4r1n,4491044489.jpg,Two men on a boat in the ocean.,neutral,Two men are rowing a boat but it could be on a lake.
8667,62057380.jpg#4r1e,62057380.jpg,People walking.,entailment,A man and a woman are people.
9800,62057380.jpg#1r1n,62057380.jpg,The people are afraid,contradiction,The people would mean both are afraid. It appears this subject in the black undershirt and white over-shirt or jacket exhibits a face of confidence. So it would be safe to infer that not both people are afraid.
13207,62057380.jpg#3r1n,62057380.jpg,Two sad women run down the sidewalk at night.,neutral,The picture is overexposed so it is difficult to tell if the two people pictured are both female. The women's facial expressions are hard to see so it is unclear if they are sad. It does appear one of the women is in a run stance when the picture is taken. It is night and the two people are on a sidewalk.
5938,437549483.jpg#1r1e,437549483.jpg,A woman does martial arts.,entailment,A woman does martial arts because a woman is with a black belt which is some form of martial arts.
5937,437549483.jpg#1r1c,437549483.jpg,A man climbs a tree.,contradiction,There can either be a man or a woman. One cannot do martial arts in a tree
14481,437549483.jpg#3r1n,437549483.jpg,The barefoot black belt is practicing her martial arts with others.,neutral,The barefoot black belt appears to be practicing her martial arts but there are no other people around her doing the same. There is a person in the far left background and they are sitting down. She appears in the picture to be the only one practicing her martial arts.
6151,4812155149.jpg#4r1e,4812155149.jpg,man walks,entailment,It has already been stated that a man walks.
946,4812155149.jpg#2r1c,4812155149.jpg,There are no trees in this desert.,contradiction,one cannot be by a tree in the desert where there are no trees
11827,4812155149.jpg#0r1n,4812155149.jpg,He is walking slowly,neutral,"We cant assure that,He is walking slowly"
5415,380752558.jpg#1r1e,380752558.jpg,The girl is crying.,entailment,A little girl in pink is crying  is inferred as  The girl is crying.
5412,380752558.jpg#0r1c,380752558.jpg,Two guys are playing baseball.,contradiction,Guys and girl are two different genders.
12206,380752558.jpg#1r1n,380752558.jpg,The girl is the woman's daughter.,neutral,It can not be clearly said if girl is her daughter.
5687,4775763666.jpg#2r1e,4775763666.jpg,The women are sitting around the table.,entailment,Women sitting around the table must be gathered around a table.
5688,4775763666.jpg#2r1c,4775763666.jpg,There is a group of men sitting around the table.,contradiction,"the people gathering are either woman around a table or men sitting around a table, it cant be both."
10436,4775763666.jpg#1r1n,4775763666.jpg,Three women busy working on party schduling,neutral,"There are 3 women in the picture who may or may not be at work, and may or may not be planning a party."
4303,4650780114.jpg#0r1e,4650780114.jpg,people eating,entailment,There are many people eating at the food court.  It is a very popular place to eat.
4305,4650780114.jpg#1r1c,4650780114.jpg,A store is empty.,contradiction,The store is empty means that it cannot be full of people.
11682,4650780114.jpg#0r1n,4650780114.jpg,people on lunch break,neutral,"People appear to be in a food store, however, the time of day is not provided which does not prove that the people are on lunch break."
8269,2103080234.jpg#4r1e,2103080234.jpg,The people are enjoying themselves.,entailment,To blow bubbles at a festival is a kind of enjoying themselves.
8270,2103080234.jpg#4r1c,2103080234.jpg,The hippies are sleeping in a treehouse.,contradiction,TO BLOW IS NOT SLEEPING
11492,2103080234.jpg#4r1n,2103080234.jpg,The hippies are high as a kite.,neutral,They may or may not be hippies.
8046,4979293130.jpg#1r1e,4979293130.jpg,He is riding his scooter.,entailment,young boy is a he and red scooter is a scooter
2280,4979293130.jpg#4r4c,4979293130.jpg,A man points at a moped to ride it.,contradiction,Child and man are different.
13135,4979293130.jpg#4r3n,4979293130.jpg,A small child wants a moped.,neutral,"there is a small child playing with a moped, there is nothing suggesting that he actually wants it"
6408,4787867133.jpg#4r1e,4787867133.jpg,a man is sitting,entailment,A man is a man.
6927,4787867133.jpg#1r1c,4787867133.jpg,A man selling t shirts under a red umbrella.,contradiction,a man can either sell under green umbrella or red umbrella at the same time
12606,4787867133.jpg#4r1n,4787867133.jpg,a man is ordering food,neutral,"The man is standing by the food cart, but not sure if he is ordering it."
3565,4050916276.jpg#3r1e,4050916276.jpg,A child is cleaning a pool.,entailment,It says that he is standing by with a pole to clean so he is going to clean the pool.
3564,4050916276.jpg#3r1c,4050916276.jpg,A child is swimming in his neighbor's pool.,contradiction,"If a child is standing in a pool to clean it, they cannot be swimming while standing."
13108,4050916276.jpg#3r1n,4050916276.jpg,A child is cleaning a neighbor's pool.,neutral,There is a child seen cleaning or pretending to clean a pool but it cannot be determined from this image if it is the neighbor's pool.
2300,3308171165.jpg#3r1e,3308171165.jpg,a girl stares,entailment,the girl has a purple hat on
2304,3308171165.jpg#4r1c,3308171165.jpg,A girl is in the subway.,contradiction,Girl cannot be in the subway if she is outside a Domino's Pizza
11190,3308171165.jpg#4r1n,3308171165.jpg,A girl is against Dominos' wall.,neutral,Hard to tell is she is against a wall from this angle.
8729,3634400263.jpg#1r1e,3634400263.jpg,The boy jumped the concrete ramp.,entailment,If the boy is jumping the concrete ramp then the boy jumped the concrete ramp.
250,3634400263.jpg#4r1c,3634400263.jpg,The bicyclist is on the ground.,contradiction,Bicyclist can't be on the ground and doing a jump.
11465,3634400263.jpg#0r1n,3634400263.jpg,a man does a 360 on a bike at park,neutral,We cant assure that the man does a 360 on a bike at park
9109,1389264266.jpg#1r2e,1389264266.jpg,The girls hear is pink,entailment,The girls hair is pink because it is pink streaked.
3026,1389264266.jpg#2r1c,1389264266.jpg,Two men dressed as clowns are performing for an audience.,contradiction,They are either girls or men
12833,1389264266.jpg#1r1n,1389264266.jpg,Two friends are walking down the street and are being followed by someone.,neutral,"The women in the image may or may not be two friends, it could just be a coincidence that they are walking together like one person asking the other for directions and such."
6159,128395402.jpg#0r1e,128395402.jpg,A woman is riding her blue bike.,entailment,Rides is a form of riding
9330,128395402.jpg#2r1c,128395402.jpg,A woman with no jacket freezes in the street.,contradiction,"Either the woman is in a jacket, or she has no jacket."
14341,128395402.jpg#1r1n,128395402.jpg,A woman is riding her bike to work.,neutral,There is a woman riding a bike but can't tell if she's heading to work.
8595,4918525947.jpg#0r1e,4918525947.jpg,A woman in traditional Japanese clothing stands outside.,entailment,traditional Kimono and straw hat is a Japanese clothing
3605,4918525947.jpg#3r1c,4918525947.jpg,"The man, who is Chinese, is wearing a buisness suit.",contradiction,A lady dressed as a karat girl is not a man in a business suit.
11642,4918525947.jpg#2r1n,4918525947.jpg,The geisha is entertaining passerby.,neutral,We cant assure that The geisha is entertaining passerby.
8711,5399620276.jpg#1r1e,5399620276.jpg,A man rides a skateboard.,entailment,"If a young man skateboarding, then rides a skateboard."
8713,5399620276.jpg#0r1c,5399620276.jpg,A surfer sits on the beach.,contradiction,Skateboarder isn't surfer.
11393,5399620276.jpg#3r1n,5399620276.jpg,The skateboarder performs lots of tricks.,neutral,we cant assure that  The skateboarder performs lots of tricks.
6142,2543589122.jpg#1r1e,2543589122.jpg,An animal splashes through the water.,entailment,A dog is an animal.
6139,2543589122.jpg#4r2c,2543589122.jpg,A puppy plays in the desert.,contradiction,Playing in water is different to plays in the desert.
14719,2543589122.jpg#2r1n,2543589122.jpg,A dog attacks a stream of water directed at him by an irate owner.,neutral,"The dog might be playing with the water. Attacks is too strong a word for what the dog is doing. Also, we do not see any owner in the picture, so we have no idea if they are an irate owner or not."
3106,23016347.jpg#1r1e,23016347.jpg,A woman in shorts plays tennis.,entailment,She is hitting the tennis ball so she is playing tennis.
3105,23016347.jpg#1r1c,23016347.jpg,A group of boys play basketball.,contradiction,A woman is not a group of boys. Playing with a tennis ball is not the same as playing basketball.
14167,23016347.jpg#4r1n,23016347.jpg,The woman hits the tennis ball.,neutral,The tennis ball is up in the air so it is not possible to tell if the woman has or is about to hit it.
9198,1235455146.jpg#2r1e,1235455146.jpg,There are a lot of people on a beach.,entailment,"Two women, a man and a small child implies lot of people"
9205,1235455146.jpg#4r4c,1235455146.jpg,The family brought a sofa to sit.,contradiction,there is not sofa at a beach
9761,1235455146.jpg#3r1n,1235455146.jpg,The group of people sitting are from France,neutral,"we see a group of people sitting, but we have no information about their nationality"
1328,6647904677.jpg#4r1e,6647904677.jpg,A group is outdoors.,entailment,"Muslims is plural, so a group is implied. A street indicates outdoors."
7771,6647904677.jpg#1r1c,6647904677.jpg,Boys are lighting firecrackers.,contradiction,"They are either lighting firecrackers, or riding yellow bicycles."
10015,6647904677.jpg#0r1n,6647904677.jpg,A group of people a picking up biking as a hobby.,neutral,It's not clear if they are picking up biking as a hobby  It could be a one time thing.
4151,2657844508.jpg#4r1e,2657844508.jpg,A couple have some wine.,entailment,couple sitting on patio have some wine
4149,2657844508.jpg#2r1c,2657844508.jpg,A couple eating at mcdonalds,contradiction,Mcdonland's does not allow people to be enjoying wine.
11512,2657844508.jpg#4r1n,2657844508.jpg,A couple have some wine on their anniversary.,neutral,There is nothing to indicate that these people are a couple nor is there any indication that they are celebrating an anniversary.
2694,3584603849.jpg#2r1e,3584603849.jpg,The airplane is moving in the air.,entailment,The airplane is moving therefore it is implied that it is flying through the air
2699,3584603849.jpg#3r5c,3584603849.jpg,There is nothing in the air.,contradiction,If a plane does a loop in the air there is not nothing in the air.
12856,3584603849.jpg#4r1n,3584603849.jpg,The plane is falling down.,neutral,"The photo does not include the horizon and landscape, therefore, there is no way to reference another object to determine if the airplane is falling down."
6514,4900761380.jpg#2r1e,4900761380.jpg,Three men are near a fruit stand.,entailment,Hanging out outside of a fruit stand is a way of being near a fruit stand.
2328,4900761380.jpg#3r1c,4900761380.jpg,The three men are by a meat counter.,contradiction,The men can't be by the fruit stand and the meat counter at the same time.
12601,4900761380.jpg#4r1n,4900761380.jpg,The men are considering buying fruit.,neutral,"There are three men standing next to a fruit stand. And there is one man holding a spider man bag, but that does not mean he has fruit inside the bag."
806,3201517121.jpg#1r1e,3201517121.jpg,Two guys are going to fight.,entailment,ABOUT AND GOING ARE THE SAME.
1389,3201517121.jpg#3r1c,3201517121.jpg,Two people are talking to each other at the cafe.,contradiction,there cannot be a fight at a cafe
12225,3201517121.jpg#3r1n,3201517121.jpg,They are acting in a play.,neutral,They could very well be acting but it doesn't appear to be a play.
4092,2871691966.jpg#4r1e,2871691966.jpg,An event is taking place.,entailment,Catholic  mass is a form of an event.
4090,2871691966.jpg#3r1c,2871691966.jpg,A pastor stands in an empty church.,contradiction,"If the church members are there with the pastor, then the church is not empty."
6855,2871691966.jpg#1r1n,2871691966.jpg,A minister preaches his sermon while the congregation hangs on every word.,neutral,"The man may not be a minister who preaches a sermon, and we can't say the congregation hangs on to it."
459,3347798761.jpg#4r1e,3347798761.jpg,A person is riding a bike.,entailment,Doing a trick implies riding a bike.
3894,3347798761.jpg#0r1c,3347798761.jpg,A snowboarder performs a stunt over a hill.,contradiction,A motorbiker racer and a snowboarder are two separate sports/activities.
10903,3347798761.jpg#3r1n,3347798761.jpg,The biker is world famous.,neutral,The popularity of the biker being world famous cannot be determined because there are no crowds or fans to suggest so.
6363,4623000836.jpg#1r1e,4623000836.jpg,The youth are outside.,entailment,The group passes vehicles and a wall so they must be outside.
2738,4623000836.jpg#4r1c,4623000836.jpg,A group of black people are rioting.,contradiction,black people can be different from colored people and rioting is different from walking
12162,4623000836.jpg#0r1n,4623000836.jpg,A group of kids walking down an urban street to their friend's house for supper.,neutral,"While this photo clearly shows a group of young people (kids) in an urban environment (car parked on the street and graffiti on the wall), it is not clear where the group is headed."
4109,3246724744.jpg#3r1n,3246724744.jpg,A girl jumps on the beach.,entailment,Jumps in leaps.
4111,3246724744.jpg#1r1c,3246724744.jpg,A girl is watching TV in her bedroom.,contradiction,watching TV and jumping are different kind of actions
14230,3246724744.jpg#0r1n,3246724744.jpg,A women exercising at the beach.,neutral,The picture shows a woman (women) jumping at the beach. The woman may be exercising or just jumping for another reason.
3150,4222067827.jpg#1r1e,4222067827.jpg,A child dressed in a variety of items.,entailment,"child wearing a red helmet, cowboy vest, striped shirt, silver shorts and brown pants shows that a child dressed in a variety of items."
9878,4222067827.jpg#2r1n,4222067827.jpg,A child is ready for Halloween.,contradiction,Sign in background has a Christmas wreath and says Happy Holidays. Not decorated for Halloween.
11967,4222067827.jpg#3r1n,4222067827.jpg,A boy playing with a helmet at a party.,neutral,"The boy is playing with his helmet, but does not appear to be at a party."
9230,3609952704.jpg#0r1e,3609952704.jpg,A boy is holding a soccer ball.,entailment,A young boy is obviously a boy.
12691,3609952704.jpg#2r1n,3609952704.jpg,A boy holding a soccer ball made up of his favorite teams colors.,contradiction,"While the boy is holding a soccer ball, the soccer ball's colors do not match the colors on the team jersey he is wearing. People tend to wear their favorite teams jerseys, therefore the soccer ball is not made up of his favorite teams colors."
12160,3609952704.jpg#3r1n,3609952704.jpg,The boy wants to play on the track,neutral,It is unclear what the boy wants.
1513,2307757311.jpg#0r1e,2307757311.jpg,group of girls jumping over one another,entailment,Three girls playing can be a small group of girls.
2728,2307757311.jpg#2r1c,2307757311.jpg,"The boy, who had been lying on the floor, stood up and cheered.",contradiction,A boy cannot be standing up while laying on the floor.
9798,2307757311.jpg#3r1n,2307757311.jpg,Good humans playing.,neutral,We cant assure that Good humans playing.
13883,1505686764.jpg#1r1n,1505686764.jpg,The man is crossing a stream in the woods.,entailment,The man is crossing over rocks in a stream that is located within a wooded area.
2220,1505686764.jpg#2r1c,1505686764.jpg,A woman tackles a shirtless man.,contradiction,A shirtless man is either standing on the edge of a stream or being tackled by a woman.
11852,1505686764.jpg#2r5n,1505686764.jpg,A man ponders his fishing results while standing near the stream.,neutral,We cant assure the man ponders his fishing results
10362,3523559027.jpg#3r1n,3523559027.jpg,they are in formation on the field,entailment,The individuals are in a formation on a field
9378,3523559027.jpg#2r1c,3523559027.jpg,A group of people swimming.,contradiction,The people are on a field. There needs to be water to be swimming.
11730,3523559027.jpg#1r1n,3523559027.jpg,People are lining up to get into a concert,neutral,People are lining up but no way to tell if they are going to a concert.
4502,4507048434.jpg#3r1e,4507048434.jpg,A person is holding a phone.,entailment,"a man is a person. if he talks on a cellphone, he is holding a phone."
4494,4507048434.jpg#1r4c,4507048434.jpg,There is a man in a hat and coat reading a newspaper.,contradiction,It is extremely difficult to be talking on the phone while reading a newspaper.
10140,4507048434.jpg#1r3n,4507048434.jpg,The man is trying to get directions to the nearest pub to meet a friend.,neutral,We cannot tell from this photo if the man is trying to get directions or if he's having a different conversation on the phone.
7504,2278490028.jpg#2r1e,2278490028.jpg,A group takes part in outdoor activity.,entailment,Eight people are a group and rafting is an outdoor activity.
7501,2278490028.jpg#0r4c,2278490028.jpg,The bamboo raft is sinking with everyone on it.,contradiction,"""Bamboo raft"" is referring to one raft while ""bamboo rafts"" is plural and referring to multiple rafts."
11611,2278490028.jpg#4r1n,2278490028.jpg,People swimming in a cold waterfall.,neutral,People are pictured swimming in a waterfall but it is unclear whether or not the water is cold.
8912,7940321892.jpg#1r1e,7940321892.jpg,A car is moving quickly.,entailment,number 56 red racing car is a car
8910,7940321892.jpg#2r1c,7940321892.jpg,a red bright red car have 3 wheels only,contradiction,race car cannot have three wheels.
11455,7940321892.jpg#4r1n,7940321892.jpg,A guy is racing a go kart at a track.,neutral,"We cant assure that , A guy is racing a go kart at a track."
2125,3700322513.jpg#3r1e,3700322513.jpg,A man is holding a camera.,entailment,A man who is taking a picture must be holding a camera.
9505,3700322513.jpg#1r1c,3700322513.jpg,A skater is being photographed.,contradiction,A skater and cyclist are two different actions.
13467,3700322513.jpg#2r1n,3700322513.jpg,A man is doing tricks on a bike for a photo shoot in BMX dialy magazine.,neutral,We dont know if the one on the bike is a man or a woman and we dont know why the photo shoot is been done for.
4154,5389294129.jpg#1r1e,5389294129.jpg,Men are waving flags around proudly.,entailment,parade of men hold the flags proudly
13781,5389294129.jpg#0r1n,5389294129.jpg,A group of church clergy are waving flags for the Pope.,contradiction,neither church clergy or the pope are shown in this picture.
11502,5389294129.jpg#2r1n,5389294129.jpg,The people are celebrating their victory.,neutral,"It is unclear whether the people are celebrating their victory, perhaps it is a national day of celebration of their country."
12467,7498713846.jpg#0r1n,7498713846.jpg,A man has his hand on another mans back.,entailment,using his right hand the man touch mans back of another man
1344,7498713846.jpg#1r1c,7498713846.jpg,a woman prays,contradiction,"The subject is either a man or a woman, not both simultaneously."
12989,7498713846.jpg#2r1n,7498713846.jpg,Three friends enjoy each other's company.,neutral,We  cant say three friends enjoy each other's company.
6146,1542970158.jpg#3r1e,1542970158.jpg,Man working outside,entailment,"Since an older male is a man, people who are standing on a scaffolding are working, and scaffolding is outside, then the man working outside."
141,1542970158.jpg#1r1c,1542970158.jpg,The man is waiting for a giant gorilla,contradiction,it would be obvious that the man is waiting for a giant gorilla rather than him just looking outward
11047,1542970158.jpg#0r1n,1542970158.jpg,A man is working.,neutral,The man is on scaffolding but there is no way to tell he is actually working.
6470,5062422406.jpg#4r1e,5062422406.jpg,A man is golfing as others watch his swing.,entailment,They can only watch him if he is actly golfing.
7540,5062422406.jpg#2r1c,5062422406.jpg,The golfer wears no clothes and uses a baseball bat to hit a football.,contradiction,The golfer is wearing something so he has clothes on as opposed to no clothes.
10777,5062422406.jpg#2r1n,5062422406.jpg,The golfer is using his golf club to hit a ball towards the lake.,neutral,we know the golfer is going to hit the ball but do not know if it is towards a lake
6887,11551286.jpg#2r5e,11551286.jpg,An infant is crying.,entailment,baby is an infant.
6888,11551286.jpg#2r3c,11551286.jpg,The baby boy is happy.,contradiction,Happy and crying are different.
13516,11551286.jpg#2r5n,11551286.jpg,A baby boy is crying because he hasn't eaten.,neutral,A boy is crying
9236,2391442557.jpg#3r1e,2391442557.jpg,woman looks at phone,entailment,Looking at phone is the same as looks at phone.
11135,2391442557.jpg#1r1n,2391442557.jpg,A fashionable young lady does her make up while waiting for the bus.,contradiction,The young lady sits on bench while looking at her phone. It cannot be determined if she is doing her make-up or waiting at a bus stop.
12330,2391442557.jpg#4r1n,2391442557.jpg,A woman is waiting for someone.,neutral,We cant assure that the  woman is waiting for someone.
2375,1329832826.jpg#4r1e,1329832826.jpg,People are outside of a pharmacy.,entailment,Rite Aid Pharmacy is a pharmacy.
2191,1329832826.jpg#3r1c,1329832826.jpg,The people are flying across the street.,contradiction,The people are either looking to cross the street and haven't moved yet or flying across the street.
14447,1329832826.jpg#3r1n,1329832826.jpg,The people are wondering about the road.,neutral,"These people may not be wondering about anything at all, it is not clear from the image."
9133,3595412126.jpg#0r1e,3595412126.jpg,A couple of females both wearing pink drink pop while slanted against a tree.,entailment,"Two girls constitute a couple of females, and lean on a tree implies a person is slanted against a tree."
11318,3595412126.jpg#0r1n,3595412126.jpg,Two teenage girls in hot pink fur coats drink bottles of root beer while leaning on a pear tree.,contradiction,"The girls do not appear to teenagers, they are not wearing fur coats and they are drinking bottled water not root beer.  There is also no way to know if they are leaning against a pear tree or some other type of tree."
13595,3595412126.jpg#2r1n,3595412126.jpg,Two sisters are taking a break from raking the yard.,neutral,"Not sure if they are sisters, or they taking a break from raking the yard."
4968,3209564153.jpg#1r1e,3209564153.jpg,A man skiing with protective gear.,entailment,A man is skiing with protective gear on and that is a blue jacket with a helmet.
4969,3209564153.jpg#1r1c,3209564153.jpg,A woman ice skates.,contradiction,A man is different from a woman.
12198,3209564153.jpg#4r1n,3209564153.jpg,A person is competing in the Olympics.,neutral,We cant assure that the  person is competing in the Olympics.
8279,2517489722.jpg#1r2e,2517489722.jpg,A man walks in the woods while a young girl climbs.,entailment,trail in the woods is same as woods
8278,2517489722.jpg#4r1c,2517489722.jpg,The girl is sitting,contradiction,climbing  not the same as sitting
12552,2517489722.jpg#1r5n,2517489722.jpg,The young girl has scraped her knee on some boards of wood.,neutral,"We see a young girl climbing boards of wood, but we cannot see if she scraped her knee."
4707,4878415659.jpg#4r1e,4878415659.jpg,The child is looking upward.,entailment,Adult is taller than small child so they child have to looking upward to see them.
4713,4878415659.jpg#1r5c,4878415659.jpg,A small asian boy sits alone in his room.,contradiction,One can not be in his room and be down the street simultaneously.
14692,4878415659.jpg#1r5n,4878415659.jpg,A Korean boy looks back at his mother.,neutral,"the little boy is just looking at the person behind wearing high heel shoes, it's not sure he's korean, his traditional clothes could be from another country, and there is no way to know if the person behind is his mother"
6417,2618322793.jpg#4r1e,2618322793.jpg,a boy is swinging,entailment,The boy has to be outside to be swinging in the air
6421,2618322793.jpg#4r3c,2618322793.jpg,The boy is riding his bike down the street.,contradiction,A boy riding his bike cannot also swing in the air.
11980,2618322793.jpg#1r1n,2618322793.jpg,A boy is on a swing that hangs from a tree.,neutral,A boy is on a swing but it is unclear if the swing hangs from a tree or from a play set.
92,4948865477.jpg#1r1e,4948865477.jpg,Rain is falling from the sky.,entailment,Rain is falling because the man is sitting in the rain.
86,4948865477.jpg#0r5c,4948865477.jpg,The man is swimming in the ocean on top of the moon.,contradiction,The man cannot be sleeping and swimming at the same time. There is no water on the moon.
13477,4948865477.jpg#0r4n,4948865477.jpg,A man falls asleep fishing with friends.,neutral,we cant assure that A man falls asleep fishing with friends.
2834,1417941060.jpg#4r1e,1417941060.jpg,A baby is playing.,entailment,"If a baby plays, it is playing."
2836,1417941060.jpg#3r1c,1417941060.jpg,the baby is holding a gun,contradiction,A baby cannot be holding a gun and a head simultaneously.
13940,1417941060.jpg#4r1n,1417941060.jpg,The baby is happy.,neutral,The baby looks attentive and is caressing a boy but it's unclear if the baby is happy or not.
8268,6152180229.jpg#3r1e,6152180229.jpg,People showing off a beverage.,entailment,drink can also be called as beverages.
8267,6152180229.jpg#3r1c,6152180229.jpg,Enemies shooting each other.,contradiction,FRIENDS ARE NOT ENEMIES
8273,6152180229.jpg#1r1n,6152180229.jpg,The people are enjoying their energy drinks.,neutral,It can not be inferred that the people are necessarily enjoying their drinks.
8562,3079917032.jpg#2r1e,3079917032.jpg,There are three women.,entailment,Two Asian women and an older woman are the same as three women.
11666,3079917032.jpg#1r1n,3079917032.jpg,A woman crossing the street to get coffee.,contradiction,3 woman togetter
11061,3079917032.jpg#3r1n,3079917032.jpg,The woman walks through a busy street.,neutral,"The image shows a woman and a busy street behind her. One could only assume she crossed the busy street for the picture to be taken. However, she could have originated on the same street her picture was taken."
4878,4838106858.jpg#1r1e,4838106858.jpg,A man is reading.,entailment,A man is reading book while in a train station.
4879,4838106858.jpg#0r1c,4838106858.jpg,a man waiting for the train watches a movie,contradiction,reading a book and watches a movie are different actions
13478,4838106858.jpg#0r1n,4838106858.jpg,a guy waiting for a ride reads game of thrones,neutral,a guy waiting for a ride reads a book but this book may be  game of thrones
3471,4759710534.jpg#4r1e,4759710534.jpg,Nancy has a tattoo.,entailment,Nancy is the woman with a tattoo on her back.
9652,4759710534.jpg#1r1n,4759710534.jpg,The tattoo is very colorful.,contradiction,this back tattoo is in fact not colorful and is just the outline.
13683,4759710534.jpg#0r1n,4759710534.jpg,The woman has numerous tattoos all over her body.,neutral,"The woman has a visible tattoo on her back, its not clear if she has any more tattoos all over her body."
216,4772885285.jpg#2r1e,4772885285.jpg,A woman is outside under a blue umbrella.,entailment,In the rain implies outside.
222,4772885285.jpg#4r1c,4772885285.jpg,A woman is walking in the sunshine.,contradiction,"In imagery, it does not rain and have sun at the same time."
9593,4772885285.jpg#0r1n,4772885285.jpg,A lady with a large black bag is walking in the rain near the park.,neutral,"A lady with a large black bag is walking in the rain, no evidence of a park."
7267,2881378816.jpg#2r1e,2881378816.jpg,The cityscape has alot going on.,entailment,A busy city with people painting and playing music has alot going on.
7268,2881378816.jpg#2r1c,2881378816.jpg,The cityscape is recently built.,contradiction,The cityscape cannot be recently built and historical at the same time.
9677,2881378816.jpg#1r1n,2881378816.jpg,The man sitting down is thinking intensively.,neutral,"We cant assure that, The man sitting down is thinking intensively."
6632,470887785.jpg#2r1e,470887785.jpg,The lady is speaking.,entailment,giving a speech involves speaking so a lady giving a speech is speaking.
6628,470887785.jpg#4r1c,470887785.jpg,A woman singing at a concert,contradiction,either the woman is speaking or singing
9975,470887785.jpg#4r1n,470887785.jpg,A girl protesting at an event,neutral,can't tell if  protesting or event.
4661,2728607980.jpg#1r1e,2728607980.jpg,People at an old building,entailment,Here a lot of people are at an old building
4656,2728607980.jpg#4r5c,2728607980.jpg,The event finished yesterday.,contradiction,People cannot be gathered at an event if the event finished in the past.
13905,2728607980.jpg#4r4n,2728607980.jpg,Hundreds of happy people are gathered,neutral,people are gathered at a place not sure they are happy
11861,4781019036.jpg#0r1n,4781019036.jpg,The people are riding a roller coaster.,entailment,Label: EntailmentExplanation: People are riding a roller coaster
1562,4781019036.jpg#3r1c,4781019036.jpg,The kids are on a boat.,contradiction,On a ride does not necessarily mean on a boat
14279,4781019036.jpg#1r1n,4781019036.jpg,People brace themselves on a carnival ride at the state fair.,neutral,People appear to brace themselves on a ride. It is unclear if this is an amusement park or a state fair.
649,3494151850.jpg#4r1e,3494151850.jpg,Rescue workers in a boat on the water.,entailment,The fact that the boat is racing to somewhere implies that the boat is on the water since boats can only maneuver on water.
8344,3494151850.jpg#1r1c,3494151850.jpg,Three men are fishing from their anchored boat.,contradiction,The three men cannot be in an anchored boat and a racing boat at the same time.
10960,3494151850.jpg#0r1n,3494151850.jpg,The sailboat makes a deft turn in the regatta.,neutral,It is not clear whether the sailboat is making a turn or not.
3978,3468635980.jpg#4r1e,3468635980.jpg,A man is using the wall for support.,entailment,"When someone is leaning on something, they are using it for support."
3979,3468635980.jpg#4r1c,3468635980.jpg,A man is walking past the checkout.,contradiction,One cannot lean against a wall and walk past a checkout at the same time.
13394,3468635980.jpg#1r1n,3468635980.jpg,The older man is heading to the library.,neutral,"There is an older man on a bus, which would suggest he is going somewhere. The only problem is, there is no certainty on whether or not he is heading to the library. He could be heading home or somewhere else."
8779,95795877.jpg#1r1e,95795877.jpg,A tired young man.,entailment,Taking a nap shows that you are tired.
8778,95795877.jpg#3r1c,95795877.jpg,The man is running through the field.,contradiction,The same subject cannot be sitting and running at the same time.
12008,95795877.jpg#4r1n,95795877.jpg,A man sleeps on the train on his way home.,neutral,"We cant assure that,A man sleeps on the train on his way home."
1354,509987636.jpg#4r1e,509987636.jpg,A man wears a hat near some art.,entailment,The man is sitting near art.
11283,509987636.jpg#3r1n,509987636.jpg,A man looking at photos of his family as he sits on his couch.,contradiction,"The man in the picture is sitting and looking off-screen, he is clearly not sitting on his couch."
12203,509987636.jpg#0r1n,509987636.jpg,a man in a hat looking at art.,neutral,"The image depicts a man in a hat looking off-camera, but it is unclear whether he is looking at art or not."
3192,5733760.jpg#1r1e,5733760.jpg,The instructor speaks to the class with a microphone.,entailment,The person is an instructor because the person is a teacher.
14725,5733760.jpg#0r4n,5733760.jpg,A man is wearing shorts.,contradiction,The man is not wearing shorts.
10237,5733760.jpg#4r1n,5733760.jpg,The man on stage is a comedian.,neutral,The man on stage coulb be is a comedian.
4634,28041138.jpg#2r1e,28041138.jpg,The man is wearing a straw hat.,entailment,A man wearing a straw hat is wearing a straw hat.
4627,28041138.jpg#0r5c,28041138.jpg,A man wearing singing into a microphone and playing a bass while standing nude.,contradiction,A man cannot be wearing clothes and be nude at the same time
11578,28041138.jpg#0r1n,28041138.jpg,"A man is performing for his local fire hall, during the autumn.",neutral,A man is definitely performing but one cannot say if it is for a local fire hall and it may or may not be durimg the autumn.
1955,2549946671.jpg#3r1e,2549946671.jpg,There is a child in this picture,entailment,A little boy is a child.
1962,2549946671.jpg#0r1c,2549946671.jpg,A boy with a blue shirt runs across the street.,contradiction,Blue is a different color than orange.
10060,2549946671.jpg#3r1n,2549946671.jpg,The child is talking to his mother on the cell,neutral,Whether the child is talking to his mother or to his father on the cell is not clear in this photo.
772,2404959574.jpg#0r1e,2404959574.jpg,There is a woman looking at something.,entailment,A woman looking at something is brunette.
775,2404959574.jpg#2r1c,2404959574.jpg,A man attends to a ram at the veterinarians office.,contradiction,Woman and man aren't used interchangeably.
12337,2404959574.jpg#0r1n,2404959574.jpg,There is a woman at a zoo.,neutral,A woman observes a ram from behind a fence at a zoo or farm.
6664,3880726770.jpg#4r1e,3880726770.jpg,There are a lot of wood chips.,entailment,hold wood chips means there are a lot of wood chips.
8078,3880726770.jpg#3r1c,3880726770.jpg,Women are selling squash.,contradiction,Grains are not squash.
12686,3880726770.jpg#0r1n,3880726770.jpg,The local shop has plenty of rare spices for sale.,neutral,I can not tell from the image whether or not the spices are rare or even if they are for sale.
8331,4791513183.jpg#2r1e,4791513183.jpg,There is a girl waiting by the door.,entailment,A doorway often contains a door
8330,4791513183.jpg#2r1c,4791513183.jpg,The girl is repairing the door.,contradiction,Standing and repairing the door refer to different activities.
11779,4791513183.jpg#1r1n,4791513183.jpg,The child is waiting to go into the building.,neutral,"there is a child at the door of a building, but can't tell why"
1423,3297272270.jpg#4r1e,3297272270.jpg,Some guys are wearing ballerina clothes.,entailment,Four is another form of some. A tutu is a form of ballerina clothes.
1426,3297272270.jpg#0r1c,3297272270.jpg,Four tennis team members wear all white outfits.,contradiction,They are either members of a band or members of a tennis team.
13055,3297272270.jpg#0r1n,3297272270.jpg,Four male members of a band wear all white outfits that include white skirts over white pants and white tank tops.,neutral,"There is four male band memebers wearing white outfits, however the skirts look pink,"
3579,4712411908.jpg#3r1e,4712411908.jpg,a person is posing.,entailment,The girl is a person and she is posing a yoga move.
3588,4712411908.jpg#0r4c,4712411908.jpg,A man puts on eyeliner.,contradiction,A lady is not a man.
10415,4712411908.jpg#3r1n,4712411908.jpg,a person is doing yoga.,neutral,it is possible that the woman is doing yoga
6131,3540241710.jpg#0r1e,3540241710.jpg,"A man who is hunkered down, heads down a ramp on his skateboard.",entailment,A man is riding a skateboard on a ramp.
14407,3540241710.jpg#4r1n,3540241710.jpg,A skateboarder does tricks in the middle of a huge manufacturing plant.,contradiction,A man is seen walking along a slope and is not doing any tricks.
14276,3540241710.jpg#1r1n,3540241710.jpg,A skateboarder practicing their new trick.,neutral,There is a skateboarder on his skate but we don't know whether it is a new trick or not.
12647,514165525.jpg#2r1n,514165525.jpg,The people are scared.,entailment,In this picture the people on this ride look a lot like children.
7936,514165525.jpg#2r1c,514165525.jpg,There is noone operating the ride.,contradiction,One person cannot be operating the ride if there is none operating the ride.
7934,514165525.jpg#3r1n,514165525.jpg,There are seven people sitting on what appears to be a carnival ride.,neutral,Several people does not imply that there are exactly seven people.
9183,4899635195.jpg#0r1e,4899635195.jpg,Two women stand in the street.,entailment,"Women can be young, and in the, and in a are interchangeable."
8657,4899635195.jpg#2r1c,4899635195.jpg,There is no one next to the railing.,contradiction,It can either be ladies or no one.
11134,4899635195.jpg#1r1n,4899635195.jpg,The woman are waiting for the bus to go to work.,neutral,"Although the woman look like they are waiting on something, I do not see a bus sign."
5176,213583123.jpg#0r1e,213583123.jpg,There was a safety patrolman with yellow on that fell asleep in the chair.,entailment,A man could be a safety patrolman. They are wearing yellow. They are both asleep in a chair.
3810,213583123.jpg#1r1c,213583123.jpg,A man is putting eye drops in his wide open eyes.,contradiction,"a woman has her eyes closed , not a man with his eyes wide open"
12752,213583123.jpg#3r1n,213583123.jpg,A woman is unconcious.,neutral,"From the image provided, I can not tell whether or not she is unconcious or just sleeping."
13472,3955157194.jpg#1r1n,3955157194.jpg,A young girl sits behind a machine.,entailment,it shows a girl behind a machine.
6698,3955157194.jpg#3r1c,3955157194.jpg,A boy is sleeping.,contradiction,A girl is not a boy.
6699,3955157194.jpg#4r1n,3955157194.jpg,A brown haired boy sets beside a sewing machine.,neutral,A child can be either a boy or a girl.  Machinery can be of any type and a sewing machine is only one such type.
766,3243866702.jpg#4r1e,3243866702.jpg,Someone is handing out water.,entailment,A young boy is someone.
14185,3243866702.jpg#0r1n,3243866702.jpg,The young kids are at a petting zoo.,contradiction,They are not at a petting zoo.
12481,3243866702.jpg#2r1n,3243866702.jpg,The children own the turtle.,neutral,we cant assure that The children own the turtle.
2154,1012150929.jpg#1r1e,1012150929.jpg,A child is away from home.,entailment,"A boy is in McDonald's, which is not his home."
11879,1012150929.jpg#1r5n,1012150929.jpg,The boy is playing video games with two of his friends.,contradiction,Though the boy is playing video game he is not with two friends
12107,1012150929.jpg#0r1n,1012150929.jpg,A boy is having a birthday party at McDonald's and there is a Nintendo Gamecube set up.,neutral,we cant assure that A boy is having a birthday party at McDonald's and there is a Nintendo Gamecube set up.
3995,697582336.jpg#1r1e,697582336.jpg,The dog is running outside.,entailment,Grass is grown outside.
13758,697582336.jpg#4r1n,697582336.jpg,The beagle runs around on the soccer field.,contradiction,"The dog in the photo is not a beagle, and not on a soccer field."
9784,697582336.jpg#3r1n,697582336.jpg,Dog runs outside with his owner.,neutral,there is no one running with the dog but may just be around
4312,8143343377.jpg#1r1e,8143343377.jpg,Two people performing.,entailment,Band mates would be considered people.
8700,8143343377.jpg#0r1c,8143343377.jpg,"Two women, one playing the violin and the other playing the drums.",contradiction,The two women cannot be two men playing.
12137,8143343377.jpg#2r1n,8143343377.jpg,The band is playing Beatles songs.,neutral,we cant assure that The band is playing Beatles songs.
13769,392467282.jpg#1r1n,392467282.jpg,the dogs are playing together in the snow,entailment,"Two dogs are sprinting together in the snow, clearly at play."
13138,392467282.jpg#3r1n,392467282.jpg,The dogs are playing with the kid.,contradiction,The is no kid pictured with the dogs.
13836,392467282.jpg#4r1n,392467282.jpg,The dogs are excited to be outdoors.,neutral,dogs may excited to be outdoor or just running
571,1737441377.jpg#0r3e,1737441377.jpg,A man and a boy adorned in colorful garments shop the produce market.,entailment,"White, orange, and blue articles of clothing are colorful garments. Standing over and looking at produce is done by shoppers."
565,1737441377.jpg#0r3c,1737441377.jpg,A man kidnaps a small boy from the produce square.,contradiction,The man would not be able to kidnap the boy if he is busy looking over the produce with the child.
10442,1737441377.jpg#0r2n,1737441377.jpg,The man and his son selling vegetables at a market.,neutral,"Though the placement of the seat and wheeled cart suggest selling of vegetables, there is no way for sure to know they are being sold. There is no evidence in the photo of a market and also no way to determine if the boy is the man's son."
6897,2579460386.jpg#2r1e,2579460386.jpg,A dog in water.,entailment,A dog is a body in water
6898,2579460386.jpg#3r1c,2579460386.jpg,Cats swimming in the water.,contradiction,Cats and a dog are different animals.  Swimming and jumping cannot take place at the same time.
14381,2579460386.jpg#3r1n,2579460386.jpg,A dog just got a bath.,neutral,we cant assure that A dog just got a bath.
3642,1286805224.jpg#4r1e,1286805224.jpg,A woman is smiling.,entailment,A lady is a woman.
3630,1286805224.jpg#2r5c,1286805224.jpg,Woman is frowning out the window.,contradiction,Smiling and frowning cannot be done simultaneously.
3633,1286805224.jpg#2r4n,1286805224.jpg,A woman serving food inside a food truck,neutral,Not every woman inside a food truck is serving food.
6174,4912431886.jpg#4r1e,4912431886.jpg,A window cleaner is at work.,entailment,Repelling down a building is often work.
6177,4912431886.jpg#0r2c,4912431886.jpg,Nobody has a bucket.,contradiction,window-water carrying a bucket is contradictory to nobody has a bucket
6189,4912431886.jpg#3r1n,4912431886.jpg,An old man washing windows on a tall red brick building.,neutral,The man may not be old and the wall may be short of tall.
341,3643981804.jpg#2r1e,3643981804.jpg,A human reaching.,entailment,The fact that a human is reaching would imply that it is a man who is reaching up to an object.
10562,3643981804.jpg#4r1n,3643981804.jpg,The sign is faded.,contradiction,The sign is not faded but clear and vibrant.
12835,3643981804.jpg#1r2n,3643981804.jpg,A man pointing at the sign of his real estate company.,neutral,"There is a man in the picture pointing to a real estate sign, but we have no way to determine if the company is his or not."
8099,3365783912.jpg#4r1e,3365783912.jpg,Two men travel on foot.,entailment,To walk is a form of foot travel and the city is the location of the two men's travel.
9545,3365783912.jpg#0r1c,3365783912.jpg,They propel themselves down the street with rockets,contradiction,Men being propeled by rockets wouldn't be walking
10275,3365783912.jpg#3r1n,3365783912.jpg,The two people are going to meet up with their friends.,neutral,"There are two men walking down the street, but their destination is unknown. We only see men walking down the street beside each other and it isn't even obvious that they are even friends with each other."
1647,3466635681.jpg#3r1e,3466635681.jpg,a person cleans up in thailand,entailment,The woman cleaning is a person.
1646,3466635681.jpg#3r1c,3466635681.jpg,a woman cleans white pillars in korea,contradiction,The woman can either be in Thailand or korea.
13009,3466635681.jpg#0r1n,3466635681.jpg,The woman is cleaning the columns of a museum.,neutral,We cant assure that The woman is cleaning the columns of a museum.
790,3169184260.jpg#4r1e,3169184260.jpg,I received a toy for Christmas.,entailment,My new toy implies received a toy.
9455,3169184260.jpg#2r1c,3169184260.jpg,A boy in white pajamas plays.,contradiction,The boy wears either green pajamas or white pajamas.
11796,3169184260.jpg#1r1n,3169184260.jpg,boy got new gift,neutral,There is no way to know if the boy got a new gift or not.
4800,201314419.jpg#0r1e,201314419.jpg,Two people looking out at the ocean and sky.,entailment,Two people looking at ocean and sky is the same as two people looking at ocean and sky.
4803,201314419.jpg#2r1c,201314419.jpg,A couple watching an ugly sunset on the sea side.,contradiction,The sunset is either beautiful or ugly. It cannot be both simultaneously.
14207,201314419.jpg#4r1n,201314419.jpg,A newlywed couple enjoys the sunset on a cruise ship.,neutral,You can not tell if this couple is newlywed.
2884,3084472304.jpg#3r1e,3084472304.jpg,Workers are cleaning a road.,entailment,Workers who are cleaning are cleanup workers.
3489,3084472304.jpg#1r1c,3084472304.jpg,The workmen are sleep.,contradiction,The workman are either repairing the street or they are sleep.
10667,3084472304.jpg#1r1n,3084472304.jpg,They are reparing the stretty,neutral,"While they could be reparing the stretty, they could also be tearing it down"
2952,6333818443.jpg#2r2e,6333818443.jpg,The woman leaps into the air.,entailment,"""The woman leaps into the air"" is a less detailed version that does not include the part where she is also balancing a cup."
2954,6333818443.jpg#2r5c,6333818443.jpg,The woman is sitting in a chair.,contradiction,A woman can not be sitting in a chair and leaping.
13774,6333818443.jpg#2r2n,6333818443.jpg,The woman makes sure the glass cup does not break.,neutral,To make sure that the glass cup does not break a woman jumped and caught it.
2105,3944497603.jpg#4r1e,3944497603.jpg,Worker sleeping.,entailment,A bus worker is a type of worker.
83,3944497603.jpg#3r1c,3944497603.jpg,The person is wearing a pink rain coat while running through the forest.,contradiction,"Orange clothing is different from a pink rain coat, and a person cannot be lying on a wall and running through the forest simultaneously."
11113,3944497603.jpg#0r1n,3944497603.jpg,a person on an entrance corridor,neutral,"There is a person on a corridor. But, it could be the exit, not the entrance."
1809,3114944484.jpg#3r1e,3114944484.jpg,A little girl is around a lot of people.,entailment,A crowd is a lot of people.
1812,3114944484.jpg#1r1c,3114944484.jpg,the girl is wearing green,contradiction,The girl is being described as wearing two completely different colors.
10704,3114944484.jpg#4r1n,3114944484.jpg,People face away from the camera because they do not want their pictures taken.,neutral,Watching entertainment afar facing away from camera
14619,4912808658.jpg#2r1n,4912808658.jpg,A musician is playing on the street side.,entailment,The man is playing his drum on the side of a street.
5597,4912808658.jpg#2r1c,4912808658.jpg,A musician is singing in the bar.,contradiction,The musician is either on the sidewalk or in the bar.
10336,4912808658.jpg#4r1n,4912808658.jpg,The drums are nice to hear.,neutral,"It is unclear if the drums are indeed nice to hear, or to know if this man has every played drums at any time in his life before this picture was taken."
8201,269898428.jpg#4r1e,269898428.jpg,A man with a power tool,entailment,"It is implied he is using a power tool to ""drills."""
9746,269898428.jpg#0r1n,269898428.jpg,The stuffed animal is furry and pink.,contradiction,There is no pink and furry stuffed animal
13007,269898428.jpg#2r1n,269898428.jpg,The man is fixing the stuffed animal.,neutral,he is doing something with animal doll may be fixing or playing
1058,1138784872.jpg#1r1e,1138784872.jpg,A kid is wearing green,entailment,The child is wearing a one piece suit that is green
2369,1138784872.jpg#4r1c,1138784872.jpg,A man is running indoors.,contradiction,A child is not a man and it is not possible to walk on the sidewalk while running indoors.
12927,1138784872.jpg#3r1n,1138784872.jpg,The girl is on her way to a movie.,neutral,we cant assure that The girl is on her way to a movie.
7287,2978040423.jpg#0r1e,2978040423.jpg,The woman is standing near a cart that has various beverages.,entailment,"Near and beside can mean the same thing, and both indicate close proximity."
11026,2978040423.jpg#0r3n,2978040423.jpg,The woman is tall.,contradiction,The woman is not tall compared to her cart.
11079,2978040423.jpg#4r1n,2978040423.jpg,The lady with the vending car is selling ice cream in the middle of the beach,neutral,"There is a lady with a vending car, in an area that looks like a beach - but it is unclear if she is selling ice cream."
4486,430964917.jpg#3r1e,430964917.jpg,A person riding a bike.,entailment,A man is a person.
4484,430964917.jpg#1r1c,430964917.jpg,The person is rollerblading.,contradiction,You cannot ride a bicycle and roller-blade.
4488,430964917.jpg#3r1n,430964917.jpg,A hipster riding a bike.,neutral,A man can wear plaid without being a hipster
14484,3240637051.jpg#0r1n,3240637051.jpg,A group is putting on a performance.,entailment,They appear to be playing music for a large group of people.
8707,3240637051.jpg#1r1c,3240637051.jpg,The woman is sewing clothes for her customers.,contradiction,A girl and a woman are not the same.
11715,3240637051.jpg#2r1n,3240637051.jpg,The kids can't stand playing instruments,neutral,Just because they are not playing instruments doesn't mean that they can't stand to do it.  They could be taking a break.
3356,2822265828.jpg#2r1e,2822265828.jpg,The cheerleaders are at a sporting event.,entailment,"The cheerleaders are on the sideline, waiting for some reason. We can infer that, because of the use of the word sideline, that they are at a sporting event of some kind."
3357,2822265828.jpg#4r1c,2822265828.jpg,The football players are shaking pom poms.,contradiction,"If there is a game the cheerleaders would not be sitting on a bench.  The cheerleaders would be cheering.  The football players would not be shaking pom poms, they would be playing football."
10812,2822265828.jpg#4r1n,2822265828.jpg,Cheerleaders are sitting on a bench waiting for halftime.,neutral,There are cheerleaders sitting on a bench but whether or not they are waiting for halftime is not indicated
5869,241347243.jpg#0r1e,241347243.jpg,An Oklahoma quarterback prepares to receive a snap,entailment,An Oklahoma quarterback is in red Sooners jersey.
5870,241347243.jpg#4r1c,241347243.jpg,They eat the field,contradiction,Players cannot be on the field and eat it simultaneously.
10599,241347243.jpg#0r1n,241347243.jpg,An Oklahoma quarterback calls out an audible before the snap,neutral,"Calling out an audible does not always happen before a football is snapped, so we can't know that's what that QB is doing."
7602,541063419.jpg#0r1e,541063419.jpg,they are outside,entailment,If there are mountains then they are outside
7607,541063419.jpg#2r1c,541063419.jpg,Nobody is sitting,contradiction,If nobody is sitting then there cannot be a man sitting.
14090,541063419.jpg#1r1n,541063419.jpg,a hiker reaches the summit of Mt. Bradly,neutral,We cannot tell if the hiker is at Mt. Bradly or if he is somewhere else.
2103,905355838.jpg#0r1e,905355838.jpg,People are watching a game.,entailment,The people watching the game are the same people the ballplayer is playing in front of.
2102,905355838.jpg#1r1c,905355838.jpg,A player wearing number 21 is staring at the outfield.,contradiction,There are either 19 or 21.
13977,905355838.jpg#3r1n,905355838.jpg,player just hit home run,neutral,"It's impossible to tell from the photo what just happened. The player may have just hit a home run, but that can't be determined for sure."
7118,450688968.jpg#3r1e,450688968.jpg,Someone is playing soccer.,entailment,"A soccer player is someone, and one must kick the ball in order to play soccer."
7120,450688968.jpg#1r1c,450688968.jpg,Nobody is playing soccer.,contradiction,A soccer player wouldn't be dribbling a ball if nobody is playing.
12258,450688968.jpg#4r1n,450688968.jpg,A guy steals the soccer ball.,neutral,The guy could be kicking the soccer ball around. There's no evidence showing he steals the ball.
6533,512309690.jpg#0r1e,512309690.jpg,The woman is sitting in a chair,entailment,One who sits is sitting.
10021,512309690.jpg#1r1n,512309690.jpg,The woman is playing the guitar in front of a building.,contradiction,The woman is not playing guitar. She is playing another instrument.
12475,512309690.jpg#4r1n,512309690.jpg,A woman performing a concert.,neutral,"The women could be performing a concert, or she could be teaching a music lesson. The photo does not specify."
733,3560502528.jpg#1r1e,3560502528.jpg,A red bike has yellow handlebars.,entailment,has  implies with
11396,3560502528.jpg#0r1n,3560502528.jpg,"Three young men stand by their bicycles on the wooden platform, after having crashed.",contradiction,The three young men seem to be inspecting the bike tire that is standing against the side walk and not on a wooden platform and they are definitely not standing.
11303,3560502528.jpg#1r1n,3560502528.jpg,A red bike is repaied by three young men for competition,neutral,"Three young men is seen near a red bike ,but cant be sure it is repaired for competition."
6115,81125088.jpg#0r1e,81125088.jpg,The child dressed entirely in red.,entailment,A child dressed entirely in red is dressed in red.
6114,81125088.jpg#0r1c,81125088.jpg,The child dressed in entirely black sat on the ground.,contradiction,Black and red are different colors  child who is truck cannot be on the ground
9835,81125088.jpg#3r1n,81125088.jpg,A boy picks up trash in front of his home.,neutral,We don't know that he's in front of his home.
1548,3636936656.jpg#2r1e,3636936656.jpg,A female is wearing dark clothes.,entailment,Overcoat are always dark clothes.
9928,3636936656.jpg#0r1n,3636936656.jpg,The woman has nice legs.,contradiction,Her legs are not very visible in the picture.
14175,3636936656.jpg#2r1n,3636936656.jpg,A woman is getting ready for work.,neutral,It cannot be clearly said if she is getting ready for work or something else.
7767,524036004.jpg#0r1e,524036004.jpg,The boy is jumping into the pool.,entailment,A boy in blue and red trunks is a type of boy.
492,524036004.jpg#4r1c,524036004.jpg,The boy is climbing a tree.,contradiction,The boy that jumps into the pool cannot be the one climbing the tree.
10659,524036004.jpg#2r1n,524036004.jpg,The boy is in the pool and trowing the ball with his friends.,neutral,The boy is in pool and could be throwing the ball with his friends or relatives.
5753,2701892321.jpg#1r1e,2701892321.jpg,Two people are doing karate.,entailment,hitting each other in a karate match implies they are doing karate.
784,2701892321.jpg#2r1c,2701892321.jpg,There was no chun kuk do tournament held and spectators grew angry.,contradiction,If there is no chun kuk do tournament then there can be chun kuk do tournament held.
12251,2701892321.jpg#3r1n,2701892321.jpg,A contest took place to win others.,neutral,A contest took place but not necessarily to win others.
7217,3965771582.jpg#0r1e,3965771582.jpg,The men are on a work break.,entailment,BECAUSE THE MAN ARE IN WORK CLOTHS WE CAN ASSUME THEY ARE ON A BREAD AND REST.
2144,3965771582.jpg#4r1c,3965771582.jpg,13 teenagers are talking about whether or not to rob the truck nearby.,contradiction,Men are not teenagers. The teenagers decided to rob the truck might not be the same truck the four men are talking by.
11671,3965771582.jpg#4r1n,3965771582.jpg,Four truckers are talking about how they can fix the truck they are next to.,neutral,"In this picture it shows 4 people talking next to a truck, but it does not prove they are truckers or show what they are talking about"
5711,6059154572.jpg#3r1e,6059154572.jpg,There is water in the picture.,entailment,"If someone does something in the water, there is water next to them, so if one sees them one also sees water."
7097,6059154572.jpg#0r1c,6059154572.jpg,The teenager is not near water.,contradiction,If one is not near water one cannot also be in water.
14518,6059154572.jpg#3r1n,6059154572.jpg,The boarder is very tan.,neutral,We do not know if this boarder is tan compared to others or to his regular skin tone.
2881,393043864.jpg#2r1e,393043864.jpg,Some vegetables are sitting.,entailment,A collection of vegetables are the same as some vegetables.
2880,393043864.jpg#2r1c,393043864.jpg,There are only fruits.,contradiction,A collection of vegetables cannot be made of only fruits.
13109,393043864.jpg#3r1n,393043864.jpg,The picture is old.,neutral,We have no idea how old the picture is.
55,466877726.jpg#0r1e,466877726.jpg,Two men doing construction work.,entailment,Being in construction hats while guiding a cart implies doing construction work.
4411,466877726.jpg#1r1c,466877726.jpg,A puppy is sitting.,contradiction,The subject could be either a puppy or a man.
14104,466877726.jpg#3r1n,466877726.jpg,A man pulling a cart of bricks to the construction site.,neutral,It is unclear whether the man is pulling those bricks to the construction site or to return them to Home Depot.
5767,2527411111.jpg#3r1e,2527411111.jpg,A couple gets intimate,entailment,Kissing is an intimate action.
5766,2527411111.jpg#1r1c,2527411111.jpg,Three people are kissing inside an abandoned barn.,contradiction,There are either two or three people.
10896,2527411111.jpg#2r1n,2527411111.jpg,A married man and woman kiss,neutral,A man and woman seen kissing in a street doesn't mean that the person is a married man.
14576,4925573161.jpg#2r1n,4925573161.jpg,A tall human cycling,entailment,there is a human that looks tall and he is cycling.
7999,4925573161.jpg#0r2c,4925573161.jpg,The man is driving a car.,contradiction,Bicyclist and car are different.
14445,4925573161.jpg#0r4n,4925573161.jpg,A person rides a bike on a mostly cloudy day.,neutral,It does not appear to be mostly cloudy you cannot see the sky
3111,4695471709.jpg#2r1e,4695471709.jpg,Crowd near statue,entailment,crowd near a large green statue.
3108,4695471709.jpg#0r1c,4695471709.jpg,The statue is located in the very bottom of the stairs.,contradiction,Stairs have steps.
14271,4695471709.jpg#0r1n,4695471709.jpg,The trip to see the statue is very long.,neutral,"We cant assure that,the trip to see the statue is very long."
28,3539960792.jpg#3r1e,3539960792.jpg,The player is ready to hit.,entailment,A baseball player getting ready to bat is ready to hit something.
32,3539960792.jpg#4r1c,3539960792.jpg,An athlete is playing piano.,contradiction,A baseball player cannot hold a bat and play the piano at the same time.
14605,3539960792.jpg#4r1n,3539960792.jpg,The man will hit a ball.,neutral,There is no indication in the image that the man will hit the ball.
1964,4633043171.jpg#2r1e,4633043171.jpg,A well dressed man is waiting for his bus ride.,entailment,A man in a long coat and dress pants implies a well dressed man and he being looking up at a sign on a bus as it passes by means waiting for his bus ride.
1965,4633043171.jpg#0r1c,4633043171.jpg,the blue double decker bus never runs on time,contradiction,"One bus is red, the other is blue."
12918,4633043171.jpg#3r1n,4633043171.jpg,A man waiting to go to work.,neutral,It is not apparent if he will go to work or not.
4373,3667781063.jpg#2r1e,3667781063.jpg,The people are on a boat.,entailment,People in Venice implies people.
6941,3667781063.jpg#0r1c,3667781063.jpg,The people are driving a car up the canal.,contradiction,The people are either using the boat system or driving a car.
10683,3667781063.jpg#4r1n,3667781063.jpg,people are going out to eat on a gondola.,neutral,"There are people in the gondola, but there is nothing to indicate they are going out to eat."
6624,144571886.jpg#4r1e,144571886.jpg,A lady is enjoying her new car,entailment,SHE IS PROMOTING HER NEW CAR.
9358,144571886.jpg#3r1c,144571886.jpg,A car is driving itself off the cliff.,contradiction,A car driving itself off the cliff couldn't have been the one on display.
13270,144571886.jpg#0r4n,144571886.jpg,A saleswoman stands in front of a Chevrolet sign.,neutral,"While this woman is standing in front of a Chevrolet sign, she could be a spokesperson for the brand and may not be a saleswoman."
12865,3539817989.jpg#0r1n,3539817989.jpg,A person about to feed some cats outside.,entailment,"The man and the cats are outside, and i can conclude that the cats are about to be fed (or are being fed) because of the way they are surrounding the man & scouring the ground."
3245,3539817989.jpg#1r1c,3539817989.jpg,A woman is sleeping surrounded by several cats.,contradiction,A man is not a woman.
13840,3539817989.jpg#3r1n,3539817989.jpg,The man is feeding them.,neutral,could be feeding them
10541,3909552008.jpg#0r1n,3909552008.jpg,Three men are working on the possibly damaged telephone tower.,entailment,The men appear to be working on a telephone tower.
364,3909552008.jpg#1r1c,3909552008.jpg,There is a group of women climbing trees.,contradiction,workers could be men or women and telephone pole is not tree
14030,3909552008.jpg#2r1n,3909552008.jpg,Three people are working on broken telephone lines.,neutral,"Although three people are working, but it is not clear it is telephone or electronic line."
4526,5623287052.jpg#4r1e,5623287052.jpg,A man is shopping.,entailment,A cart used in a store of a grocery aisle is considered shopping.
4527,5623287052.jpg#4r1c,5623287052.jpg,A man is sleeping.,contradiction,"If a man is sleeping, the man cannot simultaneously be in the grocery store."
10068,5623287052.jpg#1r1n,5623287052.jpg,The man is trying to pick out what cereal to choose.,neutral,The man could be picking out cereal or awaiting someone.
5273,4831683216.jpg#3r1e,4831683216.jpg,A girl in a bikini is outside.,entailment,The girl is in her bikini since she is at thebeach
5276,4831683216.jpg#0r1c,4831683216.jpg,The girl is drinking milk from a sippy cup.,contradiction,A green bottle and a sippy cup are different items.
13737,4831683216.jpg#1r1n,4831683216.jpg,The girl threw a pool party for her birthday.,neutral,Just because a girl is standing at a beach doesn't mean she threw a pool party for her birthday.
51,2731298834.jpg#2r1e,2731298834.jpg,the mother and sons are swimming,entailment,"sons means more than one sons, so sons is refer to two sons."
44,2731298834.jpg#1r1c,2731298834.jpg,The life vests are brown.,contradiction,the life vests are blue rather than brown
9692,2731298834.jpg#0r1n,2731298834.jpg,The family swims from the sinking canoe.,neutral,we cant assure that The family swims from the sinking canoe.
4358,1196746186.jpg#0r4e,1196746186.jpg,A beach has footprints.,entailment,"If she walks on the beach in someone's footprints, then the beach has footprints."
4360,1196746186.jpg#3r4c,1196746186.jpg,The woman is cooking dinner.,contradiction,Woman can not be carrying shoes and walking on a beach while also cooking dinner
12689,1196746186.jpg#3r4n,1196746186.jpg,The woman is on vacation.,neutral,It is not apparent if she is on vacation.
9410,2971478694.jpg#4r1e,2971478694.jpg,The dresses vary in color in this photo.,entailment,dresses that vary in color are colorful dresses
8431,2971478694.jpg#3r1c,2971478694.jpg,Women disperse to go back to work.,contradiction,"If women have gathered to listen to speakers, they cannot disperse to return to work."
9639,2971478694.jpg#3r1n,2971478694.jpg,Women gather for a rally.,neutral,women gather for lots a reasons
4475,3482974845.jpg#0r1e,3482974845.jpg,Two dogs running on the beach.,entailment,The two running dogs are black and white.
4483,3482974845.jpg#4r1c,3482974845.jpg,3 cats on the beach,contradiction,two dogs  is not the same as 3 cats
10152,3482974845.jpg#1r1n,3482974845.jpg,Two dogs are following a seagull.,neutral,The two dogs are clearly following in the same direction and may or may not be following a seagull.
5459,2396746868.jpg#3r1e,2396746868.jpg,the boy is sliding,entailment,We know that the little boy is sliding because he is going down a blue slide.
14042,2396746868.jpg#4r1n,2396746868.jpg,A boy wearing jeans going down a slide.,contradiction,"A boy wearing shorts, not jeans is going down a slide."
10848,2396746868.jpg#0r1n,2396746868.jpg,The little boy is jealous of the other boy playing on the slide.,neutral,The picture shows two boys. One boy is playing on the slide and the other boy is standing next to it. There's no evidence that the little boy is jealous of the other boy for using the slide.
8245,2831215155.jpg#4r1e,2831215155.jpg,A woman is looking through something,entailment,She is either in a field near a car using binoculars or she isn't.
8241,2831215155.jpg#1r1c,2831215155.jpg,"She is standing on molten lava, studying her shoe melting rate.",contradiction,A meadow is not molten lava.
10752,2831215155.jpg#3r1n,2831215155.jpg,A blue car is approaching a man standing in a field.,neutral,It is not clear that the car is approaching the man. It could well be parked and not moving at all.
2190,7616312438.jpg#1r1e,7616312438.jpg,The man is blowing through his mouth.,entailment,A saxophone can only be played by blowing through one's mouth.
2189,7616312438.jpg#1r1c,7616312438.jpg,The man is playing football.,contradiction,playing football is different from playing a saxophone
9776,7616312438.jpg#0r1n,7616312438.jpg,a man playing a saxophone for money,neutral,It is not apparent if he is doing it for money or not.
6583,252846811.jpg#0r1e,252846811.jpg,Two dogs are interacting outside.,entailment,The dogs are interacting by roughhousing.
6584,252846811.jpg#0r1c,252846811.jpg,A goat is eating from a trashcan.,contradiction,Dogs are not a goat.
11541,252846811.jpg#4r1n,252846811.jpg,The dogs are friends.,neutral,It is unclear if the dogs are friends. They could be playing or fighting.
8955,322563288.jpg#3r1e,322563288.jpg,A young girl plays outside.,entailment,THE FOREST LOG IS OUTSIDE.
8952,322563288.jpg#2r1c,322563288.jpg,There are two boys playing inside,contradiction,the two boys wont like to play with blond girl
9621,322563288.jpg#4r1n,322563288.jpg,A girl in the woods behind her house.,neutral,We don't know where her house is.
5890,4980795412.jpg#3r1e,4980795412.jpg,The curb was very crowded,entailment,If many shoppers are on a curb then the curb will be very crowded.
5891,4980795412.jpg#3r1c,4980795412.jpg,The crowd was being directed into the movie theater slowly,contradiction,The crowd can be on the curb or going into the movie theater.
13734,4980795412.jpg#1r1n,4980795412.jpg,A man is reading about the latest sports scores to bet tonight.,neutral,"There is a man reading, but we cannot see if he's reading sports scores or something else."
9445,3327761688.jpg#0r1e,3327761688.jpg,An expensive car is parked.,entailment,It is described that an expensive car is parked.
9444,3327761688.jpg#0r1c,3327761688.jpg,The man is inside the car.,contradiction,The man can't be sitting inside and standing outside the car at the same time
7269,3327761688.jpg#4r1n,3327761688.jpg,A man is standing next to a bmw and working a slimjim into the window.,neutral,Just because a man is standing next to a BMW does not mean that he is working a slimjim into the window.
8801,3595080592.jpg#4r1e,3595080592.jpg,Two kids are smiling.,entailment,Children and kids are the same.
8802,3595080592.jpg#4r1c,3595080592.jpg,The kids are very angry!,contradiction,You would not smile if you were angry.
11249,3595080592.jpg#4r1n,3595080592.jpg,The kids are happy because school is cancelled.,neutral,The kids are happy but there is not way of telling if it is because school is cancelled.
11292,3094629328.jpg#0r1n,3094629328.jpg,A man is digging.,entailment,A man appears to be digging with a small object in his right hand and is holding a shovel in his left hand.
1200,3094629328.jpg#1r1c,3094629328.jpg,A man is dancing with wire.,contradiction,One cannot be digging and dancing at the same time.
12729,3094629328.jpg#1r1n,3094629328.jpg,A man is waiting with a hand tool,neutral,There is a man holding a tool but no way to tell whether he is waiting.
3481,4893545292.jpg#1r1e,4893545292.jpg,A woman is taking a picture.,entailment,woman is taking a picture is same as woman is taking a picture
9152,4893545292.jpg#0r1c,4893545292.jpg,A woman is sleeping outside.,contradiction,One cannot be sleeping and standing simultaneously.
11160,4893545292.jpg#0r5n,4893545292.jpg,A woman looks at a bird's nest.,neutral,A woman looks at something but there is no bird
74,2949337912.jpg#1r2n,2949337912.jpg,The surfer is in the ocean.,entailment,Waves are found in the ocean.
13385,2949337912.jpg#3r1n,2949337912.jpg, A person is surfing a big hundred foot wave.,contradiction,the person surfing is not riding a hundred foot wave.
11221,2949337912.jpg#0r1n,2949337912.jpg,The man loves the ocean.,neutral,we cant assure that The man loves the ocean.
456,4563177695.jpg#1r1e,4563177695.jpg,The two people are sitting down.,entailment,Two people in yellow vests refers to the two people. Sit in front of gates refers to sitting down.
14123,4563177695.jpg#4r1n,4563177695.jpg,The workers are janitors.,contradiction,There are no workers in the photo and because there are no people there is nothing indicating or even implying that there might be janitors.
9814,4563177695.jpg#0r1n,4563177695.jpg,Two workers take a break together.,neutral,It can't be seen from the photo whether these workers are taking a break or not.
4376,2281054343.jpg#3r1e,2281054343.jpg,A man is wearing a hat.,entailment,The silhouette of a man is in a hat so the man is wearing a hat.
8698,2281054343.jpg#1r1c,2281054343.jpg,A person sunbathes near buildings with signs.,contradiction,if a person sunbathes they are not wearing a black coat while tanning.
11228,2281054343.jpg#0r1n,2281054343.jpg,the man is going to work,neutral,The person is a man but may be headed to destinations other than work even though he is dressed formally.
4514,4567003374.jpg#4r1e,4567003374.jpg,A man is playing an instrument.,entailment,a trumpet is a type of instrument
4515,4567003374.jpg#1r1c,4567003374.jpg,A tractor spews black smoke.,contradiction,A man is not a tractor.
12023,4567003374.jpg#0r1n,4567003374.jpg,They are playing jazz.,neutral,They are playing music but it is impossible to tell if it is jazz music.
8361,59303979.jpg#3r1e,59303979.jpg,The man is outside on the boat.,entailment,A man can be cruising on a boat only when he is outside.
10757,59303979.jpg#0r1n,59303979.jpg,A old man is talking to himself about the object he is seeing.,contradiction,Man is not old and not talking but laughing and unknown what he is laughing about.
10210,59303979.jpg#3r1n,59303979.jpg,The man is steering the boat.,neutral,The image does not show the man's torso so we cannot see if he is steering the boat
8966,2113592981.jpg#1r1e,2113592981.jpg,A woman is outside.,entailment,A woman in a park will be outside.
11452,2113592981.jpg#2r1c,2113592981.jpg,A young naked Asian woman is jumping into the air in a crowded city,contradiction,She is not naked.
12148,2113592981.jpg#1r1n,2113592981.jpg,An Asian woman is happy.,neutral,"Can't say for sure that is is an Asian woman. No evidence that she is happy, except that she is raising her hands"
4425,3186527735.jpg#0r1e,3186527735.jpg,There is a man and a woman.,entailment,There is a man and woman on the sidewalk so there exist a man and woman.
4424,3186527735.jpg#1r1c,3186527735.jpg,The woman is alone.,contradiction,Another person is contradictory to alone.
10113,3186527735.jpg#1r1n,3186527735.jpg,The woman is walking with her daughter.,neutral,There are two women walking but they don't have to be mother and daughter
1985,1872000955.jpg#1r1e,1872000955.jpg,People are standing near rocks.,entailment,"if they are in the middle of rocks, they are near rocks."
2711,1872000955.jpg#0r5c,1872000955.jpg,The workers are working on water.,contradiction,Workers can't be digging into a hole if they are working on water.
13180,1872000955.jpg#3r1n,1872000955.jpg,Men digging a grave.,neutral,There is not a lot of digging in this image and no sight of a grave. Only one man holds a tool in his hand.
4768,3477315700.jpg#2r1e,3477315700.jpg,A girl is bungee jumping.,entailment,Little girl is a girl. So a girl is bungee jumping is the inference.
4769,3477315700.jpg#2r1c,3477315700.jpg,A man is skydiving.,contradiction,A little girl can not be a man.
11817,3477315700.jpg#0r1n,3477315700.jpg,The jacket is warm.,neutral,A girl is shown wearing a jacket on a swing but it is impossible to tell if she is warm.
2182,3043510721.jpg#1r1e,3043510721.jpg,The man is not wearing masculine clothes.,entailment,In a pink and white pinstriped shirt implies not wearing masculine clothes.
11290,3043510721.jpg#3r1n,3043510721.jpg,An old man plays music on the street.,contradiction,The old man is indeed playing music but it appears that he is playing music indoors based on the walls
2178,3043510721.jpg#2r1n,3043510721.jpg,"He is playing the flute solo from ""Colour My World"".",neutral,He isn't necessarily playing the solo from 'Colour My World'.
5912,2608623292.jpg#0r1e,2608623292.jpg,The man's buttocks are on the bench.,entailment,Sitting involves putting your buttocks down.
8928,2608623292.jpg#3r1c,2608623292.jpg,A man is walking to the store.,contradiction,A man is either walking or sitting.
5917,2608623292.jpg#2r1n,2608623292.jpg,An elderly man is sitting in a park.,neutral,not every man is elderly.
10821,3515451715.jpg#2r1n,3515451715.jpg,There are children at a park.,entailment,Children are playing on the swings and it looks like a park.
1094,3515451715.jpg#3r1c,3515451715.jpg,The mom and kids are in the kitchen.,contradiction,"The mom is pushing her kids on the swing, which implies that they're outside and not in the kitchen."
14728,3515451715.jpg#4r1n,3515451715.jpg,a woman playing with her children,neutral,You cannot tell if those are her children or not.
12527,2230363312.jpg#1r1n,2230363312.jpg,An older fellow walks alone on a sidewalk.,entailment,I can see the older man  walking alone on the sidewalk.
6995,2230363312.jpg#2r1c,2230363312.jpg,A man wearing a red coat is running a race.,contradiction,One man is wearing a brown jacket while the other is wearing a red coat.
13282,2230363312.jpg#2r1n,2230363312.jpg,A man wearing a brown jacket has a hole in his jeans pocket.,neutral,There is no way to tell if this man has a hole in his pocket.
6402,439171995.jpg#0r1e,439171995.jpg,The man composes something,entailment,The man types which means he composes something.
6401,439171995.jpg#1r1c,439171995.jpg,A woman in a blue shirt is typing on a laptop computer.,contradiction,"A man and a woman are different persons, white and blue are different colors."
13924,439171995.jpg#4r1n,439171995.jpg,A man plays video games online with his friends.,neutral,It cannot be clearly seen if he is playing video games or doing something else.
5147,118939364.jpg#1r3e,118939364.jpg,The woman knows how to use a sewing machine.,entailment,A woman in a brown sweater is sewing on her machine means the woman under reference must be knowing how to use a sewing machine.
5151,118939364.jpg#1r2c,118939364.jpg,The woman doesn't have a sewing machine.,contradiction,One cannot be sewing on her machine if she doesn't have a sewing machine.
14722,118939364.jpg#0r1n,118939364.jpg,The woman is sewing a dress.,neutral,"She is seeing, but there is no evidence that it is a dress."
8643,4704083135.jpg#0r1e,4704083135.jpg,A woman in a bluish white dress is dancing.,entailment,The person is a woman because she is an African American woman.
8646,4704083135.jpg#2r1c,4704083135.jpg,A woman crosses her legs.,contradiction,One cannot twirl and cross her legs simultaneously..
11276,4704083135.jpg#0r1n,4704083135.jpg,A woman is dancing with a man.,neutral,We do not know if she is dancing with a man because a man is not in the picture.
5333,160566014.jpg#0r5e,160566014.jpg,A woman and a man is sitting on the hood of the car with their backs turned to us.,entailment,if a man and a woman sit on a car then they are a woman and a man and they are sitting on the hood.
947,160566014.jpg#3r1c,160566014.jpg,The man and woman look nervously at the stormy sky as their hot-air balloon careens out of control.,contradiction,They can either be sitting on a parked car or in their hot air balloon.
14051,160566014.jpg#0r4n,160566014.jpg,Someone secretly photographs two people on a car.,neutral,Someone photographed two people sitting on a car but not clear if it was secretly taken.
4832,214166720.jpg#3r1e,214166720.jpg,A man is sitting.,entailment,Man is sitting on a blue rug with a stuffed animal.
4829,214166720.jpg#2r1c,214166720.jpg,A man is showing his bike to his friends.,contradiction,either a man wearing a shirt and showing his bike are cannot be performed at a time.
13827,214166720.jpg#3r1n,214166720.jpg,A man is giving a stuffed animal to a child.,neutral,No child is seen and it is unclear if the man has taken the toy or is giving the toy.
4892,2806632713.jpg#1r1e,2806632713.jpg,The person is wearing clothes.,entailment,wearing white shirts and shorts shows that the person is wearing clothes
2184,2806632713.jpg#3r1c,2806632713.jpg,There is an entertainer that is trying something new at night.,contradiction,It is not obvious that the person suspended is an entertainer.
14523,2806632713.jpg#4r1n,2806632713.jpg,A person is thrown gleefully screaming into the air by a bungee-jumping ride,neutral,"The person is flying through the air on bungee cords, but it unclear if they are gleefully screaming. Their face is not shown in the photo."
3827,5691210724.jpg#3r1e,5691210724.jpg,Two women are performing together.,entailment,Playing saxophones is the same as performing together
5496,5691210724.jpg#2r1c,5691210724.jpg,Some girls are dancing in ballet class.,contradiction,Some girls are either playing saxophones together or dancing in ballet class.
11300,5691210724.jpg#0r1n,5691210724.jpg,Two jazzwomen improvise together.,neutral,"There are two women in the photo, but we do not know if they are jazzwomen or if they are improvising."
1748,3399284917.jpg#0r1e,3399284917.jpg,Someone is swinging.,entailment,"If a boy swings, then someone is swinging."
4738,3399284917.jpg#1r1c,3399284917.jpg,The woman is driving a car.,contradiction,One cannot stand outdoor while driving a car.
11658,3399284917.jpg#3r1n,3399284917.jpg,A mother is pushing her child on a swing.,neutral,We do not know from the photo if the woman is the child's mother or not.
8884,2123995873.jpg#4r1e,2123995873.jpg,A construction worker is not currently working.,entailment,"Leaning against a post implies someone is resting, or not currently working."
4343,2123995873.jpg#2r1c,2123995873.jpg,A woman is driving by a stop sign.,contradiction,"The woman cannot be driving through a construction site, and she should not be driving past the stop sign without stopping. Alternatively, the construction worker is the same woman who is driving, in which case she cannot be driving by a stop sign and leaning against a traffic light pole at the same time."
12209,2123995873.jpg#1r1n,2123995873.jpg,A construction worker leans up against a pole to take a smoke break.,neutral,"While people do take smoke breaks, the image doesn't show the construction worker smoking."
