image,hypothesis_text,gold_label,weight
/home/z/zhangyon/.cache/kagglehub/datasets/hsankesara/flickr-image-dataset/versions/1/flickr30k_images/flickr30k_images/2607097757.jpg,The hole in the ground is intentional,0,1.0
/home/z/zhangyon/.cache/kagglehub/datasets/hsankesara/flickr-image-dataset/versions/1/flickr30k_images/flickr30k_images/2607097757.jpg,The worker is on his lunch break,2,1.0
/home/z/zhangyon/.cache/kagglehub/datasets/hsankesara/flickr-image-dataset/versions/1/flickr30k_images/flickr30k_images/2607097757.jpg,The hat is white,1,1.0
/home/z/zhangyon/.cache/kagglehub/datasets/hsankesara/flickr-image-dataset/versions/1/flickr30k_images/flickr30k_images/3046312861.jpg,A girl is in the middle of training,0,1.0
/home/z/zhangyon/.cache/kagglehub/datasets/hsankesara/flickr-image-dataset/versions/1/flickr30k_images/flickr30k_images/3046312861.jpg,A girl plays volleyball with an Alabama sign in the background,2,1.0
/home/z/zhangyon/.cache/kagglehub/datasets/hsankesara/flickr-image-dataset/versions/1/flickr30k_images/flickr30k_images/3046312861.jpg,A girl from Georgia State University trains for the Olympic gymnastics team,1,1.0
/home/z/zhangyon/.cache/kagglehub/datasets/hsankesara/flickr-image-dataset/versions/1/flickr30k_images/flickr30k_images/3620764461.jpg,Children are napping on a floor,0,1.0
/home/z/zhangyon/.cache/kagglehub/datasets/hsankesara/flickr-image-dataset/versions/1/flickr30k_images/flickr30k_images/3620764461.jpg,Kids are playing outside,2,1.0
/home/z/zhangyon/.cache/kagglehub/datasets/hsankesara/flickr-image-dataset/versions/1/flickr30k_images/flickr30k_images/3620764461.jpg,Some friends are having a sleepover,1,1.0
/home/z/zhangyon/.cache/kagglehub/datasets/hsankesara/flickr-image-dataset/versions/1/flickr30k_images/flickr30k_images/2952320230.jpg,a child was there,2,1.0
/home/z/zhangyon/.cache/kagglehub/datasets/hsankesara/flickr-image-dataset/versions/1/flickr30k_images/flickr30k_images/2952320230.jpg,A man is falling down stairs,2,1.0
/home/z/zhangyon/.cache/kagglehub/datasets/hsankesara/flickr-image-dataset/versions/1/flickr30k_images/flickr30k_images/2952320230.jpg,The tennis player practiced swinging the racket,1,1.0
/home/z/zhangyon/.cache/kagglehub/datasets/hsankesara/flickr-image-dataset/versions/1/flickr30k_images/flickr30k_images/191592626.jpg,A man is rock climbing,0,1.0
/home/z/zhangyon/.cache/kagglehub/datasets/hsankesara/flickr-image-dataset/versions/1/flickr30k_images/flickr30k_images/191592626.jpg,The man is sitting on the couch,2,1.0
/home/z/zhangyon/.cache/kagglehub/datasets/hsankesara/flickr-image-dataset/versions/1/flickr30k_images/flickr30k_images/191592626.jpg,The man is young,1,1.0
/home/z/zhangyon/.cache/kagglehub/datasets/hsankesara/flickr-image-dataset/versions/1/flickr30k_images/flickr30k_images/3747007211.jpg,A skier is about to descend,0,1.0
/home/z/zhangyon/.cache/kagglehub/datasets/hsankesara/flickr-image-dataset/versions/1/flickr30k_images/flickr30k_images/3747007211.jpg,A man tubing on snow with mountains in the background,2,1.0
/home/z/zhangyon/.cache/kagglehub/datasets/hsankesara/flickr-image-dataset/versions/1/flickr30k_images/flickr30k_images/3747007211.jpg,A young lad looking down a mountain,1,1.0
/home/z/zhangyon/.cache/kagglehub/datasets/hsankesara/flickr-image-dataset/versions/1/flickr30k_images/flickr30k_images/2841909138.jpg,A girls feet are exposed,0,1.0
/home/z/zhangyon/.cache/kagglehub/datasets/hsankesara/flickr-image-dataset/versions/1/flickr30k_images/flickr30k_images/2841909138.jpg,A girl is inside watching tv,2,1.0
/home/z/zhangyon/.cache/kagglehub/datasets/hsankesara/flickr-image-dataset/versions/1/flickr30k_images/flickr30k_images/2841909138.jpg,The woman is an author,1,1.0
/home/z/zhangyon/.cache/kagglehub/datasets/hsankesara/flickr-image-dataset/versions/1/flickr30k_images/flickr30k_images/2147866213.jpg,A man has a a dog and a beer,0,1.0
/home/z/zhangyon/.cache/kagglehub/datasets/hsankesara/flickr-image-dataset/versions/1/flickr30k_images/flickr30k_images/2147866213.jpg,The dog is talking about beer to his master,2,1.0
/home/z/zhangyon/.cache/kagglehub/datasets/hsankesara/flickr-image-dataset/versions/1/flickr30k_images/flickr30k_images/2147866213.jpg,The man is drinking beer while petting his dog,1,1.0
/home/z/zhangyon/.cache/kagglehub/datasets/hsankesara/flickr-image-dataset/versions/1/flickr30k_images/flickr30k_images/1453366750.jpg,Two women are indoors,0,1.0
/home/z/zhangyon/.cache/kagglehub/datasets/hsankesara/flickr-image-dataset/versions/1/flickr30k_images/flickr30k_images/1453366750.jpg,The kids were sitting at their desks,2,1.0
/home/z/zhangyon/.cache/kagglehub/datasets/hsankesara/flickr-image-dataset/versions/1/flickr30k_images/flickr30k_images/1453366750.jpg,Children are playing,1,1.0
/home/z/zhangyon/.cache/kagglehub/datasets/hsankesara/flickr-image-dataset/versions/1/flickr30k_images/flickr30k_images/3640348910.jpg,A guy riding his skateboard in the air,0,1.0
/home/z/zhangyon/.cache/kagglehub/datasets/hsankesara/flickr-image-dataset/versions/1/flickr30k_images/flickr30k_images/3640348910.jpg,A windsurfer dives off his board into the river,2,1.0
/home/z/zhangyon/.cache/kagglehub/datasets/hsankesara/flickr-image-dataset/versions/1/flickr30k_images/flickr30k_images/3640348910.jpg,The person on the skateboard ramp is an expert at dangerous skateboard stunts,1,1.0
/home/z/zhangyon/.cache/kagglehub/datasets/hsankesara/flickr-image-dataset/versions/1/flickr30k_images/flickr30k_images/3143991972.jpg,A woman spreads out a green blanket,0,1.0
/home/z/zhangyon/.cache/kagglehub/datasets/hsankesara/flickr-image-dataset/versions/1/flickr30k_images/flickr30k_images/3143991972.jpg,The woman is alone,2,1.0
/home/z/zhangyon/.cache/kagglehub/datasets/hsankesara/flickr-image-dataset/versions/1/flickr30k_images/flickr30k_images/3143991972.jpg,The airport is busy,1,1.0
/home/z/zhangyon/.cache/kagglehub/datasets/hsankesara/flickr-image-dataset/versions/1/flickr30k_images/flickr30k_images/3431671749.jpg,There is a car driving,0,1.0
/home/z/zhangyon/.cache/kagglehub/datasets/hsankesara/flickr-image-dataset/versions/1/flickr30k_images/flickr30k_images/3431671749.jpg,There is a car not moving,2,1.0
/home/z/zhangyon/.cache/kagglehub/datasets/hsankesara/flickr-image-dataset/versions/1/flickr30k_images/flickr30k_images/3431671749.jpg,A smart car is zooming off with fire coming out of its exhaust pipe,1,1.0
/home/z/zhangyon/.cache/kagglehub/datasets/hsankesara/flickr-image-dataset/versions/1/flickr30k_images/flickr30k_images/160541986.jpg,A female is being photographed,0,1.0
/home/z/zhangyon/.cache/kagglehub/datasets/hsankesara/flickr-image-dataset/versions/1/flickr30k_images/flickr30k_images/160541986.jpg,A woman sleeping in her bed,2,1.0
/home/z/zhangyon/.cache/kagglehub/datasets/hsankesara/flickr-image-dataset/versions/1/flickr30k_images/flickr30k_images/160541986.jpg,A woman going to the Grammys,1,1.0
/home/z/zhangyon/.cache/kagglehub/datasets/hsankesara/flickr-image-dataset/versions/1/flickr30k_images/flickr30k_images/20805896.jpg,The two men are laughing,0,1.0
/home/z/zhangyon/.cache/kagglehub/datasets/hsankesara/flickr-image-dataset/versions/1/flickr30k_images/flickr30k_images/20805896.jpg,Two women lay out to tan,2,1.0
/home/z/zhangyon/.cache/kagglehub/datasets/hsankesara/flickr-image-dataset/versions/1/flickr30k_images/flickr30k_images/20805896.jpg,The two men are a couple,1,1.0
/home/z/zhangyon/.cache/kagglehub/datasets/hsankesara/flickr-image-dataset/versions/1/flickr30k_images/flickr30k_images/5661511556.jpg,Some people are wearing sneakers,1,1.0
/home/z/zhangyon/.cache/kagglehub/datasets/hsankesara/flickr-image-dataset/versions/1/flickr30k_images/flickr30k_images/5661511556.jpg,a boy plays at an arcade,2,1.0
/home/z/zhangyon/.cache/kagglehub/datasets/hsankesara/flickr-image-dataset/versions/1/flickr30k_images/flickr30k_images/5661511556.jpg,The young Black boy is helping with some new plants,1,1.0
/home/z/zhangyon/.cache/kagglehub/datasets/hsankesara/flickr-image-dataset/versions/1/flickr30k_images/flickr30k_images/484280924.jpg,The man is inside a building,0,1.0
/home/z/zhangyon/.cache/kagglehub/datasets/hsankesara/flickr-image-dataset/versions/1/flickr30k_images/flickr30k_images/484280924.jpg,The man is angrily making food,2,1.0
/home/z/zhangyon/.cache/kagglehub/datasets/hsankesara/flickr-image-dataset/versions/1/flickr30k_images/flickr30k_images/484280924.jpg,A man is making sushi to-go,2,1.0
/home/z/zhangyon/.cache/kagglehub/datasets/hsankesara/flickr-image-dataset/versions/1/flickr30k_images/flickr30k_images/582788646.jpg,The boy is wearing floaties as a safety precaution to prevent drowning,0,1.0
/home/z/zhangyon/.cache/kagglehub/datasets/hsankesara/flickr-image-dataset/versions/1/flickr30k_images/flickr30k_images/582788646.jpg,A boy is sleeping,2,1.0
/home/z/zhangyon/.cache/kagglehub/datasets/hsankesara/flickr-image-dataset/versions/1/flickr30k_images/flickr30k_images/582788646.jpg,A small child was swimming,1,1.0
/home/z/zhangyon/.cache/kagglehub/datasets/hsankesara/flickr-image-dataset/versions/1/flickr30k_images/flickr30k_images/7012109893.jpg,a child was there,0,1.0
/home/z/zhangyon/.cache/kagglehub/datasets/hsankesara/flickr-image-dataset/versions/1/flickr30k_images/flickr30k_images/7012109893.jpg,The woman fell while cleaning the roof,2,1.0
/home/z/zhangyon/.cache/kagglehub/datasets/hsankesara/flickr-image-dataset/versions/1/flickr30k_images/flickr30k_images/7012109893.jpg,A tree fell on the roof,2,1.0
/home/z/zhangyon/.cache/kagglehub/datasets/hsankesara/flickr-image-dataset/versions/1/flickr30k_images/flickr30k_images/16630920.jpg,The rugs have patterns,0,1.0
/home/z/zhangyon/.cache/kagglehub/datasets/hsankesara/flickr-image-dataset/versions/1/flickr30k_images/flickr30k_images/16630920.jpg,The rugs have no patterns,2,1.0
/home/z/zhangyon/.cache/kagglehub/datasets/hsankesara/flickr-image-dataset/versions/1/flickr30k_images/flickr30k_images/16630920.jpg,A merchant is selling his rugs at the marketplace,1,1.0
/home/z/zhangyon/.cache/kagglehub/datasets/hsankesara/flickr-image-dataset/versions/1/flickr30k_images/flickr30k_images/5194023863.jpg,The girl is holding an insect,2,1.0
/home/z/zhangyon/.cache/kagglehub/datasets/hsankesara/flickr-image-dataset/versions/1/flickr30k_images/flickr30k_images/5194023863.jpg,The girl is holding a puppy,2,1.0
/home/z/zhangyon/.cache/kagglehub/datasets/hsankesara/flickr-image-dataset/versions/1/flickr30k_images/flickr30k_images/5194023863.jpg,The girl is showing off her pet,1,1.0
/home/z/zhangyon/.cache/kagglehub/datasets/hsankesara/flickr-image-dataset/versions/1/flickr30k_images/flickr30k_images/253924161.jpg,A man and woman sit side by side at a table,0,1.0
/home/z/zhangyon/.cache/kagglehub/datasets/hsankesara/flickr-image-dataset/versions/1/flickr30k_images/flickr30k_images/253924161.jpg,The two men stand by the table,2,1.0
/home/z/zhangyon/.cache/kagglehub/datasets/hsankesara/flickr-image-dataset/versions/1/flickr30k_images/flickr30k_images/253924161.jpg,A tall human sitting,1,1.0
/home/z/zhangyon/.cache/kagglehub/datasets/hsankesara/flickr-image-dataset/versions/1/flickr30k_images/flickr30k_images/3616525288.jpg,People ride horses,0,1.0
/home/z/zhangyon/.cache/kagglehub/datasets/hsankesara/flickr-image-dataset/versions/1/flickr30k_images/flickr30k_images/3616525288.jpg,Horse jockeys are riding goats in a race,2,1.0
/home/z/zhangyon/.cache/kagglehub/datasets/hsankesara/flickr-image-dataset/versions/1/flickr30k_images/flickr30k_images/3616525288.jpg,People ride horses at the Kentucky Derby,1,1.0
/home/z/zhangyon/.cache/kagglehub/datasets/hsankesara/flickr-image-dataset/versions/1/flickr30k_images/flickr30k_images/4734146340.jpg,Two men are wearing glasses,0,1.0
/home/z/zhangyon/.cache/kagglehub/datasets/hsankesara/flickr-image-dataset/versions/1/flickr30k_images/flickr30k_images/4734146340.jpg,A man wears shorts and sits by a fountain,2,1.0
/home/z/zhangyon/.cache/kagglehub/datasets/hsankesara/flickr-image-dataset/versions/1/flickr30k_images/flickr30k_images/4734146340.jpg,A elderly male with a hiking stick,1,1.0
/home/z/zhangyon/.cache/kagglehub/datasets/hsankesara/flickr-image-dataset/versions/1/flickr30k_images/flickr30k_images/3619322150.jpg,A couple is in clothes,0,1.0
/home/z/zhangyon/.cache/kagglehub/datasets/hsankesara/flickr-image-dataset/versions/1/flickr30k_images/flickr30k_images/3619322150.jpg,No one is dancing,2,1.0
/home/z/zhangyon/.cache/kagglehub/datasets/hsankesara/flickr-image-dataset/versions/1/flickr30k_images/flickr30k_images/3619322150.jpg,Two people are on a date,1,1.0
/home/z/zhangyon/.cache/kagglehub/datasets/hsankesara/flickr-image-dataset/versions/1/flickr30k_images/flickr30k_images/3761067976.jpg,A girl is holding a rose,0,1.0
/home/z/zhangyon/.cache/kagglehub/datasets/hsankesara/flickr-image-dataset/versions/1/flickr30k_images/flickr30k_images/3761067976.jpg,A girl wears a pink dress,2,1.0
/home/z/zhangyon/.cache/kagglehub/datasets/hsankesara/flickr-image-dataset/versions/1/flickr30k_images/flickr30k_images/3761067976.jpg,A girl is pointing at a balloon in the air,1,1.0
/home/z/zhangyon/.cache/kagglehub/datasets/hsankesara/flickr-image-dataset/versions/1/flickr30k_images/flickr30k_images/4948403203.jpg,A guy is reading a newspaper outdoors,0,1.0
/home/z/zhangyon/.cache/kagglehub/datasets/hsankesara/flickr-image-dataset/versions/1/flickr30k_images/flickr30k_images/4948403203.jpg,A man is walking down a beach,2,1.0
/home/z/zhangyon/.cache/kagglehub/datasets/hsankesara/flickr-image-dataset/versions/1/flickr30k_images/flickr30k_images/4948403203.jpg,A police officer reads a newspaper at the beach,1,1.0
/home/z/zhangyon/.cache/kagglehub/datasets/hsankesara/flickr-image-dataset/versions/1/flickr30k_images/flickr30k_images/6053720349.jpg,A kid is inside of an open container,0,1.0
/home/z/zhangyon/.cache/kagglehub/datasets/hsankesara/flickr-image-dataset/versions/1/flickr30k_images/flickr30k_images/6053720349.jpg,man eats hot dog,2,1.0
/home/z/zhangyon/.cache/kagglehub/datasets/hsankesara/flickr-image-dataset/versions/1/flickr30k_images/flickr30k_images/6053720349.jpg,A child is happy and excited while sitting insde a container,1,1.0
/home/z/zhangyon/.cache/kagglehub/datasets/hsankesara/flickr-image-dataset/versions/1/flickr30k_images/flickr30k_images/3691394196.jpg,A street performer is juggling,0,1.0
/home/z/zhangyon/.cache/kagglehub/datasets/hsankesara/flickr-image-dataset/versions/1/flickr30k_images/flickr30k_images/3691394196.jpg,The man is holding a cellphone,2,1.0
/home/z/zhangyon/.cache/kagglehub/datasets/hsankesara/flickr-image-dataset/versions/1/flickr30k_images/flickr30k_images/3691394196.jpg,A magician is doing a show with fire,1,1.0
/home/z/zhangyon/.cache/kagglehub/datasets/hsankesara/flickr-image-dataset/versions/1/flickr30k_images/flickr30k_images/3475111806.jpg,A person is taking a picture,0,1.0
/home/z/zhangyon/.cache/kagglehub/datasets/hsankesara/flickr-image-dataset/versions/1/flickr30k_images/flickr30k_images/3475111806.jpg,Two women at the theater are turning off their cellphones,2,1.0
/home/z/zhangyon/.cache/kagglehub/datasets/hsankesara/flickr-image-dataset/versions/1/flickr30k_images/flickr30k_images/3475111806.jpg,Three men at a Nickelback concert are wishing they were somewhere else,1,1.0
/home/z/zhangyon/.cache/kagglehub/datasets/hsankesara/flickr-image-dataset/versions/1/flickr30k_images/flickr30k_images/732671252.jpg,The boys are not standing,0,1.0
/home/z/zhangyon/.cache/kagglehub/datasets/hsankesara/flickr-image-dataset/versions/1/flickr30k_images/flickr30k_images/732671252.jpg,The children are running around the trampoline,2,1.0
/home/z/zhangyon/.cache/kagglehub/datasets/hsankesara/flickr-image-dataset/versions/1/flickr30k_images/flickr30k_images/732671252.jpg,Two boys talk to each other about sports,1,1.0
/home/z/zhangyon/.cache/kagglehub/datasets/hsankesara/flickr-image-dataset/versions/1/flickr30k_images/flickr30k_images/5086989679.jpg,The gymnast has a painted face,0,1.0
/home/z/zhangyon/.cache/kagglehub/datasets/hsankesara/flickr-image-dataset/versions/1/flickr30k_images/flickr30k_images/5086989679.jpg,The gymnast has her face painted red,2,1.0
/home/z/zhangyon/.cache/kagglehub/datasets/hsankesara/flickr-image-dataset/versions/1/flickr30k_images/flickr30k_images/5086989679.jpg,A man is about to use the balance bar,1,1.0
/home/z/zhangyon/.cache/kagglehub/datasets/hsankesara/flickr-image-dataset/versions/1/flickr30k_images/flickr30k_images/4791485167.jpg,the man is digging,0,1.0
/home/z/zhangyon/.cache/kagglehub/datasets/hsankesara/flickr-image-dataset/versions/1/flickr30k_images/flickr30k_images/4791485167.jpg,The lady in paints is playing in the sand,2,1.0
/home/z/zhangyon/.cache/kagglehub/datasets/hsankesara/flickr-image-dataset/versions/1/flickr30k_images/flickr30k_images/4791485167.jpg,The woman is clearing her driveway of snow,1,1.0
/home/z/zhangyon/.cache/kagglehub/datasets/hsankesara/flickr-image-dataset/versions/1/flickr30k_images/flickr30k_images/4326893429.jpg,Men outside,0,1.0
/home/z/zhangyon/.cache/kagglehub/datasets/hsankesara/flickr-image-dataset/versions/1/flickr30k_images/flickr30k_images/4326893429.jpg,The people are going up the mountain on a ski lift,2,1.0
/home/z/zhangyon/.cache/kagglehub/datasets/hsankesara/flickr-image-dataset/versions/1/flickr30k_images/flickr30k_images/4326893429.jpg,Five co-workers sledding,1,1.0
/home/z/zhangyon/.cache/kagglehub/datasets/hsankesara/flickr-image-dataset/versions/1/flickr30k_images/flickr30k_images/4283472819.jpg,A man is doing ski tricks,0,1.0
/home/z/zhangyon/.cache/kagglehub/datasets/hsankesara/flickr-image-dataset/versions/1/flickr30k_images/flickr30k_images/4283472819.jpg,A man is falling down from above,2,1.0
/home/z/zhangyon/.cache/kagglehub/datasets/hsankesara/flickr-image-dataset/versions/1/flickr30k_images/flickr30k_images/4283472819.jpg,an olympic skier does a gold winning stunt,1,1.0
/home/z/zhangyon/.cache/kagglehub/datasets/hsankesara/flickr-image-dataset/versions/1/flickr30k_images/flickr30k_images/4606967207.jpg,the mans cat sits next to him while he cooks,0,1.0
/home/z/zhangyon/.cache/kagglehub/datasets/hsankesara/flickr-image-dataset/versions/1/flickr30k_images/flickr30k_images/4606967207.jpg,the cat wants the food hes cooking,2,1.0
/home/z/zhangyon/.cache/kagglehub/datasets/hsankesara/flickr-image-dataset/versions/1/flickr30k_images/flickr30k_images/4606967207.jpg,An Asian man is cooking dumplings,1,1.0
/home/z/zhangyon/.cache/kagglehub/datasets/hsankesara/flickr-image-dataset/versions/1/flickr30k_images/flickr30k_images/4673314291.jpg,Bystanders like poles,0,1.0
/home/z/zhangyon/.cache/kagglehub/datasets/hsankesara/flickr-image-dataset/versions/1/flickr30k_images/flickr30k_images/4673314291.jpg,Two men eat pizza in a restaruant,2,1.0
/home/z/zhangyon/.cache/kagglehub/datasets/hsankesara/flickr-image-dataset/versions/1/flickr30k_images/flickr30k_images/4673314291.jpg,Three people are sitting and waiting patiently,1,1.0
/home/z/zhangyon/.cache/kagglehub/datasets/hsankesara/flickr-image-dataset/versions/1/flickr30k_images/flickr30k_images/3219606.jpg,People are singing,0,1.0
/home/z/zhangyon/.cache/kagglehub/datasets/hsankesara/flickr-image-dataset/versions/1/flickr30k_images/flickr30k_images/3219606.jpg,A pastor is delivering his sermon,2,1.0
/home/z/zhangyon/.cache/kagglehub/datasets/hsankesara/flickr-image-dataset/versions/1/flickr30k_images/flickr30k_images/3219606.jpg,There are 7 year old children on stage,1,1.0
/home/z/zhangyon/.cache/kagglehub/datasets/hsankesara/flickr-image-dataset/versions/1/flickr30k_images/flickr30k_images/7173939318.jpg,There is a water mass nearby,0,1.0
/home/z/zhangyon/.cache/kagglehub/datasets/hsankesara/flickr-image-dataset/versions/1/flickr30k_images/flickr30k_images/7173939318.jpg,A ship is sailing in the great lakes,2,1.0
/home/z/zhangyon/.cache/kagglehub/datasets/hsankesara/flickr-image-dataset/versions/1/flickr30k_images/flickr30k_images/7173939318.jpg,A group of people are having a boat viewing,1,1.0
/home/z/zhangyon/.cache/kagglehub/datasets/hsankesara/flickr-image-dataset/versions/1/flickr30k_images/flickr30k_images/439916996.jpg,a woman ina  blue jacket watcher her dogs play,0,1.0
/home/z/zhangyon/.cache/kagglehub/datasets/hsankesara/flickr-image-dataset/versions/1/flickr30k_images/flickr30k_images/439916996.jpg,a woman in a red jacket watchers her two dogs play,2,1.0
/home/z/zhangyon/.cache/kagglehub/datasets/hsankesara/flickr-image-dataset/versions/1/flickr30k_images/flickr30k_images/439916996.jpg,A dog plays in the park with his owner on a sunny day,1,1.0
/home/z/zhangyon/.cache/kagglehub/datasets/hsankesara/flickr-image-dataset/versions/1/flickr30k_images/flickr30k_images/4550700462.jpg,The boy is holding a flag,0,1.0
/home/z/zhangyon/.cache/kagglehub/datasets/hsankesara/flickr-image-dataset/versions/1/flickr30k_images/flickr30k_images/4550700462.jpg,The son is sleeping,2,1.0
/home/z/zhangyon/.cache/kagglehub/datasets/hsankesara/flickr-image-dataset/versions/1/flickr30k_images/flickr30k_images/4550700462.jpg,The woman and boy are in Mexico,1,1.0
/home/z/zhangyon/.cache/kagglehub/datasets/hsankesara/flickr-image-dataset/versions/1/flickr30k_images/flickr30k_images/7796487260.jpg,The pool is not full of water,1,1.0
/home/z/zhangyon/.cache/kagglehub/datasets/hsankesara/flickr-image-dataset/versions/1/flickr30k_images/flickr30k_images/7796487260.jpg,A young woman is sitting on a couch,2,1.0
/home/z/zhangyon/.cache/kagglehub/datasets/hsankesara/flickr-image-dataset/versions/1/flickr30k_images/flickr30k_images/7796487260.jpg,A girl is training gymnastic moves for a competition,1,1.0
/home/z/zhangyon/.cache/kagglehub/datasets/hsankesara/flickr-image-dataset/versions/1/flickr30k_images/flickr30k_images/122301379.jpg,The two men cut down the trees,0,1.0
/home/z/zhangyon/.cache/kagglehub/datasets/hsankesara/flickr-image-dataset/versions/1/flickr30k_images/flickr30k_images/122301379.jpg,There are two women at a bar,2,1.0
/home/z/zhangyon/.cache/kagglehub/datasets/hsankesara/flickr-image-dataset/versions/1/flickr30k_images/flickr30k_images/122301379.jpg,Men are cutting down trees for lumbar for the nearby house,1,1.0
/home/z/zhangyon/.cache/kagglehub/datasets/hsankesara/flickr-image-dataset/versions/1/flickr30k_images/flickr30k_images/125635185.jpg,Some children are outdoors,0,1.0
/home/z/zhangyon/.cache/kagglehub/datasets/hsankesara/flickr-image-dataset/versions/1/flickr30k_images/flickr30k_images/125635185.jpg,Three children are playing indoors,2,1.0
/home/z/zhangyon/.cache/kagglehub/datasets/hsankesara/flickr-image-dataset/versions/1/flickr30k_images/flickr30k_images/125635185.jpg,Three children are at a park near their houses,1,1.0
/home/z/zhangyon/.cache/kagglehub/datasets/hsankesara/flickr-image-dataset/versions/1/flickr30k_images/flickr30k_images/4791975111.jpg,A woman is leered at as she crosses the street,1,1.0
/home/z/zhangyon/.cache/kagglehub/datasets/hsankesara/flickr-image-dataset/versions/1/flickr30k_images/flickr30k_images/4791975111.jpg,A man is waiting for a women to get on his bike,2,1.0
/home/z/zhangyon/.cache/kagglehub/datasets/hsankesara/flickr-image-dataset/versions/1/flickr30k_images/flickr30k_images/4791975111.jpg,The man is attracted to the woman,1,1.0
/home/z/zhangyon/.cache/kagglehub/datasets/hsankesara/flickr-image-dataset/versions/1/flickr30k_images/flickr30k_images/1097710887.jpg,A little girl is playing outside,0,1.0
/home/z/zhangyon/.cache/kagglehub/datasets/hsankesara/flickr-image-dataset/versions/1/flickr30k_images/flickr30k_images/1097710887.jpg,A young girl is carrying a hula hoop at the playground,2,1.0
/home/z/zhangyon/.cache/kagglehub/datasets/hsankesara/flickr-image-dataset/versions/1/flickr30k_images/flickr30k_images/1097710887.jpg,A little child is dressed to go to church,1,1.0
/home/z/zhangyon/.cache/kagglehub/datasets/hsankesara/flickr-image-dataset/versions/1/flickr30k_images/flickr30k_images/2463394631.jpg,A man is bent over,0,1.0
/home/z/zhangyon/.cache/kagglehub/datasets/hsankesara/flickr-image-dataset/versions/1/flickr30k_images/flickr30k_images/2463394631.jpg,A man is wearing a tank-top,2,1.0
/home/z/zhangyon/.cache/kagglehub/datasets/hsankesara/flickr-image-dataset/versions/1/flickr30k_images/flickr30k_images/2463394631.jpg,A soldier is bending over,1,1.0
/home/z/zhangyon/.cache/kagglehub/datasets/hsankesara/flickr-image-dataset/versions/1/flickr30k_images/flickr30k_images/370445133.jpg,A cowboy is trying to earn a good score in his event of the rodeo,0,1.0
/home/z/zhangyon/.cache/kagglehub/datasets/hsankesara/flickr-image-dataset/versions/1/flickr30k_images/flickr30k_images/370445133.jpg,The hat is a baseball cap,2,1.0
/home/z/zhangyon/.cache/kagglehub/datasets/hsankesara/flickr-image-dataset/versions/1/flickr30k_images/flickr30k_images/370445133.jpg,The man is talented at riding,1,1.0
/home/z/zhangyon/.cache/kagglehub/datasets/hsankesara/flickr-image-dataset/versions/1/flickr30k_images/flickr30k_images/449352117.jpg,There is a dog in this picture,0,1.0
/home/z/zhangyon/.cache/kagglehub/datasets/hsankesara/flickr-image-dataset/versions/1/flickr30k_images/flickr30k_images/449352117.jpg,The dog is running free as his owner chases him across the field,2,1.0
/home/z/zhangyon/.cache/kagglehub/datasets/hsankesara/flickr-image-dataset/versions/1/flickr30k_images/flickr30k_images/449352117.jpg,A small dog is looking through the lens of a camera,1,1.0
/home/z/zhangyon/.cache/kagglehub/datasets/hsankesara/flickr-image-dataset/versions/1/flickr30k_images/flickr30k_images/4768270751.jpg,A young woman creates art,0,1.0
/home/z/zhangyon/.cache/kagglehub/datasets/hsankesara/flickr-image-dataset/versions/1/flickr30k_images/flickr30k_images/4768270751.jpg,A man in a t-shirt paints on a large piece of paper on the ground,2,1.0
/home/z/zhangyon/.cache/kagglehub/datasets/hsankesara/flickr-image-dataset/versions/1/flickr30k_images/flickr30k_images/4768270751.jpg,A young woman paints on a large community mural for a third day in a row,1,1.0
/home/z/zhangyon/.cache/kagglehub/datasets/hsankesara/flickr-image-dataset/versions/1/flickr30k_images/flickr30k_images/2987588136.jpg,Asian women are hugging each other,0,1.0
/home/z/zhangyon/.cache/kagglehub/datasets/hsankesara/flickr-image-dataset/versions/1/flickr30k_images/flickr30k_images/2987588136.jpg,Two women watch tv,2,1.0
/home/z/zhangyon/.cache/kagglehub/datasets/hsankesara/flickr-image-dataset/versions/1/flickr30k_images/flickr30k_images/2987588136.jpg,Asian women have just purchased a car,1,1.0
/home/z/zhangyon/.cache/kagglehub/datasets/hsankesara/flickr-image-dataset/versions/1/flickr30k_images/flickr30k_images/2313551145.jpg,a man is walking,0,1.0
/home/z/zhangyon/.cache/kagglehub/datasets/hsankesara/flickr-image-dataset/versions/1/flickr30k_images/flickr30k_images/2313551145.jpg,The man is drinking beer in the pub,2,1.0
/home/z/zhangyon/.cache/kagglehub/datasets/hsankesara/flickr-image-dataset/versions/1/flickr30k_images/flickr30k_images/2313551145.jpg,the man is fifty,1,1.0
/home/z/zhangyon/.cache/kagglehub/datasets/hsankesara/flickr-image-dataset/versions/1/flickr30k_images/flickr30k_images/2858456847.jpg,a woman is posing,0,1.0
/home/z/zhangyon/.cache/kagglehub/datasets/hsankesara/flickr-image-dataset/versions/1/flickr30k_images/flickr30k_images/2858456847.jpg,the woman is naked,2,1.0
/home/z/zhangyon/.cache/kagglehub/datasets/hsankesara/flickr-image-dataset/versions/1/flickr30k_images/flickr30k_images/2858456847.jpg,African woman smiling while holding her child after an earthquake,1,1.0
/home/z/zhangyon/.cache/kagglehub/datasets/hsankesara/flickr-image-dataset/versions/1/flickr30k_images/flickr30k_images/6952893010.jpg,There are four boats in the middle of the water,1,1.0
/home/z/zhangyon/.cache/kagglehub/datasets/hsankesara/flickr-image-dataset/versions/1/flickr30k_images/flickr30k_images/6952893010.jpg,A large boat with a green flag on the back is towering above three smaller boats with the same flag,2,1.0
/home/z/zhangyon/.cache/kagglehub/datasets/hsankesara/flickr-image-dataset/versions/1/flickr30k_images/flickr30k_images/6952893010.jpg,A blue and gray sailboat is losing a race,1,1.0
/home/z/zhangyon/.cache/kagglehub/datasets/hsankesara/flickr-image-dataset/versions/1/flickr30k_images/flickr30k_images/3562606482.jpg,Some people are walking in a field,0,1.0
/home/z/zhangyon/.cache/kagglehub/datasets/hsankesara/flickr-image-dataset/versions/1/flickr30k_images/flickr30k_images/3562606482.jpg,Two people are working in an office,2,1.0
/home/z/zhangyon/.cache/kagglehub/datasets/hsankesara/flickr-image-dataset/versions/1/flickr30k_images/flickr30k_images/3562606482.jpg,Two people are walking in town,1,1.0
/home/z/zhangyon/.cache/kagglehub/datasets/hsankesara/flickr-image-dataset/versions/1/flickr30k_images/flickr30k_images/345284642.jpg,An animal carries something through the snowy field,0,1.0
/home/z/zhangyon/.cache/kagglehub/datasets/hsankesara/flickr-image-dataset/versions/1/flickr30k_images/flickr30k_images/345284642.jpg,The brown dog swims to shore with the frisbee in his mouth,2,1.0
/home/z/zhangyon/.cache/kagglehub/datasets/hsankesara/flickr-image-dataset/versions/1/flickr30k_images/flickr30k_images/345284642.jpg,The dog in the field is named FIDO,1,1.0
/home/z/zhangyon/.cache/kagglehub/datasets/hsankesara/flickr-image-dataset/versions/1/flickr30k_images/flickr30k_images/524360969.jpg,A woman is helping to direct traffic near a construction site,0,1.0
/home/z/zhangyon/.cache/kagglehub/datasets/hsankesara/flickr-image-dataset/versions/1/flickr30k_images/flickr30k_images/524360969.jpg,The people are flying kites at the beach,2,1.0
/home/z/zhangyon/.cache/kagglehub/datasets/hsankesara/flickr-image-dataset/versions/1/flickr30k_images/flickr30k_images/524360969.jpg,The flaggers are waiting for traffic to direct,1,1.0
/home/z/zhangyon/.cache/kagglehub/datasets/hsankesara/flickr-image-dataset/versions/1/flickr30k_images/flickr30k_images/3996889070.jpg,"A young child is outside, petting a deer",0,1.0
/home/z/zhangyon/.cache/kagglehub/datasets/hsankesara/flickr-image-dataset/versions/1/flickr30k_images/flickr30k_images/3996889070.jpg,Children pet a bunny,2,1.0
/home/z/zhangyon/.cache/kagglehub/datasets/hsankesara/flickr-image-dataset/versions/1/flickr30k_images/flickr30k_images/3996889070.jpg,"A young child is outside, petting her friends deer on a farm",1,1.0
/home/z/zhangyon/.cache/kagglehub/datasets/hsankesara/flickr-image-dataset/versions/1/flickr30k_images/flickr30k_images/3157745346.jpg,A person is paying for transportation,0,1.0
/home/z/zhangyon/.cache/kagglehub/datasets/hsankesara/flickr-image-dataset/versions/1/flickr30k_images/flickr30k_images/3157745346.jpg,A man is talking to a teller at the bank,2,1.0
/home/z/zhangyon/.cache/kagglehub/datasets/hsankesara/flickr-image-dataset/versions/1/flickr30k_images/flickr30k_images/3157745346.jpg,A competitive bicyclist gets money out of an ATM,1,1.0
/home/z/zhangyon/.cache/kagglehub/datasets/hsankesara/flickr-image-dataset/versions/1/flickr30k_images/flickr30k_images/259510411.jpg,A woman stands near a painting,0,1.0
/home/z/zhangyon/.cache/kagglehub/datasets/hsankesara/flickr-image-dataset/versions/1/flickr30k_images/flickr30k_images/259510411.jpg,The woman is admiring a picture,2,1.0
/home/z/zhangyon/.cache/kagglehub/datasets/hsankesara/flickr-image-dataset/versions/1/flickr30k_images/flickr30k_images/259510411.jpg,A woman is breaking her diet by eating ice cream for the first time in a month,1,1.0
/home/z/zhangyon/.cache/kagglehub/datasets/hsankesara/flickr-image-dataset/versions/1/flickr30k_images/flickr30k_images/421153376.jpg,A dog running outside,0,1.0
/home/z/zhangyon/.cache/kagglehub/datasets/hsankesara/flickr-image-dataset/versions/1/flickr30k_images/flickr30k_images/421153376.jpg,The white dog is dry,2,1.0
/home/z/zhangyon/.cache/kagglehub/datasets/hsankesara/flickr-image-dataset/versions/1/flickr30k_images/flickr30k_images/421153376.jpg,A 2 year old puppy runs through water,1,1.0
/home/z/zhangyon/.cache/kagglehub/datasets/hsankesara/flickr-image-dataset/versions/1/flickr30k_images/flickr30k_images/3421131122.jpg,The kayaker is outside holding an oar,0,1.0
/home/z/zhangyon/.cache/kagglehub/datasets/hsankesara/flickr-image-dataset/versions/1/flickr30k_images/flickr30k_images/3421131122.jpg,Boat rider is absolutely dry,2,1.0
/home/z/zhangyon/.cache/kagglehub/datasets/hsankesara/flickr-image-dataset/versions/1/flickr30k_images/flickr30k_images/3421131122.jpg,A man is going down a river in a kayak,0,1.0
/home/z/zhangyon/.cache/kagglehub/datasets/hsankesara/flickr-image-dataset/versions/1/flickr30k_images/flickr30k_images/2786245676.jpg,A small boy is happy,0,1.0
/home/z/zhangyon/.cache/kagglehub/datasets/hsankesara/flickr-image-dataset/versions/1/flickr30k_images/flickr30k_images/2786245676.jpg,A boy yelling with a baseball bat,2,1.0
/home/z/zhangyon/.cache/kagglehub/datasets/hsankesara/flickr-image-dataset/versions/1/flickr30k_images/flickr30k_images/2786245676.jpg,A boy stole something from a store,1,1.0
/home/z/zhangyon/.cache/kagglehub/datasets/hsankesara/flickr-image-dataset/versions/1/flickr30k_images/flickr30k_images/6841943688.jpg,A person is holding a instrument,0,1.0
/home/z/zhangyon/.cache/kagglehub/datasets/hsankesara/flickr-image-dataset/versions/1/flickr30k_images/flickr30k_images/6841943688.jpg,A man is playing a flute,2,1.0
/home/z/zhangyon/.cache/kagglehub/datasets/hsankesara/flickr-image-dataset/versions/1/flickr30k_images/flickr30k_images/6841943688.jpg,The saxophone player is recording a new jazz song,1,1.0
/home/z/zhangyon/.cache/kagglehub/datasets/hsankesara/flickr-image-dataset/versions/1/flickr30k_images/flickr30k_images/2842439618.jpg,The surfer is riding down a large wave,0,1.0
/home/z/zhangyon/.cache/kagglehub/datasets/hsankesara/flickr-image-dataset/versions/1/flickr30k_images/flickr30k_images/2842439618.jpg,A dog is eating an avocado,2,1.0
/home/z/zhangyon/.cache/kagglehub/datasets/hsankesara/flickr-image-dataset/versions/1/flickr30k_images/flickr30k_images/2842439618.jpg,Two surfers out surfing in the early morning,1,1.0
/home/z/zhangyon/.cache/kagglehub/datasets/hsankesara/flickr-image-dataset/versions/1/flickr30k_images/flickr30k_images/3217187564.jpg,Dogs competing in a race,0,1.0
/home/z/zhangyon/.cache/kagglehub/datasets/hsankesara/flickr-image-dataset/versions/1/flickr30k_images/flickr30k_images/3217187564.jpg,Three dachsunds run in a weiner dog race,2,1.0
/home/z/zhangyon/.cache/kagglehub/datasets/hsankesara/flickr-image-dataset/versions/1/flickr30k_images/flickr30k_images/3217187564.jpg,Three race dogs chase a fake rabbit towards the finish line,1,1.0
/home/z/zhangyon/.cache/kagglehub/datasets/hsankesara/flickr-image-dataset/versions/1/flickr30k_images/flickr30k_images/1313961775.jpg,A girl wears a life jacket,0,1.0
/home/z/zhangyon/.cache/kagglehub/datasets/hsankesara/flickr-image-dataset/versions/1/flickr30k_images/flickr30k_images/1313961775.jpg,A little girl learning to ride a bike,2,1.0
/home/z/zhangyon/.cache/kagglehub/datasets/hsankesara/flickr-image-dataset/versions/1/flickr30k_images/flickr30k_images/1313961775.jpg,A young girl floats down the river,1,1.0
/home/z/zhangyon/.cache/kagglehub/datasets/hsankesara/flickr-image-dataset/versions/1/flickr30k_images/flickr30k_images/5925544950.jpg,A girl is fishing,0,1.0
/home/z/zhangyon/.cache/kagglehub/datasets/hsankesara/flickr-image-dataset/versions/1/flickr30k_images/flickr30k_images/5925544950.jpg,There is a woman in a black cap,2,1.0
/home/z/zhangyon/.cache/kagglehub/datasets/hsankesara/flickr-image-dataset/versions/1/flickr30k_images/flickr30k_images/5925544950.jpg,The woman enjoys fishing,1,1.0
/home/z/zhangyon/.cache/kagglehub/datasets/hsankesara/flickr-image-dataset/versions/1/flickr30k_images/flickr30k_images/5631556013.jpg,A person is jumping into water,0,1.0
/home/z/zhangyon/.cache/kagglehub/datasets/hsankesara/flickr-image-dataset/versions/1/flickr30k_images/flickr30k_images/5631556013.jpg,There is a man sitting,2,1.0
/home/z/zhangyon/.cache/kagglehub/datasets/hsankesara/flickr-image-dataset/versions/1/flickr30k_images/flickr30k_images/5631556013.jpg,a boy jumps into the pool,1,1.0
/home/z/zhangyon/.cache/kagglehub/datasets/hsankesara/flickr-image-dataset/versions/1/flickr30k_images/flickr30k_images/4443088094.jpg,The women are walking in the street,0,1.0
/home/z/zhangyon/.cache/kagglehub/datasets/hsankesara/flickr-image-dataset/versions/1/flickr30k_images/flickr30k_images/4443088094.jpg,The women are sitting on a couch,2,1.0
/home/z/zhangyon/.cache/kagglehub/datasets/hsankesara/flickr-image-dataset/versions/1/flickr30k_images/flickr30k_images/4443088094.jpg,A woman is in New York City,1,1.0
/home/z/zhangyon/.cache/kagglehub/datasets/hsankesara/flickr-image-dataset/versions/1/flickr30k_images/flickr30k_images/1546632452.jpg,A boy having fun outdoors,0,1.0
/home/z/zhangyon/.cache/kagglehub/datasets/hsankesara/flickr-image-dataset/versions/1/flickr30k_images/flickr30k_images/1546632452.jpg,A girl jumps on a blue trampoline,2,1.0
/home/z/zhangyon/.cache/kagglehub/datasets/hsankesara/flickr-image-dataset/versions/1/flickr30k_images/flickr30k_images/1546632452.jpg,A little boy with read hair is doing his exercises on the trampoline at school,2,1.0
/home/z/zhangyon/.cache/kagglehub/datasets/hsankesara/flickr-image-dataset/versions/1/flickr30k_images/flickr30k_images/3553056438.jpg,Two kids are sitting,0,1.0
/home/z/zhangyon/.cache/kagglehub/datasets/hsankesara/flickr-image-dataset/versions/1/flickr30k_images/flickr30k_images/3553056438.jpg,The kids are at the beach,2,1.0
/home/z/zhangyon/.cache/kagglehub/datasets/hsankesara/flickr-image-dataset/versions/1/flickr30k_images/flickr30k_images/3553056438.jpg,The little boy and the girl are in a barn,1,1.0
/home/z/zhangyon/.cache/kagglehub/datasets/hsankesara/flickr-image-dataset/versions/1/flickr30k_images/flickr30k_images/1554713437.jpg,a dogs walks on a downed tree,0,1.0
/home/z/zhangyon/.cache/kagglehub/datasets/hsankesara/flickr-image-dataset/versions/1/flickr30k_images/flickr30k_images/1554713437.jpg,A fat dog sits on a cushion,2,1.0
/home/z/zhangyon/.cache/kagglehub/datasets/hsankesara/flickr-image-dataset/versions/1/flickr30k_images/flickr30k_images/1554713437.jpg,Lightning made the tree fall so that the dog could walk upon it,1,1.0
/home/z/zhangyon/.cache/kagglehub/datasets/hsankesara/flickr-image-dataset/versions/1/flickr30k_images/flickr30k_images/411008311.jpg,A man is jumping,0,1.0
/home/z/zhangyon/.cache/kagglehub/datasets/hsankesara/flickr-image-dataset/versions/1/flickr30k_images/flickr30k_images/411008311.jpg,The people are all wearing casual clothes,2,1.0
/home/z/zhangyon/.cache/kagglehub/datasets/hsankesara/flickr-image-dataset/versions/1/flickr30k_images/flickr30k_images/411008311.jpg,People who are participating in a wedding are photobombed by a man jumping,1,1.0
/home/z/zhangyon/.cache/kagglehub/datasets/hsankesara/flickr-image-dataset/versions/1/flickr30k_images/flickr30k_images/3355683198.jpg,The boy is practicing his grinding skills,0,1.0
/home/z/zhangyon/.cache/kagglehub/datasets/hsankesara/flickr-image-dataset/versions/1/flickr30k_images/flickr30k_images/3355683198.jpg,a girl eats chips,2,1.0
/home/z/zhangyon/.cache/kagglehub/datasets/hsankesara/flickr-image-dataset/versions/1/flickr30k_images/flickr30k_images/3355683198.jpg,The kid is about to fall,1,1.0
/home/z/zhangyon/.cache/kagglehub/datasets/hsankesara/flickr-image-dataset/versions/1/flickr30k_images/flickr30k_images/3126753745.jpg,The drummer is wearing a red hat,0,1.0
/home/z/zhangyon/.cache/kagglehub/datasets/hsankesara/flickr-image-dataset/versions/1/flickr30k_images/flickr30k_images/3126753745.jpg,A man playing the drums wore a blue hat,2,1.0
/home/z/zhangyon/.cache/kagglehub/datasets/hsankesara/flickr-image-dataset/versions/1/flickr30k_images/flickr30k_images/3126753745.jpg,The drummer was very good at playing the drums,1,1.0
/home/z/zhangyon/.cache/kagglehub/datasets/hsankesara/flickr-image-dataset/versions/1/flickr30k_images/flickr30k_images/2763090857.jpg,A human smiling,0,1.0
/home/z/zhangyon/.cache/kagglehub/datasets/hsankesara/flickr-image-dataset/versions/1/flickr30k_images/flickr30k_images/2763090857.jpg,A girl is playing on her phone,2,1.0
/home/z/zhangyon/.cache/kagglehub/datasets/hsankesara/flickr-image-dataset/versions/1/flickr30k_images/flickr30k_images/2763090857.jpg,A woman is repairing a machine,1,1.0
/home/z/zhangyon/.cache/kagglehub/datasets/hsankesara/flickr-image-dataset/versions/1/flickr30k_images/flickr30k_images/4885036157.jpg,A man and a woman pose together,0,1.0
/home/z/zhangyon/.cache/kagglehub/datasets/hsankesara/flickr-image-dataset/versions/1/flickr30k_images/flickr30k_images/4885036157.jpg,A couple are making holiday cards,2,1.0
/home/z/zhangyon/.cache/kagglehub/datasets/hsankesara/flickr-image-dataset/versions/1/flickr30k_images/flickr30k_images/4885036157.jpg,Couple being photographed in a tunnel with graffiti,0,1.0
/home/z/zhangyon/.cache/kagglehub/datasets/hsankesara/flickr-image-dataset/versions/1/flickr30k_images/flickr30k_images/491987177.jpg,An older gentleman cleans the bar,0,1.0
/home/z/zhangyon/.cache/kagglehub/datasets/hsankesara/flickr-image-dataset/versions/1/flickr30k_images/flickr30k_images/491987177.jpg,The bartender serves a whisky sour,1,1.0
/home/z/zhangyon/.cache/kagglehub/datasets/hsankesara/flickr-image-dataset/versions/1/flickr30k_images/flickr30k_images/491987177.jpg,The drunk man swats at an animal in his restaurant,1,1.0
/home/z/zhangyon/.cache/kagglehub/datasets/hsankesara/flickr-image-dataset/versions/1/flickr30k_images/flickr30k_images/2705101739.jpg,People are sitting around a man,0,1.0
/home/z/zhangyon/.cache/kagglehub/datasets/hsankesara/flickr-image-dataset/versions/1/flickr30k_images/flickr30k_images/2705101739.jpg,He is standing on his head,2,1.0
/home/z/zhangyon/.cache/kagglehub/datasets/hsankesara/flickr-image-dataset/versions/1/flickr30k_images/flickr30k_images/2705101739.jpg,A group of people are sitting together at church,1,1.0
/home/z/zhangyon/.cache/kagglehub/datasets/hsankesara/flickr-image-dataset/versions/1/flickr30k_images/flickr30k_images/506082695.jpg,Two climbers are climbing outside,0,1.0
/home/z/zhangyon/.cache/kagglehub/datasets/hsankesara/flickr-image-dataset/versions/1/flickr30k_images/flickr30k_images/506082695.jpg,There are fifteen sheep climbing,2,1.0
/home/z/zhangyon/.cache/kagglehub/datasets/hsankesara/flickr-image-dataset/versions/1/flickr30k_images/flickr30k_images/506082695.jpg,The two people are both males,2,1.0
/home/z/zhangyon/.cache/kagglehub/datasets/hsankesara/flickr-image-dataset/versions/1/flickr30k_images/flickr30k_images/2877088081.jpg,A teenager does a trick on a skateboard,0,1.0
/home/z/zhangyon/.cache/kagglehub/datasets/hsankesara/flickr-image-dataset/versions/1/flickr30k_images/flickr30k_images/2877088081.jpg,An old woman does tricks in a wheelchair,2,1.0
/home/z/zhangyon/.cache/kagglehub/datasets/hsankesara/flickr-image-dataset/versions/1/flickr30k_images/flickr30k_images/2877088081.jpg,An expert skater is shows off his skills,1,1.0
/home/z/zhangyon/.cache/kagglehub/datasets/hsankesara/flickr-image-dataset/versions/1/flickr30k_images/flickr30k_images/3357416302.jpg,A snowboader went off a ramp,0,1.0
/home/z/zhangyon/.cache/kagglehub/datasets/hsankesara/flickr-image-dataset/versions/1/flickr30k_images/flickr30k_images/3357416302.jpg,A person is skateboarding,2,1.0
/home/z/zhangyon/.cache/kagglehub/datasets/hsankesara/flickr-image-dataset/versions/1/flickr30k_images/flickr30k_images/3357416302.jpg,A woman is snowboarding,1,1.0
/home/z/zhangyon/.cache/kagglehub/datasets/hsankesara/flickr-image-dataset/versions/1/flickr30k_images/flickr30k_images/151215569.jpg,A child sits on a mans shoulders to see,0,1.0
/home/z/zhangyon/.cache/kagglehub/datasets/hsankesara/flickr-image-dataset/versions/1/flickr30k_images/flickr30k_images/151215569.jpg,The girl is taking pictures of a tourist attraction,1,1.0
/home/z/zhangyon/.cache/kagglehub/datasets/hsankesara/flickr-image-dataset/versions/1/flickr30k_images/flickr30k_images/151215569.jpg,The girl is the mans granddaughter,1,1.0
/home/z/zhangyon/.cache/kagglehub/datasets/hsankesara/flickr-image-dataset/versions/1/flickr30k_images/flickr30k_images/5123000955.jpg,Some people are jumping in the air,0,1.0
/home/z/zhangyon/.cache/kagglehub/datasets/hsankesara/flickr-image-dataset/versions/1/flickr30k_images/flickr30k_images/5123000955.jpg,There are no people on the deck,2,1.0
/home/z/zhangyon/.cache/kagglehub/datasets/hsankesara/flickr-image-dataset/versions/1/flickr30k_images/flickr30k_images/5123000955.jpg,The children jumping are all wearing the same brand of jackets,1,1.0
/home/z/zhangyon/.cache/kagglehub/datasets/hsankesara/flickr-image-dataset/versions/1/flickr30k_images/flickr30k_images/2507831979.jpg,There are two cups of coffee on the table,0,1.0
/home/z/zhangyon/.cache/kagglehub/datasets/hsankesara/flickr-image-dataset/versions/1/flickr30k_images/flickr30k_images/2507831979.jpg,The woman is silent,1,1.0
/home/z/zhangyon/.cache/kagglehub/datasets/hsankesara/flickr-image-dataset/versions/1/flickr30k_images/flickr30k_images/2507831979.jpg,"The woman is a secret government agent spy, waiting to meet her contact from another country",1,1.0
/home/z/zhangyon/.cache/kagglehub/datasets/hsankesara/flickr-image-dataset/versions/1/flickr30k_images/flickr30k_images/427736337.jpg,Two people are talking inside,0,1.0
/home/z/zhangyon/.cache/kagglehub/datasets/hsankesara/flickr-image-dataset/versions/1/flickr30k_images/flickr30k_images/427736337.jpg,A man and woman are eating ice cream cones,2,1.0
/home/z/zhangyon/.cache/kagglehub/datasets/hsankesara/flickr-image-dataset/versions/1/flickr30k_images/flickr30k_images/427736337.jpg,Two coworkers collaborate,1,1.0
/home/z/zhangyon/.cache/kagglehub/datasets/hsankesara/flickr-image-dataset/versions/1/flickr30k_images/flickr30k_images/4876504906.jpg,Male nun is inhaling,0,1.0
/home/z/zhangyon/.cache/kagglehub/datasets/hsankesara/flickr-image-dataset/versions/1/flickr30k_images/flickr30k_images/4876504906.jpg,The man is dressed as Tarzan,2,1.0
/home/z/zhangyon/.cache/kagglehub/datasets/hsankesara/flickr-image-dataset/versions/1/flickr30k_images/flickr30k_images/4876504906.jpg,A cross dresser is protesting the Catholic Church,1,1.0
/home/z/zhangyon/.cache/kagglehub/datasets/hsankesara/flickr-image-dataset/versions/1/flickr30k_images/flickr30k_images/3707283973.jpg,The people are in the garden,0,1.0
/home/z/zhangyon/.cache/kagglehub/datasets/hsankesara/flickr-image-dataset/versions/1/flickr30k_images/flickr30k_images/3707283973.jpg,Three people sit on the train heading South,2,1.0
/home/z/zhangyon/.cache/kagglehub/datasets/hsankesara/flickr-image-dataset/versions/1/flickr30k_images/flickr30k_images/3707283973.jpg,A trio are enjoying the outdoors,0,1.0
/home/z/zhangyon/.cache/kagglehub/datasets/hsankesara/flickr-image-dataset/versions/1/flickr30k_images/flickr30k_images/316298162.jpg,The people are walking together,0,1.0
/home/z/zhangyon/.cache/kagglehub/datasets/hsankesara/flickr-image-dataset/versions/1/flickr30k_images/flickr30k_images/316298162.jpg,A group of businessman ate on the road,2,1.0
/home/z/zhangyon/.cache/kagglehub/datasets/hsankesara/flickr-image-dataset/versions/1/flickr30k_images/flickr30k_images/316298162.jpg,The group walked away from the path and back to their cars,1,1.0
/home/z/zhangyon/.cache/kagglehub/datasets/hsankesara/flickr-image-dataset/versions/1/flickr30k_images/flickr30k_images/3772446893.jpg,The lady is by the flowers,0,1.0
/home/z/zhangyon/.cache/kagglehub/datasets/hsankesara/flickr-image-dataset/versions/1/flickr30k_images/flickr30k_images/3772446893.jpg,The woman is smelling the rose bush,2,1.0
/home/z/zhangyon/.cache/kagglehub/datasets/hsankesara/flickr-image-dataset/versions/1/flickr30k_images/flickr30k_images/3772446893.jpg,A woman is reading on the couch,1,1.0
/home/z/zhangyon/.cache/kagglehub/datasets/hsankesara/flickr-image-dataset/versions/1/flickr30k_images/flickr30k_images/2736263351.jpg,A man is gardening,0,1.0
/home/z/zhangyon/.cache/kagglehub/datasets/hsankesara/flickr-image-dataset/versions/1/flickr30k_images/flickr30k_images/2736263351.jpg,The man is a woman,2,1.0
/home/z/zhangyon/.cache/kagglehub/datasets/hsankesara/flickr-image-dataset/versions/1/flickr30k_images/flickr30k_images/2736263351.jpg,The man is planting flowers,1,1.0
/home/z/zhangyon/.cache/kagglehub/datasets/hsankesara/flickr-image-dataset/versions/1/flickr30k_images/flickr30k_images/498404951.jpg,The dog is furry,0,1.0
/home/z/zhangyon/.cache/kagglehub/datasets/hsankesara/flickr-image-dataset/versions/1/flickr30k_images/flickr30k_images/498404951.jpg,The cat is wading through the pond,2,1.0
/home/z/zhangyon/.cache/kagglehub/datasets/hsankesara/flickr-image-dataset/versions/1/flickr30k_images/flickr30k_images/498404951.jpg,The dog is by the water,0,1.0
/home/z/zhangyon/.cache/kagglehub/datasets/hsankesara/flickr-image-dataset/versions/1/flickr30k_images/flickr30k_images/3241531692.jpg,The lady is a musician,1,1.0
/home/z/zhangyon/.cache/kagglehub/datasets/hsankesara/flickr-image-dataset/versions/1/flickr30k_images/flickr30k_images/3241531692.jpg,The lady is fighting,2,1.0
/home/z/zhangyon/.cache/kagglehub/datasets/hsankesara/flickr-image-dataset/versions/1/flickr30k_images/flickr30k_images/3241531692.jpg,A woman is holding her hand up to ask a question,1,1.0
/home/z/zhangyon/.cache/kagglehub/datasets/hsankesara/flickr-image-dataset/versions/1/flickr30k_images/flickr30k_images/4655361417.jpg,The man in black sings into the microphone,0,1.0
/home/z/zhangyon/.cache/kagglehub/datasets/hsankesara/flickr-image-dataset/versions/1/flickr30k_images/flickr30k_images/4655361417.jpg,A singer is wearing an orange shirt,2,1.0
/home/z/zhangyon/.cache/kagglehub/datasets/hsankesara/flickr-image-dataset/versions/1/flickr30k_images/flickr30k_images/4655361417.jpg,A man is singing country,1,1.0
/home/z/zhangyon/.cache/kagglehub/datasets/hsankesara/flickr-image-dataset/versions/1/flickr30k_images/flickr30k_images/83001714.jpg,People playing a game outside,0,1.0
/home/z/zhangyon/.cache/kagglehub/datasets/hsankesara/flickr-image-dataset/versions/1/flickr30k_images/flickr30k_images/83001714.jpg,The kids are sleeping,2,1.0
/home/z/zhangyon/.cache/kagglehub/datasets/hsankesara/flickr-image-dataset/versions/1/flickr30k_images/flickr30k_images/83001714.jpg,The kids are friends,1,1.0
/home/z/zhangyon/.cache/kagglehub/datasets/hsankesara/flickr-image-dataset/versions/1/flickr30k_images/flickr30k_images/3799708677.jpg,Two monks are going for a stroll,0,1.0
/home/z/zhangyon/.cache/kagglehub/datasets/hsankesara/flickr-image-dataset/versions/1/flickr30k_images/flickr30k_images/3799708677.jpg,Two monks are praying in front of some large columns,2,1.0
/home/z/zhangyon/.cache/kagglehub/datasets/hsankesara/flickr-image-dataset/versions/1/flickr30k_images/flickr30k_images/3799708677.jpg,Two men are talking about problems,1,1.0
/home/z/zhangyon/.cache/kagglehub/datasets/hsankesara/flickr-image-dataset/versions/1/flickr30k_images/flickr30k_images/1810651611.jpg,The little girl is wearing a dress,0,1.0
/home/z/zhangyon/.cache/kagglehub/datasets/hsankesara/flickr-image-dataset/versions/1/flickr30k_images/flickr30k_images/1810651611.jpg,The girl is washing her hands in the kitchen,2,1.0
/home/z/zhangyon/.cache/kagglehub/datasets/hsankesara/flickr-image-dataset/versions/1/flickr30k_images/flickr30k_images/1810651611.jpg,A girl plays on a red swingset,1,1.0
/home/z/zhangyon/.cache/kagglehub/datasets/hsankesara/flickr-image-dataset/versions/1/flickr30k_images/flickr30k_images/4494075018.jpg,A man is near water,0,1.0
/home/z/zhangyon/.cache/kagglehub/datasets/hsankesara/flickr-image-dataset/versions/1/flickr30k_images/flickr30k_images/4494075018.jpg,A man is trying to quit smoking and failing,2,1.0
/home/z/zhangyon/.cache/kagglehub/datasets/hsankesara/flickr-image-dataset/versions/1/flickr30k_images/flickr30k_images/4494075018.jpg,A fishing boat pulls up to a dock,1,1.0
/home/z/zhangyon/.cache/kagglehub/datasets/hsankesara/flickr-image-dataset/versions/1/flickr30k_images/flickr30k_images/2393971707.jpg,Two people going down stairs,0,1.0
/home/z/zhangyon/.cache/kagglehub/datasets/hsankesara/flickr-image-dataset/versions/1/flickr30k_images/flickr30k_images/2393971707.jpg,Two women are holding on to the railings while walking down the stairs,2,1.0
/home/z/zhangyon/.cache/kagglehub/datasets/hsankesara/flickr-image-dataset/versions/1/flickr30k_images/flickr30k_images/2393971707.jpg,People in red and pink walking down their apartment building steps,1,1.0
/home/z/zhangyon/.cache/kagglehub/datasets/hsankesara/flickr-image-dataset/versions/1/flickr30k_images/flickr30k_images/3809758561.jpg,"A vendor sells ties, sunglasses, and newspapers",0,1.0
/home/z/zhangyon/.cache/kagglehub/datasets/hsankesara/flickr-image-dataset/versions/1/flickr30k_images/flickr30k_images/3809758561.jpg,The vendor is sitting and trying to power nap,2,1.0
/home/z/zhangyon/.cache/kagglehub/datasets/hsankesara/flickr-image-dataset/versions/1/flickr30k_images/flickr30k_images/3809758561.jpg,"a man stands with his hands crossed awkwardly in front of him, trying to decide what to buy from a vending booth on the street",1,1.0
/home/z/zhangyon/.cache/kagglehub/datasets/hsankesara/flickr-image-dataset/versions/1/flickr30k_images/flickr30k_images/5220880759.jpg,The person is wet,0,1.0
/home/z/zhangyon/.cache/kagglehub/datasets/hsankesara/flickr-image-dataset/versions/1/flickr30k_images/flickr30k_images/5220880759.jpg,The person is sitting on the toilet,2,1.0
/home/z/zhangyon/.cache/kagglehub/datasets/hsankesara/flickr-image-dataset/versions/1/flickr30k_images/flickr30k_images/5220880759.jpg,Someone is getting ready for work,1,1.0
/home/z/zhangyon/.cache/kagglehub/datasets/hsankesara/flickr-image-dataset/versions/1/flickr30k_images/flickr30k_images/3124455694.jpg,passengers get off a train,1,1.0
/home/z/zhangyon/.cache/kagglehub/datasets/hsankesara/flickr-image-dataset/versions/1/flickr30k_images/flickr30k_images/3124455694.jpg,People are boarding a city bus,2,1.0
/home/z/zhangyon/.cache/kagglehub/datasets/hsankesara/flickr-image-dataset/versions/1/flickr30k_images/flickr30k_images/3124455694.jpg,passengers are going to mount everst,2,1.0
/home/z/zhangyon/.cache/kagglehub/datasets/hsankesara/flickr-image-dataset/versions/1/flickr30k_images/flickr30k_images/4692725862.jpg,A boy plays in the pool,0,1.0
/home/z/zhangyon/.cache/kagglehub/datasets/hsankesara/flickr-image-dataset/versions/1/flickr30k_images/flickr30k_images/4692725862.jpg,Kids are riding bicycles,2,1.0
/home/z/zhangyon/.cache/kagglehub/datasets/hsankesara/flickr-image-dataset/versions/1/flickr30k_images/flickr30k_images/4692725862.jpg,The two boys are swimming and catching a wave,1,1.0
/home/z/zhangyon/.cache/kagglehub/datasets/hsankesara/flickr-image-dataset/versions/1/flickr30k_images/flickr30k_images/4118638516.jpg,a guy sells things in the street,0,1.0
/home/z/zhangyon/.cache/kagglehub/datasets/hsankesara/flickr-image-dataset/versions/1/flickr30k_images/flickr30k_images/4118638516.jpg,A boarded up storefront of a business that has closed,2,1.0
/home/z/zhangyon/.cache/kagglehub/datasets/hsankesara/flickr-image-dataset/versions/1/flickr30k_images/flickr30k_images/4118638516.jpg,The man admires the decorations,1,1.0
/home/z/zhangyon/.cache/kagglehub/datasets/hsankesara/flickr-image-dataset/versions/1/flickr30k_images/flickr30k_images/4852819911.jpg,A guy uses a broom to sweep infront of a wall,0,1.0
/home/z/zhangyon/.cache/kagglehub/datasets/hsankesara/flickr-image-dataset/versions/1/flickr30k_images/flickr30k_images/4852819911.jpg,A witch flies on a broom in the sky,2,1.0
/home/z/zhangyon/.cache/kagglehub/datasets/hsankesara/flickr-image-dataset/versions/1/flickr30k_images/flickr30k_images/4852819911.jpg,A shop worker is cleaning a mess left by children,1,1.0
/home/z/zhangyon/.cache/kagglehub/datasets/hsankesara/flickr-image-dataset/versions/1/flickr30k_images/flickr30k_images/2723024306.jpg,An adult is working with sand,0,1.0
/home/z/zhangyon/.cache/kagglehub/datasets/hsankesara/flickr-image-dataset/versions/1/flickr30k_images/flickr30k_images/2723024306.jpg,The man is playing with his kids,1,1.0
/home/z/zhangyon/.cache/kagglehub/datasets/hsankesara/flickr-image-dataset/versions/1/flickr30k_images/flickr30k_images/2723024306.jpg,There is a building contest on the beach,1,1.0
/home/z/zhangyon/.cache/kagglehub/datasets/hsankesara/flickr-image-dataset/versions/1/flickr30k_images/flickr30k_images/72010346.jpg,A happy duo gets intimate,0,1.0
/home/z/zhangyon/.cache/kagglehub/datasets/hsankesara/flickr-image-dataset/versions/1/flickr30k_images/flickr30k_images/72010346.jpg,The man and woman are on the couch,2,1.0
/home/z/zhangyon/.cache/kagglehub/datasets/hsankesara/flickr-image-dataset/versions/1/flickr30k_images/flickr30k_images/72010346.jpg,The young couple is dancing together for the first time,1,1.0
/home/z/zhangyon/.cache/kagglehub/datasets/hsankesara/flickr-image-dataset/versions/1/flickr30k_images/flickr30k_images/2991994607.jpg,The male is covered in blood,0,1.0
/home/z/zhangyon/.cache/kagglehub/datasets/hsankesara/flickr-image-dataset/versions/1/flickr30k_images/flickr30k_images/2991994607.jpg,There is food and drink in the photo,2,1.0
/home/z/zhangyon/.cache/kagglehub/datasets/hsankesara/flickr-image-dataset/versions/1/flickr30k_images/flickr30k_images/2991994607.jpg,The man won best costume and made money from the halloween contest,1,1.0
/home/z/zhangyon/.cache/kagglehub/datasets/hsankesara/flickr-image-dataset/versions/1/flickr30k_images/flickr30k_images/3390808408.jpg,A soccer player is playing in a soccer game,0,1.0
/home/z/zhangyon/.cache/kagglehub/datasets/hsankesara/flickr-image-dataset/versions/1/flickr30k_images/flickr30k_images/3390808408.jpg,The men play a friendly game of pick up soccer in the street,2,1.0
/home/z/zhangyon/.cache/kagglehub/datasets/hsankesara/flickr-image-dataset/versions/1/flickr30k_images/flickr30k_images/3390808408.jpg,The football player juked the defender,1,1.0
/home/z/zhangyon/.cache/kagglehub/datasets/hsankesara/flickr-image-dataset/versions/1/flickr30k_images/flickr30k_images/3547000169.jpg,Three men are sitting,0,1.0
/home/z/zhangyon/.cache/kagglehub/datasets/hsankesara/flickr-image-dataset/versions/1/flickr30k_images/flickr30k_images/3547000169.jpg,mena re being fitted for shoes,2,1.0
/home/z/zhangyon/.cache/kagglehub/datasets/hsankesara/flickr-image-dataset/versions/1/flickr30k_images/flickr30k_images/3547000169.jpg,the men are drinking coffee at the counter,1,1.0
/home/z/zhangyon/.cache/kagglehub/datasets/hsankesara/flickr-image-dataset/versions/1/flickr30k_images/flickr30k_images/4401136784.jpg,They are posing,0,1.0
/home/z/zhangyon/.cache/kagglehub/datasets/hsankesara/flickr-image-dataset/versions/1/flickr30k_images/flickr30k_images/4401136784.jpg,They are inside,2,1.0
/home/z/zhangyon/.cache/kagglehub/datasets/hsankesara/flickr-image-dataset/versions/1/flickr30k_images/flickr30k_images/4401136784.jpg,They know eachother,1,1.0
/home/z/zhangyon/.cache/kagglehub/datasets/hsankesara/flickr-image-dataset/versions/1/flickr30k_images/flickr30k_images/2305437797.jpg,A dog is swimming,0,1.0
/home/z/zhangyon/.cache/kagglehub/datasets/hsankesara/flickr-image-dataset/versions/1/flickr30k_images/flickr30k_images/2305437797.jpg,A cat ignores a ball of yarn in the house,2,1.0
/home/z/zhangyon/.cache/kagglehub/datasets/hsankesara/flickr-image-dataset/versions/1/flickr30k_images/flickr30k_images/2305437797.jpg,A puppy is swimming toward shore,1,1.0
/home/z/zhangyon/.cache/kagglehub/datasets/hsankesara/flickr-image-dataset/versions/1/flickr30k_images/flickr30k_images/6987411804.jpg,The girls are wearing cheerleading outfits,0,1.0
/home/z/zhangyon/.cache/kagglehub/datasets/hsankesara/flickr-image-dataset/versions/1/flickr30k_images/flickr30k_images/6987411804.jpg,Nobody is watching,2,1.0
/home/z/zhangyon/.cache/kagglehub/datasets/hsankesara/flickr-image-dataset/versions/1/flickr30k_images/flickr30k_images/6987411804.jpg,Tall humans watching,1,1.0
/home/z/zhangyon/.cache/kagglehub/datasets/hsankesara/flickr-image-dataset/versions/1/flickr30k_images/flickr30k_images/3607969989.jpg,A man skateboards,0,1.0
/home/z/zhangyon/.cache/kagglehub/datasets/hsankesara/flickr-image-dataset/versions/1/flickr30k_images/flickr30k_images/3607969989.jpg,A man is swimming,2,1.0
/home/z/zhangyon/.cache/kagglehub/datasets/hsankesara/flickr-image-dataset/versions/1/flickr30k_images/flickr30k_images/3607969989.jpg,A man is skateboarding at midday,1,1.0
/home/z/zhangyon/.cache/kagglehub/datasets/hsankesara/flickr-image-dataset/versions/1/flickr30k_images/flickr30k_images/92679312.jpg,Two people are holding electronics equipment,0,1.0
/home/z/zhangyon/.cache/kagglehub/datasets/hsankesara/flickr-image-dataset/versions/1/flickr30k_images/flickr30k_images/92679312.jpg,A father and a son are playing baseball,2,1.0
/home/z/zhangyon/.cache/kagglehub/datasets/hsankesara/flickr-image-dataset/versions/1/flickr30k_images/flickr30k_images/92679312.jpg,The boy is going to sing,1,1.0
/home/z/zhangyon/.cache/kagglehub/datasets/hsankesara/flickr-image-dataset/versions/1/flickr30k_images/flickr30k_images/3708748633.jpg,A man plays bagpipes,0,1.0
/home/z/zhangyon/.cache/kagglehub/datasets/hsankesara/flickr-image-dataset/versions/1/flickr30k_images/flickr30k_images/3708748633.jpg,A man is playing drums in the church,2,1.0
/home/z/zhangyon/.cache/kagglehub/datasets/hsankesara/flickr-image-dataset/versions/1/flickr30k_images/flickr30k_images/3708748633.jpg,The man is playing a beautiful song,1,1.0
/home/z/zhangyon/.cache/kagglehub/datasets/hsankesara/flickr-image-dataset/versions/1/flickr30k_images/flickr30k_images/1424775129.jpg,child stepping on train tracks with a stick,0,1.0
/home/z/zhangyon/.cache/kagglehub/datasets/hsankesara/flickr-image-dataset/versions/1/flickr30k_images/flickr30k_images/1424775129.jpg,A little boy with a red jacket is riding the subway,2,1.0
/home/z/zhangyon/.cache/kagglehub/datasets/hsankesara/flickr-image-dataset/versions/1/flickr30k_images/flickr30k_images/1424775129.jpg,A little boy is playing a game,1,1.0
/home/z/zhangyon/.cache/kagglehub/datasets/hsankesara/flickr-image-dataset/versions/1/flickr30k_images/flickr30k_images/575853856.jpg,The man is playing an instrument,0,1.0
/home/z/zhangyon/.cache/kagglehub/datasets/hsankesara/flickr-image-dataset/versions/1/flickr30k_images/flickr30k_images/575853856.jpg,a man in gray trousers and a hat plays a whistle,2,1.0
/home/z/zhangyon/.cache/kagglehub/datasets/hsankesara/flickr-image-dataset/versions/1/flickr30k_images/flickr30k_images/575853856.jpg,The man is performing,1,1.0
/home/z/zhangyon/.cache/kagglehub/datasets/hsankesara/flickr-image-dataset/versions/1/flickr30k_images/flickr30k_images/6232601127.jpg,The man is making a piece of pottery,0,1.0
/home/z/zhangyon/.cache/kagglehub/datasets/hsankesara/flickr-image-dataset/versions/1/flickr30k_images/flickr30k_images/6232601127.jpg,An artist is sleeping,2,1.0
/home/z/zhangyon/.cache/kagglehub/datasets/hsankesara/flickr-image-dataset/versions/1/flickr30k_images/flickr30k_images/6232601127.jpg,A person is creating pottery on an outdated pottery wheel,1,1.0
/home/z/zhangyon/.cache/kagglehub/datasets/hsankesara/flickr-image-dataset/versions/1/flickr30k_images/flickr30k_images/3416050480.jpg,A woman in expensive clothes is sitting on a big animal while it jumps,1,1.0
/home/z/zhangyon/.cache/kagglehub/datasets/hsankesara/flickr-image-dataset/versions/1/flickr30k_images/flickr30k_images/3416050480.jpg,Nobody has apparel,2,1.0
/home/z/zhangyon/.cache/kagglehub/datasets/hsankesara/flickr-image-dataset/versions/1/flickr30k_images/flickr30k_images/3416050480.jpg,An equestrian is riding a horse over a jump shaped like a plane at a competition,1,1.0
/home/z/zhangyon/.cache/kagglehub/datasets/hsankesara/flickr-image-dataset/versions/1/flickr30k_images/flickr30k_images/2230134548.jpg,A human working,0,1.0
/home/z/zhangyon/.cache/kagglehub/datasets/hsankesara/flickr-image-dataset/versions/1/flickr30k_images/flickr30k_images/2230134548.jpg,"The chef is working in the hot, stuffy kitchen",1,1.0
/home/z/zhangyon/.cache/kagglehub/datasets/hsankesara/flickr-image-dataset/versions/1/flickr30k_images/flickr30k_images/2230134548.jpg,A tall person working,1,1.0
/home/z/zhangyon/.cache/kagglehub/datasets/hsankesara/flickr-image-dataset/versions/1/flickr30k_images/flickr30k_images/1234206849.jpg,two women are happy,0,1.0
/home/z/zhangyon/.cache/kagglehub/datasets/hsankesara/flickr-image-dataset/versions/1/flickr30k_images/flickr30k_images/1234206849.jpg,Two women are wearing hoods,2,1.0
/home/z/zhangyon/.cache/kagglehub/datasets/hsankesara/flickr-image-dataset/versions/1/flickr30k_images/flickr30k_images/1234206849.jpg,The women are sitting for a picture,1,1.0
/home/z/zhangyon/.cache/kagglehub/datasets/hsankesara/flickr-image-dataset/versions/1/flickr30k_images/flickr30k_images/1606988704.jpg,Children are playing together,0,1.0
/home/z/zhangyon/.cache/kagglehub/datasets/hsankesara/flickr-image-dataset/versions/1/flickr30k_images/flickr30k_images/1606988704.jpg,three children are shopping at wal mart in the clothes area,2,1.0
/home/z/zhangyon/.cache/kagglehub/datasets/hsankesara/flickr-image-dataset/versions/1/flickr30k_images/flickr30k_images/1606988704.jpg,Three children are visiting a farm,1,1.0
/home/z/zhangyon/.cache/kagglehub/datasets/hsankesara/flickr-image-dataset/versions/1/flickr30k_images/flickr30k_images/5513727638.jpg,A man is outside riding a bike,0,1.0
/home/z/zhangyon/.cache/kagglehub/datasets/hsankesara/flickr-image-dataset/versions/1/flickr30k_images/flickr30k_images/5513727638.jpg,One biker doing a stunt while onlookers watch overhead,0,1.0
/home/z/zhangyon/.cache/kagglehub/datasets/hsankesara/flickr-image-dataset/versions/1/flickr30k_images/flickr30k_images/5513727638.jpg,The boy is very young,1,1.0
/home/z/zhangyon/.cache/kagglehub/datasets/hsankesara/flickr-image-dataset/versions/1/flickr30k_images/flickr30k_images/137444523.jpg,A photgraphy student photographs a group of busy-minded pedestrians,1,1.0
/home/z/zhangyon/.cache/kagglehub/datasets/hsankesara/flickr-image-dataset/versions/1/flickr30k_images/flickr30k_images/137444523.jpg,A man and woman are swimming,2,1.0
/home/z/zhangyon/.cache/kagglehub/datasets/hsankesara/flickr-image-dataset/versions/1/flickr30k_images/flickr30k_images/137444523.jpg,A group of friends wait for their party bus,1,1.0
/home/z/zhangyon/.cache/kagglehub/datasets/hsankesara/flickr-image-dataset/versions/1/flickr30k_images/flickr30k_images/4606522320.jpg,Men are wearing headwear,0,1.0
/home/z/zhangyon/.cache/kagglehub/datasets/hsankesara/flickr-image-dataset/versions/1/flickr30k_images/flickr30k_images/4606522320.jpg,Men are naked,2,1.0
/home/z/zhangyon/.cache/kagglehub/datasets/hsankesara/flickr-image-dataset/versions/1/flickr30k_images/flickr30k_images/4606522320.jpg,men are posing for a picture,1,1.0
/home/z/zhangyon/.cache/kagglehub/datasets/hsankesara/flickr-image-dataset/versions/1/flickr30k_images/flickr30k_images/4801764348.jpg,The family is waiting for someone,1,1.0
/home/z/zhangyon/.cache/kagglehub/datasets/hsankesara/flickr-image-dataset/versions/1/flickr30k_images/flickr30k_images/4801764348.jpg,The family is from Argentina,2,1.0
/home/z/zhangyon/.cache/kagglehub/datasets/hsankesara/flickr-image-dataset/versions/1/flickr30k_images/flickr30k_images/4801764348.jpg,The family hasnt seen their loved one in years,1,1.0
/home/z/zhangyon/.cache/kagglehub/datasets/hsankesara/flickr-image-dataset/versions/1/flickr30k_images/flickr30k_images/4439654945.jpg,Children feign sleep while observing the local customs of adults,0,1.0
/home/z/zhangyon/.cache/kagglehub/datasets/hsankesara/flickr-image-dataset/versions/1/flickr30k_images/flickr30k_images/4439654945.jpg,Young kids are blindfolded,2,1.0
/home/z/zhangyon/.cache/kagglehub/datasets/hsankesara/flickr-image-dataset/versions/1/flickr30k_images/flickr30k_images/4439654945.jpg,a boy grins in a crowd of people knowing that he should have his eyes closed too,1,1.0
/home/z/zhangyon/.cache/kagglehub/datasets/hsankesara/flickr-image-dataset/versions/1/flickr30k_images/flickr30k_images/707941195.jpg,The dog is on a rock,0,1.0
/home/z/zhangyon/.cache/kagglehub/datasets/hsankesara/flickr-image-dataset/versions/1/flickr30k_images/flickr30k_images/707941195.jpg,A cat is lying on  a rock,2,1.0
/home/z/zhangyon/.cache/kagglehub/datasets/hsankesara/flickr-image-dataset/versions/1/flickr30k_images/flickr30k_images/707941195.jpg,A black dog stands on a rock looking for its owner,1,1.0
/home/z/zhangyon/.cache/kagglehub/datasets/hsankesara/flickr-image-dataset/versions/1/flickr30k_images/flickr30k_images/6981038793.jpg,Person in orange pants skiing,0,1.0
/home/z/zhangyon/.cache/kagglehub/datasets/hsankesara/flickr-image-dataset/versions/1/flickr30k_images/flickr30k_images/6981038793.jpg,A snowboarder is walking up the mountainside,2,1.0
/home/z/zhangyon/.cache/kagglehub/datasets/hsankesara/flickr-image-dataset/versions/1/flickr30k_images/flickr30k_images/6981038793.jpg,A skier is preparing for a competition in the Winter Olympics,1,1.0
/home/z/zhangyon/.cache/kagglehub/datasets/hsankesara/flickr-image-dataset/versions/1/flickr30k_images/flickr30k_images/5892931627.jpg,A person is trying to hit the ball,0,1.0
/home/z/zhangyon/.cache/kagglehub/datasets/hsankesara/flickr-image-dataset/versions/1/flickr30k_images/flickr30k_images/5892931627.jpg,The player drinks a bottle of wine,2,1.0
/home/z/zhangyon/.cache/kagglehub/datasets/hsankesara/flickr-image-dataset/versions/1/flickr30k_images/flickr30k_images/5892931627.jpg,The player has just hit a home run,1,1.0
/home/z/zhangyon/.cache/kagglehub/datasets/hsankesara/flickr-image-dataset/versions/1/flickr30k_images/flickr30k_images/2757803246.jpg,The small child was happy,0,1.0
/home/z/zhangyon/.cache/kagglehub/datasets/hsankesara/flickr-image-dataset/versions/1/flickr30k_images/flickr30k_images/2757803246.jpg,The dog is playing near the people,2,1.0
/home/z/zhangyon/.cache/kagglehub/datasets/hsankesara/flickr-image-dataset/versions/1/flickr30k_images/flickr30k_images/2757803246.jpg,The boy is at a park with his mother,1,1.0
/home/z/zhangyon/.cache/kagglehub/datasets/hsankesara/flickr-image-dataset/versions/1/flickr30k_images/flickr30k_images/4977528001.jpg,A boy has a New York hat on,0,1.0
/home/z/zhangyon/.cache/kagglehub/datasets/hsankesara/flickr-image-dataset/versions/1/flickr30k_images/flickr30k_images/4977528001.jpg,The boy is looking at the ground,2,1.0
/home/z/zhangyon/.cache/kagglehub/datasets/hsankesara/flickr-image-dataset/versions/1/flickr30k_images/flickr30k_images/4977528001.jpg,The son of a New York Yankees ball player wears his fathers team hat,1,1.0
/home/z/zhangyon/.cache/kagglehub/datasets/hsankesara/flickr-image-dataset/versions/1/flickr30k_images/flickr30k_images/2635938723.jpg,The boy is consuming something,0,1.0
/home/z/zhangyon/.cache/kagglehub/datasets/hsankesara/flickr-image-dataset/versions/1/flickr30k_images/flickr30k_images/2635938723.jpg,Little boy is sleeping,2,1.0
/home/z/zhangyon/.cache/kagglehub/datasets/hsankesara/flickr-image-dataset/versions/1/flickr30k_images/flickr30k_images/2635938723.jpg,Dark-haired fat child eating a frozen treat,1,1.0
/home/z/zhangyon/.cache/kagglehub/datasets/hsankesara/flickr-image-dataset/versions/1/flickr30k_images/flickr30k_images/3094034946.jpg,The uniform is made of fabric,0,1.0
/home/z/zhangyon/.cache/kagglehub/datasets/hsankesara/flickr-image-dataset/versions/1/flickr30k_images/flickr30k_images/3094034946.jpg,The soccer player kicks the ball to the moon,2,1.0
/home/z/zhangyon/.cache/kagglehub/datasets/hsankesara/flickr-image-dataset/versions/1/flickr30k_images/flickr30k_images/3094034946.jpg,A soccer player is getting ready to take a penalty kick,1,1.0
/home/z/zhangyon/.cache/kagglehub/datasets/hsankesara/flickr-image-dataset/versions/1/flickr30k_images/flickr30k_images/4480270643.jpg,"A person is standing, indoors, near a window",0,1.0
/home/z/zhangyon/.cache/kagglehub/datasets/hsankesara/flickr-image-dataset/versions/1/flickr30k_images/flickr30k_images/4480270643.jpg,A man is standing in a field,2,1.0
/home/z/zhangyon/.cache/kagglehub/datasets/hsankesara/flickr-image-dataset/versions/1/flickr30k_images/flickr30k_images/4480270643.jpg,"A man is in the living room, by the window",1,1.0
/home/z/zhangyon/.cache/kagglehub/datasets/hsankesara/flickr-image-dataset/versions/1/flickr30k_images/flickr30k_images/2903617548.jpg,A game is being played by a children near a vehicle,0,1.0
/home/z/zhangyon/.cache/kagglehub/datasets/hsankesara/flickr-image-dataset/versions/1/flickr30k_images/flickr30k_images/2903617548.jpg,The child is taking a shower,2,1.0
/home/z/zhangyon/.cache/kagglehub/datasets/hsankesara/flickr-image-dataset/versions/1/flickr30k_images/flickr30k_images/2903617548.jpg,The kid is playing a game with friends,1,1.0
/home/z/zhangyon/.cache/kagglehub/datasets/hsankesara/flickr-image-dataset/versions/1/flickr30k_images/flickr30k_images/6680789117.jpg,People are kayaking,0,1.0
/home/z/zhangyon/.cache/kagglehub/datasets/hsankesara/flickr-image-dataset/versions/1/flickr30k_images/flickr30k_images/6680789117.jpg,There are only red canoes,2,1.0
/home/z/zhangyon/.cache/kagglehub/datasets/hsankesara/flickr-image-dataset/versions/1/flickr30k_images/flickr30k_images/6680789117.jpg,The rowers are in a competition,1,1.0
/home/z/zhangyon/.cache/kagglehub/datasets/hsankesara/flickr-image-dataset/versions/1/flickr30k_images/flickr30k_images/6338704.jpg,people trying to get to the other side of the street,0,1.0
/home/z/zhangyon/.cache/kagglehub/datasets/hsankesara/flickr-image-dataset/versions/1/flickr30k_images/flickr30k_images/6338704.jpg,The people are sleeping,2,1.0
/home/z/zhangyon/.cache/kagglehub/datasets/hsankesara/flickr-image-dataset/versions/1/flickr30k_images/flickr30k_images/6338704.jpg,They are going to lunch together,1,1.0
/home/z/zhangyon/.cache/kagglehub/datasets/hsankesara/flickr-image-dataset/versions/1/flickr30k_images/flickr30k_images/7003919692.jpg,The marketplace is hot,0,1.0
/home/z/zhangyon/.cache/kagglehub/datasets/hsankesara/flickr-image-dataset/versions/1/flickr30k_images/flickr30k_images/7003919692.jpg,The town  is submerged under 10 feet of water,2,1.0
/home/z/zhangyon/.cache/kagglehub/datasets/hsankesara/flickr-image-dataset/versions/1/flickr30k_images/flickr30k_images/7003919692.jpg,The black people are not bothered,1,1.0
/home/z/zhangyon/.cache/kagglehub/datasets/hsankesara/flickr-image-dataset/versions/1/flickr30k_images/flickr30k_images/2790909995.jpg,A dog runs into a sandy patch away from the grass in the background,0,1.0
/home/z/zhangyon/.cache/kagglehub/datasets/hsankesara/flickr-image-dataset/versions/1/flickr30k_images/flickr30k_images/2790909995.jpg,A dog sits nicely for its treat,2,1.0
/home/z/zhangyon/.cache/kagglehub/datasets/hsankesara/flickr-image-dataset/versions/1/flickr30k_images/flickr30k_images/2790909995.jpg,A dog runs through sand at the beach,1,1.0
/home/z/zhangyon/.cache/kagglehub/datasets/hsankesara/flickr-image-dataset/versions/1/flickr30k_images/flickr30k_images/287212060.jpg,The man is not alone,0,1.0
/home/z/zhangyon/.cache/kagglehub/datasets/hsankesara/flickr-image-dataset/versions/1/flickr30k_images/flickr30k_images/287212060.jpg,Two guys about to eat at a hotdog contest,2,1.0
/home/z/zhangyon/.cache/kagglehub/datasets/hsankesara/flickr-image-dataset/versions/1/flickr30k_images/flickr30k_images/287212060.jpg,The man is getting ready to race in a three legged race with the boy,1,1.0
/home/z/zhangyon/.cache/kagglehub/datasets/hsankesara/flickr-image-dataset/versions/1/flickr30k_images/flickr30k_images/146019208.jpg,The men are eating outside,0,1.0
/home/z/zhangyon/.cache/kagglehub/datasets/hsankesara/flickr-image-dataset/versions/1/flickr30k_images/flickr30k_images/146019208.jpg,Guys in swimsuits prepare a beach luau,2,1.0
/home/z/zhangyon/.cache/kagglehub/datasets/hsankesara/flickr-image-dataset/versions/1/flickr30k_images/flickr30k_images/146019208.jpg,The men are stuck where they are,1,1.0
/home/z/zhangyon/.cache/kagglehub/datasets/hsankesara/flickr-image-dataset/versions/1/flickr30k_images/flickr30k_images/837919879.jpg,two people playing a game,0,1.0
/home/z/zhangyon/.cache/kagglehub/datasets/hsankesara/flickr-image-dataset/versions/1/flickr30k_images/flickr30k_images/837919879.jpg,Two women wearing jeans and sunglasses are playing horseshoes,2,1.0
/home/z/zhangyon/.cache/kagglehub/datasets/hsankesara/flickr-image-dataset/versions/1/flickr30k_images/flickr30k_images/837919879.jpg,Tom and Sue were playing horseshoes,1,1.0
/home/z/zhangyon/.cache/kagglehub/datasets/hsankesara/flickr-image-dataset/versions/1/flickr30k_images/flickr30k_images/3381788544.jpg,There are many girls standing together,0,1.0
/home/z/zhangyon/.cache/kagglehub/datasets/hsankesara/flickr-image-dataset/versions/1/flickr30k_images/flickr30k_images/3381788544.jpg,The girls are standing outside,2,1.0
/home/z/zhangyon/.cache/kagglehub/datasets/hsankesara/flickr-image-dataset/versions/1/flickr30k_images/flickr30k_images/3381788544.jpg,"Two girls are laughing about a funny joke, surrounded by people who hate them",1,1.0
/home/z/zhangyon/.cache/kagglehub/datasets/hsankesara/flickr-image-dataset/versions/1/flickr30k_images/flickr30k_images/65845718.jpg,A person is swimming,0,1.0
/home/z/zhangyon/.cache/kagglehub/datasets/hsankesara/flickr-image-dataset/versions/1/flickr30k_images/flickr30k_images/65845718.jpg,A woman is racing a car,2,1.0
/home/z/zhangyon/.cache/kagglehub/datasets/hsankesara/flickr-image-dataset/versions/1/flickr30k_images/flickr30k_images/65845718.jpg,This is a woman in a swimming pool with her hand on the edge of the pool and appears to be wearing a dark blue bathing suit and yellow swim cap and looking off to her right,1,1.0
/home/z/zhangyon/.cache/kagglehub/datasets/hsankesara/flickr-image-dataset/versions/1/flickr30k_images/flickr30k_images/4570151256.jpg,The female is wearing a t-shirt,0,1.0
/home/z/zhangyon/.cache/kagglehub/datasets/hsankesara/flickr-image-dataset/versions/1/flickr30k_images/flickr30k_images/4570151256.jpg,The female is in the woods on a rainy day,2,1.0
/home/z/zhangyon/.cache/kagglehub/datasets/hsankesara/flickr-image-dataset/versions/1/flickr30k_images/flickr30k_images/4570151256.jpg,The blond girl is wheeling a wheelbarrow across a lawn to put lawn trimmings in,1,1.0
/home/z/zhangyon/.cache/kagglehub/datasets/hsankesara/flickr-image-dataset/versions/1/flickr30k_images/flickr30k_images/415604639.jpg,There is a woman dressed in a black dress,0,1.0
/home/z/zhangyon/.cache/kagglehub/datasets/hsankesara/flickr-image-dataset/versions/1/flickr30k_images/flickr30k_images/415604639.jpg,the woman closes the door,2,1.0
/home/z/zhangyon/.cache/kagglehub/datasets/hsankesara/flickr-image-dataset/versions/1/flickr30k_images/flickr30k_images/415604639.jpg,This couple prepared to host their first big party,1,1.0
/home/z/zhangyon/.cache/kagglehub/datasets/hsankesara/flickr-image-dataset/versions/1/flickr30k_images/flickr30k_images/242558556.jpg,The girl is wearing white,0,1.0
/home/z/zhangyon/.cache/kagglehub/datasets/hsankesara/flickr-image-dataset/versions/1/flickr30k_images/flickr30k_images/242558556.jpg,The blond-haired model is passed out drunk,2,1.0
/home/z/zhangyon/.cache/kagglehub/datasets/hsankesara/flickr-image-dataset/versions/1/flickr30k_images/flickr30k_images/242558556.jpg,The model in white is posing like Marilyn Monroe,1,1.0
/home/z/zhangyon/.cache/kagglehub/datasets/hsankesara/flickr-image-dataset/versions/1/flickr30k_images/flickr30k_images/2874876837.jpg,a boy is playing outside,0,1.0
/home/z/zhangyon/.cache/kagglehub/datasets/hsankesara/flickr-image-dataset/versions/1/flickr30k_images/flickr30k_images/2874876837.jpg,the trampoline is blue,2,1.0
/home/z/zhangyon/.cache/kagglehub/datasets/hsankesara/flickr-image-dataset/versions/1/flickr30k_images/flickr30k_images/2874876837.jpg,the boy is not happy,2,1.0
/home/z/zhangyon/.cache/kagglehub/datasets/hsankesara/flickr-image-dataset/versions/1/flickr30k_images/flickr30k_images/618797331.jpg,A young boy is showing his necklace,0,1.0
/home/z/zhangyon/.cache/kagglehub/datasets/hsankesara/flickr-image-dataset/versions/1/flickr30k_images/flickr30k_images/618797331.jpg,A young girl is showing off her new ring,2,1.0
/home/z/zhangyon/.cache/kagglehub/datasets/hsankesara/flickr-image-dataset/versions/1/flickr30k_images/flickr30k_images/618797331.jpg,A young boy is showing the beaded necklace that he made,0,1.0
/home/z/zhangyon/.cache/kagglehub/datasets/hsankesara/flickr-image-dataset/versions/1/flickr30k_images/flickr30k_images/2629784415.jpg,People stand in front of a display,0,1.0
/home/z/zhangyon/.cache/kagglehub/datasets/hsankesara/flickr-image-dataset/versions/1/flickr30k_images/flickr30k_images/2629784415.jpg,The people are all driving go-carts around a track at their local family fun center,2,1.0
/home/z/zhangyon/.cache/kagglehub/datasets/hsankesara/flickr-image-dataset/versions/1/flickr30k_images/flickr30k_images/2629784415.jpg,People stand in front of the new display,1,1.0
/home/z/zhangyon/.cache/kagglehub/datasets/hsankesara/flickr-image-dataset/versions/1/flickr30k_images/flickr30k_images/2596474836.jpg,Two people are swimming,0,1.0
/home/z/zhangyon/.cache/kagglehub/datasets/hsankesara/flickr-image-dataset/versions/1/flickr30k_images/flickr30k_images/2596474836.jpg,Man teaching young boy how to swim,2,1.0
/home/z/zhangyon/.cache/kagglehub/datasets/hsankesara/flickr-image-dataset/versions/1/flickr30k_images/flickr30k_images/2596474836.jpg,The woman is holding her son,1,1.0
/home/z/zhangyon/.cache/kagglehub/datasets/hsankesara/flickr-image-dataset/versions/1/flickr30k_images/flickr30k_images/2993049054.jpg,A man is wearing a mask,0,1.0
/home/z/zhangyon/.cache/kagglehub/datasets/hsankesara/flickr-image-dataset/versions/1/flickr30k_images/flickr30k_images/2993049054.jpg,The man wears a pink mask and a purple cape,2,1.0
/home/z/zhangyon/.cache/kagglehub/datasets/hsankesara/flickr-image-dataset/versions/1/flickr30k_images/flickr30k_images/2993049054.jpg,A man is wearing a mask and about to rob a bank,1,1.0
/home/z/zhangyon/.cache/kagglehub/datasets/hsankesara/flickr-image-dataset/versions/1/flickr30k_images/flickr30k_images/2540884723.jpg,Two people talking,1,1.0
/home/z/zhangyon/.cache/kagglehub/datasets/hsankesara/flickr-image-dataset/versions/1/flickr30k_images/flickr30k_images/2540884723.jpg,A naked man and woman having sex,2,1.0
/home/z/zhangyon/.cache/kagglehub/datasets/hsankesara/flickr-image-dataset/versions/1/flickr30k_images/flickr30k_images/2540884723.jpg,The people are waiting for a taxi,1,1.0
/home/z/zhangyon/.cache/kagglehub/datasets/hsankesara/flickr-image-dataset/versions/1/flickr30k_images/flickr30k_images/2174648405.jpg,Two woman wearing masks are working,0,1.0
/home/z/zhangyon/.cache/kagglehub/datasets/hsankesara/flickr-image-dataset/versions/1/flickr30k_images/flickr30k_images/2174648405.jpg,Two women in pinks masks are in the warehouse,2,1.0
/home/z/zhangyon/.cache/kagglehub/datasets/hsankesara/flickr-image-dataset/versions/1/flickr30k_images/flickr30k_images/2174648405.jpg,Two women work in a big factory,0,1.0
/home/z/zhangyon/.cache/kagglehub/datasets/hsankesara/flickr-image-dataset/versions/1/flickr30k_images/flickr30k_images/6847401646.jpg,The man is atheltically build,0,1.0
/home/z/zhangyon/.cache/kagglehub/datasets/hsankesara/flickr-image-dataset/versions/1/flickr30k_images/flickr30k_images/6847401646.jpg,a man is too shy to take off his shirt,2,1.0
/home/z/zhangyon/.cache/kagglehub/datasets/hsankesara/flickr-image-dataset/versions/1/flickr30k_images/flickr30k_images/6847401646.jpg,Someone has shoulder-length hair,0,1.0
/home/z/zhangyon/.cache/kagglehub/datasets/hsankesara/flickr-image-dataset/versions/1/flickr30k_images/flickr30k_images/3701699584.jpg,A tennis player playing tennis,0,1.0
/home/z/zhangyon/.cache/kagglehub/datasets/hsankesara/flickr-image-dataset/versions/1/flickr30k_images/flickr30k_images/3701699584.jpg,Andy Roddick is playing in his tennis finals,2,1.0
/home/z/zhangyon/.cache/kagglehub/datasets/hsankesara/flickr-image-dataset/versions/1/flickr30k_images/flickr30k_images/3701699584.jpg,The person you can see here is ranked #10 in the tennis world rankings,1,1.0
/home/z/zhangyon/.cache/kagglehub/datasets/hsankesara/flickr-image-dataset/versions/1/flickr30k_images/flickr30k_images/3027397797.jpg,The man is outside,0,1.0
/home/z/zhangyon/.cache/kagglehub/datasets/hsankesara/flickr-image-dataset/versions/1/flickr30k_images/flickr30k_images/3027397797.jpg,the teenager is asleep in a tent,2,1.0
/home/z/zhangyon/.cache/kagglehub/datasets/hsankesara/flickr-image-dataset/versions/1/flickr30k_images/flickr30k_images/3027397797.jpg,A man is on a skateboard chasing after his son,1,1.0
/home/z/zhangyon/.cache/kagglehub/datasets/hsankesara/flickr-image-dataset/versions/1/flickr30k_images/flickr30k_images/2666234771.jpg,A man is being watched by a group of spectators in the street,0,1.0
/home/z/zhangyon/.cache/kagglehub/datasets/hsankesara/flickr-image-dataset/versions/1/flickr30k_images/flickr30k_images/2666234771.jpg,A woman is singing in the street,1,1.0
/home/z/zhangyon/.cache/kagglehub/datasets/hsankesara/flickr-image-dataset/versions/1/flickr30k_images/flickr30k_images/2666234771.jpg,A man in a Halloween costume tries to scare a driver,1,1.0
/home/z/zhangyon/.cache/kagglehub/datasets/hsankesara/flickr-image-dataset/versions/1/flickr30k_images/flickr30k_images/4970590451.jpg,A man drives,1,1.0
/home/z/zhangyon/.cache/kagglehub/datasets/hsankesara/flickr-image-dataset/versions/1/flickr30k_images/flickr30k_images/4970590451.jpg,There is nothing on the persons head,2,1.0
/home/z/zhangyon/.cache/kagglehub/datasets/hsankesara/flickr-image-dataset/versions/1/flickr30k_images/flickr30k_images/4970590451.jpg,man participate in the race,1,1.0
/home/z/zhangyon/.cache/kagglehub/datasets/hsankesara/flickr-image-dataset/versions/1/flickr30k_images/flickr30k_images/2954929479.jpg,A child is holding something orange,0,1.0
/home/z/zhangyon/.cache/kagglehub/datasets/hsankesara/flickr-image-dataset/versions/1/flickr30k_images/flickr30k_images/2954929479.jpg,A boy is fast asleep in his own bed,2,1.0
/home/z/zhangyon/.cache/kagglehub/datasets/hsankesara/flickr-image-dataset/versions/1/flickr30k_images/flickr30k_images/2954929479.jpg,A boy is getting ready to carve his pumpkin,1,1.0
/home/z/zhangyon/.cache/kagglehub/datasets/hsankesara/flickr-image-dataset/versions/1/flickr30k_images/flickr30k_images/5732777684.jpg,children are outside walking,0,1.0
/home/z/zhangyon/.cache/kagglehub/datasets/hsankesara/flickr-image-dataset/versions/1/flickr30k_images/flickr30k_images/5732777684.jpg,The children want to die,2,1.0
/home/z/zhangyon/.cache/kagglehub/datasets/hsankesara/flickr-image-dataset/versions/1/flickr30k_images/flickr30k_images/5732777684.jpg,The view is of children walking to school in the morning,1,1.0
/home/z/zhangyon/.cache/kagglehub/datasets/hsankesara/flickr-image-dataset/versions/1/flickr30k_images/flickr30k_images/4682929932.jpg,A crowd of people stand in the background,0,1.0
/home/z/zhangyon/.cache/kagglehub/datasets/hsankesara/flickr-image-dataset/versions/1/flickr30k_images/flickr30k_images/4682929932.jpg,People are eating,2,1.0
/home/z/zhangyon/.cache/kagglehub/datasets/hsankesara/flickr-image-dataset/versions/1/flickr30k_images/flickr30k_images/4682929932.jpg,The people are conducting a purchase,1,1.0
/home/z/zhangyon/.cache/kagglehub/datasets/hsankesara/flickr-image-dataset/versions/1/flickr30k_images/flickr30k_images/4941418090.jpg,Someone is holding an instrument,0,1.0
/home/z/zhangyon/.cache/kagglehub/datasets/hsankesara/flickr-image-dataset/versions/1/flickr30k_images/flickr30k_images/4941418090.jpg,A woman is sleeping,2,1.0
/home/z/zhangyon/.cache/kagglehub/datasets/hsankesara/flickr-image-dataset/versions/1/flickr30k_images/flickr30k_images/4941418090.jpg,A woman plays a guitar for an audience,1,1.0
/home/z/zhangyon/.cache/kagglehub/datasets/hsankesara/flickr-image-dataset/versions/1/flickr30k_images/flickr30k_images/3256274183.jpg,Two men sneak across a boundary,0,1.0
/home/z/zhangyon/.cache/kagglehub/datasets/hsankesara/flickr-image-dataset/versions/1/flickr30k_images/flickr30k_images/3256274183.jpg,Nobody is assisting,2,1.0
/home/z/zhangyon/.cache/kagglehub/datasets/hsankesara/flickr-image-dataset/versions/1/flickr30k_images/flickr30k_images/3256274183.jpg,A cadet is working,1,1.0
/home/z/zhangyon/.cache/kagglehub/datasets/hsankesara/flickr-image-dataset/versions/1/flickr30k_images/flickr30k_images/3456579559.jpg,The trick is performed in the air,0,1.0
/home/z/zhangyon/.cache/kagglehub/datasets/hsankesara/flickr-image-dataset/versions/1/flickr30k_images/flickr30k_images/3456579559.jpg,A woman eats dinner,2,1.0
/home/z/zhangyon/.cache/kagglehub/datasets/hsankesara/flickr-image-dataset/versions/1/flickr30k_images/flickr30k_images/3456579559.jpg,The skateboard does the trick to impress the judges,1,1.0
/home/z/zhangyon/.cache/kagglehub/datasets/hsankesara/flickr-image-dataset/versions/1/flickr30k_images/flickr30k_images/2307118114.jpg,A man is happy,0,1.0
/home/z/zhangyon/.cache/kagglehub/datasets/hsankesara/flickr-image-dataset/versions/1/flickr30k_images/flickr30k_images/2307118114.jpg,This gentlemen is frowning and angry,2,1.0
/home/z/zhangyon/.cache/kagglehub/datasets/hsankesara/flickr-image-dataset/versions/1/flickr30k_images/flickr30k_images/2307118114.jpg,The spokes model for the brand new Chevy Nisan smiles and poses with the car,2,1.0
/home/z/zhangyon/.cache/kagglehub/datasets/hsankesara/flickr-image-dataset/versions/1/flickr30k_images/flickr30k_images/3105623068.jpg,A girl is going upward,0,1.0
/home/z/zhangyon/.cache/kagglehub/datasets/hsankesara/flickr-image-dataset/versions/1/flickr30k_images/flickr30k_images/3105623068.jpg,The girl is inside the atrium,2,1.0
/home/z/zhangyon/.cache/kagglehub/datasets/hsankesara/flickr-image-dataset/versions/1/flickr30k_images/flickr30k_images/3105623068.jpg,A woman sweating it out while climbing,1,1.0
/home/z/zhangyon/.cache/kagglehub/datasets/hsankesara/flickr-image-dataset/versions/1/flickr30k_images/flickr30k_images/3351586010.jpg,The boy is rollerblading,0,1.0
/home/z/zhangyon/.cache/kagglehub/datasets/hsankesara/flickr-image-dataset/versions/1/flickr30k_images/flickr30k_images/3351586010.jpg,The girl skateboarded down the hill,2,1.0
/home/z/zhangyon/.cache/kagglehub/datasets/hsankesara/flickr-image-dataset/versions/1/flickr30k_images/flickr30k_images/3351586010.jpg,The boy rollerblades for the first time,1,1.0
/home/z/zhangyon/.cache/kagglehub/datasets/hsankesara/flickr-image-dataset/versions/1/flickr30k_images/flickr30k_images/4750766294.jpg,A child is reading,0,1.0
/home/z/zhangyon/.cache/kagglehub/datasets/hsankesara/flickr-image-dataset/versions/1/flickr30k_images/flickr30k_images/4750766294.jpg,Someone is binding a book,2,1.0
/home/z/zhangyon/.cache/kagglehub/datasets/hsankesara/flickr-image-dataset/versions/1/flickr30k_images/flickr30k_images/4750766294.jpg,The other girl can not read,1,1.0
/home/z/zhangyon/.cache/kagglehub/datasets/hsankesara/flickr-image-dataset/versions/1/flickr30k_images/flickr30k_images/5901845159.jpg,The people are together,1,1.0
/home/z/zhangyon/.cache/kagglehub/datasets/hsankesara/flickr-image-dataset/versions/1/flickr30k_images/flickr30k_images/5901845159.jpg,The little boy is watching a Disney movie on tv,2,1.0
/home/z/zhangyon/.cache/kagglehub/datasets/hsankesara/flickr-image-dataset/versions/1/flickr30k_images/flickr30k_images/5901845159.jpg,The man is part of a movie being filmed and a child passing by stops to look at his old-timey movie gear,1,1.0
/home/z/zhangyon/.cache/kagglehub/datasets/hsankesara/flickr-image-dataset/versions/1/flickr30k_images/flickr30k_images/4858175898.jpg,An old man holding a baby,0,1.0
/home/z/zhangyon/.cache/kagglehub/datasets/hsankesara/flickr-image-dataset/versions/1/flickr30k_images/flickr30k_images/4858175898.jpg,The older man is playing with the baby on the floor,2,1.0
/home/z/zhangyon/.cache/kagglehub/datasets/hsankesara/flickr-image-dataset/versions/1/flickr30k_images/flickr30k_images/4858175898.jpg,The older man is feeding the baby,1,1.0
/home/z/zhangyon/.cache/kagglehub/datasets/hsankesara/flickr-image-dataset/versions/1/flickr30k_images/flickr30k_images/3827176890.jpg,"Two boys, dressed for cold weather, greet each other",0,1.0
/home/z/zhangyon/.cache/kagglehub/datasets/hsankesara/flickr-image-dataset/versions/1/flickr30k_images/flickr30k_images/3827176890.jpg,The children have no hands,2,1.0
/home/z/zhangyon/.cache/kagglehub/datasets/hsankesara/flickr-image-dataset/versions/1/flickr30k_images/flickr30k_images/3827176890.jpg,Two kids are congratulating each other after their game,1,1.0
/home/z/zhangyon/.cache/kagglehub/datasets/hsankesara/flickr-image-dataset/versions/1/flickr30k_images/flickr30k_images/3784574313.jpg,Items are not being installed in a dirt pile,0,1.0
/home/z/zhangyon/.cache/kagglehub/datasets/hsankesara/flickr-image-dataset/versions/1/flickr30k_images/flickr30k_images/3784574313.jpg,Workers are taking a nap,2,1.0
/home/z/zhangyon/.cache/kagglehub/datasets/hsankesara/flickr-image-dataset/versions/1/flickr30k_images/flickr30k_images/3784574313.jpg,The workers just started a new project,1,1.0
/home/z/zhangyon/.cache/kagglehub/datasets/hsankesara/flickr-image-dataset/versions/1/flickr30k_images/flickr30k_images/3676460610.jpg,There is a woman in a field,0,1.0
/home/z/zhangyon/.cache/kagglehub/datasets/hsankesara/flickr-image-dataset/versions/1/flickr30k_images/flickr30k_images/3676460610.jpg,A woman is driving her car,2,1.0
/home/z/zhangyon/.cache/kagglehub/datasets/hsankesara/flickr-image-dataset/versions/1/flickr30k_images/flickr30k_images/3676460610.jpg,The women is in a hurry,1,1.0
/home/z/zhangyon/.cache/kagglehub/datasets/hsankesara/flickr-image-dataset/versions/1/flickr30k_images/flickr30k_images/55438559.jpg,children are in a race,0,1.0
/home/z/zhangyon/.cache/kagglehub/datasets/hsankesara/flickr-image-dataset/versions/1/flickr30k_images/flickr30k_images/55438559.jpg,The boys are running a race at the park,2,1.0
/home/z/zhangyon/.cache/kagglehub/datasets/hsankesara/flickr-image-dataset/versions/1/flickr30k_images/flickr30k_images/55438559.jpg,Friends are running in a race,1,1.0
/home/z/zhangyon/.cache/kagglehub/datasets/hsankesara/flickr-image-dataset/versions/1/flickr30k_images/flickr30k_images/489134459.jpg,two kids are outside,0,1.0
/home/z/zhangyon/.cache/kagglehub/datasets/hsankesara/flickr-image-dataset/versions/1/flickr30k_images/flickr30k_images/489134459.jpg,The girl is walking away,2,1.0
/home/z/zhangyon/.cache/kagglehub/datasets/hsankesara/flickr-image-dataset/versions/1/flickr30k_images/flickr30k_images/489134459.jpg,The sitting child is related to the leaning girl,1,1.0
/home/z/zhangyon/.cache/kagglehub/datasets/hsankesara/flickr-image-dataset/versions/1/flickr30k_images/flickr30k_images/4978901111.jpg,A lady makes a funny face at her daughter,1,1.0
/home/z/zhangyon/.cache/kagglehub/datasets/hsankesara/flickr-image-dataset/versions/1/flickr30k_images/flickr30k_images/4978901111.jpg,Two men are in a hotdog eating contest,2,1.0
/home/z/zhangyon/.cache/kagglehub/datasets/hsankesara/flickr-image-dataset/versions/1/flickr30k_images/flickr30k_images/4978901111.jpg,a woman and her daughter are smiling,1,1.0
/home/z/zhangyon/.cache/kagglehub/datasets/hsankesara/flickr-image-dataset/versions/1/flickr30k_images/flickr30k_images/172097783.jpg,A boy is engaging in water activities,0,1.0
/home/z/zhangyon/.cache/kagglehub/datasets/hsankesara/flickr-image-dataset/versions/1/flickr30k_images/flickr30k_images/172097783.jpg,The life jacket is actually yellow,2,1.0
/home/z/zhangyon/.cache/kagglehub/datasets/hsankesara/flickr-image-dataset/versions/1/flickr30k_images/flickr30k_images/172097783.jpg,A boy on a wakeboard in a lake,0,1.0
/home/z/zhangyon/.cache/kagglehub/datasets/hsankesara/flickr-image-dataset/versions/1/flickr30k_images/flickr30k_images/1246863003.jpg,There are people in a kitchen,0,1.0
/home/z/zhangyon/.cache/kagglehub/datasets/hsankesara/flickr-image-dataset/versions/1/flickr30k_images/flickr30k_images/1246863003.jpg,chefs destroying a kitchen to produce lasagna,2,1.0
/home/z/zhangyon/.cache/kagglehub/datasets/hsankesara/flickr-image-dataset/versions/1/flickr30k_images/flickr30k_images/1246863003.jpg,The chefs are in a cooking challenge,1,1.0
/home/z/zhangyon/.cache/kagglehub/datasets/hsankesara/flickr-image-dataset/versions/1/flickr30k_images/flickr30k_images/6206278823.jpg,the goalie is in play,0,1.0
/home/z/zhangyon/.cache/kagglehub/datasets/hsankesara/flickr-image-dataset/versions/1/flickr30k_images/flickr30k_images/6206278823.jpg,A golfer ready to swing,2,1.0
/home/z/zhangyon/.cache/kagglehub/datasets/hsankesara/flickr-image-dataset/versions/1/flickr30k_images/flickr30k_images/6206278823.jpg,A hockey goalie prepares to block a potentially winning shot,1,1.0
/home/z/zhangyon/.cache/kagglehub/datasets/hsankesara/flickr-image-dataset/versions/1/flickr30k_images/flickr30k_images/637245791.jpg,A boy is sitting on the floor,0,1.0
/home/z/zhangyon/.cache/kagglehub/datasets/hsankesara/flickr-image-dataset/versions/1/flickr30k_images/flickr30k_images/637245791.jpg,A boy is seated at his desk in a classroom,2,1.0
/home/z/zhangyon/.cache/kagglehub/datasets/hsankesara/flickr-image-dataset/versions/1/flickr30k_images/flickr30k_images/637245791.jpg,A boy enjoys himself playing with legos,0,1.0
/home/z/zhangyon/.cache/kagglehub/datasets/hsankesara/flickr-image-dataset/versions/1/flickr30k_images/flickr30k_images/3516087269.jpg,The girl has weird blue hair and big shoes,0,1.0
/home/z/zhangyon/.cache/kagglehub/datasets/hsankesara/flickr-image-dataset/versions/1/flickr30k_images/flickr30k_images/3516087269.jpg,The girl with the blue hair is wearing sandals,2,1.0
/home/z/zhangyon/.cache/kagglehub/datasets/hsankesara/flickr-image-dataset/versions/1/flickr30k_images/flickr30k_images/3516087269.jpg,A woman with blue hair stands in the subway as she tries to get to a concert,1,1.0
/home/z/zhangyon/.cache/kagglehub/datasets/hsankesara/flickr-image-dataset/versions/1/flickr30k_images/flickr30k_images/479545053.jpg,A man is standing outside,2,1.0
/home/z/zhangyon/.cache/kagglehub/datasets/hsankesara/flickr-image-dataset/versions/1/flickr30k_images/flickr30k_images/479545053.jpg,A woman is working in a Korean laundromat,2,1.0
/home/z/zhangyon/.cache/kagglehub/datasets/hsankesara/flickr-image-dataset/versions/1/flickr30k_images/flickr30k_images/479545053.jpg,A man is waiting for someone,1,1.0
/home/z/zhangyon/.cache/kagglehub/datasets/hsankesara/flickr-image-dataset/versions/1/flickr30k_images/flickr30k_images/241345770.jpg,A football game is in progress,0,1.0
/home/z/zhangyon/.cache/kagglehub/datasets/hsankesara/flickr-image-dataset/versions/1/flickr30k_images/flickr30k_images/241345770.jpg,The cheerleader has a sprained ankle,2,1.0
/home/z/zhangyon/.cache/kagglehub/datasets/hsankesara/flickr-image-dataset/versions/1/flickr30k_images/flickr30k_images/241345770.jpg,A quarterback gets ready,0,1.0
/home/z/zhangyon/.cache/kagglehub/datasets/hsankesara/flickr-image-dataset/versions/1/flickr30k_images/flickr30k_images/3893510114.jpg,Men are playing a game together in the water,0,1.0
/home/z/zhangyon/.cache/kagglehub/datasets/hsankesara/flickr-image-dataset/versions/1/flickr30k_images/flickr30k_images/3893510114.jpg,Men riding a bike,2,1.0
/home/z/zhangyon/.cache/kagglehub/datasets/hsankesara/flickr-image-dataset/versions/1/flickr30k_images/flickr30k_images/3893510114.jpg,Some mens are like to play chess near pool,0,1.0
/home/z/zhangyon/.cache/kagglehub/datasets/hsankesara/flickr-image-dataset/versions/1/flickr30k_images/flickr30k_images/3559693175.jpg,The people are waiting at the bike shop,0,1.0
/home/z/zhangyon/.cache/kagglehub/datasets/hsankesara/flickr-image-dataset/versions/1/flickr30k_images/flickr30k_images/3559693175.jpg,the store is empty of people,2,1.0
/home/z/zhangyon/.cache/kagglehub/datasets/hsankesara/flickr-image-dataset/versions/1/flickr30k_images/flickr30k_images/3559693175.jpg,The people want the newest bike on the market,1,1.0
/home/z/zhangyon/.cache/kagglehub/datasets/hsankesara/flickr-image-dataset/versions/1/flickr30k_images/flickr30k_images/3451290730.jpg,vigil for tree lovers,0,1.0
/home/z/zhangyon/.cache/kagglehub/datasets/hsankesara/flickr-image-dataset/versions/1/flickr30k_images/flickr30k_images/3451290730.jpg,"The men are all brothers, and are on their annual fishing trip to the Adirondacks",2,1.0
/home/z/zhangyon/.cache/kagglehub/datasets/hsankesara/flickr-image-dataset/versions/1/flickr30k_images/flickr30k_images/3451290730.jpg,A group of men have a candlelight vigil in honor of saving trees,2,1.0
/home/z/zhangyon/.cache/kagglehub/datasets/hsankesara/flickr-image-dataset/versions/1/flickr30k_images/flickr30k_images/154653766.jpg,A group of people standing outdoors,0,1.0
/home/z/zhangyon/.cache/kagglehub/datasets/hsankesara/flickr-image-dataset/versions/1/flickr30k_images/flickr30k_images/154653766.jpg,The van pulls out of the driveway,2,1.0
/home/z/zhangyon/.cache/kagglehub/datasets/hsankesara/flickr-image-dataset/versions/1/flickr30k_images/flickr30k_images/154653766.jpg,Teenagers consider robbing a bank,1,1.0
/home/z/zhangyon/.cache/kagglehub/datasets/hsankesara/flickr-image-dataset/versions/1/flickr30k_images/flickr30k_images/2317271.jpg,A picture of people was taken near a building,0,1.0
/home/z/zhangyon/.cache/kagglehub/datasets/hsankesara/flickr-image-dataset/versions/1/flickr30k_images/flickr30k_images/2317271.jpg,A woman takes a picture of a dog,2,1.0
/home/z/zhangyon/.cache/kagglehub/datasets/hsankesara/flickr-image-dataset/versions/1/flickr30k_images/flickr30k_images/2317271.jpg,A large family poses for a photo for their Christmas card,1,1.0
/home/z/zhangyon/.cache/kagglehub/datasets/hsankesara/flickr-image-dataset/versions/1/flickr30k_images/flickr30k_images/4451504790.jpg,a child holding the steer,0,1.0
/home/z/zhangyon/.cache/kagglehub/datasets/hsankesara/flickr-image-dataset/versions/1/flickr30k_images/flickr30k_images/4451504790.jpg,An adult riding a motorcycle to work,2,1.0
/home/z/zhangyon/.cache/kagglehub/datasets/hsankesara/flickr-image-dataset/versions/1/flickr30k_images/flickr30k_images/4451504790.jpg,A child dressed in clothing made by slave labor sitting on a vehicle used for agriculture,1,1.0
/home/z/zhangyon/.cache/kagglehub/datasets/hsankesara/flickr-image-dataset/versions/1/flickr30k_images/flickr30k_images/4830307454.jpg,A boy is irritated,1,1.0
/home/z/zhangyon/.cache/kagglehub/datasets/hsankesara/flickr-image-dataset/versions/1/flickr30k_images/flickr30k_images/4830307454.jpg,A boy is irritated because a monkey scratched him,2,1.0
/home/z/zhangyon/.cache/kagglehub/datasets/hsankesara/flickr-image-dataset/versions/1/flickr30k_images/flickr30k_images/4830307454.jpg,Kid is having his school picture taken,1,1.0
/home/z/zhangyon/.cache/kagglehub/datasets/hsankesara/flickr-image-dataset/versions/1/flickr30k_images/flickr30k_images/3455019076.jpg,The woman is getting ready to ride her bike,0,1.0
/home/z/zhangyon/.cache/kagglehub/datasets/hsankesara/flickr-image-dataset/versions/1/flickr30k_images/flickr30k_images/3455019076.jpg,A woman sleeping on the floor,2,1.0
/home/z/zhangyon/.cache/kagglehub/datasets/hsankesara/flickr-image-dataset/versions/1/flickr30k_images/flickr30k_images/3455019076.jpg,A woman is parking her bicycle near  a group of other bicycles,1,1.0
/home/z/zhangyon/.cache/kagglehub/datasets/hsankesara/flickr-image-dataset/versions/1/flickr30k_images/flickr30k_images/4716333601.jpg,There is a woman in a striped shirt and glasses walking,0,1.0
/home/z/zhangyon/.cache/kagglehub/datasets/hsankesara/flickr-image-dataset/versions/1/flickr30k_images/flickr30k_images/4716333601.jpg,The men are running into the cafe,2,1.0
/home/z/zhangyon/.cache/kagglehub/datasets/hsankesara/flickr-image-dataset/versions/1/flickr30k_images/flickr30k_images/4716333601.jpg,The woman is middle aged,1,1.0
/home/z/zhangyon/.cache/kagglehub/datasets/hsankesara/flickr-image-dataset/versions/1/flickr30k_images/flickr30k_images/2922222717.jpg,A small dog and a man are close to each other,0,1.0
/home/z/zhangyon/.cache/kagglehub/datasets/hsankesara/flickr-image-dataset/versions/1/flickr30k_images/flickr30k_images/2922222717.jpg,A small dog carefully aims a rifle,2,1.0
/home/z/zhangyon/.cache/kagglehub/datasets/hsankesara/flickr-image-dataset/versions/1/flickr30k_images/flickr30k_images/2922222717.jpg,A dog is playing,1,1.0
/home/z/zhangyon/.cache/kagglehub/datasets/hsankesara/flickr-image-dataset/versions/1/flickr30k_images/flickr30k_images/5009047021.jpg,The player is running for the end zone while opponents chase him,0,1.0
/home/z/zhangyon/.cache/kagglehub/datasets/hsankesara/flickr-image-dataset/versions/1/flickr30k_images/flickr30k_images/5009047021.jpg,Nobody is running,2,1.0
/home/z/zhangyon/.cache/kagglehub/datasets/hsankesara/flickr-image-dataset/versions/1/flickr30k_images/flickr30k_images/5009047021.jpg,A tall human running,0,1.0
/home/z/zhangyon/.cache/kagglehub/datasets/hsankesara/flickr-image-dataset/versions/1/flickr30k_images/flickr30k_images/2683823978.jpg,A slim human sitting,1,1.0
/home/z/zhangyon/.cache/kagglehub/datasets/hsankesara/flickr-image-dataset/versions/1/flickr30k_images/flickr30k_images/2683823978.jpg,Two boys are re-inflating their bicycle tires,2,1.0
/home/z/zhangyon/.cache/kagglehub/datasets/hsankesara/flickr-image-dataset/versions/1/flickr30k_images/flickr30k_images/2683823978.jpg,Two girls fix their bikes before riding,1,1.0
/home/z/zhangyon/.cache/kagglehub/datasets/hsankesara/flickr-image-dataset/versions/1/flickr30k_images/flickr30k_images/4851268802.jpg,A man is looking at a woman,0,1.0
/home/z/zhangyon/.cache/kagglehub/datasets/hsankesara/flickr-image-dataset/versions/1/flickr30k_images/flickr30k_images/4851268802.jpg,The man is wearing a pink shirt,2,1.0
/home/z/zhangyon/.cache/kagglehub/datasets/hsankesara/flickr-image-dataset/versions/1/flickr30k_images/flickr30k_images/4851268802.jpg,The man is speaking with his wife,1,1.0
/home/z/zhangyon/.cache/kagglehub/datasets/hsankesara/flickr-image-dataset/versions/1/flickr30k_images/flickr30k_images/2612125121.jpg,A man is painting a picture of someone next to a family by the beach,1,1.0
/home/z/zhangyon/.cache/kagglehub/datasets/hsankesara/flickr-image-dataset/versions/1/flickr30k_images/flickr30k_images/2612125121.jpg,Nobody is painting anything,2,1.0
/home/z/zhangyon/.cache/kagglehub/datasets/hsankesara/flickr-image-dataset/versions/1/flickr30k_images/flickr30k_images/2612125121.jpg,Someone is drawing with a pencil,1,1.0
/home/z/zhangyon/.cache/kagglehub/datasets/hsankesara/flickr-image-dataset/versions/1/flickr30k_images/flickr30k_images/288038357.jpg,The man is outside,0,1.0
/home/z/zhangyon/.cache/kagglehub/datasets/hsankesara/flickr-image-dataset/versions/1/flickr30k_images/flickr30k_images/288038357.jpg,A man sitting down watching television,2,1.0
/home/z/zhangyon/.cache/kagglehub/datasets/hsankesara/flickr-image-dataset/versions/1/flickr30k_images/flickr30k_images/288038357.jpg,A man is fixing his roof after a storm,1,1.0
/home/z/zhangyon/.cache/kagglehub/datasets/hsankesara/flickr-image-dataset/versions/1/flickr30k_images/flickr30k_images/140774394.jpg,The people are outside,0,1.0
/home/z/zhangyon/.cache/kagglehub/datasets/hsankesara/flickr-image-dataset/versions/1/flickr30k_images/flickr30k_images/140774394.jpg,A man is cutting something with a saw,2,1.0
/home/z/zhangyon/.cache/kagglehub/datasets/hsankesara/flickr-image-dataset/versions/1/flickr30k_images/flickr30k_images/140774394.jpg,A man shows an industrial saw to an interested crowd,1,1.0
/home/z/zhangyon/.cache/kagglehub/datasets/hsankesara/flickr-image-dataset/versions/1/flickr30k_images/flickr30k_images/4764087782.jpg,A young woman is walking outside,0,1.0
/home/z/zhangyon/.cache/kagglehub/datasets/hsankesara/flickr-image-dataset/versions/1/flickr30k_images/flickr30k_images/4764087782.jpg,There is a man sitting in a red car,2,1.0
/home/z/zhangyon/.cache/kagglehub/datasets/hsankesara/flickr-image-dataset/versions/1/flickr30k_images/flickr30k_images/4764087782.jpg,The lot is at the grocery store,1,1.0
/home/z/zhangyon/.cache/kagglehub/datasets/hsankesara/flickr-image-dataset/versions/1/flickr30k_images/flickr30k_images/2682194299.jpg,The dog is excercising,0,1.0
/home/z/zhangyon/.cache/kagglehub/datasets/hsankesara/flickr-image-dataset/versions/1/flickr30k_images/flickr30k_images/2682194299.jpg,The dog is laying down,2,1.0
/home/z/zhangyon/.cache/kagglehub/datasets/hsankesara/flickr-image-dataset/versions/1/flickr30k_images/flickr30k_images/2682194299.jpg,A dog is chasing someone down stairs,2,1.0
/home/z/zhangyon/.cache/kagglehub/datasets/hsankesara/flickr-image-dataset/versions/1/flickr30k_images/flickr30k_images/4975536758.jpg,The boy left his bike,1,1.0
/home/z/zhangyon/.cache/kagglehub/datasets/hsankesara/flickr-image-dataset/versions/1/flickr30k_images/flickr30k_images/4975536758.jpg,the girl is walking a rope over the canyon,2,1.0
/home/z/zhangyon/.cache/kagglehub/datasets/hsankesara/flickr-image-dataset/versions/1/flickr30k_images/flickr30k_images/4975536758.jpg,Child standing near the bike,1,1.0
/home/z/zhangyon/.cache/kagglehub/datasets/hsankesara/flickr-image-dataset/versions/1/flickr30k_images/flickr30k_images/78058719.jpg,Everyone is helping clean up,0,1.0
/home/z/zhangyon/.cache/kagglehub/datasets/hsankesara/flickr-image-dataset/versions/1/flickr30k_images/flickr30k_images/78058719.jpg,The woman is at home sleeping on the couch,2,1.0
/home/z/zhangyon/.cache/kagglehub/datasets/hsankesara/flickr-image-dataset/versions/1/flickr30k_images/flickr30k_images/78058719.jpg,A man watches while his wife does the dishes,1,1.0
/home/z/zhangyon/.cache/kagglehub/datasets/hsankesara/flickr-image-dataset/versions/1/flickr30k_images/flickr30k_images/6314475602.jpg,A man is wearing a skirt,0,1.0
/home/z/zhangyon/.cache/kagglehub/datasets/hsankesara/flickr-image-dataset/versions/1/flickr30k_images/flickr30k_images/6314475602.jpg,A group of men are hurling discs,2,1.0
/home/z/zhangyon/.cache/kagglehub/datasets/hsankesara/flickr-image-dataset/versions/1/flickr30k_images/flickr30k_images/6314475602.jpg,A group of Scottish men are competing,1,1.0
/home/z/zhangyon/.cache/kagglehub/datasets/hsankesara/flickr-image-dataset/versions/1/flickr30k_images/flickr30k_images/3738685861.jpg,A child is outside,0,1.0
/home/z/zhangyon/.cache/kagglehub/datasets/hsankesara/flickr-image-dataset/versions/1/flickr30k_images/flickr30k_images/3738685861.jpg,the child watched a movie,2,1.0
/home/z/zhangyon/.cache/kagglehub/datasets/hsankesara/flickr-image-dataset/versions/1/flickr30k_images/flickr30k_images/3738685861.jpg,A child is bored and looking for something to stay amused,1,1.0
/home/z/zhangyon/.cache/kagglehub/datasets/hsankesara/flickr-image-dataset/versions/1/flickr30k_images/flickr30k_images/3063054647.jpg,Two people are walking along a trail,0,1.0
/home/z/zhangyon/.cache/kagglehub/datasets/hsankesara/flickr-image-dataset/versions/1/flickr30k_images/flickr30k_images/3063054647.jpg,Two adults walk down a path in a flower garden,2,1.0
/home/z/zhangyon/.cache/kagglehub/datasets/hsankesara/flickr-image-dataset/versions/1/flickr30k_images/flickr30k_images/3063054647.jpg,A boy and girl are walking through the park,1,1.0
/home/z/zhangyon/.cache/kagglehub/datasets/hsankesara/flickr-image-dataset/versions/1/flickr30k_images/flickr30k_images/91875542.jpg,The woman is soing her job,0,1.0
/home/z/zhangyon/.cache/kagglehub/datasets/hsankesara/flickr-image-dataset/versions/1/flickr30k_images/flickr30k_images/91875542.jpg,The woman is drawing a cat,2,1.0
/home/z/zhangyon/.cache/kagglehub/datasets/hsankesara/flickr-image-dataset/versions/1/flickr30k_images/flickr30k_images/91875542.jpg,The old woman is looking for her cat,1,1.0
/home/z/zhangyon/.cache/kagglehub/datasets/hsankesara/flickr-image-dataset/versions/1/flickr30k_images/flickr30k_images/2752084369.jpg,The toddler is wearing red,0,1.0
/home/z/zhangyon/.cache/kagglehub/datasets/hsankesara/flickr-image-dataset/versions/1/flickr30k_images/flickr30k_images/2752084369.jpg,The girl is carrying shopping bags from Target,2,1.0
/home/z/zhangyon/.cache/kagglehub/datasets/hsankesara/flickr-image-dataset/versions/1/flickr30k_images/flickr30k_images/2752084369.jpg,The young girls is buying her school clothers,1,1.0
/home/z/zhangyon/.cache/kagglehub/datasets/hsankesara/flickr-image-dataset/versions/1/flickr30k_images/flickr30k_images/46663846.jpg,The men are near a truck,0,1.0
/home/z/zhangyon/.cache/kagglehub/datasets/hsankesara/flickr-image-dataset/versions/1/flickr30k_images/flickr30k_images/46663846.jpg,The two women took the cones out of the truck,2,1.0
/home/z/zhangyon/.cache/kagglehub/datasets/hsankesara/flickr-image-dataset/versions/1/flickr30k_images/flickr30k_images/46663846.jpg,Four brothers are standing around a pickup truck,1,1.0
/home/z/zhangyon/.cache/kagglehub/datasets/hsankesara/flickr-image-dataset/versions/1/flickr30k_images/flickr30k_images/1285874746.jpg,The girl is in a crowded place,0,1.0
/home/z/zhangyon/.cache/kagglehub/datasets/hsankesara/flickr-image-dataset/versions/1/flickr30k_images/flickr30k_images/1285874746.jpg,"A man wearing a red dress, a dog next to him",2,1.0
/home/z/zhangyon/.cache/kagglehub/datasets/hsankesara/flickr-image-dataset/versions/1/flickr30k_images/flickr30k_images/1285874746.jpg,A woman in a blue dress and hat,2,1.0
/home/z/zhangyon/.cache/kagglehub/datasets/hsankesara/flickr-image-dataset/versions/1/flickr30k_images/flickr30k_images/1260816604.jpg,A car is on the bridge,0,1.0
/home/z/zhangyon/.cache/kagglehub/datasets/hsankesara/flickr-image-dataset/versions/1/flickr30k_images/flickr30k_images/1260816604.jpg,A person driving on the freeway,2,1.0
/home/z/zhangyon/.cache/kagglehub/datasets/hsankesara/flickr-image-dataset/versions/1/flickr30k_images/flickr30k_images/1260816604.jpg,A driver drives slowly on a bridge,1,1.0
/home/z/zhangyon/.cache/kagglehub/datasets/hsankesara/flickr-image-dataset/versions/1/flickr30k_images/flickr30k_images/4818675994.jpg,Two women are in the public,0,1.0
/home/z/zhangyon/.cache/kagglehub/datasets/hsankesara/flickr-image-dataset/versions/1/flickr30k_images/flickr30k_images/4818675994.jpg,The women are at a basketball game,2,1.0
/home/z/zhangyon/.cache/kagglehub/datasets/hsankesara/flickr-image-dataset/versions/1/flickr30k_images/flickr30k_images/4818675994.jpg,One women trying to sell another a fake watch,1,1.0
/home/z/zhangyon/.cache/kagglehub/datasets/hsankesara/flickr-image-dataset/versions/1/flickr30k_images/flickr30k_images/2532047708.jpg,Two men make music together,0,1.0
/home/z/zhangyon/.cache/kagglehub/datasets/hsankesara/flickr-image-dataset/versions/1/flickr30k_images/flickr30k_images/2532047708.jpg,Two ladies sing a song about their mother,2,1.0
/home/z/zhangyon/.cache/kagglehub/datasets/hsankesara/flickr-image-dataset/versions/1/flickr30k_images/flickr30k_images/2532047708.jpg,Two friends are performing together,1,1.0
/home/z/zhangyon/.cache/kagglehub/datasets/hsankesara/flickr-image-dataset/versions/1/flickr30k_images/flickr30k_images/3000017878.jpg,Five men play music,0,1.0
/home/z/zhangyon/.cache/kagglehub/datasets/hsankesara/flickr-image-dataset/versions/1/flickr30k_images/flickr30k_images/3000017878.jpg,The band is performing on a bland stage,2,1.0
/home/z/zhangyon/.cache/kagglehub/datasets/hsankesara/flickr-image-dataset/versions/1/flickr30k_images/flickr30k_images/3000017878.jpg,Five men in jeans play in a band on a stage with a crowd of hundreds watching them,1,1.0
/home/z/zhangyon/.cache/kagglehub/datasets/hsankesara/flickr-image-dataset/versions/1/flickr30k_images/flickr30k_images/5171155099.jpg,A man in military dress is riding a horse,0,1.0
/home/z/zhangyon/.cache/kagglehub/datasets/hsankesara/flickr-image-dataset/versions/1/flickr30k_images/flickr30k_images/5171155099.jpg,A mouse is riding a horse,2,1.0
/home/z/zhangyon/.cache/kagglehub/datasets/hsankesara/flickr-image-dataset/versions/1/flickr30k_images/flickr30k_images/5171155099.jpg,A rich young man takes his prize horse for a trot,1,1.0
/home/z/zhangyon/.cache/kagglehub/datasets/hsankesara/flickr-image-dataset/versions/1/flickr30k_images/flickr30k_images/8034139464.jpg,A man is competing in a golf tournament,0,1.0
/home/z/zhangyon/.cache/kagglehub/datasets/hsankesara/flickr-image-dataset/versions/1/flickr30k_images/flickr30k_images/8034139464.jpg,The shirt is red,2,1.0
/home/z/zhangyon/.cache/kagglehub/datasets/hsankesara/flickr-image-dataset/versions/1/flickr30k_images/flickr30k_images/8034139464.jpg,A golf player is about to hit a hole in one,1,1.0
/home/z/zhangyon/.cache/kagglehub/datasets/hsankesara/flickr-image-dataset/versions/1/flickr30k_images/flickr30k_images/2973269132.jpg,A female lion is pursuiting her meal,0,1.0
/home/z/zhangyon/.cache/kagglehub/datasets/hsankesara/flickr-image-dataset/versions/1/flickr30k_images/flickr30k_images/2973269132.jpg,The lioness plays with her cubs,2,1.0
/home/z/zhangyon/.cache/kagglehub/datasets/hsankesara/flickr-image-dataset/versions/1/flickr30k_images/flickr30k_images/2973269132.jpg,A lioness chases an antelope,0,1.0
/home/z/zhangyon/.cache/kagglehub/datasets/hsankesara/flickr-image-dataset/versions/1/flickr30k_images/flickr30k_images/4257619114.jpg,A woman is dressed like an animal,0,1.0
/home/z/zhangyon/.cache/kagglehub/datasets/hsankesara/flickr-image-dataset/versions/1/flickr30k_images/flickr30k_images/4257619114.jpg,A woman in a ballerina outfit  at a cookout,2,1.0
/home/z/zhangyon/.cache/kagglehub/datasets/hsankesara/flickr-image-dataset/versions/1/flickr30k_images/flickr30k_images/4257619114.jpg,the women is going to a party,1,1.0
/home/z/zhangyon/.cache/kagglehub/datasets/hsankesara/flickr-image-dataset/versions/1/flickr30k_images/flickr30k_images/2900905937.jpg,A man repairs a vehicle,0,1.0
/home/z/zhangyon/.cache/kagglehub/datasets/hsankesara/flickr-image-dataset/versions/1/flickr30k_images/flickr30k_images/2900905937.jpg,The man is driving the truck,2,1.0
/home/z/zhangyon/.cache/kagglehub/datasets/hsankesara/flickr-image-dataset/versions/1/flickr30k_images/flickr30k_images/2900905937.jpg,A man works on his mothers blue vehicle,1,1.0
/home/z/zhangyon/.cache/kagglehub/datasets/hsankesara/flickr-image-dataset/versions/1/flickr30k_images/flickr30k_images/2167644298.jpg,A person with glasses,0,1.0
/home/z/zhangyon/.cache/kagglehub/datasets/hsankesara/flickr-image-dataset/versions/1/flickr30k_images/flickr30k_images/2167644298.jpg,A man in pajamas brushing his teeth,2,1.0
/home/z/zhangyon/.cache/kagglehub/datasets/hsankesara/flickr-image-dataset/versions/1/flickr30k_images/flickr30k_images/2167644298.jpg,A man all dressed up for dinner,1,1.0
/home/z/zhangyon/.cache/kagglehub/datasets/hsankesara/flickr-image-dataset/versions/1/flickr30k_images/flickr30k_images/2834103050.jpg,people enjoy the summer,0,1.0
/home/z/zhangyon/.cache/kagglehub/datasets/hsankesara/flickr-image-dataset/versions/1/flickr30k_images/flickr30k_images/2834103050.jpg,"The lady is lying on her back, sunbathing",2,1.0
/home/z/zhangyon/.cache/kagglehub/datasets/hsankesara/flickr-image-dataset/versions/1/flickr30k_images/flickr30k_images/2834103050.jpg,The people are sunbathing outside,1,1.0
/home/z/zhangyon/.cache/kagglehub/datasets/hsankesara/flickr-image-dataset/versions/1/flickr30k_images/flickr30k_images/170405864.jpg,A woman dances in a parade,0,1.0
/home/z/zhangyon/.cache/kagglehub/datasets/hsankesara/flickr-image-dataset/versions/1/flickr30k_images/flickr30k_images/170405864.jpg,The dancer is with a young girl during Carnival,2,1.0
/home/z/zhangyon/.cache/kagglehub/datasets/hsankesara/flickr-image-dataset/versions/1/flickr30k_images/flickr30k_images/170405864.jpg,The dancer is with her son,1,1.0
/home/z/zhangyon/.cache/kagglehub/datasets/hsankesara/flickr-image-dataset/versions/1/flickr30k_images/flickr30k_images/179778822.jpg,A child is wearing a yellow shirt and looking into a mirror,0,1.0
/home/z/zhangyon/.cache/kagglehub/datasets/hsankesara/flickr-image-dataset/versions/1/flickr30k_images/flickr30k_images/179778822.jpg,Two people died from looking in the mirror as Medusa rounded the corner,2,1.0
/home/z/zhangyon/.cache/kagglehub/datasets/hsankesara/flickr-image-dataset/versions/1/flickr30k_images/flickr30k_images/179778822.jpg,A little girl contemplates how much she has changed during life as she looks into a mirror,1,1.0
/home/z/zhangyon/.cache/kagglehub/datasets/hsankesara/flickr-image-dataset/versions/1/flickr30k_images/flickr30k_images/3354474353.jpg,A pair of dogs outside,0,1.0
/home/z/zhangyon/.cache/kagglehub/datasets/hsankesara/flickr-image-dataset/versions/1/flickr30k_images/flickr30k_images/3354474353.jpg,Two dogs are sitting on a couch,2,1.0
/home/z/zhangyon/.cache/kagglehub/datasets/hsankesara/flickr-image-dataset/versions/1/flickr30k_images/flickr30k_images/3354474353.jpg,Dogs are playing in a huge pile of snow,1,1.0
/home/z/zhangyon/.cache/kagglehub/datasets/hsankesara/flickr-image-dataset/versions/1/flickr30k_images/flickr30k_images/177591612.jpg,The men are outside,0,1.0
/home/z/zhangyon/.cache/kagglehub/datasets/hsankesara/flickr-image-dataset/versions/1/flickr30k_images/flickr30k_images/177591612.jpg,Two men are playing tennis,2,1.0
/home/z/zhangyon/.cache/kagglehub/datasets/hsankesara/flickr-image-dataset/versions/1/flickr30k_images/flickr30k_images/177591612.jpg,A man is beating another man up,1,1.0
/home/z/zhangyon/.cache/kagglehub/datasets/hsankesara/flickr-image-dataset/versions/1/flickr30k_images/flickr30k_images/4472750626.jpg,The person walking on the road has light colored hair,0,1.0
/home/z/zhangyon/.cache/kagglehub/datasets/hsankesara/flickr-image-dataset/versions/1/flickr30k_images/flickr30k_images/4472750626.jpg,A woman is sitting at a table in a cafe,2,1.0
/home/z/zhangyon/.cache/kagglehub/datasets/hsankesara/flickr-image-dataset/versions/1/flickr30k_images/flickr30k_images/4472750626.jpg,A woman is walking briskly down a street,1,1.0
/home/z/zhangyon/.cache/kagglehub/datasets/hsankesara/flickr-image-dataset/versions/1/flickr30k_images/flickr30k_images/5199439325.jpg,The student is painting,0,1.0
/home/z/zhangyon/.cache/kagglehub/datasets/hsankesara/flickr-image-dataset/versions/1/flickr30k_images/flickr30k_images/5199439325.jpg,"Student sitting down, writing an essay",2,1.0
/home/z/zhangyon/.cache/kagglehub/datasets/hsankesara/flickr-image-dataset/versions/1/flickr30k_images/flickr30k_images/5199439325.jpg,A student is using acrylic paints to paint the nude model,1,1.0
/home/z/zhangyon/.cache/kagglehub/datasets/hsankesara/flickr-image-dataset/versions/1/flickr30k_images/flickr30k_images/401405215.jpg,The boy blows bubbles,0,1.0
/home/z/zhangyon/.cache/kagglehub/datasets/hsankesara/flickr-image-dataset/versions/1/flickr30k_images/flickr30k_images/401405215.jpg,The sun is rising and a girl is eating ice cream by the bench at the beach,2,1.0
/home/z/zhangyon/.cache/kagglehub/datasets/hsankesara/flickr-image-dataset/versions/1/flickr30k_images/flickr30k_images/401405215.jpg,The warm day makes kids blow bubbles,1,1.0
/home/z/zhangyon/.cache/kagglehub/datasets/hsankesara/flickr-image-dataset/versions/1/flickr30k_images/flickr30k_images/6632464405.jpg,A man is performing on a stage,0,1.0
/home/z/zhangyon/.cache/kagglehub/datasets/hsankesara/flickr-image-dataset/versions/1/flickr30k_images/flickr30k_images/6632464405.jpg,The man is sitting on boat,2,1.0
/home/z/zhangyon/.cache/kagglehub/datasets/hsankesara/flickr-image-dataset/versions/1/flickr30k_images/flickr30k_images/6632464405.jpg,The man is getting tired from performing,1,1.0
/home/z/zhangyon/.cache/kagglehub/datasets/hsankesara/flickr-image-dataset/versions/1/flickr30k_images/flickr30k_images/2923086298.jpg,A woman is in her kitchen,0,1.0
/home/z/zhangyon/.cache/kagglehub/datasets/hsankesara/flickr-image-dataset/versions/1/flickr30k_images/flickr30k_images/2923086298.jpg,The woman is drinking lemonade and watching TV,2,1.0
/home/z/zhangyon/.cache/kagglehub/datasets/hsankesara/flickr-image-dataset/versions/1/flickr30k_images/flickr30k_images/2923086298.jpg,The vacuum is quiet,1,1.0
/home/z/zhangyon/.cache/kagglehub/datasets/hsankesara/flickr-image-dataset/versions/1/flickr30k_images/flickr30k_images/4569926879.jpg,The man and woman are outdoors,0,1.0
/home/z/zhangyon/.cache/kagglehub/datasets/hsankesara/flickr-image-dataset/versions/1/flickr30k_images/flickr30k_images/4569926879.jpg,"A woman smoking in public, while playing with puppies",2,1.0
/home/z/zhangyon/.cache/kagglehub/datasets/hsankesara/flickr-image-dataset/versions/1/flickr30k_images/flickr30k_images/4569926879.jpg,The man and woman are talking about a business deal,1,1.0
/home/z/zhangyon/.cache/kagglehub/datasets/hsankesara/flickr-image-dataset/versions/1/flickr30k_images/flickr30k_images/3218861747.jpg,A guy is on a skateboard,0,1.0
/home/z/zhangyon/.cache/kagglehub/datasets/hsankesara/flickr-image-dataset/versions/1/flickr30k_images/flickr30k_images/3218861747.jpg,A woman is riding a bike on the sidewalk,2,1.0
/home/z/zhangyon/.cache/kagglehub/datasets/hsankesara/flickr-image-dataset/versions/1/flickr30k_images/flickr30k_images/3218861747.jpg,Tony Hawk is competing on the vert ramp at the X-Games,1,1.0
/home/z/zhangyon/.cache/kagglehub/datasets/hsankesara/flickr-image-dataset/versions/1/flickr30k_images/flickr30k_images/101262930.jpg,Some vehicles drive down a street,1,1.0
/home/z/zhangyon/.cache/kagglehub/datasets/hsankesara/flickr-image-dataset/versions/1/flickr30k_images/flickr30k_images/101262930.jpg,Two women are walking their dog at the park,2,1.0
/home/z/zhangyon/.cache/kagglehub/datasets/hsankesara/flickr-image-dataset/versions/1/flickr30k_images/flickr30k_images/101262930.jpg,A Chinese couple sitting on the bench,1,1.0
/home/z/zhangyon/.cache/kagglehub/datasets/hsankesara/flickr-image-dataset/versions/1/flickr30k_images/flickr30k_images/2123838998.jpg,A small band plays music while dressed in costume,0,1.0
/home/z/zhangyon/.cache/kagglehub/datasets/hsankesara/flickr-image-dataset/versions/1/flickr30k_images/flickr30k_images/2123838998.jpg,The band is performing in front of a museum,2,1.0
/home/z/zhangyon/.cache/kagglehub/datasets/hsankesara/flickr-image-dataset/versions/1/flickr30k_images/flickr30k_images/2123838998.jpg,The Santas are performing Christmas music,0,1.0
/home/z/zhangyon/.cache/kagglehub/datasets/hsankesara/flickr-image-dataset/versions/1/flickr30k_images/flickr30k_images/6901412.jpg,A man licks the icing from the tongs,0,1.0
/home/z/zhangyon/.cache/kagglehub/datasets/hsankesara/flickr-image-dataset/versions/1/flickr30k_images/flickr30k_images/6901412.jpg,A woman cooking lobster,2,1.0
/home/z/zhangyon/.cache/kagglehub/datasets/hsankesara/flickr-image-dataset/versions/1/flickr30k_images/flickr30k_images/6901412.jpg,The guy is ordering drinks for the group,1,1.0
/home/z/zhangyon/.cache/kagglehub/datasets/hsankesara/flickr-image-dataset/versions/1/flickr30k_images/flickr30k_images/3518443604.jpg,A couple is having some alone time together,1,1.0
/home/z/zhangyon/.cache/kagglehub/datasets/hsankesara/flickr-image-dataset/versions/1/flickr30k_images/flickr30k_images/3518443604.jpg,"A couple is holding hands while walking down the street,",2,1.0
/home/z/zhangyon/.cache/kagglehub/datasets/hsankesara/flickr-image-dataset/versions/1/flickr30k_images/flickr30k_images/3518443604.jpg,The people are under a threat,1,1.0
/home/z/zhangyon/.cache/kagglehub/datasets/hsankesara/flickr-image-dataset/versions/1/flickr30k_images/flickr30k_images/511749704.jpg,The boy is at a skate park,0,1.0
/home/z/zhangyon/.cache/kagglehub/datasets/hsankesara/flickr-image-dataset/versions/1/flickr30k_images/flickr30k_images/511749704.jpg,A girl rides his skateboard at the park,2,1.0
/home/z/zhangyon/.cache/kagglehub/datasets/hsankesara/flickr-image-dataset/versions/1/flickr30k_images/flickr30k_images/511749704.jpg,A sad boy rides his skateboard at the park,1,1.0
/home/z/zhangyon/.cache/kagglehub/datasets/hsankesara/flickr-image-dataset/versions/1/flickr30k_images/flickr30k_images/2589156742.jpg,A man outside is holding a drink,0,1.0
/home/z/zhangyon/.cache/kagglehub/datasets/hsankesara/flickr-image-dataset/versions/1/flickr30k_images/flickr30k_images/2589156742.jpg,The man is tossing the cup into the garbage,2,1.0
/home/z/zhangyon/.cache/kagglehub/datasets/hsankesara/flickr-image-dataset/versions/1/flickr30k_images/flickr30k_images/2589156742.jpg,A man is drinking coffee out of a cup,1,1.0
/home/z/zhangyon/.cache/kagglehub/datasets/hsankesara/flickr-image-dataset/versions/1/flickr30k_images/flickr30k_images/2823575468.jpg,A young boy is running,0,1.0
/home/z/zhangyon/.cache/kagglehub/datasets/hsankesara/flickr-image-dataset/versions/1/flickr30k_images/flickr30k_images/2823575468.jpg,The boy was asleep in bed,2,1.0
/home/z/zhangyon/.cache/kagglehub/datasets/hsankesara/flickr-image-dataset/versions/1/flickr30k_images/flickr30k_images/2823575468.jpg,Boy scared,1,1.0
/home/z/zhangyon/.cache/kagglehub/datasets/hsankesara/flickr-image-dataset/versions/1/flickr30k_images/flickr30k_images/1016887272.jpg,A lot of people were on the rock,0,1.0
/home/z/zhangyon/.cache/kagglehub/datasets/hsankesara/flickr-image-dataset/versions/1/flickr30k_images/flickr30k_images/1016887272.jpg,Those people like flying squirrels,1,1.0
/home/z/zhangyon/.cache/kagglehub/datasets/hsankesara/flickr-image-dataset/versions/1/flickr30k_images/flickr30k_images/1016887272.jpg,"Several rock climbers are climbing a rock, not realizing that they are no longer attached to the line that the man in red is holding below",1,1.0
/home/z/zhangyon/.cache/kagglehub/datasets/hsankesara/flickr-image-dataset/versions/1/flickr30k_images/flickr30k_images/1423997242.jpg,Someone sitting in a field,0,1.0
/home/z/zhangyon/.cache/kagglehub/datasets/hsankesara/flickr-image-dataset/versions/1/flickr30k_images/flickr30k_images/1423997242.jpg,Nobody is relaxing,2,1.0
/home/z/zhangyon/.cache/kagglehub/datasets/hsankesara/flickr-image-dataset/versions/1/flickr30k_images/flickr30k_images/1423997242.jpg,The man has is taking his cleats out of his backpack,1,1.0
/home/z/zhangyon/.cache/kagglehub/datasets/hsankesara/flickr-image-dataset/versions/1/flickr30k_images/flickr30k_images/3698607223.jpg,There is a man in shorts,0,1.0
/home/z/zhangyon/.cache/kagglehub/datasets/hsankesara/flickr-image-dataset/versions/1/flickr30k_images/flickr30k_images/3698607223.jpg,A person stands alone on the beach,2,1.0
/home/z/zhangyon/.cache/kagglehub/datasets/hsankesara/flickr-image-dataset/versions/1/flickr30k_images/flickr30k_images/3698607223.jpg,A person enjoying nature,0,1.0
/home/z/zhangyon/.cache/kagglehub/datasets/hsankesara/flickr-image-dataset/versions/1/flickr30k_images/flickr30k_images/2970183443.jpg,The dog is happy,0,1.0
/home/z/zhangyon/.cache/kagglehub/datasets/hsankesara/flickr-image-dataset/versions/1/flickr30k_images/flickr30k_images/2970183443.jpg,a dog is sleeping,2,1.0
/home/z/zhangyon/.cache/kagglehub/datasets/hsankesara/flickr-image-dataset/versions/1/flickr30k_images/flickr30k_images/2970183443.jpg,The dog plays football with his owners,0,1.0
/home/z/zhangyon/.cache/kagglehub/datasets/hsankesara/flickr-image-dataset/versions/1/flickr30k_images/flickr30k_images/6225843702.jpg,A man is on a bike outside,0,1.0
/home/z/zhangyon/.cache/kagglehub/datasets/hsankesara/flickr-image-dataset/versions/1/flickr30k_images/flickr30k_images/6225843702.jpg,The person is swimming,2,1.0
/home/z/zhangyon/.cache/kagglehub/datasets/hsankesara/flickr-image-dataset/versions/1/flickr30k_images/flickr30k_images/6225843702.jpg,A guy triumphantly finishes his race in last place,1,1.0
/home/z/zhangyon/.cache/kagglehub/datasets/hsankesara/flickr-image-dataset/versions/1/flickr30k_images/flickr30k_images/4080351447.jpg,A man cooking at a kitchen,0,1.0
/home/z/zhangyon/.cache/kagglehub/datasets/hsankesara/flickr-image-dataset/versions/1/flickr30k_images/flickr30k_images/4080351447.jpg,A man sitting down at a restaurant,2,1.0
/home/z/zhangyon/.cache/kagglehub/datasets/hsankesara/flickr-image-dataset/versions/1/flickr30k_images/flickr30k_images/4080351447.jpg,A man cooking himself a meal inside of his kitchen,1,1.0
/home/z/zhangyon/.cache/kagglehub/datasets/hsankesara/flickr-image-dataset/versions/1/flickr30k_images/flickr30k_images/3461041826.jpg,The dog was in the water,0,1.0
/home/z/zhangyon/.cache/kagglehub/datasets/hsankesara/flickr-image-dataset/versions/1/flickr30k_images/flickr30k_images/3461041826.jpg,The dog was sleeping,2,1.0
/home/z/zhangyon/.cache/kagglehub/datasets/hsankesara/flickr-image-dataset/versions/1/flickr30k_images/flickr30k_images/3461041826.jpg,A dog fetches a stick from the stream,1,1.0
/home/z/zhangyon/.cache/kagglehub/datasets/hsankesara/flickr-image-dataset/versions/1/flickr30k_images/flickr30k_images/2088460083.jpg,The vehicle has not been taken good care of,0,1.0
/home/z/zhangyon/.cache/kagglehub/datasets/hsankesara/flickr-image-dataset/versions/1/flickr30k_images/flickr30k_images/2088460083.jpg,It is being driven away,1,1.0
/home/z/zhangyon/.cache/kagglehub/datasets/hsankesara/flickr-image-dataset/versions/1/flickr30k_images/flickr30k_images/2088460083.jpg,The car wreckage gets towed to be repaired,1,1.0
/home/z/zhangyon/.cache/kagglehub/datasets/hsankesara/flickr-image-dataset/versions/1/flickr30k_images/flickr30k_images/6958079140.jpg,The man is holding a gun,0,1.0
/home/z/zhangyon/.cache/kagglehub/datasets/hsankesara/flickr-image-dataset/versions/1/flickr30k_images/flickr30k_images/6958079140.jpg,The man is shooting with a bow,2,1.0
/home/z/zhangyon/.cache/kagglehub/datasets/hsankesara/flickr-image-dataset/versions/1/flickr30k_images/flickr30k_images/6958079140.jpg,The man is shooting a deer,1,1.0
/home/z/zhangyon/.cache/kagglehub/datasets/hsankesara/flickr-image-dataset/versions/1/flickr30k_images/flickr30k_images/2577972703.jpg,Someone has tears in their eyes,0,1.0
/home/z/zhangyon/.cache/kagglehub/datasets/hsankesara/flickr-image-dataset/versions/1/flickr30k_images/flickr30k_images/2577972703.jpg,The girl is watching tv inside,2,1.0
/home/z/zhangyon/.cache/kagglehub/datasets/hsankesara/flickr-image-dataset/versions/1/flickr30k_images/flickr30k_images/2577972703.jpg,A girl is sad because her tricycle is broken,1,1.0
/home/z/zhangyon/.cache/kagglehub/datasets/hsankesara/flickr-image-dataset/versions/1/flickr30k_images/flickr30k_images/2889113059.jpg,Some musicians have gathered together,0,1.0
/home/z/zhangyon/.cache/kagglehub/datasets/hsankesara/flickr-image-dataset/versions/1/flickr30k_images/flickr30k_images/2889113059.jpg,A man with a microphone is gesturing towards a group of people seated behind him,2,1.0
/home/z/zhangyon/.cache/kagglehub/datasets/hsankesara/flickr-image-dataset/versions/1/flickr30k_images/flickr30k_images/2889113059.jpg,A band is playing for a wedding,1,1.0
/home/z/zhangyon/.cache/kagglehub/datasets/hsankesara/flickr-image-dataset/versions/1/flickr30k_images/flickr30k_images/4455065396.jpg,There is a child laying,0,1.0
/home/z/zhangyon/.cache/kagglehub/datasets/hsankesara/flickr-image-dataset/versions/1/flickr30k_images/flickr30k_images/4455065396.jpg,There is a child standing,2,1.0
/home/z/zhangyon/.cache/kagglehub/datasets/hsankesara/flickr-image-dataset/versions/1/flickr30k_images/flickr30k_images/4455065396.jpg,A child lays on the hardwood floor for a nap,1,1.0
/home/z/zhangyon/.cache/kagglehub/datasets/hsankesara/flickr-image-dataset/versions/1/flickr30k_images/flickr30k_images/74635420.jpg,The children are shorter than the adults,0,1.0
/home/z/zhangyon/.cache/kagglehub/datasets/hsankesara/flickr-image-dataset/versions/1/flickr30k_images/flickr30k_images/74635420.jpg,The children are playing tag inside,2,1.0
/home/z/zhangyon/.cache/kagglehub/datasets/hsankesara/flickr-image-dataset/versions/1/flickr30k_images/flickr30k_images/74635420.jpg,A handsome boy poses for his mom,1,1.0
/home/z/zhangyon/.cache/kagglehub/datasets/hsankesara/flickr-image-dataset/versions/1/flickr30k_images/flickr30k_images/3731739486.jpg,4 people are in line for a school bus,1,1.0
/home/z/zhangyon/.cache/kagglehub/datasets/hsankesara/flickr-image-dataset/versions/1/flickr30k_images/flickr30k_images/3731739486.jpg,4 people are excited to get on the bus for the last day of school,2,1.0
/home/z/zhangyon/.cache/kagglehub/datasets/hsankesara/flickr-image-dataset/versions/1/flickr30k_images/flickr30k_images/3731739486.jpg,The people are going home from work,1,1.0
/home/z/zhangyon/.cache/kagglehub/datasets/hsankesara/flickr-image-dataset/versions/1/flickr30k_images/flickr30k_images/311619377.jpg,A woman is on top of a bowl,0,1.0
/home/z/zhangyon/.cache/kagglehub/datasets/hsankesara/flickr-image-dataset/versions/1/flickr30k_images/flickr30k_images/311619377.jpg,A woman is breaking the bowl,2,1.0
/home/z/zhangyon/.cache/kagglehub/datasets/hsankesara/flickr-image-dataset/versions/1/flickr30k_images/flickr30k_images/311619377.jpg,A woman is praying for her son,1,1.0
/home/z/zhangyon/.cache/kagglehub/datasets/hsankesara/flickr-image-dataset/versions/1/flickr30k_images/flickr30k_images/5662260935.jpg,Two men throw punches at each other,2,1.0
/home/z/zhangyon/.cache/kagglehub/datasets/hsankesara/flickr-image-dataset/versions/1/flickr30k_images/flickr30k_images/5662260935.jpg,Two men swim in shorts,2,1.0
/home/z/zhangyon/.cache/kagglehub/datasets/hsankesara/flickr-image-dataset/versions/1/flickr30k_images/flickr30k_images/5662260935.jpg,The man is training for an event,1,1.0
/home/z/zhangyon/.cache/kagglehub/datasets/hsankesara/flickr-image-dataset/versions/1/flickr30k_images/flickr30k_images/4770745669.jpg,A man is wearing a black shirt,0,1.0
/home/z/zhangyon/.cache/kagglehub/datasets/hsankesara/flickr-image-dataset/versions/1/flickr30k_images/flickr30k_images/4770745669.jpg,A man in a black shirt and pink shorts stands in the window smoking,2,1.0
/home/z/zhangyon/.cache/kagglehub/datasets/hsankesara/flickr-image-dataset/versions/1/flickr30k_images/flickr30k_images/4770745669.jpg,A man with a black shirt and blue shorts stand in the doorway of the storefront prior to closing the store,1,1.0
/home/z/zhangyon/.cache/kagglehub/datasets/hsankesara/flickr-image-dataset/versions/1/flickr30k_images/flickr30k_images/3855173636.jpg,The man is setting up a tripod away from the roadway,0,1.0
/home/z/zhangyon/.cache/kagglehub/datasets/hsankesara/flickr-image-dataset/versions/1/flickr30k_images/flickr30k_images/3855173636.jpg,A man moonwalks down the street,2,1.0
/home/z/zhangyon/.cache/kagglehub/datasets/hsankesara/flickr-image-dataset/versions/1/flickr30k_images/flickr30k_images/3855173636.jpg,A man is working on his dune buggy,1,1.0
/home/z/zhangyon/.cache/kagglehub/datasets/hsankesara/flickr-image-dataset/versions/1/flickr30k_images/flickr30k_images/4752721674.jpg,Cameras hidden behind a barricade,0,1.0
/home/z/zhangyon/.cache/kagglehub/datasets/hsankesara/flickr-image-dataset/versions/1/flickr30k_images/flickr30k_images/4752721674.jpg,People are holding cameras and taking pictures of people walking inside,2,1.0
/home/z/zhangyon/.cache/kagglehub/datasets/hsankesara/flickr-image-dataset/versions/1/flickr30k_images/flickr30k_images/4752721674.jpg,The cameras were on and filming,1,1.0
/home/z/zhangyon/.cache/kagglehub/datasets/hsankesara/flickr-image-dataset/versions/1/flickr30k_images/flickr30k_images/3179223972.jpg,A baby boy gets his picture taken,0,1.0
/home/z/zhangyon/.cache/kagglehub/datasets/hsankesara/flickr-image-dataset/versions/1/flickr30k_images/flickr30k_images/3179223972.jpg,A child is walking through a store,2,1.0
/home/z/zhangyon/.cache/kagglehub/datasets/hsankesara/flickr-image-dataset/versions/1/flickr30k_images/flickr30k_images/3179223972.jpg,The boy with the bright blue eyes just saw a good movie,1,1.0
/home/z/zhangyon/.cache/kagglehub/datasets/hsankesara/flickr-image-dataset/versions/1/flickr30k_images/flickr30k_images/3543294190.jpg,A man with a bike,0,1.0
/home/z/zhangyon/.cache/kagglehub/datasets/hsankesara/flickr-image-dataset/versions/1/flickr30k_images/flickr30k_images/3543294190.jpg,A man walks slowly down the street,2,1.0
/home/z/zhangyon/.cache/kagglehub/datasets/hsankesara/flickr-image-dataset/versions/1/flickr30k_images/flickr30k_images/3543294190.jpg,A man is doing a wheelie on a red bike,1,1.0
/home/z/zhangyon/.cache/kagglehub/datasets/hsankesara/flickr-image-dataset/versions/1/flickr30k_images/flickr30k_images/2229108152.jpg,A guy is walking his horse,0,1.0
/home/z/zhangyon/.cache/kagglehub/datasets/hsankesara/flickr-image-dataset/versions/1/flickr30k_images/flickr30k_images/2229108152.jpg,the horse is swimming in a zoo,2,1.0
/home/z/zhangyon/.cache/kagglehub/datasets/hsankesara/flickr-image-dataset/versions/1/flickr30k_images/flickr30k_images/2229108152.jpg,The guy is getting his horse ready for the show tonight,1,1.0
/home/z/zhangyon/.cache/kagglehub/datasets/hsankesara/flickr-image-dataset/versions/1/flickr30k_images/flickr30k_images/3134341610.jpg,Pair of people one in a hoilday costume and has glasses,0,1.0
/home/z/zhangyon/.cache/kagglehub/datasets/hsankesara/flickr-image-dataset/versions/1/flickr30k_images/flickr30k_images/3134341610.jpg,The people are celebrating Independence day,2,1.0
/home/z/zhangyon/.cache/kagglehub/datasets/hsankesara/flickr-image-dataset/versions/1/flickr30k_images/flickr30k_images/3134341610.jpg,The people are cosplaying,0,1.0
/home/z/zhangyon/.cache/kagglehub/datasets/hsankesara/flickr-image-dataset/versions/1/flickr30k_images/flickr30k_images/2725441885.jpg,The person is playing baseball,0,1.0
/home/z/zhangyon/.cache/kagglehub/datasets/hsankesara/flickr-image-dataset/versions/1/flickr30k_images/flickr30k_images/2725441885.jpg,Nobody films the man hitting the baseball,2,1.0
/home/z/zhangyon/.cache/kagglehub/datasets/hsankesara/flickr-image-dataset/versions/1/flickr30k_images/flickr30k_images/2725441885.jpg,The baseball is hit far,1,1.0
/home/z/zhangyon/.cache/kagglehub/datasets/hsankesara/flickr-image-dataset/versions/1/flickr30k_images/flickr30k_images/3183330562.jpg,Kids follow a man on a path,0,1.0
/home/z/zhangyon/.cache/kagglehub/datasets/hsankesara/flickr-image-dataset/versions/1/flickr30k_images/flickr30k_images/3183330562.jpg,The children are in bed ready for their nighttime story,2,1.0
/home/z/zhangyon/.cache/kagglehub/datasets/hsankesara/flickr-image-dataset/versions/1/flickr30k_images/flickr30k_images/3183330562.jpg,A white man is walking several black children to their newly built school,1,1.0
/home/z/zhangyon/.cache/kagglehub/datasets/hsankesara/flickr-image-dataset/versions/1/flickr30k_images/flickr30k_images/1089755335.jpg,"During the evening, an adult and kids watch the ocean from the boardwalk",0,1.0
/home/z/zhangyon/.cache/kagglehub/datasets/hsankesara/flickr-image-dataset/versions/1/flickr30k_images/flickr30k_images/1089755335.jpg,People are standing in the desert,2,1.0
/home/z/zhangyon/.cache/kagglehub/datasets/hsankesara/flickr-image-dataset/versions/1/flickr30k_images/flickr30k_images/1089755335.jpg,The mother enjoys fishing with her kids,1,1.0
/home/z/zhangyon/.cache/kagglehub/datasets/hsankesara/flickr-image-dataset/versions/1/flickr30k_images/flickr30k_images/2537819002.jpg,A person driving heavy equipment maneuvers his load,0,1.0
/home/z/zhangyon/.cache/kagglehub/datasets/hsankesara/flickr-image-dataset/versions/1/flickr30k_images/flickr30k_images/2537819002.jpg,Dancers are practicing near tracks in the middle of the day,2,1.0
/home/z/zhangyon/.cache/kagglehub/datasets/hsankesara/flickr-image-dataset/versions/1/flickr30k_images/flickr30k_images/2537819002.jpg,A person helps with the creation of a new path around a lake,1,1.0
/home/z/zhangyon/.cache/kagglehub/datasets/hsankesara/flickr-image-dataset/versions/1/flickr30k_images/flickr30k_images/428979011.jpg,A man talks on a microphone,0,1.0
/home/z/zhangyon/.cache/kagglehub/datasets/hsankesara/flickr-image-dataset/versions/1/flickr30k_images/flickr30k_images/428979011.jpg,The microphone is in a box under a yellow hat,2,1.0
/home/z/zhangyon/.cache/kagglehub/datasets/hsankesara/flickr-image-dataset/versions/1/flickr30k_images/flickr30k_images/428979011.jpg,The man is a speaker for TED talks,1,1.0
/home/z/zhangyon/.cache/kagglehub/datasets/hsankesara/flickr-image-dataset/versions/1/flickr30k_images/flickr30k_images/1775223211.jpg,A woman gives a thumbs up,0,1.0
/home/z/zhangyon/.cache/kagglehub/datasets/hsankesara/flickr-image-dataset/versions/1/flickr30k_images/flickr30k_images/1775223211.jpg,Ladies are at a cafe having tea and sandwiches,2,1.0
/home/z/zhangyon/.cache/kagglehub/datasets/hsankesara/flickr-image-dataset/versions/1/flickr30k_images/flickr30k_images/1775223211.jpg,Two women are co-workers at a Loom Factory,1,1.0
/home/z/zhangyon/.cache/kagglehub/datasets/hsankesara/flickr-image-dataset/versions/1/flickr30k_images/flickr30k_images/3168327945.jpg,A boy opens candy on christmas,1,1.0
/home/z/zhangyon/.cache/kagglehub/datasets/hsankesara/flickr-image-dataset/versions/1/flickr30k_images/flickr30k_images/3168327945.jpg,There is a boy sitting on santas lap,2,1.0
/home/z/zhangyon/.cache/kagglehub/datasets/hsankesara/flickr-image-dataset/versions/1/flickr30k_images/flickr30k_images/3168327945.jpg,A child offers a man his favorite candy,1,1.0
/home/z/zhangyon/.cache/kagglehub/datasets/hsankesara/flickr-image-dataset/versions/1/flickr30k_images/flickr30k_images/4719086173.jpg,Fire fighters have done their job,0,1.0
/home/z/zhangyon/.cache/kagglehub/datasets/hsankesara/flickr-image-dataset/versions/1/flickr30k_images/flickr30k_images/4719086173.jpg,Firefighters wearing suits laying down and eating chips,2,1.0
/home/z/zhangyon/.cache/kagglehub/datasets/hsankesara/flickr-image-dataset/versions/1/flickr30k_images/flickr30k_images/4719086173.jpg,there was a big fire,1,1.0
/home/z/zhangyon/.cache/kagglehub/datasets/hsankesara/flickr-image-dataset/versions/1/flickr30k_images/flickr30k_images/86131617.jpg,The men are looking at a billboard,0,1.0
/home/z/zhangyon/.cache/kagglehub/datasets/hsankesara/flickr-image-dataset/versions/1/flickr30k_images/flickr30k_images/86131617.jpg,The billboard has a cat on it,2,1.0
/home/z/zhangyon/.cache/kagglehub/datasets/hsankesara/flickr-image-dataset/versions/1/flickr30k_images/flickr30k_images/86131617.jpg,Men are putting up a billboard in Hollywood,1,1.0
/home/z/zhangyon/.cache/kagglehub/datasets/hsankesara/flickr-image-dataset/versions/1/flickr30k_images/flickr30k_images/269361490.jpg,The teenagers are moving around,1,1.0
/home/z/zhangyon/.cache/kagglehub/datasets/hsankesara/flickr-image-dataset/versions/1/flickr30k_images/flickr30k_images/269361490.jpg,There are no trees in the background,2,1.0
/home/z/zhangyon/.cache/kagglehub/datasets/hsankesara/flickr-image-dataset/versions/1/flickr30k_images/flickr30k_images/269361490.jpg,A group of goth people walk down the street that runs through the woods,1,1.0
/home/z/zhangyon/.cache/kagglehub/datasets/hsankesara/flickr-image-dataset/versions/1/flickr30k_images/flickr30k_images/4895355979.jpg,The adult in the striped shirt stands next to a lion figure,0,1.0
/home/z/zhangyon/.cache/kagglehub/datasets/hsankesara/flickr-image-dataset/versions/1/flickr30k_images/flickr30k_images/4895355979.jpg,The man stands in an open field,2,1.0
/home/z/zhangyon/.cache/kagglehub/datasets/hsankesara/flickr-image-dataset/versions/1/flickr30k_images/flickr30k_images/4895355979.jpg,A man is posing for a picture,1,1.0
/home/z/zhangyon/.cache/kagglehub/datasets/hsankesara/flickr-image-dataset/versions/1/flickr30k_images/flickr30k_images/2597958208.jpg,The kids are playing outside,0,1.0
/home/z/zhangyon/.cache/kagglehub/datasets/hsankesara/flickr-image-dataset/versions/1/flickr30k_images/flickr30k_images/2597958208.jpg,The children are inside a bedroom,2,1.0
/home/z/zhangyon/.cache/kagglehub/datasets/hsankesara/flickr-image-dataset/versions/1/flickr30k_images/flickr30k_images/2597958208.jpg,Two children play in the field,0,1.0
/home/z/zhangyon/.cache/kagglehub/datasets/hsankesara/flickr-image-dataset/versions/1/flickr30k_images/flickr30k_images/4734162520.jpg,A police officer is on a motorcycle,0,1.0
/home/z/zhangyon/.cache/kagglehub/datasets/hsankesara/flickr-image-dataset/versions/1/flickr30k_images/flickr30k_images/4734162520.jpg,a man impersonating a police officer flies with a jetpack,2,1.0
/home/z/zhangyon/.cache/kagglehub/datasets/hsankesara/flickr-image-dataset/versions/1/flickr30k_images/flickr30k_images/4734162520.jpg,A police officer is about to write a ticket,1,1.0
/home/z/zhangyon/.cache/kagglehub/datasets/hsankesara/flickr-image-dataset/versions/1/flickr30k_images/flickr30k_images/4447160600.jpg,The uniformed person looks at some notes while leaning against a wall,0,1.0
/home/z/zhangyon/.cache/kagglehub/datasets/hsankesara/flickr-image-dataset/versions/1/flickr30k_images/flickr30k_images/4447160600.jpg,Police officers in disguise wait alone outside the catholic church,2,1.0
/home/z/zhangyon/.cache/kagglehub/datasets/hsankesara/flickr-image-dataset/versions/1/flickr30k_images/flickr30k_images/4447160600.jpg,"Policemen guard the church, where a murder just took place",1,1.0
/home/z/zhangyon/.cache/kagglehub/datasets/hsankesara/flickr-image-dataset/versions/1/flickr30k_images/flickr30k_images/44619131.jpg,The people are using computers,0,1.0
/home/z/zhangyon/.cache/kagglehub/datasets/hsankesara/flickr-image-dataset/versions/1/flickr30k_images/flickr30k_images/44619131.jpg,The people are using typewriters,2,1.0
/home/z/zhangyon/.cache/kagglehub/datasets/hsankesara/flickr-image-dataset/versions/1/flickr30k_images/flickr30k_images/44619131.jpg,The people are filling out job applications,1,1.0
/home/z/zhangyon/.cache/kagglehub/datasets/hsankesara/flickr-image-dataset/versions/1/flickr30k_images/flickr30k_images/2645724661.jpg,A woman is sipping wine,1,1.0
/home/z/zhangyon/.cache/kagglehub/datasets/hsankesara/flickr-image-dataset/versions/1/flickr30k_images/flickr30k_images/2645724661.jpg,A father watches his child play outside,2,1.0
/home/z/zhangyon/.cache/kagglehub/datasets/hsankesara/flickr-image-dataset/versions/1/flickr30k_images/flickr30k_images/2645724661.jpg,The infants mother is reading,1,1.0
/home/z/zhangyon/.cache/kagglehub/datasets/hsankesara/flickr-image-dataset/versions/1/flickr30k_images/flickr30k_images/5501340599.jpg,A girl is washing her stuffed animal,0,1.0
/home/z/zhangyon/.cache/kagglehub/datasets/hsankesara/flickr-image-dataset/versions/1/flickr30k_images/flickr30k_images/5501340599.jpg,A girl is playing video games,2,1.0
/home/z/zhangyon/.cache/kagglehub/datasets/hsankesara/flickr-image-dataset/versions/1/flickr30k_images/flickr30k_images/5501340599.jpg,A girl is cleaning her stuffed bear,0,1.0
/home/z/zhangyon/.cache/kagglehub/datasets/hsankesara/flickr-image-dataset/versions/1/flickr30k_images/flickr30k_images/4964794183.jpg,A man in a crowd drinks something purple,0,1.0
/home/z/zhangyon/.cache/kagglehub/datasets/hsankesara/flickr-image-dataset/versions/1/flickr30k_images/flickr30k_images/4964794183.jpg,A lot of people are sitting in a restaurant,2,1.0
/home/z/zhangyon/.cache/kagglehub/datasets/hsankesara/flickr-image-dataset/versions/1/flickr30k_images/flickr30k_images/4964794183.jpg,A lot of people are walking in a parade,1,1.0
/home/z/zhangyon/.cache/kagglehub/datasets/hsankesara/flickr-image-dataset/versions/1/flickr30k_images/flickr30k_images/4944644486.jpg,A group of people are in a line,0,1.0
/home/z/zhangyon/.cache/kagglehub/datasets/hsankesara/flickr-image-dataset/versions/1/flickr30k_images/flickr30k_images/4944644486.jpg,These guys and girls are at Disney,1,1.0
/home/z/zhangyon/.cache/kagglehub/datasets/hsankesara/flickr-image-dataset/versions/1/flickr30k_images/flickr30k_images/4944644486.jpg,tourists on vacation,1,1.0
/home/z/zhangyon/.cache/kagglehub/datasets/hsankesara/flickr-image-dataset/versions/1/flickr30k_images/flickr30k_images/7330749240.jpg,Race cars,0,1.0
/home/z/zhangyon/.cache/kagglehub/datasets/hsankesara/flickr-image-dataset/versions/1/flickr30k_images/flickr30k_images/7330749240.jpg,The trucks are racing around the track,2,1.0
/home/z/zhangyon/.cache/kagglehub/datasets/hsankesara/flickr-image-dataset/versions/1/flickr30k_images/flickr30k_images/7330749240.jpg,A driver passing his opponent on the last lap,1,1.0
/home/z/zhangyon/.cache/kagglehub/datasets/hsankesara/flickr-image-dataset/versions/1/flickr30k_images/flickr30k_images/3562816250.jpg,The man has a dog,0,1.0
/home/z/zhangyon/.cache/kagglehub/datasets/hsankesara/flickr-image-dataset/versions/1/flickr30k_images/flickr30k_images/3562816250.jpg,The dog is scared,1,1.0
/home/z/zhangyon/.cache/kagglehub/datasets/hsankesara/flickr-image-dataset/versions/1/flickr30k_images/flickr30k_images/3562816250.jpg,A young woman kayaking in the ocean,1,1.0
/home/z/zhangyon/.cache/kagglehub/datasets/hsankesara/flickr-image-dataset/versions/1/flickr30k_images/flickr30k_images/3125628091.jpg,The boy is on the couch,0,1.0
/home/z/zhangyon/.cache/kagglehub/datasets/hsankesara/flickr-image-dataset/versions/1/flickr30k_images/flickr30k_images/3125628091.jpg,The child is opening Christmas presents,2,1.0
/home/z/zhangyon/.cache/kagglehub/datasets/hsankesara/flickr-image-dataset/versions/1/flickr30k_images/flickr30k_images/3125628091.jpg,a small boy laying down for a nap,1,1.0
/home/z/zhangyon/.cache/kagglehub/datasets/hsankesara/flickr-image-dataset/versions/1/flickr30k_images/flickr30k_images/3469609037.jpg,A skateboarder is in the air,0,1.0
/home/z/zhangyon/.cache/kagglehub/datasets/hsankesara/flickr-image-dataset/versions/1/flickr30k_images/flickr30k_images/3469609037.jpg,Nobody is skateboarding at the skate park right now,2,1.0
/home/z/zhangyon/.cache/kagglehub/datasets/hsankesara/flickr-image-dataset/versions/1/flickr30k_images/flickr30k_images/3469609037.jpg,The kid is in a skateboarding competition,1,1.0
/home/z/zhangyon/.cache/kagglehub/datasets/hsankesara/flickr-image-dataset/versions/1/flickr30k_images/flickr30k_images/2922807898.jpg,A large yellow dog jumps up to catch a toy,0,1.0
/home/z/zhangyon/.cache/kagglehub/datasets/hsankesara/flickr-image-dataset/versions/1/flickr30k_images/flickr30k_images/2922807898.jpg,A small white dog sleeps in its owners lap,2,1.0
/home/z/zhangyon/.cache/kagglehub/datasets/hsankesara/flickr-image-dataset/versions/1/flickr30k_images/flickr30k_images/2922807898.jpg,"The white, pitbull puppy caught the pink floppy Frisbee in its mouth after jumping with all four feet from the ground",1,1.0
/home/z/zhangyon/.cache/kagglehub/datasets/hsankesara/flickr-image-dataset/versions/1/flickr30k_images/flickr30k_images/3135826945.jpg,A person and small child have a book,0,1.0
/home/z/zhangyon/.cache/kagglehub/datasets/hsankesara/flickr-image-dataset/versions/1/flickr30k_images/flickr30k_images/3135826945.jpg,Two people are watching tv,2,1.0
/home/z/zhangyon/.cache/kagglehub/datasets/hsankesara/flickr-image-dataset/versions/1/flickr30k_images/flickr30k_images/3135826945.jpg,A mother explains where babies come from to her son,1,1.0
/home/z/zhangyon/.cache/kagglehub/datasets/hsankesara/flickr-image-dataset/versions/1/flickr30k_images/flickr30k_images/1053116826.jpg,Two children are outside,0,1.0
/home/z/zhangyon/.cache/kagglehub/datasets/hsankesara/flickr-image-dataset/versions/1/flickr30k_images/flickr30k_images/1053116826.jpg,Two children are playing tag in the park,2,1.0
/home/z/zhangyon/.cache/kagglehub/datasets/hsankesara/flickr-image-dataset/versions/1/flickr30k_images/flickr30k_images/1053116826.jpg,A brother and sister are playing in the grass,1,1.0
/home/z/zhangyon/.cache/kagglehub/datasets/hsankesara/flickr-image-dataset/versions/1/flickr30k_images/flickr30k_images/2384401298.jpg,The animal is running near the water,0,1.0
/home/z/zhangyon/.cache/kagglehub/datasets/hsankesara/flickr-image-dataset/versions/1/flickr30k_images/flickr30k_images/2384401298.jpg,Two cats play next to the water,2,1.0
/home/z/zhangyon/.cache/kagglehub/datasets/hsankesara/flickr-image-dataset/versions/1/flickr30k_images/flickr30k_images/2384401298.jpg,The dogs are about to jump in the lake,1,1.0
/home/z/zhangyon/.cache/kagglehub/datasets/hsankesara/flickr-image-dataset/versions/1/flickr30k_images/flickr30k_images/410422753.jpg,The dog is playing outside,0,1.0
/home/z/zhangyon/.cache/kagglehub/datasets/hsankesara/flickr-image-dataset/versions/1/flickr30k_images/flickr30k_images/410422753.jpg,Nothing is running,2,1.0
/home/z/zhangyon/.cache/kagglehub/datasets/hsankesara/flickr-image-dataset/versions/1/flickr30k_images/flickr30k_images/410422753.jpg,A huge animal running,1,1.0
/home/z/zhangyon/.cache/kagglehub/datasets/hsankesara/flickr-image-dataset/versions/1/flickr30k_images/flickr30k_images/3367399.jpg,A man is refuelling his car,0,1.0
/home/z/zhangyon/.cache/kagglehub/datasets/hsankesara/flickr-image-dataset/versions/1/flickr30k_images/flickr30k_images/3367399.jpg,The man pours gasoline on the tree,2,1.0
/home/z/zhangyon/.cache/kagglehub/datasets/hsankesara/flickr-image-dataset/versions/1/flickr30k_images/flickr30k_images/3367399.jpg,The man is putting a gallon of gasoline in his car,1,1.0
/home/z/zhangyon/.cache/kagglehub/datasets/hsankesara/flickr-image-dataset/versions/1/flickr30k_images/flickr30k_images/4689487867.jpg,The man in the vest and sunglasses looking at cards at the stand has buttons on his hat,0,1.0
/home/z/zhangyon/.cache/kagglehub/datasets/hsankesara/flickr-image-dataset/versions/1/flickr30k_images/flickr30k_images/4689487867.jpg,House robber trying to sell his wares,2,1.0
/home/z/zhangyon/.cache/kagglehub/datasets/hsankesara/flickr-image-dataset/versions/1/flickr30k_images/flickr30k_images/4689487867.jpg,A man shopping for groceries wearing a black vest and maroon shirt,1,1.0
/home/z/zhangyon/.cache/kagglehub/datasets/hsankesara/flickr-image-dataset/versions/1/flickr30k_images/flickr30k_images/86112875.jpg,A person is indoors,0,1.0
/home/z/zhangyon/.cache/kagglehub/datasets/hsankesara/flickr-image-dataset/versions/1/flickr30k_images/flickr30k_images/86112875.jpg,One man works at a table with cigar tubes,2,1.0
/home/z/zhangyon/.cache/kagglehub/datasets/hsankesara/flickr-image-dataset/versions/1/flickr30k_images/flickr30k_images/86112875.jpg,A mother and her sister work on a wooden swingset,1,1.0
/home/z/zhangyon/.cache/kagglehub/datasets/hsankesara/flickr-image-dataset/versions/1/flickr30k_images/flickr30k_images/6420396169.jpg,A boy is indoors,0,1.0
/home/z/zhangyon/.cache/kagglehub/datasets/hsankesara/flickr-image-dataset/versions/1/flickr30k_images/flickr30k_images/6420396169.jpg,A boy is swimming in a lake,2,1.0
/home/z/zhangyon/.cache/kagglehub/datasets/hsankesara/flickr-image-dataset/versions/1/flickr30k_images/flickr30k_images/6420396169.jpg,A small boy dislikes the candy,1,1.0
/home/z/zhangyon/.cache/kagglehub/datasets/hsankesara/flickr-image-dataset/versions/1/flickr30k_images/flickr30k_images/4465093007.jpg,a man can shout,0,1.0
/home/z/zhangyon/.cache/kagglehub/datasets/hsankesara/flickr-image-dataset/versions/1/flickr30k_images/flickr30k_images/4465093007.jpg,The man is upset at the game,2,1.0
/home/z/zhangyon/.cache/kagglehub/datasets/hsankesara/flickr-image-dataset/versions/1/flickr30k_images/flickr30k_images/4465093007.jpg,a man is excited that is is winning the scrabble game,1,1.0
/home/z/zhangyon/.cache/kagglehub/datasets/hsankesara/flickr-image-dataset/versions/1/flickr30k_images/flickr30k_images/7129695767.jpg,A man is climbing a mountain,0,1.0
/home/z/zhangyon/.cache/kagglehub/datasets/hsankesara/flickr-image-dataset/versions/1/flickr30k_images/flickr30k_images/7129695767.jpg,The weather is cloudy and raining,2,1.0
/home/z/zhangyon/.cache/kagglehub/datasets/hsankesara/flickr-image-dataset/versions/1/flickr30k_images/flickr30k_images/7129695767.jpg,A woman climbs up a cliff after falling,1,1.0
/home/z/zhangyon/.cache/kagglehub/datasets/hsankesara/flickr-image-dataset/versions/1/flickr30k_images/flickr30k_images/4024098174.jpg,This man is wearing safety gear while skiing,0,1.0
/home/z/zhangyon/.cache/kagglehub/datasets/hsankesara/flickr-image-dataset/versions/1/flickr30k_images/flickr30k_images/4024098174.jpg,A person sits in a sauna,2,1.0
/home/z/zhangyon/.cache/kagglehub/datasets/hsankesara/flickr-image-dataset/versions/1/flickr30k_images/flickr30k_images/4024098174.jpg,A black man on a ski slope!,1,1.0
/home/z/zhangyon/.cache/kagglehub/datasets/hsankesara/flickr-image-dataset/versions/1/flickr30k_images/flickr30k_images/6927848734.jpg,A man is driving from on location to another,0,1.0
/home/z/zhangyon/.cache/kagglehub/datasets/hsankesara/flickr-image-dataset/versions/1/flickr30k_images/flickr30k_images/6927848734.jpg,A man isdriving a left hand drive car,2,1.0
/home/z/zhangyon/.cache/kagglehub/datasets/hsankesara/flickr-image-dataset/versions/1/flickr30k_images/flickr30k_images/6927848734.jpg,The man is a cab driver just finishing his shift as darkness falls on London,1,1.0
/home/z/zhangyon/.cache/kagglehub/datasets/hsankesara/flickr-image-dataset/versions/1/flickr30k_images/flickr30k_images/3307563498.jpg,The child is climbing a chain bridge,2,1.0
/home/z/zhangyon/.cache/kagglehub/datasets/hsankesara/flickr-image-dataset/versions/1/flickr30k_images/flickr30k_images/3307563498.jpg,The child is walking on hot coals,2,1.0
/home/z/zhangyon/.cache/kagglehub/datasets/hsankesara/flickr-image-dataset/versions/1/flickr30k_images/flickr30k_images/3307563498.jpg,A child is climbing over a chain to row a boat,2,1.0
/home/z/zhangyon/.cache/kagglehub/datasets/hsankesara/flickr-image-dataset/versions/1/flickr30k_images/flickr30k_images/3724946689.jpg,Some people are riding on a pirate ship,0,1.0
/home/z/zhangyon/.cache/kagglehub/datasets/hsankesara/flickr-image-dataset/versions/1/flickr30k_images/flickr30k_images/3724946689.jpg,A group of old men enjoy a fair ride,2,1.0
/home/z/zhangyon/.cache/kagglehub/datasets/hsankesara/flickr-image-dataset/versions/1/flickr30k_images/flickr30k_images/3724946689.jpg,field trip to disneyland,1,1.0
/home/z/zhangyon/.cache/kagglehub/datasets/hsankesara/flickr-image-dataset/versions/1/flickr30k_images/flickr30k_images/5138003138.jpg,A woman is playing volleyball,0,1.0
/home/z/zhangyon/.cache/kagglehub/datasets/hsankesara/flickr-image-dataset/versions/1/flickr30k_images/flickr30k_images/5138003138.jpg,the girls is five,2,1.0
/home/z/zhangyon/.cache/kagglehub/datasets/hsankesara/flickr-image-dataset/versions/1/flickr30k_images/flickr30k_images/5138003138.jpg,The girl wins the game for her team,1,1.0
/home/z/zhangyon/.cache/kagglehub/datasets/hsankesara/flickr-image-dataset/versions/1/flickr30k_images/flickr30k_images/558338473.jpg,Two men are doing martial arts,0,1.0
/home/z/zhangyon/.cache/kagglehub/datasets/hsankesara/flickr-image-dataset/versions/1/flickr30k_images/flickr30k_images/558338473.jpg,Two men wearing green jumpsuits watch television,2,1.0
/home/z/zhangyon/.cache/kagglehub/datasets/hsankesara/flickr-image-dataset/versions/1/flickr30k_images/flickr30k_images/558338473.jpg,They are great at sports,1,1.0
/home/z/zhangyon/.cache/kagglehub/datasets/hsankesara/flickr-image-dataset/versions/1/flickr30k_images/flickr30k_images/3399944164.jpg,The people are taking pictures,0,1.0
/home/z/zhangyon/.cache/kagglehub/datasets/hsankesara/flickr-image-dataset/versions/1/flickr30k_images/flickr30k_images/3399944164.jpg,The man and woman are raking leaves,2,1.0
/home/z/zhangyon/.cache/kagglehub/datasets/hsankesara/flickr-image-dataset/versions/1/flickr30k_images/flickr30k_images/3399944164.jpg,The couple is taking provocative photos,1,1.0
/home/z/zhangyon/.cache/kagglehub/datasets/hsankesara/flickr-image-dataset/versions/1/flickr30k_images/flickr30k_images/6839984356.jpg,An Asian person is holding a skateboard,0,1.0
/home/z/zhangyon/.cache/kagglehub/datasets/hsankesara/flickr-image-dataset/versions/1/flickr30k_images/flickr30k_images/6839984356.jpg,The man is 92,2,1.0
/home/z/zhangyon/.cache/kagglehub/datasets/hsankesara/flickr-image-dataset/versions/1/flickr30k_images/flickr30k_images/6839984356.jpg,A young asian hurt himself skateboarding,1,1.0
/home/z/zhangyon/.cache/kagglehub/datasets/hsankesara/flickr-image-dataset/versions/1/flickr30k_images/flickr30k_images/2646540383.jpg,The boy is near water,0,1.0
/home/z/zhangyon/.cache/kagglehub/datasets/hsankesara/flickr-image-dataset/versions/1/flickr30k_images/flickr30k_images/2646540383.jpg,The boys swimsuit is red,2,1.0
/home/z/zhangyon/.cache/kagglehub/datasets/hsankesara/flickr-image-dataset/versions/1/flickr30k_images/flickr30k_images/2646540383.jpg,the person is having fun,0,1.0
/home/z/zhangyon/.cache/kagglehub/datasets/hsankesara/flickr-image-dataset/versions/1/flickr30k_images/flickr30k_images/4940658755.jpg,There is an elderly person in front of a store,0,1.0
/home/z/zhangyon/.cache/kagglehub/datasets/hsankesara/flickr-image-dataset/versions/1/flickr30k_images/flickr30k_images/4940658755.jpg,A bald man stands next to some rocks,2,1.0
/home/z/zhangyon/.cache/kagglehub/datasets/hsankesara/flickr-image-dataset/versions/1/flickr30k_images/flickr30k_images/4940658755.jpg,An elderly man is waiting for the store to open,1,1.0
/home/z/zhangyon/.cache/kagglehub/datasets/hsankesara/flickr-image-dataset/versions/1/flickr30k_images/flickr30k_images/4770473055.jpg,He is wearing a uniform,0,1.0
/home/z/zhangyon/.cache/kagglehub/datasets/hsankesara/flickr-image-dataset/versions/1/flickr30k_images/flickr30k_images/4770473055.jpg,The man is holding a saxophone,2,1.0
/home/z/zhangyon/.cache/kagglehub/datasets/hsankesara/flickr-image-dataset/versions/1/flickr30k_images/flickr30k_images/4770473055.jpg,A man is performing in a parade,1,1.0
/home/z/zhangyon/.cache/kagglehub/datasets/hsankesara/flickr-image-dataset/versions/1/flickr30k_images/flickr30k_images/2602279427.jpg,A person is walking,0,1.0
/home/z/zhangyon/.cache/kagglehub/datasets/hsankesara/flickr-image-dataset/versions/1/flickr30k_images/flickr30k_images/2602279427.jpg,A dog plays with a pig in some mud,2,1.0
/home/z/zhangyon/.cache/kagglehub/datasets/hsankesara/flickr-image-dataset/versions/1/flickr30k_images/flickr30k_images/2602279427.jpg,A woman is cooking in a yellow apron while watching her children sit down at the table,1,1.0
/home/z/zhangyon/.cache/kagglehub/datasets/hsankesara/flickr-image-dataset/versions/1/flickr30k_images/flickr30k_images/1733853950.jpg,Some people are outside,0,1.0
/home/z/zhangyon/.cache/kagglehub/datasets/hsankesara/flickr-image-dataset/versions/1/flickr30k_images/flickr30k_images/1733853950.jpg,A couple are walking through the park,2,1.0
/home/z/zhangyon/.cache/kagglehub/datasets/hsankesara/flickr-image-dataset/versions/1/flickr30k_images/flickr30k_images/1733853950.jpg,men doing business deal,1,1.0
/home/z/zhangyon/.cache/kagglehub/datasets/hsankesara/flickr-image-dataset/versions/1/flickr30k_images/flickr30k_images/2335428699.jpg,Four children are bouncing together on a trampoline,0,1.0
/home/z/zhangyon/.cache/kagglehub/datasets/hsankesara/flickr-image-dataset/versions/1/flickr30k_images/flickr30k_images/2335428699.jpg,Kids are playing baseball,2,1.0
/home/z/zhangyon/.cache/kagglehub/datasets/hsankesara/flickr-image-dataset/versions/1/flickr30k_images/flickr30k_images/2335428699.jpg,Children are excited to play after a long snowstorm finally ends,1,1.0
/home/z/zhangyon/.cache/kagglehub/datasets/hsankesara/flickr-image-dataset/versions/1/flickr30k_images/flickr30k_images/2908493594.jpg,The person is sprawled on the park bench,0,1.0
/home/z/zhangyon/.cache/kagglehub/datasets/hsankesara/flickr-image-dataset/versions/1/flickr30k_images/flickr30k_images/2908493594.jpg,The man is playing Frisbee in the park,2,1.0
/home/z/zhangyon/.cache/kagglehub/datasets/hsankesara/flickr-image-dataset/versions/1/flickr30k_images/flickr30k_images/2908493594.jpg,A person sleeping after a long night of partying,1,1.0
/home/z/zhangyon/.cache/kagglehub/datasets/hsankesara/flickr-image-dataset/versions/1/flickr30k_images/flickr30k_images/4726677489.jpg,Three people are walking together,0,1.0
/home/z/zhangyon/.cache/kagglehub/datasets/hsankesara/flickr-image-dataset/versions/1/flickr30k_images/flickr30k_images/4726677489.jpg,People are sitting down,2,1.0
/home/z/zhangyon/.cache/kagglehub/datasets/hsankesara/flickr-image-dataset/versions/1/flickr30k_images/flickr30k_images/4726677489.jpg,People walking to a parade,1,1.0
/home/z/zhangyon/.cache/kagglehub/datasets/hsankesara/flickr-image-dataset/versions/1/flickr30k_images/flickr30k_images/3597715122.jpg,A group waits in line,0,1.0
/home/z/zhangyon/.cache/kagglehub/datasets/hsankesara/flickr-image-dataset/versions/1/flickr30k_images/flickr30k_images/3597715122.jpg,A group cuts through the line and robs a ice cream stand,2,1.0
/home/z/zhangyon/.cache/kagglehub/datasets/hsankesara/flickr-image-dataset/versions/1/flickr30k_images/flickr30k_images/3597715122.jpg,people were outside the store on tuesday,1,1.0
/home/z/zhangyon/.cache/kagglehub/datasets/hsankesara/flickr-image-dataset/versions/1/flickr30k_images/flickr30k_images/3050606344.jpg,A man is outside,0,1.0
/home/z/zhangyon/.cache/kagglehub/datasets/hsankesara/flickr-image-dataset/versions/1/flickr30k_images/flickr30k_images/3050606344.jpg,The man is kayaking on a calm river,2,1.0
/home/z/zhangyon/.cache/kagglehub/datasets/hsankesara/flickr-image-dataset/versions/1/flickr30k_images/flickr30k_images/3050606344.jpg,A man is riding in a small boat on a lake,1,1.0
/home/z/zhangyon/.cache/kagglehub/datasets/hsankesara/flickr-image-dataset/versions/1/flickr30k_images/flickr30k_images/455714074.jpg,A family is eating dinner,0,1.0
/home/z/zhangyon/.cache/kagglehub/datasets/hsankesara/flickr-image-dataset/versions/1/flickr30k_images/flickr30k_images/455714074.jpg,The people are driving home from work,2,1.0
/home/z/zhangyon/.cache/kagglehub/datasets/hsankesara/flickr-image-dataset/versions/1/flickr30k_images/flickr30k_images/455714074.jpg,A family is having breakfast together,1,1.0
/home/z/zhangyon/.cache/kagglehub/datasets/hsankesara/flickr-image-dataset/versions/1/flickr30k_images/flickr30k_images/3024022266.jpg,A kid rides some waves on a nice day,0,1.0
/home/z/zhangyon/.cache/kagglehub/datasets/hsankesara/flickr-image-dataset/versions/1/flickr30k_images/flickr30k_images/3024022266.jpg,the boy is on the moon,2,1.0
/home/z/zhangyon/.cache/kagglehub/datasets/hsankesara/flickr-image-dataset/versions/1/flickr30k_images/flickr30k_images/3024022266.jpg,A young guy on vacation,1,1.0
/home/z/zhangyon/.cache/kagglehub/datasets/hsankesara/flickr-image-dataset/versions/1/flickr30k_images/flickr30k_images/2298661279.jpg,A child was outside,0,1.0
/home/z/zhangyon/.cache/kagglehub/datasets/hsankesara/flickr-image-dataset/versions/1/flickr30k_images/flickr30k_images/2298661279.jpg,The boy is getting on a plane,2,1.0
/home/z/zhangyon/.cache/kagglehub/datasets/hsankesara/flickr-image-dataset/versions/1/flickr30k_images/flickr30k_images/2298661279.jpg,The pants are comfortable,1,1.0
/home/z/zhangyon/.cache/kagglehub/datasets/hsankesara/flickr-image-dataset/versions/1/flickr30k_images/flickr30k_images/7249187716.jpg,The man crashed into the water,0,1.0
/home/z/zhangyon/.cache/kagglehub/datasets/hsankesara/flickr-image-dataset/versions/1/flickr30k_images/flickr30k_images/7249187716.jpg,Some people are swimming in a pool,2,1.0
/home/z/zhangyon/.cache/kagglehub/datasets/hsankesara/flickr-image-dataset/versions/1/flickr30k_images/flickr30k_images/7249187716.jpg,The man crashed into the water at the start of the race,1,1.0
/home/z/zhangyon/.cache/kagglehub/datasets/hsankesara/flickr-image-dataset/versions/1/flickr30k_images/flickr30k_images/2955099064.jpg,three men looking at a football,0,1.0
/home/z/zhangyon/.cache/kagglehub/datasets/hsankesara/flickr-image-dataset/versions/1/flickr30k_images/flickr30k_images/2955099064.jpg,Three basketball players try to catch the ball during a game,2,1.0
/home/z/zhangyon/.cache/kagglehub/datasets/hsankesara/flickr-image-dataset/versions/1/flickr30k_images/flickr30k_images/2955099064.jpg,The men hate each other,1,1.0
/home/z/zhangyon/.cache/kagglehub/datasets/hsankesara/flickr-image-dataset/versions/1/flickr30k_images/flickr30k_images/4320494335.jpg,A woman pushes her child in a stroller,0,1.0
/home/z/zhangyon/.cache/kagglehub/datasets/hsankesara/flickr-image-dataset/versions/1/flickr30k_images/flickr30k_images/4320494335.jpg,The couple are in an industrial area,1,1.0
/home/z/zhangyon/.cache/kagglehub/datasets/hsankesara/flickr-image-dataset/versions/1/flickr30k_images/flickr30k_images/4320494335.jpg,A couple is with their baby going to a store,1,1.0
/home/z/zhangyon/.cache/kagglehub/datasets/hsankesara/flickr-image-dataset/versions/1/flickr30k_images/flickr30k_images/3368569524.jpg,Girls are playing a game,0,1.0
/home/z/zhangyon/.cache/kagglehub/datasets/hsankesara/flickr-image-dataset/versions/1/flickr30k_images/flickr30k_images/3368569524.jpg,Girls are playing football,2,1.0
/home/z/zhangyon/.cache/kagglehub/datasets/hsankesara/flickr-image-dataset/versions/1/flickr30k_images/flickr30k_images/3368569524.jpg,A WNBA game in progress,1,1.0
/home/z/zhangyon/.cache/kagglehub/datasets/hsankesara/flickr-image-dataset/versions/1/flickr30k_images/flickr30k_images/1011572216.jpg,The couple stood together for the picture,0,1.0
/home/z/zhangyon/.cache/kagglehub/datasets/hsankesara/flickr-image-dataset/versions/1/flickr30k_images/flickr30k_images/1011572216.jpg,A married couple is eating their first pieces of cake,2,1.0
/home/z/zhangyon/.cache/kagglehub/datasets/hsankesara/flickr-image-dataset/versions/1/flickr30k_images/flickr30k_images/1011572216.jpg,Newlyweds walk down the sidewalk from the church,1,1.0
/home/z/zhangyon/.cache/kagglehub/datasets/hsankesara/flickr-image-dataset/versions/1/flickr30k_images/flickr30k_images/2980901328.jpg,The worker fixes the window,2,1.0
/home/z/zhangyon/.cache/kagglehub/datasets/hsankesara/flickr-image-dataset/versions/1/flickr30k_images/flickr30k_images/2980901328.jpg,The repairman is driving away in his white van,2,1.0
/home/z/zhangyon/.cache/kagglehub/datasets/hsankesara/flickr-image-dataset/versions/1/flickr30k_images/flickr30k_images/2980901328.jpg,The man is strong,1,1.0
/home/z/zhangyon/.cache/kagglehub/datasets/hsankesara/flickr-image-dataset/versions/1/flickr30k_images/flickr30k_images/91251257.jpg,The pot is outside,0,1.0
/home/z/zhangyon/.cache/kagglehub/datasets/hsankesara/flickr-image-dataset/versions/1/flickr30k_images/flickr30k_images/91251257.jpg,an asian woman is sleeping on the dock of her house,2,1.0
/home/z/zhangyon/.cache/kagglehub/datasets/hsankesara/flickr-image-dataset/versions/1/flickr30k_images/flickr30k_images/91251257.jpg,The tourist director works near the water,1,1.0
/home/z/zhangyon/.cache/kagglehub/datasets/hsankesara/flickr-image-dataset/versions/1/flickr30k_images/flickr30k_images/378453580.jpg,a dog is jumping,0,1.0
/home/z/zhangyon/.cache/kagglehub/datasets/hsankesara/flickr-image-dataset/versions/1/flickr30k_images/flickr30k_images/378453580.jpg,A dog jumps in the rain,2,1.0
/home/z/zhangyon/.cache/kagglehub/datasets/hsankesara/flickr-image-dataset/versions/1/flickr30k_images/flickr30k_images/378453580.jpg,the dog is out for a walk with its owner,1,1.0
/home/z/zhangyon/.cache/kagglehub/datasets/hsankesara/flickr-image-dataset/versions/1/flickr30k_images/flickr30k_images/305979887.jpg,Her husband drinks,1,1.0
/home/z/zhangyon/.cache/kagglehub/datasets/hsankesara/flickr-image-dataset/versions/1/flickr30k_images/flickr30k_images/305979887.jpg,Her husband is sober and can poop out gold,2,1.0
/home/z/zhangyon/.cache/kagglehub/datasets/hsankesara/flickr-image-dataset/versions/1/flickr30k_images/flickr30k_images/305979887.jpg,The woman sits on the park picnic table near the stroller while her child plays,1,1.0
/home/z/zhangyon/.cache/kagglehub/datasets/hsankesara/flickr-image-dataset/versions/1/flickr30k_images/flickr30k_images/3727740053.jpg,People are competing in a match,0,1.0
/home/z/zhangyon/.cache/kagglehub/datasets/hsankesara/flickr-image-dataset/versions/1/flickr30k_images/flickr30k_images/3727740053.jpg,Two swimmers compete in a diving match,2,1.0
/home/z/zhangyon/.cache/kagglehub/datasets/hsankesara/flickr-image-dataset/versions/1/flickr30k_images/flickr30k_images/3727740053.jpg,There are people kicking each other because they are mad,1,1.0
/home/z/zhangyon/.cache/kagglehub/datasets/hsankesara/flickr-image-dataset/versions/1/flickr30k_images/flickr30k_images/3508522093.jpg,the boy is outside,0,1.0
/home/z/zhangyon/.cache/kagglehub/datasets/hsankesara/flickr-image-dataset/versions/1/flickr30k_images/flickr30k_images/3508522093.jpg,The leaves are green,2,1.0
/home/z/zhangyon/.cache/kagglehub/datasets/hsankesara/flickr-image-dataset/versions/1/flickr30k_images/flickr30k_images/3508522093.jpg,a young skateboarder jumped into a pile of leaves,1,1.0
/home/z/zhangyon/.cache/kagglehub/datasets/hsankesara/flickr-image-dataset/versions/1/flickr30k_images/flickr30k_images/3149038044.jpg,The kids are playing football,0,1.0
/home/z/zhangyon/.cache/kagglehub/datasets/hsankesara/flickr-image-dataset/versions/1/flickr30k_images/flickr30k_images/3149038044.jpg,two kids playing on fresh mowed grass,2,1.0
/home/z/zhangyon/.cache/kagglehub/datasets/hsankesara/flickr-image-dataset/versions/1/flickr30k_images/flickr30k_images/3149038044.jpg,The children are playing flag football inside,2,1.0
/home/z/zhangyon/.cache/kagglehub/datasets/hsankesara/flickr-image-dataset/versions/1/flickr30k_images/flickr30k_images/2446830166.jpg,A man stilts behind a woman,0,1.0
/home/z/zhangyon/.cache/kagglehub/datasets/hsankesara/flickr-image-dataset/versions/1/flickr30k_images/flickr30k_images/2446830166.jpg,The street performer is a magician,1,1.0
/home/z/zhangyon/.cache/kagglehub/datasets/hsankesara/flickr-image-dataset/versions/1/flickr30k_images/flickr30k_images/2446830166.jpg,A circus performer and his girlfriend who is about to leave him,1,1.0
/home/z/zhangyon/.cache/kagglehub/datasets/hsankesara/flickr-image-dataset/versions/1/flickr30k_images/flickr30k_images/2256447557.jpg,Some people by the ocean,0,1.0
/home/z/zhangyon/.cache/kagglehub/datasets/hsankesara/flickr-image-dataset/versions/1/flickr30k_images/flickr30k_images/2256447557.jpg,Four girls are in the mountains,2,1.0
/home/z/zhangyon/.cache/kagglehub/datasets/hsankesara/flickr-image-dataset/versions/1/flickr30k_images/flickr30k_images/2256447557.jpg,The women are sisters on vacation together,1,1.0
/home/z/zhangyon/.cache/kagglehub/datasets/hsankesara/flickr-image-dataset/versions/1/flickr30k_images/flickr30k_images/451547131.jpg,The person is wearing a wetsuit,1,1.0
/home/z/zhangyon/.cache/kagglehub/datasets/hsankesara/flickr-image-dataset/versions/1/flickr30k_images/flickr30k_images/451547131.jpg,A surfer is carrying his surfboard into his house,2,1.0
/home/z/zhangyon/.cache/kagglehub/datasets/hsankesara/flickr-image-dataset/versions/1/flickr30k_images/flickr30k_images/451547131.jpg,The waves are not large enough for surfing at this time of day,1,1.0
/home/z/zhangyon/.cache/kagglehub/datasets/hsankesara/flickr-image-dataset/versions/1/flickr30k_images/flickr30k_images/3311724634.jpg,The people are on the stage,0,1.0
/home/z/zhangyon/.cache/kagglehub/datasets/hsankesara/flickr-image-dataset/versions/1/flickr30k_images/flickr30k_images/3311724634.jpg,The man is swimming alone in a pool,2,1.0
/home/z/zhangyon/.cache/kagglehub/datasets/hsankesara/flickr-image-dataset/versions/1/flickr30k_images/flickr30k_images/3311724634.jpg,A group of performers play cover songs of Fall Out Boy,1,1.0
/home/z/zhangyon/.cache/kagglehub/datasets/hsankesara/flickr-image-dataset/versions/1/flickr30k_images/flickr30k_images/6274918824.jpg,Someone is cooking,0,1.0
/home/z/zhangyon/.cache/kagglehub/datasets/hsankesara/flickr-image-dataset/versions/1/flickr30k_images/flickr30k_images/6274918824.jpg,A chef is cutting meat,2,1.0
/home/z/zhangyon/.cache/kagglehub/datasets/hsankesara/flickr-image-dataset/versions/1/flickr30k_images/flickr30k_images/6274918824.jpg,Someone is going to make a cake,1,1.0
/home/z/zhangyon/.cache/kagglehub/datasets/hsankesara/flickr-image-dataset/versions/1/flickr30k_images/flickr30k_images/1961696686.jpg,A woman is bowling in a bowling alley,0,1.0
/home/z/zhangyon/.cache/kagglehub/datasets/hsankesara/flickr-image-dataset/versions/1/flickr30k_images/flickr30k_images/1961696686.jpg,The woman is doing gymnastics,2,1.0
/home/z/zhangyon/.cache/kagglehub/datasets/hsankesara/flickr-image-dataset/versions/1/flickr30k_images/flickr30k_images/1961696686.jpg,A woman bowls a strike,1,1.0
/home/z/zhangyon/.cache/kagglehub/datasets/hsankesara/flickr-image-dataset/versions/1/flickr30k_images/flickr30k_images/69830857.jpg,An individual walks outdoors,0,1.0
/home/z/zhangyon/.cache/kagglehub/datasets/hsankesara/flickr-image-dataset/versions/1/flickr30k_images/flickr30k_images/69830857.jpg,A man having coffee seating on table,2,1.0
/home/z/zhangyon/.cache/kagglehub/datasets/hsankesara/flickr-image-dataset/versions/1/flickr30k_images/flickr30k_images/69830857.jpg,A person walking toward church,1,1.0
/home/z/zhangyon/.cache/kagglehub/datasets/hsankesara/flickr-image-dataset/versions/1/flickr30k_images/flickr30k_images/2503250992.jpg,There are some people outside,0,1.0
/home/z/zhangyon/.cache/kagglehub/datasets/hsankesara/flickr-image-dataset/versions/1/flickr30k_images/flickr30k_images/2503250992.jpg,A person rubbing food all over themselves,2,1.0
/home/z/zhangyon/.cache/kagglehub/datasets/hsankesara/flickr-image-dataset/versions/1/flickr30k_images/flickr30k_images/2503250992.jpg,A seller preparing their homemade goods,1,1.0
/home/z/zhangyon/.cache/kagglehub/datasets/hsankesara/flickr-image-dataset/versions/1/flickr30k_images/flickr30k_images/2822418176.jpg,A man is doing woodwork,0,1.0
/home/z/zhangyon/.cache/kagglehub/datasets/hsankesara/flickr-image-dataset/versions/1/flickr30k_images/flickr30k_images/2822418176.jpg,A woman with noise-cancelling headphones in a black t-shirt is using a chainsaw to sculpt a bird out of a tree stump,2,1.0
/home/z/zhangyon/.cache/kagglehub/datasets/hsankesara/flickr-image-dataset/versions/1/flickr30k_images/flickr30k_images/2822418176.jpg,The man is making sculptures to sell,1,1.0
/home/z/zhangyon/.cache/kagglehub/datasets/hsankesara/flickr-image-dataset/versions/1/flickr30k_images/flickr30k_images/6191516871.jpg,A man is wearing something,0,1.0
/home/z/zhangyon/.cache/kagglehub/datasets/hsankesara/flickr-image-dataset/versions/1/flickr30k_images/flickr30k_images/6191516871.jpg,The group of soccer players celebrate their recent game,2,1.0
/home/z/zhangyon/.cache/kagglehub/datasets/hsankesara/flickr-image-dataset/versions/1/flickr30k_images/flickr30k_images/6191516871.jpg,Students in uniform are about to enter a competition,1,1.0
/home/z/zhangyon/.cache/kagglehub/datasets/hsankesara/flickr-image-dataset/versions/1/flickr30k_images/flickr30k_images/1580159719.jpg,"Two street musicians are performing, surrounded by an audience",0,1.0
/home/z/zhangyon/.cache/kagglehub/datasets/hsankesara/flickr-image-dataset/versions/1/flickr30k_images/flickr30k_images/1580159719.jpg,It is silent on the lawn,2,1.0
/home/z/zhangyon/.cache/kagglehub/datasets/hsankesara/flickr-image-dataset/versions/1/flickr30k_images/flickr30k_images/1580159719.jpg,People are listening to music,0,1.0
/home/z/zhangyon/.cache/kagglehub/datasets/hsankesara/flickr-image-dataset/versions/1/flickr30k_images/flickr30k_images/2875823162.jpg,The vehicle is heavy,0,1.0
/home/z/zhangyon/.cache/kagglehub/datasets/hsankesara/flickr-image-dataset/versions/1/flickr30k_images/flickr30k_images/2875823162.jpg,A duck sits in the water,2,1.0
/home/z/zhangyon/.cache/kagglehub/datasets/hsankesara/flickr-image-dataset/versions/1/flickr30k_images/flickr30k_images/2875823162.jpg,He is heavy,1,1.0
/home/z/zhangyon/.cache/kagglehub/datasets/hsankesara/flickr-image-dataset/versions/1/flickr30k_images/flickr30k_images/2284894733.jpg,the dog is in the performance,0,1.0
/home/z/zhangyon/.cache/kagglehub/datasets/hsankesara/flickr-image-dataset/versions/1/flickr30k_images/flickr30k_images/2284894733.jpg,The cat is barking,2,1.0
/home/z/zhangyon/.cache/kagglehub/datasets/hsankesara/flickr-image-dataset/versions/1/flickr30k_images/flickr30k_images/2284894733.jpg,The dog is competing with other dogs,1,1.0
/home/z/zhangyon/.cache/kagglehub/datasets/hsankesara/flickr-image-dataset/versions/1/flickr30k_images/flickr30k_images/2904714989.jpg,The men are on a tennis team,1,1.0
/home/z/zhangyon/.cache/kagglehub/datasets/hsankesara/flickr-image-dataset/versions/1/flickr30k_images/flickr30k_images/2904714989.jpg,The women are playing softball,2,1.0
/home/z/zhangyon/.cache/kagglehub/datasets/hsankesara/flickr-image-dataset/versions/1/flickr30k_images/flickr30k_images/2904714989.jpg,Tennis players all standing around a court waiting for the matches to begin,1,1.0
/home/z/zhangyon/.cache/kagglehub/datasets/hsankesara/flickr-image-dataset/versions/1/flickr30k_images/flickr30k_images/3449846784.jpg,a dog is outdoors playing,0,1.0
/home/z/zhangyon/.cache/kagglehub/datasets/hsankesara/flickr-image-dataset/versions/1/flickr30k_images/flickr30k_images/3449846784.jpg,A black and white cat is playing with a white string,2,1.0
/home/z/zhangyon/.cache/kagglehub/datasets/hsankesara/flickr-image-dataset/versions/1/flickr30k_images/flickr30k_images/3449846784.jpg,A black dog focuses on a ball thats been thrown,0,1.0
/home/z/zhangyon/.cache/kagglehub/datasets/hsankesara/flickr-image-dataset/versions/1/flickr30k_images/flickr30k_images/3019776218.jpg,A person looking,0,1.0
/home/z/zhangyon/.cache/kagglehub/datasets/hsankesara/flickr-image-dataset/versions/1/flickr30k_images/flickr30k_images/3019776218.jpg,A child is laying down next to the cat,2,1.0
/home/z/zhangyon/.cache/kagglehub/datasets/hsankesara/flickr-image-dataset/versions/1/flickr30k_images/flickr30k_images/3019776218.jpg,boy calls mom,1,1.0
/home/z/zhangyon/.cache/kagglehub/datasets/hsankesara/flickr-image-dataset/versions/1/flickr30k_images/flickr30k_images/2324581814.jpg,A man with two people hangs something inside,0,1.0
/home/z/zhangyon/.cache/kagglehub/datasets/hsankesara/flickr-image-dataset/versions/1/flickr30k_images/flickr30k_images/2324581814.jpg,A group of people are watching netflix together,2,1.0
/home/z/zhangyon/.cache/kagglehub/datasets/hsankesara/flickr-image-dataset/versions/1/flickr30k_images/flickr30k_images/2324581814.jpg,A group of people are rebuilding a house together,1,1.0
/home/z/zhangyon/.cache/kagglehub/datasets/hsankesara/flickr-image-dataset/versions/1/flickr30k_images/flickr30k_images/3325960085.jpg,Community event outdoors,0,1.0
/home/z/zhangyon/.cache/kagglehub/datasets/hsankesara/flickr-image-dataset/versions/1/flickr30k_images/flickr30k_images/3325960085.jpg,There are no parents sitting at an outdoor assembly,2,1.0
/home/z/zhangyon/.cache/kagglehub/datasets/hsankesara/flickr-image-dataset/versions/1/flickr30k_images/flickr30k_images/3325960085.jpg,A group of people are telling funny stories,1,1.0
/home/z/zhangyon/.cache/kagglehub/datasets/hsankesara/flickr-image-dataset/versions/1/flickr30k_images/flickr30k_images/4062259729.jpg,A man is on a sailboat,0,1.0
/home/z/zhangyon/.cache/kagglehub/datasets/hsankesara/flickr-image-dataset/versions/1/flickr30k_images/flickr30k_images/4062259729.jpg,a man wearing sunglasses and a blue cap is on a kayak,2,1.0
/home/z/zhangyon/.cache/kagglehub/datasets/hsankesara/flickr-image-dataset/versions/1/flickr30k_images/flickr30k_images/4062259729.jpg,a man on a boat on vacation,1,1.0
/home/z/zhangyon/.cache/kagglehub/datasets/hsankesara/flickr-image-dataset/versions/1/flickr30k_images/flickr30k_images/230486268.jpg,The boy is playing in the sand,0,1.0
/home/z/zhangyon/.cache/kagglehub/datasets/hsankesara/flickr-image-dataset/versions/1/flickr30k_images/flickr30k_images/230486268.jpg,A boy throws his yellow plastic sand shovel in anger when his mother grabs his hand to go,2,1.0
/home/z/zhangyon/.cache/kagglehub/datasets/hsankesara/flickr-image-dataset/versions/1/flickr30k_images/flickr30k_images/230486268.jpg,The little boy loves his yellow plastic shovel,1,1.0
/home/z/zhangyon/.cache/kagglehub/datasets/hsankesara/flickr-image-dataset/versions/1/flickr30k_images/flickr30k_images/3307667255.jpg,Men and women stand in front of a building,0,1.0
/home/z/zhangyon/.cache/kagglehub/datasets/hsankesara/flickr-image-dataset/versions/1/flickr30k_images/flickr30k_images/3307667255.jpg,A landscape shot of a sunse,2,1.0
/home/z/zhangyon/.cache/kagglehub/datasets/hsankesara/flickr-image-dataset/versions/1/flickr30k_images/flickr30k_images/3307667255.jpg,A large group is protesting something in the street,1,1.0
/home/z/zhangyon/.cache/kagglehub/datasets/hsankesara/flickr-image-dataset/versions/1/flickr30k_images/flickr30k_images/241345522.jpg,A person is playing a sport,0,1.0
/home/z/zhangyon/.cache/kagglehub/datasets/hsankesara/flickr-image-dataset/versions/1/flickr30k_images/flickr30k_images/241345522.jpg,A man bring to the ball back that was thrown out of zone,2,1.0
/home/z/zhangyon/.cache/kagglehub/datasets/hsankesara/flickr-image-dataset/versions/1/flickr30k_images/flickr30k_images/241345522.jpg,A man is running to the touchdown line,1,1.0
/home/z/zhangyon/.cache/kagglehub/datasets/hsankesara/flickr-image-dataset/versions/1/flickr30k_images/flickr30k_images/123997871.jpg,the girls are athletes,0,1.0
/home/z/zhangyon/.cache/kagglehub/datasets/hsankesara/flickr-image-dataset/versions/1/flickr30k_images/flickr30k_images/123997871.jpg,Women are playing volleyball,2,1.0
/home/z/zhangyon/.cache/kagglehub/datasets/hsankesara/flickr-image-dataset/versions/1/flickr30k_images/flickr30k_images/123997871.jpg,Women are playing lacrosse for their home team,1,1.0
/home/z/zhangyon/.cache/kagglehub/datasets/hsankesara/flickr-image-dataset/versions/1/flickr30k_images/flickr30k_images/39024981.jpg,Two ladies have a conversation,0,1.0
/home/z/zhangyon/.cache/kagglehub/datasets/hsankesara/flickr-image-dataset/versions/1/flickr30k_images/flickr30k_images/39024981.jpg,Two old women are talking,2,1.0
/home/z/zhangyon/.cache/kagglehub/datasets/hsankesara/flickr-image-dataset/versions/1/flickr30k_images/flickr30k_images/39024981.jpg,Two women are arguing about something,1,1.0
/home/z/zhangyon/.cache/kagglehub/datasets/hsankesara/flickr-image-dataset/versions/1/flickr30k_images/flickr30k_images/2536957963.jpg,Two men moving an object,0,1.0
/home/z/zhangyon/.cache/kagglehub/datasets/hsankesara/flickr-image-dataset/versions/1/flickr30k_images/flickr30k_images/2536957963.jpg,The two men are using brooms and mops to clean the stairs,2,1.0
/home/z/zhangyon/.cache/kagglehub/datasets/hsankesara/flickr-image-dataset/versions/1/flickr30k_images/flickr30k_images/2536957963.jpg,The janitors are doing their job,1,1.0
/home/z/zhangyon/.cache/kagglehub/datasets/hsankesara/flickr-image-dataset/versions/1/flickr30k_images/flickr30k_images/3199895624.jpg,Two people sit together,0,1.0
/home/z/zhangyon/.cache/kagglehub/datasets/hsankesara/flickr-image-dataset/versions/1/flickr30k_images/flickr30k_images/3199895624.jpg,A man proposes to a woman with a wedding ring in his hand,2,1.0
/home/z/zhangyon/.cache/kagglehub/datasets/hsankesara/flickr-image-dataset/versions/1/flickr30k_images/flickr30k_images/3199895624.jpg,A man and woman sit together eating food,1,1.0
/home/z/zhangyon/.cache/kagglehub/datasets/hsankesara/flickr-image-dataset/versions/1/flickr30k_images/flickr30k_images/4912108775.jpg,A man is reaching for something on the window,0,1.0
/home/z/zhangyon/.cache/kagglehub/datasets/hsankesara/flickr-image-dataset/versions/1/flickr30k_images/flickr30k_images/4912108775.jpg,A man is working inside his office,2,1.0
/home/z/zhangyon/.cache/kagglehub/datasets/hsankesara/flickr-image-dataset/versions/1/flickr30k_images/flickr30k_images/4912108775.jpg,A man is replacing windows in his home,1,1.0
/home/z/zhangyon/.cache/kagglehub/datasets/hsankesara/flickr-image-dataset/versions/1/flickr30k_images/flickr30k_images/2431723485.jpg,A person rides a bike in the woods,0,1.0
/home/z/zhangyon/.cache/kagglehub/datasets/hsankesara/flickr-image-dataset/versions/1/flickr30k_images/flickr30k_images/2431723485.jpg,A person runs in the woods,2,1.0
/home/z/zhangyon/.cache/kagglehub/datasets/hsankesara/flickr-image-dataset/versions/1/flickr30k_images/flickr30k_images/2431723485.jpg,girl looking for friends,1,1.0
/home/z/zhangyon/.cache/kagglehub/datasets/hsankesara/flickr-image-dataset/versions/1/flickr30k_images/flickr30k_images/3601843201.jpg,A motorcycle rider is currently outdoors,0,1.0
/home/z/zhangyon/.cache/kagglehub/datasets/hsankesara/flickr-image-dataset/versions/1/flickr30k_images/flickr30k_images/3601843201.jpg,A man is rowing a boat,2,1.0
/home/z/zhangyon/.cache/kagglehub/datasets/hsankesara/flickr-image-dataset/versions/1/flickr30k_images/flickr30k_images/3601843201.jpg,A man racing a Ducati,1,1.0
/home/z/zhangyon/.cache/kagglehub/datasets/hsankesara/flickr-image-dataset/versions/1/flickr30k_images/flickr30k_images/2313598755.jpg,A man holds a baby,0,1.0
/home/z/zhangyon/.cache/kagglehub/datasets/hsankesara/flickr-image-dataset/versions/1/flickr30k_images/flickr30k_images/2313598755.jpg,The woman and her daughter are asleep,2,1.0
/home/z/zhangyon/.cache/kagglehub/datasets/hsankesara/flickr-image-dataset/versions/1/flickr30k_images/flickr30k_images/2313598755.jpg,A sad father and a son are tucked tightly together while sleeping,1,1.0
/home/z/zhangyon/.cache/kagglehub/datasets/hsankesara/flickr-image-dataset/versions/1/flickr30k_images/flickr30k_images/2448393373.jpg,A boy is holding a plastic bat,0,1.0
/home/z/zhangyon/.cache/kagglehub/datasets/hsankesara/flickr-image-dataset/versions/1/flickr30k_images/flickr30k_images/2448393373.jpg,A girl plays soccer,2,1.0
/home/z/zhangyon/.cache/kagglehub/datasets/hsankesara/flickr-image-dataset/versions/1/flickr30k_images/flickr30k_images/2448393373.jpg,A boy is practicing to be on the baseball team,1,1.0
/home/z/zhangyon/.cache/kagglehub/datasets/hsankesara/flickr-image-dataset/versions/1/flickr30k_images/flickr30k_images/104285082.jpg,The man playing the bamboo instrument is older and has gray hair,0,1.0
/home/z/zhangyon/.cache/kagglehub/datasets/hsankesara/flickr-image-dataset/versions/1/flickr30k_images/flickr30k_images/104285082.jpg,People are watching music videos on TV,2,1.0
/home/z/zhangyon/.cache/kagglehub/datasets/hsankesara/flickr-image-dataset/versions/1/flickr30k_images/flickr30k_images/104285082.jpg,A group of people are in a band,1,1.0
/home/z/zhangyon/.cache/kagglehub/datasets/hsankesara/flickr-image-dataset/versions/1/flickr30k_images/flickr30k_images/4474749623.jpg,Two elderly women walking in the city,0,1.0
/home/z/zhangyon/.cache/kagglehub/datasets/hsankesara/flickr-image-dataset/versions/1/flickr30k_images/flickr30k_images/4474749623.jpg,The men are enjoying the sunny day and clear sky,2,1.0
/home/z/zhangyon/.cache/kagglehub/datasets/hsankesara/flickr-image-dataset/versions/1/flickr30k_images/flickr30k_images/4474749623.jpg,Two people are walking in the rain,0,1.0
/home/z/zhangyon/.cache/kagglehub/datasets/hsankesara/flickr-image-dataset/versions/1/flickr30k_images/flickr30k_images/3514184232.jpg,A softball player attempting to make a play,0,1.0
/home/z/zhangyon/.cache/kagglehub/datasets/hsankesara/flickr-image-dataset/versions/1/flickr30k_images/flickr30k_images/3514184232.jpg,The woman is playing soccer,2,1.0
/home/z/zhangyon/.cache/kagglehub/datasets/hsankesara/flickr-image-dataset/versions/1/flickr30k_images/flickr30k_images/3514184232.jpg,A female is in the outfield,0,1.0
/home/z/zhangyon/.cache/kagglehub/datasets/hsankesara/flickr-image-dataset/versions/1/flickr30k_images/flickr30k_images/16158623.jpg,a man is wearing a vray shirt,1,1.0
/home/z/zhangyon/.cache/kagglehub/datasets/hsankesara/flickr-image-dataset/versions/1/flickr30k_images/flickr30k_images/16158623.jpg,Two men are in a truck parked at the curb,2,1.0
/home/z/zhangyon/.cache/kagglehub/datasets/hsankesara/flickr-image-dataset/versions/1/flickr30k_images/flickr30k_images/16158623.jpg,The man on the latter is replacing letters on a sign,1,1.0
/home/z/zhangyon/.cache/kagglehub/datasets/hsankesara/flickr-image-dataset/versions/1/flickr30k_images/flickr30k_images/4631131293.jpg,Women are wearing matching outfits,0,1.0
/home/z/zhangyon/.cache/kagglehub/datasets/hsankesara/flickr-image-dataset/versions/1/flickr30k_images/flickr30k_images/4631131293.jpg,A group of girls are sitting on a bench,2,1.0
/home/z/zhangyon/.cache/kagglehub/datasets/hsankesara/flickr-image-dataset/versions/1/flickr30k_images/flickr30k_images/4631131293.jpg,The crowded people were protested,1,1.0
/home/z/zhangyon/.cache/kagglehub/datasets/hsankesara/flickr-image-dataset/versions/1/flickr30k_images/flickr30k_images/536537638.jpg,The group of women are shopping,1,1.0
/home/z/zhangyon/.cache/kagglehub/datasets/hsankesara/flickr-image-dataset/versions/1/flickr30k_images/flickr30k_images/536537638.jpg,a naked man waits by the train station,2,1.0
/home/z/zhangyon/.cache/kagglehub/datasets/hsankesara/flickr-image-dataset/versions/1/flickr30k_images/flickr30k_images/536537638.jpg,a well dressed group wait together,1,1.0
/home/z/zhangyon/.cache/kagglehub/datasets/hsankesara/flickr-image-dataset/versions/1/flickr30k_images/flickr30k_images/2691641332.jpg,The young lady is preparing to ride her bike,2,1.0
/home/z/zhangyon/.cache/kagglehub/datasets/hsankesara/flickr-image-dataset/versions/1/flickr30k_images/flickr30k_images/2691641332.jpg,The little girl is wearing a green dress,2,1.0
/home/z/zhangyon/.cache/kagglehub/datasets/hsankesara/flickr-image-dataset/versions/1/flickr30k_images/flickr30k_images/2691641332.jpg,A girl is wiating for someone to take her bicycle,1,1.0
/home/z/zhangyon/.cache/kagglehub/datasets/hsankesara/flickr-image-dataset/versions/1/flickr30k_images/flickr30k_images/2324804923.jpg,A man is talking into a microphone,0,1.0
/home/z/zhangyon/.cache/kagglehub/datasets/hsankesara/flickr-image-dataset/versions/1/flickr30k_images/flickr30k_images/2324804923.jpg,The man is named Larry,2,1.0
/home/z/zhangyon/.cache/kagglehub/datasets/hsankesara/flickr-image-dataset/versions/1/flickr30k_images/flickr30k_images/2324804923.jpg,Deleon is speaking into a mic about different charities,1,1.0
/home/z/zhangyon/.cache/kagglehub/datasets/hsankesara/flickr-image-dataset/versions/1/flickr30k_images/flickr30k_images/4936302238.jpg,A couple are standing,0,1.0
/home/z/zhangyon/.cache/kagglehub/datasets/hsankesara/flickr-image-dataset/versions/1/flickr30k_images/flickr30k_images/4936302238.jpg,A couple sit in a restaurant,2,1.0
/home/z/zhangyon/.cache/kagglehub/datasets/hsankesara/flickr-image-dataset/versions/1/flickr30k_images/flickr30k_images/4936302238.jpg,The man is the womans husband,1,1.0
/home/z/zhangyon/.cache/kagglehub/datasets/hsankesara/flickr-image-dataset/versions/1/flickr30k_images/flickr30k_images/2678171436.jpg,The man clutches a shovel,0,1.0
/home/z/zhangyon/.cache/kagglehub/datasets/hsankesara/flickr-image-dataset/versions/1/flickr30k_images/flickr30k_images/2678171436.jpg,A man holds a stick from the tree he planted when he was 10 years old,2,1.0
/home/z/zhangyon/.cache/kagglehub/datasets/hsankesara/flickr-image-dataset/versions/1/flickr30k_images/flickr30k_images/2678171436.jpg,The bridge has fallen,1,1.0
/home/z/zhangyon/.cache/kagglehub/datasets/hsankesara/flickr-image-dataset/versions/1/flickr30k_images/flickr30k_images/263494261.jpg,The crowd watch many people run,0,1.0
/home/z/zhangyon/.cache/kagglehub/datasets/hsankesara/flickr-image-dataset/versions/1/flickr30k_images/flickr30k_images/263494261.jpg,They are inside a tent,2,1.0
/home/z/zhangyon/.cache/kagglehub/datasets/hsankesara/flickr-image-dataset/versions/1/flickr30k_images/flickr30k_images/263494261.jpg,The group of people are friends of the runners,1,1.0
/home/z/zhangyon/.cache/kagglehub/datasets/hsankesara/flickr-image-dataset/versions/1/flickr30k_images/flickr30k_images/3501457496.jpg,People are sitting outside at a social event,0,1.0
/home/z/zhangyon/.cache/kagglehub/datasets/hsankesara/flickr-image-dataset/versions/1/flickr30k_images/flickr30k_images/3501457496.jpg,Bad friends hitting each other at school,2,1.0
/home/z/zhangyon/.cache/kagglehub/datasets/hsankesara/flickr-image-dataset/versions/1/flickr30k_images/flickr30k_images/3501457496.jpg,A family is with their pet,1,1.0
/home/z/zhangyon/.cache/kagglehub/datasets/hsankesara/flickr-image-dataset/versions/1/flickr30k_images/flickr30k_images/3773298212.jpg,The man is looking at a mechanical part,0,1.0
/home/z/zhangyon/.cache/kagglehub/datasets/hsankesara/flickr-image-dataset/versions/1/flickr30k_images/flickr30k_images/3773298212.jpg,The man is looking at ball bearings,1,1.0
/home/z/zhangyon/.cache/kagglehub/datasets/hsankesara/flickr-image-dataset/versions/1/flickr30k_images/flickr30k_images/3773298212.jpg,A man is kneeling to fix a machine,1,1.0
/home/z/zhangyon/.cache/kagglehub/datasets/hsankesara/flickr-image-dataset/versions/1/flickr30k_images/flickr30k_images/2293149170.jpg,A boy is lying down,0,1.0
/home/z/zhangyon/.cache/kagglehub/datasets/hsankesara/flickr-image-dataset/versions/1/flickr30k_images/flickr30k_images/2293149170.jpg,The boy is running,2,1.0
/home/z/zhangyon/.cache/kagglehub/datasets/hsankesara/flickr-image-dataset/versions/1/flickr30k_images/flickr30k_images/2293149170.jpg,The child is sleeping with his favorite stuffed animal,1,1.0
/home/z/zhangyon/.cache/kagglehub/datasets/hsankesara/flickr-image-dataset/versions/1/flickr30k_images/flickr30k_images/86120682.jpg,A woman is by a fire,0,1.0
/home/z/zhangyon/.cache/kagglehub/datasets/hsankesara/flickr-image-dataset/versions/1/flickr30k_images/flickr30k_images/86120682.jpg,a man watches his house burn,2,1.0
/home/z/zhangyon/.cache/kagglehub/datasets/hsankesara/flickr-image-dataset/versions/1/flickr30k_images/flickr30k_images/86120682.jpg,The glass-blower was not happy with her creation and decided to start over,1,1.0
/home/z/zhangyon/.cache/kagglehub/datasets/hsankesara/flickr-image-dataset/versions/1/flickr30k_images/flickr30k_images/3273892996.jpg,a child was there,2,1.0
/home/z/zhangyon/.cache/kagglehub/datasets/hsankesara/flickr-image-dataset/versions/1/flickr30k_images/flickr30k_images/3273892996.jpg,Men are weighing hamsters,2,1.0
/home/z/zhangyon/.cache/kagglehub/datasets/hsankesara/flickr-image-dataset/versions/1/flickr30k_images/flickr30k_images/3273892996.jpg,There are people trading items while at work,0,1.0
/home/z/zhangyon/.cache/kagglehub/datasets/hsankesara/flickr-image-dataset/versions/1/flickr30k_images/flickr30k_images/2511798599.jpg,Two people speaking into a megaphone,0,1.0
/home/z/zhangyon/.cache/kagglehub/datasets/hsankesara/flickr-image-dataset/versions/1/flickr30k_images/flickr30k_images/2511798599.jpg,The people are in white shirts,2,1.0
/home/z/zhangyon/.cache/kagglehub/datasets/hsankesara/flickr-image-dataset/versions/1/flickr30k_images/flickr30k_images/2511798599.jpg,The people are friends,1,1.0
/home/z/zhangyon/.cache/kagglehub/datasets/hsankesara/flickr-image-dataset/versions/1/flickr30k_images/flickr30k_images/1330645772.jpg,There is an animal running,0,1.0
/home/z/zhangyon/.cache/kagglehub/datasets/hsankesara/flickr-image-dataset/versions/1/flickr30k_images/flickr30k_images/1330645772.jpg,A gray black and white dog is sitting on a couch,2,1.0
/home/z/zhangyon/.cache/kagglehub/datasets/hsankesara/flickr-image-dataset/versions/1/flickr30k_images/flickr30k_images/1330645772.jpg,A dog runs to save his master from a well,1,1.0
/home/z/zhangyon/.cache/kagglehub/datasets/hsankesara/flickr-image-dataset/versions/1/flickr30k_images/flickr30k_images/4328538175.jpg,people are using their minds,0,1.0
/home/z/zhangyon/.cache/kagglehub/datasets/hsankesara/flickr-image-dataset/versions/1/flickr30k_images/flickr30k_images/4328538175.jpg,The students are using tools,1,1.0
/home/z/zhangyon/.cache/kagglehub/datasets/hsankesara/flickr-image-dataset/versions/1/flickr30k_images/flickr30k_images/4328538175.jpg,A husband and wife looking at snippets of paper,1,1.0
/home/z/zhangyon/.cache/kagglehub/datasets/hsankesara/flickr-image-dataset/versions/1/flickr30k_images/flickr30k_images/21514026.jpg,There is a person standing far away who is wearing a dress,0,1.0
/home/z/zhangyon/.cache/kagglehub/datasets/hsankesara/flickr-image-dataset/versions/1/flickr30k_images/flickr30k_images/21514026.jpg,The lady is sleeping in the grass,2,1.0
/home/z/zhangyon/.cache/kagglehub/datasets/hsankesara/flickr-image-dataset/versions/1/flickr30k_images/flickr30k_images/21514026.jpg,The man is about to eat dinner,1,1.0
/home/z/zhangyon/.cache/kagglehub/datasets/hsankesara/flickr-image-dataset/versions/1/flickr30k_images/flickr30k_images/411678041.jpg,The man is wearing a cowboy hat,0,1.0
/home/z/zhangyon/.cache/kagglehub/datasets/hsankesara/flickr-image-dataset/versions/1/flickr30k_images/flickr30k_images/411678041.jpg,A man in a parade doesnt ride a brown horse,2,1.0
/home/z/zhangyon/.cache/kagglehub/datasets/hsankesara/flickr-image-dataset/versions/1/flickr30k_images/flickr30k_images/411678041.jpg,The man is partaking in a summer parade in his small town,1,1.0
/home/z/zhangyon/.cache/kagglehub/datasets/hsankesara/flickr-image-dataset/versions/1/flickr30k_images/flickr30k_images/143688205.jpg,A guy is rock climbing,0,1.0
/home/z/zhangyon/.cache/kagglehub/datasets/hsankesara/flickr-image-dataset/versions/1/flickr30k_images/flickr30k_images/143688205.jpg,Candice falls off a cliff,2,1.0
/home/z/zhangyon/.cache/kagglehub/datasets/hsankesara/flickr-image-dataset/versions/1/flickr30k_images/flickr30k_images/143688205.jpg,The climber is a man,1,1.0
/home/z/zhangyon/.cache/kagglehub/datasets/hsankesara/flickr-image-dataset/versions/1/flickr30k_images/flickr30k_images/3416339125.jpg,Two men have alcoholic beverages,0,1.0
/home/z/zhangyon/.cache/kagglehub/datasets/hsankesara/flickr-image-dataset/versions/1/flickr30k_images/flickr30k_images/3416339125.jpg,Two men are standing at a bar ordering beer,2,1.0
/home/z/zhangyon/.cache/kagglehub/datasets/hsankesara/flickr-image-dataset/versions/1/flickr30k_images/flickr30k_images/3416339125.jpg,Two men watch the ballgame in the sun,1,1.0
/home/z/zhangyon/.cache/kagglehub/datasets/hsankesara/flickr-image-dataset/versions/1/flickr30k_images/flickr30k_images/3373544964.jpg,"A man is outdoors, petting his bulldog",0,1.0
/home/z/zhangyon/.cache/kagglehub/datasets/hsankesara/flickr-image-dataset/versions/1/flickr30k_images/flickr30k_images/3373544964.jpg,the boy is sleeping at home,2,1.0
/home/z/zhangyon/.cache/kagglehub/datasets/hsankesara/flickr-image-dataset/versions/1/flickr30k_images/flickr30k_images/3373544964.jpg,The dog is begging for food from the young boy,1,1.0
/home/z/zhangyon/.cache/kagglehub/datasets/hsankesara/flickr-image-dataset/versions/1/flickr30k_images/flickr30k_images/390369.jpg,Some people are looking at a woman,0,1.0
/home/z/zhangyon/.cache/kagglehub/datasets/hsankesara/flickr-image-dataset/versions/1/flickr30k_images/flickr30k_images/390369.jpg,The performer is sitting in the street,2,1.0
/home/z/zhangyon/.cache/kagglehub/datasets/hsankesara/flickr-image-dataset/versions/1/flickr30k_images/flickr30k_images/390369.jpg,The performer is making money,1,1.0
/home/z/zhangyon/.cache/kagglehub/datasets/hsankesara/flickr-image-dataset/versions/1/flickr30k_images/flickr30k_images/5526795355.jpg,Someone is playing music,0,1.0
/home/z/zhangyon/.cache/kagglehub/datasets/hsankesara/flickr-image-dataset/versions/1/flickr30k_images/flickr30k_images/5526795355.jpg,A man is smashing his violin into the ground,2,1.0
/home/z/zhangyon/.cache/kagglehub/datasets/hsankesara/flickr-image-dataset/versions/1/flickr30k_images/flickr30k_images/5526795355.jpg,A street performer wearing face paint and a red hat wows the crowd,1,1.0
/home/z/zhangyon/.cache/kagglehub/datasets/hsankesara/flickr-image-dataset/versions/1/flickr30k_images/flickr30k_images/123101580.jpg,Two teenager girls wearing jerseys are kicking a soccer ball,0,1.0
/home/z/zhangyon/.cache/kagglehub/datasets/hsankesara/flickr-image-dataset/versions/1/flickr30k_images/flickr30k_images/123101580.jpg,The boys run toward the other end of the field,2,1.0
/home/z/zhangyon/.cache/kagglehub/datasets/hsankesara/flickr-image-dataset/versions/1/flickr30k_images/flickr30k_images/123101580.jpg,Two sisters compete against each other in a game of soccer,1,1.0
/home/z/zhangyon/.cache/kagglehub/datasets/hsankesara/flickr-image-dataset/versions/1/flickr30k_images/flickr30k_images/3732728142.jpg,The baby is wearing a hat,0,1.0
/home/z/zhangyon/.cache/kagglehub/datasets/hsankesara/flickr-image-dataset/versions/1/flickr30k_images/flickr30k_images/3732728142.jpg,The baby is smiling and wearing a red hat,2,1.0
/home/z/zhangyon/.cache/kagglehub/datasets/hsankesara/flickr-image-dataset/versions/1/flickr30k_images/flickr30k_images/3732728142.jpg,Baby wearing red hat in a blue car seat,1,1.0
/home/z/zhangyon/.cache/kagglehub/datasets/hsankesara/flickr-image-dataset/versions/1/flickr30k_images/flickr30k_images/3726551176.jpg,The girl is outside,0,1.0
/home/z/zhangyon/.cache/kagglehub/datasets/hsankesara/flickr-image-dataset/versions/1/flickr30k_images/flickr30k_images/3726551176.jpg,A woman sleeping on a bus as it goes down the road,2,1.0
/home/z/zhangyon/.cache/kagglehub/datasets/hsankesara/flickr-image-dataset/versions/1/flickr30k_images/flickr30k_images/3726551176.jpg,A woman waiting for her date outside by a multipurpose centre sign,1,1.0
/home/z/zhangyon/.cache/kagglehub/datasets/hsankesara/flickr-image-dataset/versions/1/flickr30k_images/flickr30k_images/4376363559.jpg,The man is looking at his horse,0,1.0
/home/z/zhangyon/.cache/kagglehub/datasets/hsankesara/flickr-image-dataset/versions/1/flickr30k_images/flickr30k_images/4376363559.jpg,The man is bathing the dog,2,1.0
/home/z/zhangyon/.cache/kagglehub/datasets/hsankesara/flickr-image-dataset/versions/1/flickr30k_images/flickr30k_images/4376363559.jpg,A man about to ride a horse,1,1.0
/home/z/zhangyon/.cache/kagglehub/datasets/hsankesara/flickr-image-dataset/versions/1/flickr30k_images/flickr30k_images/4672132178.jpg,People dancing,1,1.0
/home/z/zhangyon/.cache/kagglehub/datasets/hsankesara/flickr-image-dataset/versions/1/flickr30k_images/flickr30k_images/4672132178.jpg,The group of people are inside of a building,2,1.0
/home/z/zhangyon/.cache/kagglehub/datasets/hsankesara/flickr-image-dataset/versions/1/flickr30k_images/flickr30k_images/4672132178.jpg,Young people are on their way home from a baseball game,1,1.0
/home/z/zhangyon/.cache/kagglehub/datasets/hsankesara/flickr-image-dataset/versions/1/flickr30k_images/flickr30k_images/6848277313.jpg,A man is giving a presentation,0,1.0
/home/z/zhangyon/.cache/kagglehub/datasets/hsankesara/flickr-image-dataset/versions/1/flickr30k_images/flickr30k_images/6848277313.jpg,the man is wearing a green shirt,2,1.0
/home/z/zhangyon/.cache/kagglehub/datasets/hsankesara/flickr-image-dataset/versions/1/flickr30k_images/flickr30k_images/6848277313.jpg,A man is teaching a class,1,1.0
/home/z/zhangyon/.cache/kagglehub/datasets/hsankesara/flickr-image-dataset/versions/1/flickr30k_images/flickr30k_images/3081330705.jpg,A man is on the cliff,0,1.0
/home/z/zhangyon/.cache/kagglehub/datasets/hsankesara/flickr-image-dataset/versions/1/flickr30k_images/flickr30k_images/3081330705.jpg,The man is lying down,2,1.0
/home/z/zhangyon/.cache/kagglehub/datasets/hsankesara/flickr-image-dataset/versions/1/flickr30k_images/flickr30k_images/3081330705.jpg,A man standing in front of the snowy mountain is wearing a blue shirt and on vacation,1,1.0
/home/z/zhangyon/.cache/kagglehub/datasets/hsankesara/flickr-image-dataset/versions/1/flickr30k_images/flickr30k_images/141203926.jpg,The woman looks like she does not know whats going on,1,1.0
/home/z/zhangyon/.cache/kagglehub/datasets/hsankesara/flickr-image-dataset/versions/1/flickr30k_images/flickr30k_images/141203926.jpg,A woman is looking at a refrigerator,2,1.0
/home/z/zhangyon/.cache/kagglehub/datasets/hsankesara/flickr-image-dataset/versions/1/flickr30k_images/flickr30k_images/141203926.jpg,The woman starting her first day at work,1,1.0
/home/z/zhangyon/.cache/kagglehub/datasets/hsankesara/flickr-image-dataset/versions/1/flickr30k_images/flickr30k_images/3599780784.jpg,A guy is taking a picture of someone getting a hair cut,0,1.0
/home/z/zhangyon/.cache/kagglehub/datasets/hsankesara/flickr-image-dataset/versions/1/flickr30k_images/flickr30k_images/3599780784.jpg,an elephant sits,2,1.0
/home/z/zhangyon/.cache/kagglehub/datasets/hsankesara/flickr-image-dataset/versions/1/flickr30k_images/flickr30k_images/3599780784.jpg,The haircut is ugly,1,1.0
/home/z/zhangyon/.cache/kagglehub/datasets/hsankesara/flickr-image-dataset/versions/1/flickr30k_images/flickr30k_images/378336163.jpg,A tall human jumping,0,1.0
/home/z/zhangyon/.cache/kagglehub/datasets/hsankesara/flickr-image-dataset/versions/1/flickr30k_images/flickr30k_images/378336163.jpg,Nobody is jumping,2,1.0
/home/z/zhangyon/.cache/kagglehub/datasets/hsankesara/flickr-image-dataset/versions/1/flickr30k_images/flickr30k_images/378336163.jpg,A man is making faces while jumping in the air,1,1.0
/home/z/zhangyon/.cache/kagglehub/datasets/hsankesara/flickr-image-dataset/versions/1/flickr30k_images/flickr30k_images/6728801573.jpg,A woman working on a bicycle,0,1.0
/home/z/zhangyon/.cache/kagglehub/datasets/hsankesara/flickr-image-dataset/versions/1/flickr30k_images/flickr30k_images/6728801573.jpg,A lady is eating dinner in a chinese restaurant,2,1.0
/home/z/zhangyon/.cache/kagglehub/datasets/hsankesara/flickr-image-dataset/versions/1/flickr30k_images/flickr30k_images/6728801573.jpg,The woman is a framebuilder,1,1.0
/home/z/zhangyon/.cache/kagglehub/datasets/hsankesara/flickr-image-dataset/versions/1/flickr30k_images/flickr30k_images/4584266249.jpg,The women can see,0,1.0
/home/z/zhangyon/.cache/kagglehub/datasets/hsankesara/flickr-image-dataset/versions/1/flickr30k_images/flickr30k_images/4584266249.jpg,Women in Japan take shelter from the rain,2,1.0
/home/z/zhangyon/.cache/kagglehub/datasets/hsankesara/flickr-image-dataset/versions/1/flickr30k_images/flickr30k_images/4584266249.jpg,Two women are trying to figure out where they are,1,1.0
/home/z/zhangyon/.cache/kagglehub/datasets/hsankesara/flickr-image-dataset/versions/1/flickr30k_images/flickr30k_images/2782480767.jpg,The girl was underwater,0,1.0
/home/z/zhangyon/.cache/kagglehub/datasets/hsankesara/flickr-image-dataset/versions/1/flickr30k_images/flickr30k_images/2782480767.jpg,A girl is pretending she is a bird in her yard,2,1.0
/home/z/zhangyon/.cache/kagglehub/datasets/hsankesara/flickr-image-dataset/versions/1/flickr30k_images/flickr30k_images/2782480767.jpg,The girl is having fun swimming,1,1.0
/home/z/zhangyon/.cache/kagglehub/datasets/hsankesara/flickr-image-dataset/versions/1/flickr30k_images/flickr30k_images/3745405944.jpg,The couple is outdoors,0,1.0
/home/z/zhangyon/.cache/kagglehub/datasets/hsankesara/flickr-image-dataset/versions/1/flickr30k_images/flickr30k_images/3745405944.jpg,A blonde woman is sitting on a bench eating an ice cream,2,1.0
/home/z/zhangyon/.cache/kagglehub/datasets/hsankesara/flickr-image-dataset/versions/1/flickr30k_images/flickr30k_images/3745405944.jpg,Couple sits next to eachother,1,1.0
/home/z/zhangyon/.cache/kagglehub/datasets/hsankesara/flickr-image-dataset/versions/1/flickr30k_images/flickr30k_images/4715269800.jpg,There is a window in the vehicle,0,1.0
/home/z/zhangyon/.cache/kagglehub/datasets/hsankesara/flickr-image-dataset/versions/1/flickr30k_images/flickr30k_images/4715269800.jpg,A passenger on the plane is going on vacation,2,1.0
/home/z/zhangyon/.cache/kagglehub/datasets/hsankesara/flickr-image-dataset/versions/1/flickr30k_images/flickr30k_images/4715269800.jpg,The man is flying home,1,1.0
/home/z/zhangyon/.cache/kagglehub/datasets/hsankesara/flickr-image-dataset/versions/1/flickr30k_images/flickr30k_images/4879951396.jpg,A woman is under an umbrella,0,1.0
/home/z/zhangyon/.cache/kagglehub/datasets/hsankesara/flickr-image-dataset/versions/1/flickr30k_images/flickr30k_images/4879951396.jpg,A woman with no smudges on her face smiles with teeth showing while holding a large white umbrella and some papers,2,1.0
/home/z/zhangyon/.cache/kagglehub/datasets/hsankesara/flickr-image-dataset/versions/1/flickr30k_images/flickr30k_images/4879951396.jpg,The girl with the umbrella is outside in the rain,1,1.0
/home/z/zhangyon/.cache/kagglehub/datasets/hsankesara/flickr-image-dataset/versions/1/flickr30k_images/flickr30k_images/4183662919.jpg,A child is playing,1,1.0
/home/z/zhangyon/.cache/kagglehub/datasets/hsankesara/flickr-image-dataset/versions/1/flickr30k_images/flickr30k_images/4183662919.jpg,The little girl is wearing shoes that are way too big for her,2,1.0
/home/z/zhangyon/.cache/kagglehub/datasets/hsankesara/flickr-image-dataset/versions/1/flickr30k_images/flickr30k_images/4183662919.jpg,The small girl boots were a little dirty,1,1.0
/home/z/zhangyon/.cache/kagglehub/datasets/hsankesara/flickr-image-dataset/versions/1/flickr30k_images/flickr30k_images/3676788491.jpg,The man is outside,0,1.0
/home/z/zhangyon/.cache/kagglehub/datasets/hsankesara/flickr-image-dataset/versions/1/flickr30k_images/flickr30k_images/3676788491.jpg,The man is taking a shower,2,1.0
/home/z/zhangyon/.cache/kagglehub/datasets/hsankesara/flickr-image-dataset/versions/1/flickr30k_images/flickr30k_images/3676788491.jpg,The man is staring at the building,1,1.0
/home/z/zhangyon/.cache/kagglehub/datasets/hsankesara/flickr-image-dataset/versions/1/flickr30k_images/flickr30k_images/97138973.jpg,A man was is in water,1,1.0
/home/z/zhangyon/.cache/kagglehub/datasets/hsankesara/flickr-image-dataset/versions/1/flickr30k_images/flickr30k_images/97138973.jpg,A man is wearing a green shirt at the beach,2,1.0
/home/z/zhangyon/.cache/kagglehub/datasets/hsankesara/flickr-image-dataset/versions/1/flickr30k_images/flickr30k_images/97138973.jpg,A man is getting out to go back to sunbathing,1,1.0
/home/z/zhangyon/.cache/kagglehub/datasets/hsankesara/flickr-image-dataset/versions/1/flickr30k_images/flickr30k_images/1181708011.jpg,A woman has a green tank top,0,1.0
/home/z/zhangyon/.cache/kagglehub/datasets/hsankesara/flickr-image-dataset/versions/1/flickr30k_images/flickr30k_images/1181708011.jpg,A person is using a light saber,2,1.0
/home/z/zhangyon/.cache/kagglehub/datasets/hsankesara/flickr-image-dataset/versions/1/flickr30k_images/flickr30k_images/1181708011.jpg,The woman is the mans wife,1,1.0
/home/z/zhangyon/.cache/kagglehub/datasets/hsankesara/flickr-image-dataset/versions/1/flickr30k_images/flickr30k_images/6194677011.jpg,A researcher has the proper tools for analysis work,0,1.0
/home/z/zhangyon/.cache/kagglehub/datasets/hsankesara/flickr-image-dataset/versions/1/flickr30k_images/flickr30k_images/6194677011.jpg,A man delivers pizza,2,1.0
/home/z/zhangyon/.cache/kagglehub/datasets/hsankesara/flickr-image-dataset/versions/1/flickr30k_images/flickr30k_images/6194677011.jpg,A tall human looking,1,1.0
/home/z/zhangyon/.cache/kagglehub/datasets/hsankesara/flickr-image-dataset/versions/1/flickr30k_images/flickr30k_images/6084817815.jpg,Several Asians are dancing,0,1.0
/home/z/zhangyon/.cache/kagglehub/datasets/hsankesara/flickr-image-dataset/versions/1/flickr30k_images/flickr30k_images/6084817815.jpg,Naked Chinese people are entering the building,2,1.0
/home/z/zhangyon/.cache/kagglehub/datasets/hsankesara/flickr-image-dataset/versions/1/flickr30k_images/flickr30k_images/6084817815.jpg,Foreign folk dancers are dressed in bright outfits while dancing in the street for an audience that paid to see them,1,1.0
/home/z/zhangyon/.cache/kagglehub/datasets/hsankesara/flickr-image-dataset/versions/1/flickr30k_images/flickr30k_images/687513087.jpg,Two dogs are playing,0,1.0
/home/z/zhangyon/.cache/kagglehub/datasets/hsankesara/flickr-image-dataset/versions/1/flickr30k_images/flickr30k_images/687513087.jpg,Cats are climbing the tree,2,1.0
/home/z/zhangyon/.cache/kagglehub/datasets/hsankesara/flickr-image-dataset/versions/1/flickr30k_images/flickr30k_images/687513087.jpg,The dogs are from the same litter,1,1.0
/home/z/zhangyon/.cache/kagglehub/datasets/hsankesara/flickr-image-dataset/versions/1/flickr30k_images/flickr30k_images/4859170265.jpg,Two girls are handing out literature and balloons,0,1.0
/home/z/zhangyon/.cache/kagglehub/datasets/hsankesara/flickr-image-dataset/versions/1/flickr30k_images/flickr30k_images/4859170265.jpg,A man drives the Batmobile,2,1.0
/home/z/zhangyon/.cache/kagglehub/datasets/hsankesara/flickr-image-dataset/versions/1/flickr30k_images/flickr30k_images/4859170265.jpg,A woman sells balloons while her friend hands out fliers advertising the next clown show,1,1.0
/home/z/zhangyon/.cache/kagglehub/datasets/hsankesara/flickr-image-dataset/versions/1/flickr30k_images/flickr30k_images/3169276423.jpg,An older couple has dressed up as Goucho Marx,0,1.0
/home/z/zhangyon/.cache/kagglehub/datasets/hsankesara/flickr-image-dataset/versions/1/flickr30k_images/flickr30k_images/3169276423.jpg,"Man and woman are wearing nothing,",2,1.0
/home/z/zhangyon/.cache/kagglehub/datasets/hsankesara/flickr-image-dataset/versions/1/flickr30k_images/flickr30k_images/3169276423.jpg,And older couple is going to a costume party,1,1.0
/home/z/zhangyon/.cache/kagglehub/datasets/hsankesara/flickr-image-dataset/versions/1/flickr30k_images/flickr30k_images/1777816180.jpg,The boy is planning to jump,0,1.0
/home/z/zhangyon/.cache/kagglehub/datasets/hsankesara/flickr-image-dataset/versions/1/flickr30k_images/flickr30k_images/1777816180.jpg,A boy is wearing an all black outfit,2,1.0
/home/z/zhangyon/.cache/kagglehub/datasets/hsankesara/flickr-image-dataset/versions/1/flickr30k_images/flickr30k_images/1777816180.jpg,A toddler balances on a large rock near a waterfall,1,1.0
/home/z/zhangyon/.cache/kagglehub/datasets/hsankesara/flickr-image-dataset/versions/1/flickr30k_images/flickr30k_images/1483574454.jpg,Some people inside a store,2,1.0
/home/z/zhangyon/.cache/kagglehub/datasets/hsankesara/flickr-image-dataset/versions/1/flickr30k_images/flickr30k_images/1483574454.jpg,Some people on a rollercoaster,2,1.0
/home/z/zhangyon/.cache/kagglehub/datasets/hsankesara/flickr-image-dataset/versions/1/flickr30k_images/flickr30k_images/1483574454.jpg,Two people are preparing their bikes for a cross-country trip,1,1.0
/home/z/zhangyon/.cache/kagglehub/datasets/hsankesara/flickr-image-dataset/versions/1/flickr30k_images/flickr30k_images/3362080042.jpg,A human playing baseball,0,1.0
/home/z/zhangyon/.cache/kagglehub/datasets/hsankesara/flickr-image-dataset/versions/1/flickr30k_images/flickr30k_images/3362080042.jpg,Number 88 tries to tag first base,2,1.0
/home/z/zhangyon/.cache/kagglehub/datasets/hsankesara/flickr-image-dataset/versions/1/flickr30k_images/flickr30k_images/3362080042.jpg,The baseball players are having practice,1,1.0
/home/z/zhangyon/.cache/kagglehub/datasets/hsankesara/flickr-image-dataset/versions/1/flickr30k_images/flickr30k_images/281658181.jpg,A person is performing,0,1.0
/home/z/zhangyon/.cache/kagglehub/datasets/hsankesara/flickr-image-dataset/versions/1/flickr30k_images/flickr30k_images/281658181.jpg,A woman is sleeping,2,1.0
/home/z/zhangyon/.cache/kagglehub/datasets/hsankesara/flickr-image-dataset/versions/1/flickr30k_images/flickr30k_images/281658181.jpg,A female athlete is doing a photoshoot as a fan watches,1,1.0
/home/z/zhangyon/.cache/kagglehub/datasets/hsankesara/flickr-image-dataset/versions/1/flickr30k_images/flickr30k_images/2856524322.jpg,A man is riding a vehicle with two pedals,0,1.0
/home/z/zhangyon/.cache/kagglehub/datasets/hsankesara/flickr-image-dataset/versions/1/flickr30k_images/flickr30k_images/2856524322.jpg,The man is learning to ride a bike,2,1.0
/home/z/zhangyon/.cache/kagglehub/datasets/hsankesara/flickr-image-dataset/versions/1/flickr30k_images/flickr30k_images/2856524322.jpg,A man trying to impress his wife with bike tricks,1,1.0
/home/z/zhangyon/.cache/kagglehub/datasets/hsankesara/flickr-image-dataset/versions/1/flickr30k_images/flickr30k_images/314800643.jpg,A person is outside with his girlfriend,1,1.0
/home/z/zhangyon/.cache/kagglehub/datasets/hsankesara/flickr-image-dataset/versions/1/flickr30k_images/flickr30k_images/314800643.jpg,A group of people playing volleyball,2,1.0
/home/z/zhangyon/.cache/kagglehub/datasets/hsankesara/flickr-image-dataset/versions/1/flickr30k_images/flickr30k_images/314800643.jpg,A person is setting up tents for the catering service,1,1.0
/home/z/zhangyon/.cache/kagglehub/datasets/hsankesara/flickr-image-dataset/versions/1/flickr30k_images/flickr30k_images/313385842.jpg,Two men talk near a truck,0,1.0
/home/z/zhangyon/.cache/kagglehub/datasets/hsankesara/flickr-image-dataset/versions/1/flickr30k_images/flickr30k_images/313385842.jpg,The people are outside in the sun,2,1.0
/home/z/zhangyon/.cache/kagglehub/datasets/hsankesara/flickr-image-dataset/versions/1/flickr30k_images/flickr30k_images/313385842.jpg,A semi-trailer is being unloaded by a group of people,1,1.0
/home/z/zhangyon/.cache/kagglehub/datasets/hsankesara/flickr-image-dataset/versions/1/flickr30k_images/flickr30k_images/3560081723.jpg,A man is racing on his ATV over an obstacle course,0,1.0
/home/z/zhangyon/.cache/kagglehub/datasets/hsankesara/flickr-image-dataset/versions/1/flickr30k_images/flickr30k_images/3560081723.jpg,A man jogging on a trail,2,1.0
/home/z/zhangyon/.cache/kagglehub/datasets/hsankesara/flickr-image-dataset/versions/1/flickr30k_images/flickr30k_images/3560081723.jpg,A man does risky things while riding an All-Terrain Vehicle,0,1.0
/home/z/zhangyon/.cache/kagglehub/datasets/hsankesara/flickr-image-dataset/versions/1/flickr30k_images/flickr30k_images/2834752476.jpg,The man is inside,0,1.0
/home/z/zhangyon/.cache/kagglehub/datasets/hsankesara/flickr-image-dataset/versions/1/flickr30k_images/flickr30k_images/2834752476.jpg,A young man drinking a beer,1,1.0
/home/z/zhangyon/.cache/kagglehub/datasets/hsankesara/flickr-image-dataset/versions/1/flickr30k_images/flickr30k_images/2834752476.jpg,a man smoking while watching TV,1,1.0
/home/z/zhangyon/.cache/kagglehub/datasets/hsankesara/flickr-image-dataset/versions/1/flickr30k_images/flickr30k_images/1117972841.jpg,A dog is outside,0,1.0
/home/z/zhangyon/.cache/kagglehub/datasets/hsankesara/flickr-image-dataset/versions/1/flickr30k_images/flickr30k_images/1117972841.jpg,A cat is licking his tail,2,1.0
/home/z/zhangyon/.cache/kagglehub/datasets/hsankesara/flickr-image-dataset/versions/1/flickr30k_images/flickr30k_images/1117972841.jpg,The brown dog is on the beach,1,1.0
/home/z/zhangyon/.cache/kagglehub/datasets/hsankesara/flickr-image-dataset/versions/1/flickr30k_images/flickr30k_images/2504056718.jpg,The dog can jump,0,1.0
/home/z/zhangyon/.cache/kagglehub/datasets/hsankesara/flickr-image-dataset/versions/1/flickr30k_images/flickr30k_images/2504056718.jpg,A man rides his motorcycle,2,1.0
/home/z/zhangyon/.cache/kagglehub/datasets/hsankesara/flickr-image-dataset/versions/1/flickr30k_images/flickr30k_images/2504056718.jpg,The dog is being trained for competition,1,1.0
/home/z/zhangyon/.cache/kagglehub/datasets/hsankesara/flickr-image-dataset/versions/1/flickr30k_images/flickr30k_images/3170122039.jpg,Two girls are riding bikes outside,0,1.0
/home/z/zhangyon/.cache/kagglehub/datasets/hsankesara/flickr-image-dataset/versions/1/flickr30k_images/flickr30k_images/3170122039.jpg,The bikers are riding stationary bikes in a gym,2,1.0
/home/z/zhangyon/.cache/kagglehub/datasets/hsankesara/flickr-image-dataset/versions/1/flickr30k_images/flickr30k_images/3170122039.jpg,The bikers are riding in the country,0,1.0
/home/z/zhangyon/.cache/kagglehub/datasets/hsankesara/flickr-image-dataset/versions/1/flickr30k_images/flickr30k_images/3549006919.jpg,A person is climbing,0,1.0
/home/z/zhangyon/.cache/kagglehub/datasets/hsankesara/flickr-image-dataset/versions/1/flickr30k_images/flickr30k_images/3549006919.jpg,"A mountain climber forgot his gear, so he stayed at the cabin",2,1.0
/home/z/zhangyon/.cache/kagglehub/datasets/hsankesara/flickr-image-dataset/versions/1/flickr30k_images/flickr30k_images/3549006919.jpg,A man climbing a rock wall in a race,1,1.0
/home/z/zhangyon/.cache/kagglehub/datasets/hsankesara/flickr-image-dataset/versions/1/flickr30k_images/flickr30k_images/509778093.jpg,An orange dog plays in the grass,0,1.0
/home/z/zhangyon/.cache/kagglehub/datasets/hsankesara/flickr-image-dataset/versions/1/flickr30k_images/flickr30k_images/509778093.jpg,A dog waits to retrieve a stick,2,1.0
/home/z/zhangyon/.cache/kagglehub/datasets/hsankesara/flickr-image-dataset/versions/1/flickr30k_images/flickr30k_images/509778093.jpg,An orange dog playing with a white ball on green grass as his owner watches,1,1.0
/home/z/zhangyon/.cache/kagglehub/datasets/hsankesara/flickr-image-dataset/versions/1/flickr30k_images/flickr30k_images/2638177115.jpg,Men in khaki green pants are in the city for the day,0,1.0
/home/z/zhangyon/.cache/kagglehub/datasets/hsankesara/flickr-image-dataset/versions/1/flickr30k_images/flickr30k_images/2638177115.jpg,The man is sitting on a couch inside his house,2,1.0
/home/z/zhangyon/.cache/kagglehub/datasets/hsankesara/flickr-image-dataset/versions/1/flickr30k_images/flickr30k_images/2638177115.jpg,The soldier just returned from war,1,1.0
/home/z/zhangyon/.cache/kagglehub/datasets/hsankesara/flickr-image-dataset/versions/1/flickr30k_images/flickr30k_images/400345058.jpg,A human stands in water,0,1.0
/home/z/zhangyon/.cache/kagglehub/datasets/hsankesara/flickr-image-dataset/versions/1/flickr30k_images/flickr30k_images/400345058.jpg,The man swims laps in the pool,2,1.0
/home/z/zhangyon/.cache/kagglehub/datasets/hsankesara/flickr-image-dataset/versions/1/flickr30k_images/flickr30k_images/400345058.jpg,The person doesnt know how to swim,1,1.0
/home/z/zhangyon/.cache/kagglehub/datasets/hsankesara/flickr-image-dataset/versions/1/flickr30k_images/flickr30k_images/4684005479.jpg,A man in a jersey is outside,0,1.0
/home/z/zhangyon/.cache/kagglehub/datasets/hsankesara/flickr-image-dataset/versions/1/flickr30k_images/flickr30k_images/4684005479.jpg,The guy is in a wheelchair,2,1.0
/home/z/zhangyon/.cache/kagglehub/datasets/hsankesara/flickr-image-dataset/versions/1/flickr30k_images/flickr30k_images/4684005479.jpg,A man is walking to work,1,1.0
/home/z/zhangyon/.cache/kagglehub/datasets/hsankesara/flickr-image-dataset/versions/1/flickr30k_images/flickr30k_images/3590753142.jpg,The people are outdoors,0,1.0
/home/z/zhangyon/.cache/kagglehub/datasets/hsankesara/flickr-image-dataset/versions/1/flickr30k_images/flickr30k_images/3590753142.jpg,The sightseers are viewing a wrecked ship underwater,2,1.0
/home/z/zhangyon/.cache/kagglehub/datasets/hsankesara/flickr-image-dataset/versions/1/flickr30k_images/flickr30k_images/3590753142.jpg,A family enjoying the city on vacation,1,1.0
/home/z/zhangyon/.cache/kagglehub/datasets/hsankesara/flickr-image-dataset/versions/1/flickr30k_images/flickr30k_images/3640870001.jpg,The dog is running through the water,0,1.0
/home/z/zhangyon/.cache/kagglehub/datasets/hsankesara/flickr-image-dataset/versions/1/flickr30k_images/flickr30k_images/3640870001.jpg,The water is really liquid nitrogen,2,1.0
/home/z/zhangyon/.cache/kagglehub/datasets/hsankesara/flickr-image-dataset/versions/1/flickr30k_images/flickr30k_images/3640870001.jpg,The water is warm,1,1.0
/home/z/zhangyon/.cache/kagglehub/datasets/hsankesara/flickr-image-dataset/versions/1/flickr30k_images/flickr30k_images/4074473431.jpg,The marathon runners near the finish line,0,1.0
/home/z/zhangyon/.cache/kagglehub/datasets/hsankesara/flickr-image-dataset/versions/1/flickr30k_images/flickr30k_images/4074473431.jpg,Nobody is using a camera,2,1.0
/home/z/zhangyon/.cache/kagglehub/datasets/hsankesara/flickr-image-dataset/versions/1/flickr30k_images/flickr30k_images/4074473431.jpg,The marathon runners are tired,1,1.0
/home/z/zhangyon/.cache/kagglehub/datasets/hsankesara/flickr-image-dataset/versions/1/flickr30k_images/flickr30k_images/4328528475.jpg,girl holds racket,0,1.0
/home/z/zhangyon/.cache/kagglehub/datasets/hsankesara/flickr-image-dataset/versions/1/flickr30k_images/flickr30k_images/4328528475.jpg,girl just won tennis match,2,1.0
/home/z/zhangyon/.cache/kagglehub/datasets/hsankesara/flickr-image-dataset/versions/1/flickr30k_images/flickr30k_images/4328528475.jpg,The girl had light hair before yesterday,1,1.0
/home/z/zhangyon/.cache/kagglehub/datasets/hsankesara/flickr-image-dataset/versions/1/flickr30k_images/flickr30k_images/2468906010.jpg,There is a picture,0,1.0
/home/z/zhangyon/.cache/kagglehub/datasets/hsankesara/flickr-image-dataset/versions/1/flickr30k_images/flickr30k_images/2468906010.jpg,Girls writing letters,2,1.0
/home/z/zhangyon/.cache/kagglehub/datasets/hsankesara/flickr-image-dataset/versions/1/flickr30k_images/flickr30k_images/2468906010.jpg,A girls college volleyball competition,1,1.0
/home/z/zhangyon/.cache/kagglehub/datasets/hsankesara/flickr-image-dataset/versions/1/flickr30k_images/flickr30k_images/456299217.jpg,the woman is getting light spray from the fountain,0,1.0
/home/z/zhangyon/.cache/kagglehub/datasets/hsankesara/flickr-image-dataset/versions/1/flickr30k_images/flickr30k_images/456299217.jpg,A boys sits outside at a small fountain,1,1.0
/home/z/zhangyon/.cache/kagglehub/datasets/hsankesara/flickr-image-dataset/versions/1/flickr30k_images/flickr30k_images/456299217.jpg,The woman is a tourist,1,1.0
/home/z/zhangyon/.cache/kagglehub/datasets/hsankesara/flickr-image-dataset/versions/1/flickr30k_images/flickr30k_images/444051472.jpg,A person is at a park feeding ducks while reading,1,1.0
/home/z/zhangyon/.cache/kagglehub/datasets/hsankesara/flickr-image-dataset/versions/1/flickr30k_images/flickr30k_images/444051472.jpg,A man tries to frantically run all of his errands on his short lunch hour,2,1.0
/home/z/zhangyon/.cache/kagglehub/datasets/hsankesara/flickr-image-dataset/versions/1/flickr30k_images/flickr30k_images/444051472.jpg,A businessman enjoys a quiet lunch reading a book on a park bench,1,1.0
/home/z/zhangyon/.cache/kagglehub/datasets/hsankesara/flickr-image-dataset/versions/1/flickr30k_images/flickr30k_images/4090827772.jpg,A man driving a car,2,1.0
/home/z/zhangyon/.cache/kagglehub/datasets/hsankesara/flickr-image-dataset/versions/1/flickr30k_images/flickr30k_images/4090827772.jpg,The man is sitting on a recliner,2,1.0
/home/z/zhangyon/.cache/kagglehub/datasets/hsankesara/flickr-image-dataset/versions/1/flickr30k_images/flickr30k_images/4090827772.jpg,The motorcycle is the worlds fastest,1,1.0
/home/z/zhangyon/.cache/kagglehub/datasets/hsankesara/flickr-image-dataset/versions/1/flickr30k_images/flickr30k_images/3685373706.jpg,a man with red marks on his body,0,1.0
/home/z/zhangyon/.cache/kagglehub/datasets/hsankesara/flickr-image-dataset/versions/1/flickr30k_images/flickr30k_images/3685373706.jpg,A man in a blazer waving a flag,2,1.0
/home/z/zhangyon/.cache/kagglehub/datasets/hsankesara/flickr-image-dataset/versions/1/flickr30k_images/flickr30k_images/3685373706.jpg,A rabid sports fan cheers for his team,1,1.0
/home/z/zhangyon/.cache/kagglehub/datasets/hsankesara/flickr-image-dataset/versions/1/flickr30k_images/flickr30k_images/405615014.jpg,There is one person in this picture,0,1.0
/home/z/zhangyon/.cache/kagglehub/datasets/hsankesara/flickr-image-dataset/versions/1/flickr30k_images/flickr30k_images/405615014.jpg,A policeman is wearing a black vest,2,1.0
/home/z/zhangyon/.cache/kagglehub/datasets/hsankesara/flickr-image-dataset/versions/1/flickr30k_images/flickr30k_images/405615014.jpg,A tall person directing,1,1.0
/home/z/zhangyon/.cache/kagglehub/datasets/hsankesara/flickr-image-dataset/versions/1/flickr30k_images/flickr30k_images/241109594.jpg,The black and white dog is outdoors,0,1.0
/home/z/zhangyon/.cache/kagglehub/datasets/hsankesara/flickr-image-dataset/versions/1/flickr30k_images/flickr30k_images/241109594.jpg,A dog is chasing a cat,2,1.0
/home/z/zhangyon/.cache/kagglehub/datasets/hsankesara/flickr-image-dataset/versions/1/flickr30k_images/flickr30k_images/241109594.jpg,A big dog swims retrieving a stick,1,1.0
/home/z/zhangyon/.cache/kagglehub/datasets/hsankesara/flickr-image-dataset/versions/1/flickr30k_images/flickr30k_images/2723785828.jpg,Two children has paint on their face,0,1.0
/home/z/zhangyon/.cache/kagglehub/datasets/hsankesara/flickr-image-dataset/versions/1/flickr30k_images/flickr30k_images/2723785828.jpg,The kids are pouring paints on people on the streets,2,1.0
/home/z/zhangyon/.cache/kagglehub/datasets/hsankesara/flickr-image-dataset/versions/1/flickr30k_images/flickr30k_images/2723785828.jpg,The kids had fun getting their faces painted,1,1.0
/home/z/zhangyon/.cache/kagglehub/datasets/hsankesara/flickr-image-dataset/versions/1/flickr30k_images/flickr30k_images/4448279884.jpg,A crowd is gathered around a large bonfire,0,1.0
/home/z/zhangyon/.cache/kagglehub/datasets/hsankesara/flickr-image-dataset/versions/1/flickr30k_images/flickr30k_images/4448279884.jpg,The people are all standing in the ocean,2,1.0
/home/z/zhangyon/.cache/kagglehub/datasets/hsankesara/flickr-image-dataset/versions/1/flickr30k_images/flickr30k_images/4448279884.jpg,A crowd gathers around the bonfire to celebrate the teams championship,1,1.0
/home/z/zhangyon/.cache/kagglehub/datasets/hsankesara/flickr-image-dataset/versions/1/flickr30k_images/flickr30k_images/6066650935.jpg,A couple of friends go for a bicycle ride,0,1.0
/home/z/zhangyon/.cache/kagglehub/datasets/hsankesara/flickr-image-dataset/versions/1/flickr30k_images/flickr30k_images/6066650935.jpg,A man and woman swim in the ocean alongside one another,2,1.0
/home/z/zhangyon/.cache/kagglehub/datasets/hsankesara/flickr-image-dataset/versions/1/flickr30k_images/flickr30k_images/6066650935.jpg,Some friends work to improve their physical health by going for a bike ride,1,1.0
/home/z/zhangyon/.cache/kagglehub/datasets/hsankesara/flickr-image-dataset/versions/1/flickr30k_images/flickr30k_images/4569102627.jpg,A girl is holding a glass,0,1.0
/home/z/zhangyon/.cache/kagglehub/datasets/hsankesara/flickr-image-dataset/versions/1/flickr30k_images/flickr30k_images/4569102627.jpg,A little girl has just fell over to drink a gun juice,2,1.0
/home/z/zhangyon/.cache/kagglehub/datasets/hsankesara/flickr-image-dataset/versions/1/flickr30k_images/flickr30k_images/4569102627.jpg,The girl is sitting on a swing,2,1.0
/home/z/zhangyon/.cache/kagglehub/datasets/hsankesara/flickr-image-dataset/versions/1/flickr30k_images/flickr30k_images/3194533056.jpg,The africans are enjoying thesmselves,0,1.0
/home/z/zhangyon/.cache/kagglehub/datasets/hsankesara/flickr-image-dataset/versions/1/flickr30k_images/flickr30k_images/3194533056.jpg,The women are strolling along the beach,2,1.0
/home/z/zhangyon/.cache/kagglehub/datasets/hsankesara/flickr-image-dataset/versions/1/flickr30k_images/flickr30k_images/3194533056.jpg,People are dancing at a wedding,1,1.0
/home/z/zhangyon/.cache/kagglehub/datasets/hsankesara/flickr-image-dataset/versions/1/flickr30k_images/flickr30k_images/3326249355.jpg,A couple are outside,0,1.0
/home/z/zhangyon/.cache/kagglehub/datasets/hsankesara/flickr-image-dataset/versions/1/flickr30k_images/flickr30k_images/3326249355.jpg,People are holding their suitcases as they stand by the marker,2,1.0
/home/z/zhangyon/.cache/kagglehub/datasets/hsankesara/flickr-image-dataset/versions/1/flickr30k_images/flickr30k_images/3326249355.jpg,A couple take a photo by a sign to remember the name of the city that they spent time in,1,1.0
/home/z/zhangyon/.cache/kagglehub/datasets/hsankesara/flickr-image-dataset/versions/1/flickr30k_images/flickr30k_images/1625306051.jpg,Two men jump,0,1.0
/home/z/zhangyon/.cache/kagglehub/datasets/hsankesara/flickr-image-dataset/versions/1/flickr30k_images/flickr30k_images/1625306051.jpg,Two guys in slippers are settling down for the night,2,1.0
/home/z/zhangyon/.cache/kagglehub/datasets/hsankesara/flickr-image-dataset/versions/1/flickr30k_images/flickr30k_images/1625306051.jpg,Two guys are getting ready to fight,1,1.0
/home/z/zhangyon/.cache/kagglehub/datasets/hsankesara/flickr-image-dataset/versions/1/flickr30k_images/flickr30k_images/2202059975.jpg,Two person is looking at an art piece,0,1.0
/home/z/zhangyon/.cache/kagglehub/datasets/hsankesara/flickr-image-dataset/versions/1/flickr30k_images/flickr30k_images/2202059975.jpg,People stand next a bicycle on a corner,2,1.0
/home/z/zhangyon/.cache/kagglehub/datasets/hsankesara/flickr-image-dataset/versions/1/flickr30k_images/flickr30k_images/2202059975.jpg,Friends stand around odd car parts,1,1.0
/home/z/zhangyon/.cache/kagglehub/datasets/hsankesara/flickr-image-dataset/versions/1/flickr30k_images/flickr30k_images/4274214534.jpg,A girl is walking her dog,0,1.0
/home/z/zhangyon/.cache/kagglehub/datasets/hsankesara/flickr-image-dataset/versions/1/flickr30k_images/flickr30k_images/4274214534.jpg,The girl is walking her dog on a nice day,2,1.0
/home/z/zhangyon/.cache/kagglehub/datasets/hsankesara/flickr-image-dataset/versions/1/flickr30k_images/flickr30k_images/4274214534.jpg,A woman is trying to get her dog to go to the bathroom after it has freshly snowed,1,1.0
/home/z/zhangyon/.cache/kagglehub/datasets/hsankesara/flickr-image-dataset/versions/1/flickr30k_images/flickr30k_images/4950889937.jpg,The Asian streets are busy,0,1.0
/home/z/zhangyon/.cache/kagglehub/datasets/hsankesara/flickr-image-dataset/versions/1/flickr30k_images/flickr30k_images/4950889937.jpg,People are walking down a street holding homemade signs,2,1.0
/home/z/zhangyon/.cache/kagglehub/datasets/hsankesara/flickr-image-dataset/versions/1/flickr30k_images/flickr30k_images/4950889937.jpg,A great street,1,1.0
/home/z/zhangyon/.cache/kagglehub/datasets/hsankesara/flickr-image-dataset/versions/1/flickr30k_images/flickr30k_images/3245460937.jpg,A boy jumps,0,1.0
/home/z/zhangyon/.cache/kagglehub/datasets/hsankesara/flickr-image-dataset/versions/1/flickr30k_images/flickr30k_images/3245460937.jpg,The boy is smashing pumpkins,2,1.0
/home/z/zhangyon/.cache/kagglehub/datasets/hsankesara/flickr-image-dataset/versions/1/flickr30k_images/flickr30k_images/3245460937.jpg,A boy hits a ball,1,1.0
/home/z/zhangyon/.cache/kagglehub/datasets/hsankesara/flickr-image-dataset/versions/1/flickr30k_images/flickr30k_images/2127166904.jpg,A guy is interested in a camera and it is chilly outside,0,1.0
/home/z/zhangyon/.cache/kagglehub/datasets/hsankesara/flickr-image-dataset/versions/1/flickr30k_images/flickr30k_images/2127166904.jpg,Four girls talking while shopping for shoes,2,1.0
/home/z/zhangyon/.cache/kagglehub/datasets/hsankesara/flickr-image-dataset/versions/1/flickr30k_images/flickr30k_images/2127166904.jpg,The man has run into a group of his friends at Walmart,1,1.0
/home/z/zhangyon/.cache/kagglehub/datasets/hsankesara/flickr-image-dataset/versions/1/flickr30k_images/flickr30k_images/2209751.jpg,People are standing by a car,0,1.0
/home/z/zhangyon/.cache/kagglehub/datasets/hsankesara/flickr-image-dataset/versions/1/flickr30k_images/flickr30k_images/2209751.jpg,Four men are sitting in a restaurant,2,1.0
/home/z/zhangyon/.cache/kagglehub/datasets/hsankesara/flickr-image-dataset/versions/1/flickr30k_images/flickr30k_images/2209751.jpg,A car is being waxed in preparation for an ad,1,1.0
/home/z/zhangyon/.cache/kagglehub/datasets/hsankesara/flickr-image-dataset/versions/1/flickr30k_images/flickr30k_images/3344040145.jpg,They are outside,0,1.0
/home/z/zhangyon/.cache/kagglehub/datasets/hsankesara/flickr-image-dataset/versions/1/flickr30k_images/flickr30k_images/3344040145.jpg,The woman is calm,2,1.0
/home/z/zhangyon/.cache/kagglehub/datasets/hsankesara/flickr-image-dataset/versions/1/flickr30k_images/flickr30k_images/3344040145.jpg,A woman is skiing down a large hill,1,1.0
/home/z/zhangyon/.cache/kagglehub/datasets/hsankesara/flickr-image-dataset/versions/1/flickr30k_images/flickr30k_images/6218244928.jpg,A group of people on a boat,0,1.0
/home/z/zhangyon/.cache/kagglehub/datasets/hsankesara/flickr-image-dataset/versions/1/flickr30k_images/flickr30k_images/6218244928.jpg,several men are in the desert,2,1.0
/home/z/zhangyon/.cache/kagglehub/datasets/hsankesara/flickr-image-dataset/versions/1/flickr30k_images/flickr30k_images/6218244928.jpg,Some people are getting ready to fix a broken ship,1,1.0
/home/z/zhangyon/.cache/kagglehub/datasets/hsankesara/flickr-image-dataset/versions/1/flickr30k_images/flickr30k_images/3316725440.jpg,They took a picture of a bicycle racer,0,1.0
/home/z/zhangyon/.cache/kagglehub/datasets/hsankesara/flickr-image-dataset/versions/1/flickr30k_images/flickr30k_images/3316725440.jpg,A man is walking through the woods,2,1.0
/home/z/zhangyon/.cache/kagglehub/datasets/hsankesara/flickr-image-dataset/versions/1/flickr30k_images/flickr30k_images/3316725440.jpg,The bicyclist is racing,1,1.0
/home/z/zhangyon/.cache/kagglehub/datasets/hsankesara/flickr-image-dataset/versions/1/flickr30k_images/flickr30k_images/2047543321.jpg,An individual is working in the midst of debris,0,1.0
/home/z/zhangyon/.cache/kagglehub/datasets/hsankesara/flickr-image-dataset/versions/1/flickr30k_images/flickr30k_images/2047543321.jpg,A worker is eating lunch,2,1.0
/home/z/zhangyon/.cache/kagglehub/datasets/hsankesara/flickr-image-dataset/versions/1/flickr30k_images/flickr30k_images/2047543321.jpg,The man is a construction foreman,1,1.0
/home/z/zhangyon/.cache/kagglehub/datasets/hsankesara/flickr-image-dataset/versions/1/flickr30k_images/flickr30k_images/74759622.jpg,The janitor completes the bathroom cleaning,1,1.0
/home/z/zhangyon/.cache/kagglehub/datasets/hsankesara/flickr-image-dataset/versions/1/flickr30k_images/flickr30k_images/74759622.jpg,A man may have created a monster too unwilling to be flushed,2,1.0
/home/z/zhangyon/.cache/kagglehub/datasets/hsankesara/flickr-image-dataset/versions/1/flickr30k_images/flickr30k_images/74759622.jpg,He is in the bathroom to drink,1,1.0
/home/z/zhangyon/.cache/kagglehub/datasets/hsankesara/flickr-image-dataset/versions/1/flickr30k_images/flickr30k_images/19469520.jpg,A group of cyclists racing,0,1.0
/home/z/zhangyon/.cache/kagglehub/datasets/hsankesara/flickr-image-dataset/versions/1/flickr30k_images/flickr30k_images/19469520.jpg,The cyclists are all sitting in canoes,2,1.0
/home/z/zhangyon/.cache/kagglehub/datasets/hsankesara/flickr-image-dataset/versions/1/flickr30k_images/flickr30k_images/19469520.jpg,The competitors are nervous,1,1.0
/home/z/zhangyon/.cache/kagglehub/datasets/hsankesara/flickr-image-dataset/versions/1/flickr30k_images/flickr30k_images/3072074170.jpg,a man is outside,0,1.0
/home/z/zhangyon/.cache/kagglehub/datasets/hsankesara/flickr-image-dataset/versions/1/flickr30k_images/flickr30k_images/3072074170.jpg,The man is doing pull ups,2,1.0
/home/z/zhangyon/.cache/kagglehub/datasets/hsankesara/flickr-image-dataset/versions/1/flickr30k_images/flickr30k_images/3072074170.jpg,the man is happy in the ggrass,1,1.0
/home/z/zhangyon/.cache/kagglehub/datasets/hsankesara/flickr-image-dataset/versions/1/flickr30k_images/flickr30k_images/852427632.jpg,The woman in the cowboy hat is riding a horse,0,1.0
/home/z/zhangyon/.cache/kagglehub/datasets/hsankesara/flickr-image-dataset/versions/1/flickr30k_images/flickr30k_images/852427632.jpg,A bull is riding a woman and chasing a horse,2,1.0
/home/z/zhangyon/.cache/kagglehub/datasets/hsankesara/flickr-image-dataset/versions/1/flickr30k_images/flickr30k_images/852427632.jpg,The girl is going to rope the steer,1,1.0
/home/z/zhangyon/.cache/kagglehub/datasets/hsankesara/flickr-image-dataset/versions/1/flickr30k_images/flickr30k_images/6774537791.jpg,An athlete hangs in the air next to a machine,0,1.0
/home/z/zhangyon/.cache/kagglehub/datasets/hsankesara/flickr-image-dataset/versions/1/flickr30k_images/flickr30k_images/6774537791.jpg,The snowboarder is getting nice turns in,2,1.0
/home/z/zhangyon/.cache/kagglehub/datasets/hsankesara/flickr-image-dataset/versions/1/flickr30k_images/flickr30k_images/6774537791.jpg,The athlete is about to crash land,1,1.0
/home/z/zhangyon/.cache/kagglehub/datasets/hsankesara/flickr-image-dataset/versions/1/flickr30k_images/flickr30k_images/6925158300.jpg,The people are concentrating on their screens,0,1.0
/home/z/zhangyon/.cache/kagglehub/datasets/hsankesara/flickr-image-dataset/versions/1/flickr30k_images/flickr30k_images/6925158300.jpg,A group of people are playing Dungeons and Dragons at a table,2,1.0
/home/z/zhangyon/.cache/kagglehub/datasets/hsankesara/flickr-image-dataset/versions/1/flickr30k_images/flickr30k_images/6925158300.jpg,A group of college students play World of Warcraft in their dorm room,1,1.0
/home/z/zhangyon/.cache/kagglehub/datasets/hsankesara/flickr-image-dataset/versions/1/flickr30k_images/flickr30k_images/4316585644.jpg,A woman taking a photo of a red car,0,1.0
/home/z/zhangyon/.cache/kagglehub/datasets/hsankesara/flickr-image-dataset/versions/1/flickr30k_images/flickr30k_images/4316585644.jpg,A woman spying on her ex,1,1.0
/home/z/zhangyon/.cache/kagglehub/datasets/hsankesara/flickr-image-dataset/versions/1/flickr30k_images/flickr30k_images/4316585644.jpg,A woman is taking pictures at a car show,1,1.0
/home/z/zhangyon/.cache/kagglehub/datasets/hsankesara/flickr-image-dataset/versions/1/flickr30k_images/flickr30k_images/4180952377.jpg,It is cold outside,0,1.0
/home/z/zhangyon/.cache/kagglehub/datasets/hsankesara/flickr-image-dataset/versions/1/flickr30k_images/flickr30k_images/4180952377.jpg,An elderly man runs over a curb,2,1.0
/home/z/zhangyon/.cache/kagglehub/datasets/hsankesara/flickr-image-dataset/versions/1/flickr30k_images/flickr30k_images/4180952377.jpg,The old man is a good mechanic,1,1.0
/home/z/zhangyon/.cache/kagglehub/datasets/hsankesara/flickr-image-dataset/versions/1/flickr30k_images/flickr30k_images/4333374998.jpg,There is a door,0,1.0
/home/z/zhangyon/.cache/kagglehub/datasets/hsankesara/flickr-image-dataset/versions/1/flickr30k_images/flickr30k_images/4333374998.jpg,The child is asleep,2,1.0
/home/z/zhangyon/.cache/kagglehub/datasets/hsankesara/flickr-image-dataset/versions/1/flickr30k_images/flickr30k_images/4333374998.jpg,A kid waiting at the door for his dad to return from his trip to get smokes 3 years ago,1,1.0
/home/z/zhangyon/.cache/kagglehub/datasets/hsankesara/flickr-image-dataset/versions/1/flickr30k_images/flickr30k_images/20702864.jpg,People are outside,0,1.0
/home/z/zhangyon/.cache/kagglehub/datasets/hsankesara/flickr-image-dataset/versions/1/flickr30k_images/flickr30k_images/20702864.jpg,People are drinknig pepsi at the superbowl,2,1.0
/home/z/zhangyon/.cache/kagglehub/datasets/hsankesara/flickr-image-dataset/versions/1/flickr30k_images/flickr30k_images/20702864.jpg,A man is waiting on his friend,1,1.0
/home/z/zhangyon/.cache/kagglehub/datasets/hsankesara/flickr-image-dataset/versions/1/flickr30k_images/flickr30k_images/1112334131.jpg,The woman is walking behind a photo being taken,0,1.0
/home/z/zhangyon/.cache/kagglehub/datasets/hsankesara/flickr-image-dataset/versions/1/flickr30k_images/flickr30k_images/1112334131.jpg,A woman is wearing an orange hat and eating a cookie,2,1.0
/home/z/zhangyon/.cache/kagglehub/datasets/hsankesara/flickr-image-dataset/versions/1/flickr30k_images/flickr30k_images/1112334131.jpg,"A little boy is standing with ice cream, in front of his mom",1,1.0
/home/z/zhangyon/.cache/kagglehub/datasets/hsankesara/flickr-image-dataset/versions/1/flickr30k_images/flickr30k_images/3262645599.jpg,THe men are fishermen,0,1.0
/home/z/zhangyon/.cache/kagglehub/datasets/hsankesara/flickr-image-dataset/versions/1/flickr30k_images/flickr30k_images/3262645599.jpg,Three people are making pies,2,1.0
/home/z/zhangyon/.cache/kagglehub/datasets/hsankesara/flickr-image-dataset/versions/1/flickr30k_images/flickr30k_images/3262645599.jpg,fishermen are getting ready for thie day,1,1.0
/home/z/zhangyon/.cache/kagglehub/datasets/hsankesara/flickr-image-dataset/versions/1/flickr30k_images/flickr30k_images/3728015645.jpg,A skateboarder is in the park,0,1.0
/home/z/zhangyon/.cache/kagglehub/datasets/hsankesara/flickr-image-dataset/versions/1/flickr30k_images/flickr30k_images/3728015645.jpg,The man on skates is the President of the Unites States,2,1.0
/home/z/zhangyon/.cache/kagglehub/datasets/hsankesara/flickr-image-dataset/versions/1/flickr30k_images/flickr30k_images/3728015645.jpg,A skateboarder competes in a local contest,1,1.0
/home/z/zhangyon/.cache/kagglehub/datasets/hsankesara/flickr-image-dataset/versions/1/flickr30k_images/flickr30k_images/137444466.jpg,Multiple people gather together,0,1.0
/home/z/zhangyon/.cache/kagglehub/datasets/hsankesara/flickr-image-dataset/versions/1/flickr30k_images/flickr30k_images/137444466.jpg,Nobody is in line,2,1.0
/home/z/zhangyon/.cache/kagglehub/datasets/hsankesara/flickr-image-dataset/versions/1/flickr30k_images/flickr30k_images/137444466.jpg,People are gathered for a mayors speech in a courtyard plaza,1,1.0
/home/z/zhangyon/.cache/kagglehub/datasets/hsankesara/flickr-image-dataset/versions/1/flickr30k_images/flickr30k_images/135444196.jpg,A woman is walking in a street,0,1.0
/home/z/zhangyon/.cache/kagglehub/datasets/hsankesara/flickr-image-dataset/versions/1/flickr30k_images/flickr30k_images/135444196.jpg,A man is eating a cake,2,1.0
/home/z/zhangyon/.cache/kagglehub/datasets/hsankesara/flickr-image-dataset/versions/1/flickr30k_images/flickr30k_images/135444196.jpg,An African American in a red top and white and brown skirt walks in front of a man in a blue shirt,1,1.0
/home/z/zhangyon/.cache/kagglehub/datasets/hsankesara/flickr-image-dataset/versions/1/flickr30k_images/flickr30k_images/3041642723.jpg,A group of teenagers outside,0,1.0
/home/z/zhangyon/.cache/kagglehub/datasets/hsankesara/flickr-image-dataset/versions/1/flickr30k_images/flickr30k_images/3041642723.jpg,Teenagers are skateboarding,2,1.0
/home/z/zhangyon/.cache/kagglehub/datasets/hsankesara/flickr-image-dataset/versions/1/flickr30k_images/flickr30k_images/3041642723.jpg,teenagers have a party,1,1.0
/home/z/zhangyon/.cache/kagglehub/datasets/hsankesara/flickr-image-dataset/versions/1/flickr30k_images/flickr30k_images/2422482455.jpg,the man and dog were outside,0,1.0
/home/z/zhangyon/.cache/kagglehub/datasets/hsankesara/flickr-image-dataset/versions/1/flickr30k_images/flickr30k_images/2422482455.jpg,the woman took her cat to the vet,2,1.0
/home/z/zhangyon/.cache/kagglehub/datasets/hsankesara/flickr-image-dataset/versions/1/flickr30k_images/flickr30k_images/2422482455.jpg,A person is playing catch with a dog,1,1.0
/home/z/zhangyon/.cache/kagglehub/datasets/hsankesara/flickr-image-dataset/versions/1/flickr30k_images/flickr30k_images/499165634.jpg,A woman is eating,0,1.0
/home/z/zhangyon/.cache/kagglehub/datasets/hsankesara/flickr-image-dataset/versions/1/flickr30k_images/flickr30k_images/499165634.jpg,A woman wearing contacts and a tank-top drinking a coke,2,1.0
/home/z/zhangyon/.cache/kagglehub/datasets/hsankesara/flickr-image-dataset/versions/1/flickr30k_images/flickr30k_images/499165634.jpg,A woman in blue glasses and a white sweater is eating a salad,2,1.0
/home/z/zhangyon/.cache/kagglehub/datasets/hsankesara/flickr-image-dataset/versions/1/flickr30k_images/flickr30k_images/5896386113.jpg,A woman is hanging up clothes,0,1.0
/home/z/zhangyon/.cache/kagglehub/datasets/hsankesara/flickr-image-dataset/versions/1/flickr30k_images/flickr30k_images/5896386113.jpg,An older woman is putting clothes in a dryer,2,1.0
/home/z/zhangyon/.cache/kagglehub/datasets/hsankesara/flickr-image-dataset/versions/1/flickr30k_images/flickr30k_images/5896386113.jpg,A tall woman hanging whites,1,1.0
/home/z/zhangyon/.cache/kagglehub/datasets/hsankesara/flickr-image-dataset/versions/1/flickr30k_images/flickr30k_images/423782935.jpg,There are two men,0,1.0
/home/z/zhangyon/.cache/kagglehub/datasets/hsankesara/flickr-image-dataset/versions/1/flickr30k_images/flickr30k_images/423782935.jpg,Both men are blind,2,1.0
/home/z/zhangyon/.cache/kagglehub/datasets/hsankesara/flickr-image-dataset/versions/1/flickr30k_images/flickr30k_images/423782935.jpg,One of the men knows about mechanics,1,1.0
/home/z/zhangyon/.cache/kagglehub/datasets/hsankesara/flickr-image-dataset/versions/1/flickr30k_images/flickr30k_images/4838943023.jpg,The father has taken photos,1,1.0
/home/z/zhangyon/.cache/kagglehub/datasets/hsankesara/flickr-image-dataset/versions/1/flickr30k_images/flickr30k_images/4838943023.jpg,The man is lying in bed,2,1.0
/home/z/zhangyon/.cache/kagglehub/datasets/hsankesara/flickr-image-dataset/versions/1/flickr30k_images/flickr30k_images/4838943023.jpg,The sons are not babies,1,1.0
/home/z/zhangyon/.cache/kagglehub/datasets/hsankesara/flickr-image-dataset/versions/1/flickr30k_images/flickr30k_images/2113996953.jpg,A person is outside,0,1.0
/home/z/zhangyon/.cache/kagglehub/datasets/hsankesara/flickr-image-dataset/versions/1/flickr30k_images/flickr30k_images/2113996953.jpg,There are lots of apple and oranges,2,1.0
/home/z/zhangyon/.cache/kagglehub/datasets/hsankesara/flickr-image-dataset/versions/1/flickr30k_images/flickr30k_images/2113996953.jpg,a lady is selling her bananas,0,1.0
/home/z/zhangyon/.cache/kagglehub/datasets/hsankesara/flickr-image-dataset/versions/1/flickr30k_images/flickr30k_images/3362592729.jpg,Two dancers have tossed battons,0,1.0
/home/z/zhangyon/.cache/kagglehub/datasets/hsankesara/flickr-image-dataset/versions/1/flickr30k_images/flickr30k_images/3362592729.jpg,Two dancers are wearing black outfits and pink shoes,2,1.0
/home/z/zhangyon/.cache/kagglehub/datasets/hsankesara/flickr-image-dataset/versions/1/flickr30k_images/flickr30k_images/3362592729.jpg,Two homeless women are looking up at the stars,2,1.0
/home/z/zhangyon/.cache/kagglehub/datasets/hsankesara/flickr-image-dataset/versions/1/flickr30k_images/flickr30k_images/247189554.jpg,A man sits towards the camera,0,1.0
/home/z/zhangyon/.cache/kagglehub/datasets/hsankesara/flickr-image-dataset/versions/1/flickr30k_images/flickr30k_images/247189554.jpg,Someone is holding a large black camera,2,1.0
/home/z/zhangyon/.cache/kagglehub/datasets/hsankesara/flickr-image-dataset/versions/1/flickr30k_images/flickr30k_images/247189554.jpg,The man is meditating,1,1.0
/home/z/zhangyon/.cache/kagglehub/datasets/hsankesara/flickr-image-dataset/versions/1/flickr30k_images/flickr30k_images/3427233064.jpg,There is a horse and a girl,0,1.0
/home/z/zhangyon/.cache/kagglehub/datasets/hsankesara/flickr-image-dataset/versions/1/flickr30k_images/flickr30k_images/3427233064.jpg,A thief steals a horse through a gap in the fence,2,1.0
/home/z/zhangyon/.cache/kagglehub/datasets/hsankesara/flickr-image-dataset/versions/1/flickr30k_images/flickr30k_images/3427233064.jpg,A little girl dreams of owning her own horse,1,1.0
/home/z/zhangyon/.cache/kagglehub/datasets/hsankesara/flickr-image-dataset/versions/1/flickr30k_images/flickr30k_images/3334866049.jpg,A boy is walking,1,1.0
/home/z/zhangyon/.cache/kagglehub/datasets/hsankesara/flickr-image-dataset/versions/1/flickr30k_images/flickr30k_images/3334866049.jpg,A man is dancing,2,1.0
/home/z/zhangyon/.cache/kagglehub/datasets/hsankesara/flickr-image-dataset/versions/1/flickr30k_images/flickr30k_images/3334866049.jpg,A child is playing in the snow,1,1.0
/home/z/zhangyon/.cache/kagglehub/datasets/hsankesara/flickr-image-dataset/versions/1/flickr30k_images/flickr30k_images/5196783191.jpg,There is a show in a live theater for millions of people,1,1.0
/home/z/zhangyon/.cache/kagglehub/datasets/hsankesara/flickr-image-dataset/versions/1/flickr30k_images/flickr30k_images/5196783191.jpg,A show is not being put on in the theater,2,1.0
/home/z/zhangyon/.cache/kagglehub/datasets/hsankesara/flickr-image-dataset/versions/1/flickr30k_images/flickr30k_images/5196783191.jpg,The guy with blue hair is the lead singer,1,1.0
/home/z/zhangyon/.cache/kagglehub/datasets/hsankesara/flickr-image-dataset/versions/1/flickr30k_images/flickr30k_images/6043589490.jpg,Woman in the woods,0,1.0
/home/z/zhangyon/.cache/kagglehub/datasets/hsankesara/flickr-image-dataset/versions/1/flickr30k_images/flickr30k_images/6043589490.jpg,A man chopping wood,2,1.0
/home/z/zhangyon/.cache/kagglehub/datasets/hsankesara/flickr-image-dataset/versions/1/flickr30k_images/flickr30k_images/6043589490.jpg,Some lady is brushing her teeth and washing her pierced face,1,1.0
/home/z/zhangyon/.cache/kagglehub/datasets/hsankesara/flickr-image-dataset/versions/1/flickr30k_images/flickr30k_images/4540165999.jpg,Someone is carrying an umbrella on a walk,0,1.0
/home/z/zhangyon/.cache/kagglehub/datasets/hsankesara/flickr-image-dataset/versions/1/flickr30k_images/flickr30k_images/4540165999.jpg,Women walk with bikinis on a sunny day,2,1.0
/home/z/zhangyon/.cache/kagglehub/datasets/hsankesara/flickr-image-dataset/versions/1/flickr30k_images/flickr30k_images/4540165999.jpg,People are walking to the fair,1,1.0
/home/z/zhangyon/.cache/kagglehub/datasets/hsankesara/flickr-image-dataset/versions/1/flickr30k_images/flickr30k_images/2471447879.jpg,The girl is climbing,0,1.0
/home/z/zhangyon/.cache/kagglehub/datasets/hsankesara/flickr-image-dataset/versions/1/flickr30k_images/flickr30k_images/2471447879.jpg,A little girl is standing by a climbing wall watching others climb,2,1.0
/home/z/zhangyon/.cache/kagglehub/datasets/hsankesara/flickr-image-dataset/versions/1/flickr30k_images/flickr30k_images/2471447879.jpg,A girl is rock climbing for an event,1,1.0
/home/z/zhangyon/.cache/kagglehub/datasets/hsankesara/flickr-image-dataset/versions/1/flickr30k_images/flickr30k_images/3259229498.jpg,Someone is performing on stage,0,1.0
/home/z/zhangyon/.cache/kagglehub/datasets/hsankesara/flickr-image-dataset/versions/1/flickr30k_images/flickr30k_images/3259229498.jpg,A band is performing on stage,2,1.0
/home/z/zhangyon/.cache/kagglehub/datasets/hsankesara/flickr-image-dataset/versions/1/flickr30k_images/flickr30k_images/3259229498.jpg,A large crowd has gathered just to hear this speaker,1,1.0
/home/z/zhangyon/.cache/kagglehub/datasets/hsankesara/flickr-image-dataset/versions/1/flickr30k_images/flickr30k_images/4603099757.jpg,A women is squinting,0,1.0
/home/z/zhangyon/.cache/kagglehub/datasets/hsankesara/flickr-image-dataset/versions/1/flickr30k_images/flickr30k_images/4603099757.jpg,A blond woman in a yellow clown car,2,1.0
/home/z/zhangyon/.cache/kagglehub/datasets/hsankesara/flickr-image-dataset/versions/1/flickr30k_images/flickr30k_images/4603099757.jpg,The handbag has cosmetics inside,1,1.0
/home/z/zhangyon/.cache/kagglehub/datasets/hsankesara/flickr-image-dataset/versions/1/flickr30k_images/flickr30k_images/4937441878.jpg,A woman is in a car,0,1.0
/home/z/zhangyon/.cache/kagglehub/datasets/hsankesara/flickr-image-dataset/versions/1/flickr30k_images/flickr30k_images/4937441878.jpg,A woman hanging out of a window trying to see what is in the tree ahead of her,2,1.0
/home/z/zhangyon/.cache/kagglehub/datasets/hsankesara/flickr-image-dataset/versions/1/flickr30k_images/flickr30k_images/4937441878.jpg,A woman is entertaining a crowd of people,1,1.0
/home/z/zhangyon/.cache/kagglehub/datasets/hsankesara/flickr-image-dataset/versions/1/flickr30k_images/flickr30k_images/7472814756.jpg,Three sailboats are sailing through the water,0,1.0
/home/z/zhangyon/.cache/kagglehub/datasets/hsankesara/flickr-image-dataset/versions/1/flickr30k_images/flickr30k_images/7472814756.jpg,A sailing team is playing golf,2,1.0
/home/z/zhangyon/.cache/kagglehub/datasets/hsankesara/flickr-image-dataset/versions/1/flickr30k_images/flickr30k_images/7472814756.jpg,sailboats in a race in the summer,0,1.0
/home/z/zhangyon/.cache/kagglehub/datasets/hsankesara/flickr-image-dataset/versions/1/flickr30k_images/flickr30k_images/4631804601.jpg,An artisan mastering his craft,0,1.0
/home/z/zhangyon/.cache/kagglehub/datasets/hsankesara/flickr-image-dataset/versions/1/flickr30k_images/flickr30k_images/4631804601.jpg,The male is lifting weights,2,1.0
/home/z/zhangyon/.cache/kagglehub/datasets/hsankesara/flickr-image-dataset/versions/1/flickr30k_images/flickr30k_images/4631804601.jpg,The man is an artist,1,1.0
/home/z/zhangyon/.cache/kagglehub/datasets/hsankesara/flickr-image-dataset/versions/1/flickr30k_images/flickr30k_images/3221036999.jpg,A PERSON IS RIDING A SKATEBOARD ON A RAMP,0,1.0
/home/z/zhangyon/.cache/kagglehub/datasets/hsankesara/flickr-image-dataset/versions/1/flickr30k_images/flickr30k_images/3221036999.jpg,A man is performing tricks on a scooter,2,1.0
/home/z/zhangyon/.cache/kagglehub/datasets/hsankesara/flickr-image-dataset/versions/1/flickr30k_images/flickr30k_images/3221036999.jpg,A man is in a skateboard competition,1,1.0
/home/z/zhangyon/.cache/kagglehub/datasets/hsankesara/flickr-image-dataset/versions/1/flickr30k_images/flickr30k_images/7353914844.jpg,The kayakers are outdoors,0,1.0
/home/z/zhangyon/.cache/kagglehub/datasets/hsankesara/flickr-image-dataset/versions/1/flickr30k_images/flickr30k_images/7353914844.jpg,Three people are fishing peacefully on a quiet corner of a lake,2,1.0
/home/z/zhangyon/.cache/kagglehub/datasets/hsankesara/flickr-image-dataset/versions/1/flickr30k_images/flickr30k_images/7353914844.jpg,Men are kayaking in rough water in the ocean,1,1.0
/home/z/zhangyon/.cache/kagglehub/datasets/hsankesara/flickr-image-dataset/versions/1/flickr30k_images/flickr30k_images/4857558207.jpg,Mother and child come face to face for the first time,0,1.0
/home/z/zhangyon/.cache/kagglehub/datasets/hsankesara/flickr-image-dataset/versions/1/flickr30k_images/flickr30k_images/4857558207.jpg,A grandmother holding her 2nd grandchild for the first time,2,1.0
/home/z/zhangyon/.cache/kagglehub/datasets/hsankesara/flickr-image-dataset/versions/1/flickr30k_images/flickr30k_images/4857558207.jpg,A woman is showing her newborn baby to her family,1,1.0
/home/z/zhangyon/.cache/kagglehub/datasets/hsankesara/flickr-image-dataset/versions/1/flickr30k_images/flickr30k_images/2743465453.jpg,The waiter is in a restaurant,2,1.0
/home/z/zhangyon/.cache/kagglehub/datasets/hsankesara/flickr-image-dataset/versions/1/flickr30k_images/flickr30k_images/2743465453.jpg,The man is taking a much needed break,2,1.0
/home/z/zhangyon/.cache/kagglehub/datasets/hsankesara/flickr-image-dataset/versions/1/flickr30k_images/flickr30k_images/2743465453.jpg,A woman preparing for a Christmas feast,1,1.0
/home/z/zhangyon/.cache/kagglehub/datasets/hsankesara/flickr-image-dataset/versions/1/flickr30k_images/flickr30k_images/3745474894.jpg,The youths are outside,0,1.0
/home/z/zhangyon/.cache/kagglehub/datasets/hsankesara/flickr-image-dataset/versions/1/flickr30k_images/flickr30k_images/3745474894.jpg,The younger people are inside the house,2,1.0
/home/z/zhangyon/.cache/kagglehub/datasets/hsankesara/flickr-image-dataset/versions/1/flickr30k_images/flickr30k_images/3745474894.jpg,The younger people are having a picnic,1,1.0
/home/z/zhangyon/.cache/kagglehub/datasets/hsankesara/flickr-image-dataset/versions/1/flickr30k_images/flickr30k_images/3063544435.jpg,the people are outside,0,1.0
/home/z/zhangyon/.cache/kagglehub/datasets/hsankesara/flickr-image-dataset/versions/1/flickr30k_images/flickr30k_images/3063544435.jpg,A team of skydivers jump from the rescue plane,2,1.0
/home/z/zhangyon/.cache/kagglehub/datasets/hsankesara/flickr-image-dataset/versions/1/flickr30k_images/flickr30k_images/3063544435.jpg,A group of friends are kayaking away from the city,1,1.0
/home/z/zhangyon/.cache/kagglehub/datasets/hsankesara/flickr-image-dataset/versions/1/flickr30k_images/flickr30k_images/4751250311.jpg,Dark skinned man moving,0,1.0
/home/z/zhangyon/.cache/kagglehub/datasets/hsankesara/flickr-image-dataset/versions/1/flickr30k_images/flickr30k_images/4751250311.jpg,The man is lifiting,2,1.0
/home/z/zhangyon/.cache/kagglehub/datasets/hsankesara/flickr-image-dataset/versions/1/flickr30k_images/flickr30k_images/4751250311.jpg,a smart man walks down the sreet,1,1.0
/home/z/zhangyon/.cache/kagglehub/datasets/hsankesara/flickr-image-dataset/versions/1/flickr30k_images/flickr30k_images/1157215900.jpg,A person enjoying fresh air and the aromas of bakery items,1,1.0
/home/z/zhangyon/.cache/kagglehub/datasets/hsankesara/flickr-image-dataset/versions/1/flickr30k_images/flickr30k_images/1157215900.jpg,The woman is eating a tomato,2,1.0
/home/z/zhangyon/.cache/kagglehub/datasets/hsankesara/flickr-image-dataset/versions/1/flickr30k_images/flickr30k_images/1157215900.jpg,The woman is selling bread,0,1.0
/home/z/zhangyon/.cache/kagglehub/datasets/hsankesara/flickr-image-dataset/versions/1/flickr30k_images/flickr30k_images/1015118661.jpg,A little boy watches a man stack stones to build a wall,1,1.0
/home/z/zhangyon/.cache/kagglehub/datasets/hsankesara/flickr-image-dataset/versions/1/flickr30k_images/flickr30k_images/1015118661.jpg,A kid plays with toys in the living room,2,1.0
/home/z/zhangyon/.cache/kagglehub/datasets/hsankesara/flickr-image-dataset/versions/1/flickr30k_images/flickr30k_images/1015118661.jpg,A father stands proudly behind his son who is wearing a white shirt and jeans,1,1.0
/home/z/zhangyon/.cache/kagglehub/datasets/hsankesara/flickr-image-dataset/versions/1/flickr30k_images/flickr30k_images/5988551357.jpg,A clown lies on a horse,0,1.0
/home/z/zhangyon/.cache/kagglehub/datasets/hsankesara/flickr-image-dataset/versions/1/flickr30k_images/flickr30k_images/5988551357.jpg,The cowboy rode the bull to the buzzer,2,1.0
/home/z/zhangyon/.cache/kagglehub/datasets/hsankesara/flickr-image-dataset/versions/1/flickr30k_images/flickr30k_images/5988551357.jpg,The horse is brown,1,1.0
/home/z/zhangyon/.cache/kagglehub/datasets/hsankesara/flickr-image-dataset/versions/1/flickr30k_images/flickr30k_images/3019609769.jpg,Parents and their children are taking a walk,0,1.0
/home/z/zhangyon/.cache/kagglehub/datasets/hsankesara/flickr-image-dataset/versions/1/flickr30k_images/flickr30k_images/3019609769.jpg,A group ofwomen  are walking down a muddy road passing by some barb-wire,2,1.0
/home/z/zhangyon/.cache/kagglehub/datasets/hsankesara/flickr-image-dataset/versions/1/flickr30k_images/flickr30k_images/3019609769.jpg,A family has been evicted,1,1.0
/home/z/zhangyon/.cache/kagglehub/datasets/hsankesara/flickr-image-dataset/versions/1/flickr30k_images/flickr30k_images/516360813.jpg,A man is showing children how to carve wood,1,1.0
/home/z/zhangyon/.cache/kagglehub/datasets/hsankesara/flickr-image-dataset/versions/1/flickr30k_images/flickr30k_images/516360813.jpg,The people are dead,2,1.0
/home/z/zhangyon/.cache/kagglehub/datasets/hsankesara/flickr-image-dataset/versions/1/flickr30k_images/flickr30k_images/516360813.jpg,A man opening peanuts,1,1.0
/home/z/zhangyon/.cache/kagglehub/datasets/hsankesara/flickr-image-dataset/versions/1/flickr30k_images/flickr30k_images/2741990005.jpg,A high jumper is outdoors,0,1.0
/home/z/zhangyon/.cache/kagglehub/datasets/hsankesara/flickr-image-dataset/versions/1/flickr30k_images/flickr30k_images/2741990005.jpg,the jumper was an amateur,1,1.0
/home/z/zhangyon/.cache/kagglehub/datasets/hsankesara/flickr-image-dataset/versions/1/flickr30k_images/flickr30k_images/2741990005.jpg,A man jumps over a white high bar,1,1.0
/home/z/zhangyon/.cache/kagglehub/datasets/hsankesara/flickr-image-dataset/versions/1/flickr30k_images/flickr30k_images/3774986130.jpg,Two girls are performing gymnastic moves,0,1.0
/home/z/zhangyon/.cache/kagglehub/datasets/hsankesara/flickr-image-dataset/versions/1/flickr30k_images/flickr30k_images/3774986130.jpg,The women are drinking coffee together,2,1.0
/home/z/zhangyon/.cache/kagglehub/datasets/hsankesara/flickr-image-dataset/versions/1/flickr30k_images/flickr30k_images/3774986130.jpg,The women are competing in a hula hoops competition,1,1.0
/home/z/zhangyon/.cache/kagglehub/datasets/hsankesara/flickr-image-dataset/versions/1/flickr30k_images/flickr30k_images/4842876705.jpg,A man is playing music,0,1.0
/home/z/zhangyon/.cache/kagglehub/datasets/hsankesara/flickr-image-dataset/versions/1/flickr30k_images/flickr30k_images/4842876705.jpg,A woman playing piano at a concert,2,1.0
/home/z/zhangyon/.cache/kagglehub/datasets/hsankesara/flickr-image-dataset/versions/1/flickr30k_images/flickr30k_images/4842876705.jpg,A person in jeans is playing music for a crowd,1,1.0
/home/z/zhangyon/.cache/kagglehub/datasets/hsankesara/flickr-image-dataset/versions/1/flickr30k_images/flickr30k_images/6188266707.jpg,A woman is wearing a volleyball uniform,0,1.0
/home/z/zhangyon/.cache/kagglehub/datasets/hsankesara/flickr-image-dataset/versions/1/flickr30k_images/flickr30k_images/6188266707.jpg,A sports arena is empty,2,1.0
/home/z/zhangyon/.cache/kagglehub/datasets/hsankesara/flickr-image-dataset/versions/1/flickr30k_images/flickr30k_images/6188266707.jpg,A volleyball player hits a ball in a pro match,1,1.0
/home/z/zhangyon/.cache/kagglehub/datasets/hsankesara/flickr-image-dataset/versions/1/flickr30k_images/flickr30k_images/2723929323.jpg,Photographers are having a conversation on the beach,0,1.0
/home/z/zhangyon/.cache/kagglehub/datasets/hsankesara/flickr-image-dataset/versions/1/flickr30k_images/flickr30k_images/2723929323.jpg,Women are jogging in the park,2,1.0
/home/z/zhangyon/.cache/kagglehub/datasets/hsankesara/flickr-image-dataset/versions/1/flickr30k_images/flickr30k_images/2723929323.jpg,Some photographers are taking photos of the ocean,1,1.0
/home/z/zhangyon/.cache/kagglehub/datasets/hsankesara/flickr-image-dataset/versions/1/flickr30k_images/flickr30k_images/3249597269.jpg,A squirrel leaps over the snow,0,1.0
/home/z/zhangyon/.cache/kagglehub/datasets/hsankesara/flickr-image-dataset/versions/1/flickr30k_images/flickr30k_images/3249597269.jpg,The squirrel is sunbathing,2,1.0
/home/z/zhangyon/.cache/kagglehub/datasets/hsankesara/flickr-image-dataset/versions/1/flickr30k_images/flickr30k_images/3249597269.jpg,A squirrel is looking for food in the snow,1,1.0
/home/z/zhangyon/.cache/kagglehub/datasets/hsankesara/flickr-image-dataset/versions/1/flickr30k_images/flickr30k_images/2637510448.jpg,The girl is outside skiing,0,1.0
/home/z/zhangyon/.cache/kagglehub/datasets/hsankesara/flickr-image-dataset/versions/1/flickr30k_images/flickr30k_images/2637510448.jpg,A man is dancing in the park,2,1.0
/home/z/zhangyon/.cache/kagglehub/datasets/hsankesara/flickr-image-dataset/versions/1/flickr30k_images/flickr30k_images/2637510448.jpg,The child was skiing down the snowy slopes in Switzerland,1,1.0
/home/z/zhangyon/.cache/kagglehub/datasets/hsankesara/flickr-image-dataset/versions/1/flickr30k_images/flickr30k_images/2474776724.jpg,The people are at practice,0,1.0
/home/z/zhangyon/.cache/kagglehub/datasets/hsankesara/flickr-image-dataset/versions/1/flickr30k_images/flickr30k_images/2474776724.jpg,Two boys catching frogs,2,1.0
/home/z/zhangyon/.cache/kagglehub/datasets/hsankesara/flickr-image-dataset/versions/1/flickr30k_images/flickr30k_images/2474776724.jpg,Sad girls in red and white striped uniforms standing in a field,1,1.0
/home/z/zhangyon/.cache/kagglehub/datasets/hsankesara/flickr-image-dataset/versions/1/flickr30k_images/flickr30k_images/8173029395.jpg,Some music is being performed on stage,0,1.0
/home/z/zhangyon/.cache/kagglehub/datasets/hsankesara/flickr-image-dataset/versions/1/flickr30k_images/flickr30k_images/8173029395.jpg,Some people are enjoying themselves at a musical,2,1.0
/home/z/zhangyon/.cache/kagglehub/datasets/hsankesara/flickr-image-dataset/versions/1/flickr30k_images/flickr30k_images/8173029395.jpg,As the band was about to begin the people became excited in anticipation,1,1.0
/home/z/zhangyon/.cache/kagglehub/datasets/hsankesara/flickr-image-dataset/versions/1/flickr30k_images/flickr30k_images/1196886054.jpg,Several people of a wedding party are walking outside along a sidewalk,0,1.0
/home/z/zhangyon/.cache/kagglehub/datasets/hsankesara/flickr-image-dataset/versions/1/flickr30k_images/flickr30k_images/1196886054.jpg,The people are laying down,2,1.0
/home/z/zhangyon/.cache/kagglehub/datasets/hsankesara/flickr-image-dataset/versions/1/flickr30k_images/flickr30k_images/1196886054.jpg,The bride is crying because she is happy,1,1.0
/home/z/zhangyon/.cache/kagglehub/datasets/hsankesara/flickr-image-dataset/versions/1/flickr30k_images/flickr30k_images/3134644844.jpg,A man plays a song for a sick child,0,1.0
/home/z/zhangyon/.cache/kagglehub/datasets/hsankesara/flickr-image-dataset/versions/1/flickr30k_images/flickr30k_images/3134644844.jpg,Father and son having a fun dip in the pool,2,1.0
/home/z/zhangyon/.cache/kagglehub/datasets/hsankesara/flickr-image-dataset/versions/1/flickr30k_images/flickr30k_images/3134644844.jpg,A man is doing something nice for charity,1,1.0
/home/z/zhangyon/.cache/kagglehub/datasets/hsankesara/flickr-image-dataset/versions/1/flickr30k_images/flickr30k_images/8038092309.jpg,Two baseball players are grabbing a ball on the field,0,1.0
/home/z/zhangyon/.cache/kagglehub/datasets/hsankesara/flickr-image-dataset/versions/1/flickr30k_images/flickr30k_images/8038092309.jpg,The baseball players are watching from the dugout,2,1.0
/home/z/zhangyon/.cache/kagglehub/datasets/hsankesara/flickr-image-dataset/versions/1/flickr30k_images/flickr30k_images/8038092309.jpg,The pitcher and the backup are picking up baseballs to practice throwing,1,1.0
/home/z/zhangyon/.cache/kagglehub/datasets/hsankesara/flickr-image-dataset/versions/1/flickr30k_images/flickr30k_images/553918837.jpg,A little girl plays on the playground,0,1.0
/home/z/zhangyon/.cache/kagglehub/datasets/hsankesara/flickr-image-dataset/versions/1/flickr30k_images/flickr30k_images/553918837.jpg,The girl is sleeping,2,1.0
/home/z/zhangyon/.cache/kagglehub/datasets/hsankesara/flickr-image-dataset/versions/1/flickr30k_images/flickr30k_images/553918837.jpg,A little girl is being watched by her parents,1,1.0
/home/z/zhangyon/.cache/kagglehub/datasets/hsankesara/flickr-image-dataset/versions/1/flickr30k_images/flickr30k_images/3085590738.jpg,A woman speaking at a podium,0,1.0
/home/z/zhangyon/.cache/kagglehub/datasets/hsankesara/flickr-image-dataset/versions/1/flickr30k_images/flickr30k_images/3085590738.jpg,A woman in a blue suit is speaking at a podium at the University of Illinois at Springfield for a Holiday Stars Project,2,1.0
/home/z/zhangyon/.cache/kagglehub/datasets/hsankesara/flickr-image-dataset/versions/1/flickr30k_images/flickr30k_images/3085590738.jpg,The woman is making a speach about agriculture,1,1.0
/home/z/zhangyon/.cache/kagglehub/datasets/hsankesara/flickr-image-dataset/versions/1/flickr30k_images/flickr30k_images/3376741717.jpg,a person cleaning,0,1.0
/home/z/zhangyon/.cache/kagglehub/datasets/hsankesara/flickr-image-dataset/versions/1/flickr30k_images/flickr30k_images/3376741717.jpg,People are waiting for the rock band to start,2,1.0
/home/z/zhangyon/.cache/kagglehub/datasets/hsankesara/flickr-image-dataset/versions/1/flickr30k_images/flickr30k_images/3376741717.jpg,A man in a blue janitor uniform is cleaning the floor,1,1.0
/home/z/zhangyon/.cache/kagglehub/datasets/hsankesara/flickr-image-dataset/versions/1/flickr30k_images/flickr30k_images/3809063851.jpg,Live music is being played,0,1.0
/home/z/zhangyon/.cache/kagglehub/datasets/hsankesara/flickr-image-dataset/versions/1/flickr30k_images/flickr30k_images/3809063851.jpg,The musicians are singing,2,1.0
/home/z/zhangyon/.cache/kagglehub/datasets/hsankesara/flickr-image-dataset/versions/1/flickr30k_images/flickr30k_images/3809063851.jpg,A country band performs outside,1,1.0
/home/z/zhangyon/.cache/kagglehub/datasets/hsankesara/flickr-image-dataset/versions/1/flickr30k_images/flickr30k_images/517942470.jpg,The dog is looking up,0,1.0
/home/z/zhangyon/.cache/kagglehub/datasets/hsankesara/flickr-image-dataset/versions/1/flickr30k_images/flickr30k_images/517942470.jpg,The dog sleeps under its owners computer desk,2,1.0
/home/z/zhangyon/.cache/kagglehub/datasets/hsankesara/flickr-image-dataset/versions/1/flickr30k_images/flickr30k_images/517942470.jpg,A man playing with his dog,1,1.0
/home/z/zhangyon/.cache/kagglehub/datasets/hsankesara/flickr-image-dataset/versions/1/flickr30k_images/flickr30k_images/2557922709.jpg,A girl looking at America,0,1.0
/home/z/zhangyon/.cache/kagglehub/datasets/hsankesara/flickr-image-dataset/versions/1/flickr30k_images/flickr30k_images/2557922709.jpg,A girl is eating dinner with an alien,2,1.0
/home/z/zhangyon/.cache/kagglehub/datasets/hsankesara/flickr-image-dataset/versions/1/flickr30k_images/flickr30k_images/2557922709.jpg,A girl at a picnic,1,1.0
/home/z/zhangyon/.cache/kagglehub/datasets/hsankesara/flickr-image-dataset/versions/1/flickr30k_images/flickr30k_images/4442382200.jpg,Some guy is in the city making a statement about politics,1,1.0
/home/z/zhangyon/.cache/kagglehub/datasets/hsankesara/flickr-image-dataset/versions/1/flickr30k_images/flickr30k_images/4442382200.jpg,A man steals a wallet,2,1.0
/home/z/zhangyon/.cache/kagglehub/datasets/hsankesara/flickr-image-dataset/versions/1/flickr30k_images/flickr30k_images/4442382200.jpg,A priest preaches in the street,1,1.0
/home/z/zhangyon/.cache/kagglehub/datasets/hsankesara/flickr-image-dataset/versions/1/flickr30k_images/flickr30k_images/2058124718.jpg,Two dogs are running together,0,1.0
/home/z/zhangyon/.cache/kagglehub/datasets/hsankesara/flickr-image-dataset/versions/1/flickr30k_images/flickr30k_images/2058124718.jpg,Dogs are wearing completely identical collars,2,1.0
/home/z/zhangyon/.cache/kagglehub/datasets/hsankesara/flickr-image-dataset/versions/1/flickr30k_images/flickr30k_images/2058124718.jpg,Two dogs are playing together with their duck toy,0,1.0
/home/z/zhangyon/.cache/kagglehub/datasets/hsankesara/flickr-image-dataset/versions/1/flickr30k_images/flickr30k_images/3880366728.jpg,Two people are dancing,0,1.0
/home/z/zhangyon/.cache/kagglehub/datasets/hsankesara/flickr-image-dataset/versions/1/flickr30k_images/flickr30k_images/3880366728.jpg,An old couple sit on a bench,2,1.0
/home/z/zhangyon/.cache/kagglehub/datasets/hsankesara/flickr-image-dataset/versions/1/flickr30k_images/flickr30k_images/3880366728.jpg,A young couple of newlyweds dance during a competition,1,1.0
/home/z/zhangyon/.cache/kagglehub/datasets/hsankesara/flickr-image-dataset/versions/1/flickr30k_images/flickr30k_images/1558753996.jpg,A man with a beard plays a guitar in the room,0,1.0
/home/z/zhangyon/.cache/kagglehub/datasets/hsankesara/flickr-image-dataset/versions/1/flickr30k_images/flickr30k_images/1558753996.jpg,The man is playing the drums,2,1.0
/home/z/zhangyon/.cache/kagglehub/datasets/hsankesara/flickr-image-dataset/versions/1/flickr30k_images/flickr30k_images/1558753996.jpg,A male has a beard because he does not like to shave,1,1.0
/home/z/zhangyon/.cache/kagglehub/datasets/hsankesara/flickr-image-dataset/versions/1/flickr30k_images/flickr30k_images/4400746838.jpg,The blonde girl has her hand over her eyes,0,1.0
/home/z/zhangyon/.cache/kagglehub/datasets/hsankesara/flickr-image-dataset/versions/1/flickr30k_images/flickr30k_images/4400746838.jpg,The blonde girl is wearing a blue dress,2,1.0
/home/z/zhangyon/.cache/kagglehub/datasets/hsankesara/flickr-image-dataset/versions/1/flickr30k_images/flickr30k_images/4400746838.jpg,The blonde girl is very shy,1,1.0
/home/z/zhangyon/.cache/kagglehub/datasets/hsankesara/flickr-image-dataset/versions/1/flickr30k_images/flickr30k_images/2853682342.jpg,A young male jumps down a hill,0,1.0
/home/z/zhangyon/.cache/kagglehub/datasets/hsankesara/flickr-image-dataset/versions/1/flickr30k_images/flickr30k_images/2853682342.jpg,A person is jumping on top of a hill with his kids,2,1.0
/home/z/zhangyon/.cache/kagglehub/datasets/hsankesara/flickr-image-dataset/versions/1/flickr30k_images/flickr30k_images/2853682342.jpg,The man is jumping fast,1,1.0
/home/z/zhangyon/.cache/kagglehub/datasets/hsankesara/flickr-image-dataset/versions/1/flickr30k_images/flickr30k_images/4967261262.jpg,three girls,0,1.0
/home/z/zhangyon/.cache/kagglehub/datasets/hsankesara/flickr-image-dataset/versions/1/flickr30k_images/flickr30k_images/4967261262.jpg,Some gymnasts sit on the floor and do nothing,2,1.0
/home/z/zhangyon/.cache/kagglehub/datasets/hsankesara/flickr-image-dataset/versions/1/flickr30k_images/flickr30k_images/4967261262.jpg,The girls are performing on the mats,1,1.0
/home/z/zhangyon/.cache/kagglehub/datasets/hsankesara/flickr-image-dataset/versions/1/flickr30k_images/flickr30k_images/3396251819.jpg,The woman likes pink,1,1.0
/home/z/zhangyon/.cache/kagglehub/datasets/hsankesara/flickr-image-dataset/versions/1/flickr30k_images/flickr30k_images/3396251819.jpg,The man has blue sunglasses,2,1.0
/home/z/zhangyon/.cache/kagglehub/datasets/hsankesara/flickr-image-dataset/versions/1/flickr30k_images/flickr30k_images/3396251819.jpg,The man likes taking pictures,1,1.0
/home/z/zhangyon/.cache/kagglehub/datasets/hsankesara/flickr-image-dataset/versions/1/flickr30k_images/flickr30k_images/2378356400.jpg,The lady is talking photos,0,1.0
/home/z/zhangyon/.cache/kagglehub/datasets/hsankesara/flickr-image-dataset/versions/1/flickr30k_images/flickr30k_images/2378356400.jpg,The lady is sleeping in the grass,2,1.0
/home/z/zhangyon/.cache/kagglehub/datasets/hsankesara/flickr-image-dataset/versions/1/flickr30k_images/flickr30k_images/2378356400.jpg,The woman is taking a picture of her daughter,1,1.0
/home/z/zhangyon/.cache/kagglehub/datasets/hsankesara/flickr-image-dataset/versions/1/flickr30k_images/flickr30k_images/16396205.jpg,Three men are outside cooking,0,1.0
/home/z/zhangyon/.cache/kagglehub/datasets/hsankesara/flickr-image-dataset/versions/1/flickr30k_images/flickr30k_images/16396205.jpg,Men are drinking tea at home,2,1.0
/home/z/zhangyon/.cache/kagglehub/datasets/hsankesara/flickr-image-dataset/versions/1/flickr30k_images/flickr30k_images/16396205.jpg,Three guys cook sausages on the grill for the party,1,1.0
/home/z/zhangyon/.cache/kagglehub/datasets/hsankesara/flickr-image-dataset/versions/1/flickr30k_images/flickr30k_images/618771382.jpg,Two females embrace in front of a flag,0,1.0
/home/z/zhangyon/.cache/kagglehub/datasets/hsankesara/flickr-image-dataset/versions/1/flickr30k_images/flickr30k_images/618771382.jpg,The girls are not touching,2,1.0
/home/z/zhangyon/.cache/kagglehub/datasets/hsankesara/flickr-image-dataset/versions/1/flickr30k_images/flickr30k_images/618771382.jpg,The girls are Americans,1,1.0
/home/z/zhangyon/.cache/kagglehub/datasets/hsankesara/flickr-image-dataset/versions/1/flickr30k_images/flickr30k_images/3449114979.jpg,The children are learning,0,1.0
/home/z/zhangyon/.cache/kagglehub/datasets/hsankesara/flickr-image-dataset/versions/1/flickr30k_images/flickr30k_images/3449114979.jpg,Dogs are chasing a squirrel,2,1.0
/home/z/zhangyon/.cache/kagglehub/datasets/hsankesara/flickr-image-dataset/versions/1/flickr30k_images/flickr30k_images/3449114979.jpg,6 kids have plastic bags on their desks for a craft,1,1.0
/home/z/zhangyon/.cache/kagglehub/datasets/hsankesara/flickr-image-dataset/versions/1/flickr30k_images/flickr30k_images/2518853257.jpg,there are two women sitting in green chairs and reading,0,1.0
/home/z/zhangyon/.cache/kagglehub/datasets/hsankesara/flickr-image-dataset/versions/1/flickr30k_images/flickr30k_images/2518853257.jpg,Two people do jumping jacks near a bench,2,1.0
/home/z/zhangyon/.cache/kagglehub/datasets/hsankesara/flickr-image-dataset/versions/1/flickr30k_images/flickr30k_images/2518853257.jpg,Two people are enjoying a very interesting book,1,1.0
/home/z/zhangyon/.cache/kagglehub/datasets/hsankesara/flickr-image-dataset/versions/1/flickr30k_images/flickr30k_images/280840823.jpg,three men are playing,0,1.0
/home/z/zhangyon/.cache/kagglehub/datasets/hsankesara/flickr-image-dataset/versions/1/flickr30k_images/flickr30k_images/280840823.jpg,Three men are sitting on the couch,2,1.0
/home/z/zhangyon/.cache/kagglehub/datasets/hsankesara/flickr-image-dataset/versions/1/flickr30k_images/flickr30k_images/280840823.jpg,Two men are arguing,1,1.0
/home/z/zhangyon/.cache/kagglehub/datasets/hsankesara/flickr-image-dataset/versions/1/flickr30k_images/flickr30k_images/268365231.jpg,The couple are outside,0,1.0
/home/z/zhangyon/.cache/kagglehub/datasets/hsankesara/flickr-image-dataset/versions/1/flickr30k_images/flickr30k_images/268365231.jpg,The couple are driving a car,2,1.0
/home/z/zhangyon/.cache/kagglehub/datasets/hsankesara/flickr-image-dataset/versions/1/flickr30k_images/flickr30k_images/268365231.jpg,Two people are walking to a friends house,1,1.0
/home/z/zhangyon/.cache/kagglehub/datasets/hsankesara/flickr-image-dataset/versions/1/flickr30k_images/flickr30k_images/3567604049.jpg,The man can jump,0,1.0
/home/z/zhangyon/.cache/kagglehub/datasets/hsankesara/flickr-image-dataset/versions/1/flickr30k_images/flickr30k_images/3567604049.jpg,The boy is running away from a pack of lions into a bubblebath,2,1.0
/home/z/zhangyon/.cache/kagglehub/datasets/hsankesara/flickr-image-dataset/versions/1/flickr30k_images/flickr30k_images/3567604049.jpg,The man jumped stomach first into the pool so he could make his friends laugh,1,1.0
/home/z/zhangyon/.cache/kagglehub/datasets/hsankesara/flickr-image-dataset/versions/1/flickr30k_images/flickr30k_images/2222732183.jpg,a woman is reading,0,1.0
/home/z/zhangyon/.cache/kagglehub/datasets/hsankesara/flickr-image-dataset/versions/1/flickr30k_images/flickr30k_images/2222732183.jpg,A mother sings to her son,1,1.0
/home/z/zhangyon/.cache/kagglehub/datasets/hsankesara/flickr-image-dataset/versions/1/flickr30k_images/flickr30k_images/2222732183.jpg,The woman and boy are mother and son,1,1.0
/home/z/zhangyon/.cache/kagglehub/datasets/hsankesara/flickr-image-dataset/versions/1/flickr30k_images/flickr30k_images/5009687058.jpg,Two opposing football players tackle each other,0,1.0
/home/z/zhangyon/.cache/kagglehub/datasets/hsankesara/flickr-image-dataset/versions/1/flickr30k_images/flickr30k_images/5009687058.jpg,The football players are in the locker room,2,1.0
/home/z/zhangyon/.cache/kagglehub/datasets/hsankesara/flickr-image-dataset/versions/1/flickr30k_images/flickr30k_images/5009687058.jpg,the group of players are preaping for a game,1,1.0
/home/z/zhangyon/.cache/kagglehub/datasets/hsankesara/flickr-image-dataset/versions/1/flickr30k_images/flickr30k_images/3669527584.jpg,"A woman is dressed in traditional, ethnic clothing",0,1.0
/home/z/zhangyon/.cache/kagglehub/datasets/hsankesara/flickr-image-dataset/versions/1/flickr30k_images/flickr30k_images/3669527584.jpg,The woman is getting ready for bed,2,1.0
/home/z/zhangyon/.cache/kagglehub/datasets/hsankesara/flickr-image-dataset/versions/1/flickr30k_images/flickr30k_images/3669527584.jpg,An Indian lady is wearing a beautiful outfit,0,1.0
/home/z/zhangyon/.cache/kagglehub/datasets/hsankesara/flickr-image-dataset/versions/1/flickr30k_images/flickr30k_images/3815318559.jpg,A person is in a car,0,1.0
/home/z/zhangyon/.cache/kagglehub/datasets/hsankesara/flickr-image-dataset/versions/1/flickr30k_images/flickr30k_images/3815318559.jpg,"A man wearing a top hat, driving a red Camaro and looking out the window",2,1.0
/home/z/zhangyon/.cache/kagglehub/datasets/hsankesara/flickr-image-dataset/versions/1/flickr30k_images/flickr30k_images/3815318559.jpg,A person wanted to cruise down the beach highway to distress himself,1,1.0
/home/z/zhangyon/.cache/kagglehub/datasets/hsankesara/flickr-image-dataset/versions/1/flickr30k_images/flickr30k_images/4152957260.jpg,An old woman is carrying plants,0,1.0
/home/z/zhangyon/.cache/kagglehub/datasets/hsankesara/flickr-image-dataset/versions/1/flickr30k_images/flickr30k_images/4152957260.jpg,A young woman is carrying plants,2,1.0
/home/z/zhangyon/.cache/kagglehub/datasets/hsankesara/flickr-image-dataset/versions/1/flickr30k_images/flickr30k_images/4152957260.jpg,The bridge is brand new,1,1.0
/home/z/zhangyon/.cache/kagglehub/datasets/hsankesara/flickr-image-dataset/versions/1/flickr30k_images/flickr30k_images/2265106886.jpg,A lady with veggies,0,1.0
/home/z/zhangyon/.cache/kagglehub/datasets/hsankesara/flickr-image-dataset/versions/1/flickr30k_images/flickr30k_images/2265106886.jpg,A woman sells puppies,2,1.0
/home/z/zhangyon/.cache/kagglehub/datasets/hsankesara/flickr-image-dataset/versions/1/flickr30k_images/flickr30k_images/2265106886.jpg,The woman is sitting outside,0,1.0
/home/z/zhangyon/.cache/kagglehub/datasets/hsankesara/flickr-image-dataset/versions/1/flickr30k_images/flickr30k_images/2219805467.jpg,A dog is playing with a ball by the ocean,0,1.0
/home/z/zhangyon/.cache/kagglehub/datasets/hsankesara/flickr-image-dataset/versions/1/flickr30k_images/flickr30k_images/2219805467.jpg,A dog carries a bird in its mouth,2,1.0
/home/z/zhangyon/.cache/kagglehub/datasets/hsankesara/flickr-image-dataset/versions/1/flickr30k_images/flickr30k_images/2219805467.jpg,A dog playing fetch with a yellow ball at the beach,0,1.0
/home/z/zhangyon/.cache/kagglehub/datasets/hsankesara/flickr-image-dataset/versions/1/flickr30k_images/flickr30k_images/3529333786.jpg,A man is looking at a computer screen,0,1.0
/home/z/zhangyon/.cache/kagglehub/datasets/hsankesara/flickr-image-dataset/versions/1/flickr30k_images/flickr30k_images/3529333786.jpg,The woman in the dress is working at her cubicle,2,1.0
/home/z/zhangyon/.cache/kagglehub/datasets/hsankesara/flickr-image-dataset/versions/1/flickr30k_images/flickr30k_images/3529333786.jpg,A man sitting at his desk with empty Dr Pepper cans,1,1.0
/home/z/zhangyon/.cache/kagglehub/datasets/hsankesara/flickr-image-dataset/versions/1/flickr30k_images/flickr30k_images/4668948309.jpg,People looking down,0,1.0
/home/z/zhangyon/.cache/kagglehub/datasets/hsankesara/flickr-image-dataset/versions/1/flickr30k_images/flickr30k_images/4668948309.jpg,The people are all wearing white clothes,2,1.0
/home/z/zhangyon/.cache/kagglehub/datasets/hsankesara/flickr-image-dataset/versions/1/flickr30k_images/flickr30k_images/4668948309.jpg,People at a party looking over a balcony,1,1.0
/home/z/zhangyon/.cache/kagglehub/datasets/hsankesara/flickr-image-dataset/versions/1/flickr30k_images/flickr30k_images/1444710198.jpg,The rocks will sink in the water,0,1.0
/home/z/zhangyon/.cache/kagglehub/datasets/hsankesara/flickr-image-dataset/versions/1/flickr30k_images/flickr30k_images/1444710198.jpg,Two boys build a fort by a lake,2,1.0
/home/z/zhangyon/.cache/kagglehub/datasets/hsankesara/flickr-image-dataset/versions/1/flickr30k_images/flickr30k_images/1444710198.jpg,Two boys are picking up rocks,1,1.0
/home/z/zhangyon/.cache/kagglehub/datasets/hsankesara/flickr-image-dataset/versions/1/flickr30k_images/flickr30k_images/4586247564.jpg,The woman is outside,0,1.0
/home/z/zhangyon/.cache/kagglehub/datasets/hsankesara/flickr-image-dataset/versions/1/flickr30k_images/flickr30k_images/4586247564.jpg,There is a person walking along a trail in the mountains,2,1.0
/home/z/zhangyon/.cache/kagglehub/datasets/hsankesara/flickr-image-dataset/versions/1/flickr30k_images/flickr30k_images/4586247564.jpg,The woman is walking to meet a friend,1,1.0
/home/z/zhangyon/.cache/kagglehub/datasets/hsankesara/flickr-image-dataset/versions/1/flickr30k_images/flickr30k_images/6472693569.jpg,A man is standing near the water,0,1.0
/home/z/zhangyon/.cache/kagglehub/datasets/hsankesara/flickr-image-dataset/versions/1/flickr30k_images/flickr30k_images/6472693569.jpg,Two women are scuba diving,2,1.0
/home/z/zhangyon/.cache/kagglehub/datasets/hsankesara/flickr-image-dataset/versions/1/flickr30k_images/flickr30k_images/6472693569.jpg,A woman is staning near the lake,2,1.0
/home/z/zhangyon/.cache/kagglehub/datasets/hsankesara/flickr-image-dataset/versions/1/flickr30k_images/flickr30k_images/3176499620.jpg,man does handstand,0,1.0
/home/z/zhangyon/.cache/kagglehub/datasets/hsankesara/flickr-image-dataset/versions/1/flickr30k_images/flickr30k_images/3176499620.jpg,girl cooks pasta,2,1.0
/home/z/zhangyon/.cache/kagglehub/datasets/hsankesara/flickr-image-dataset/versions/1/flickr30k_images/flickr30k_images/3176499620.jpg,Skateboarder is trying to impress others,1,1.0
/home/z/zhangyon/.cache/kagglehub/datasets/hsankesara/flickr-image-dataset/versions/1/flickr30k_images/flickr30k_images/2800990525.jpg,Man taking a photo,1,1.0
/home/z/zhangyon/.cache/kagglehub/datasets/hsankesara/flickr-image-dataset/versions/1/flickr30k_images/flickr30k_images/2800990525.jpg,A man with dogs is waiting for a ride,2,1.0
/home/z/zhangyon/.cache/kagglehub/datasets/hsankesara/flickr-image-dataset/versions/1/flickr30k_images/flickr30k_images/2800990525.jpg,Man modeling his new sunglasses for magazine,1,1.0
/home/z/zhangyon/.cache/kagglehub/datasets/hsankesara/flickr-image-dataset/versions/1/flickr30k_images/flickr30k_images/1387014885.jpg,Two people talk with each other on an outing,0,1.0
/home/z/zhangyon/.cache/kagglehub/datasets/hsankesara/flickr-image-dataset/versions/1/flickr30k_images/flickr30k_images/1387014885.jpg,A man addresses the audience in September of 2009,2,1.0
/home/z/zhangyon/.cache/kagglehub/datasets/hsankesara/flickr-image-dataset/versions/1/flickr30k_images/flickr30k_images/1387014885.jpg,The people in the picture are at an indie folk festival,1,1.0
/home/z/zhangyon/.cache/kagglehub/datasets/hsankesara/flickr-image-dataset/versions/1/flickr30k_images/flickr30k_images/3121219649.jpg,Three humans are standing outside,0,1.0
/home/z/zhangyon/.cache/kagglehub/datasets/hsankesara/flickr-image-dataset/versions/1/flickr30k_images/flickr30k_images/3121219649.jpg,Three men are fishing at a lake,2,1.0
/home/z/zhangyon/.cache/kagglehub/datasets/hsankesara/flickr-image-dataset/versions/1/flickr30k_images/flickr30k_images/3121219649.jpg,The men are lost,1,1.0
/home/z/zhangyon/.cache/kagglehub/datasets/hsankesara/flickr-image-dataset/versions/1/flickr30k_images/flickr30k_images/2537002791.jpg,A man is near electronic equipment,0,1.0
/home/z/zhangyon/.cache/kagglehub/datasets/hsankesara/flickr-image-dataset/versions/1/flickr30k_images/flickr30k_images/2537002791.jpg,The Factory needs a little touch up,1,1.0
/home/z/zhangyon/.cache/kagglehub/datasets/hsankesara/flickr-image-dataset/versions/1/flickr30k_images/flickr30k_images/2537002791.jpg,The man is building a bridge with the large equipment,1,1.0
/home/z/zhangyon/.cache/kagglehub/datasets/hsankesara/flickr-image-dataset/versions/1/flickr30k_images/flickr30k_images/97162852.jpg,Woman is working with material,0,1.0
/home/z/zhangyon/.cache/kagglehub/datasets/hsankesara/flickr-image-dataset/versions/1/flickr30k_images/flickr30k_images/97162852.jpg,The women is trying her hand at graffiti art,2,1.0
/home/z/zhangyon/.cache/kagglehub/datasets/hsankesara/flickr-image-dataset/versions/1/flickr30k_images/flickr30k_images/97162852.jpg,Woman makes clothes for her baby,1,1.0
/home/z/zhangyon/.cache/kagglehub/datasets/hsankesara/flickr-image-dataset/versions/1/flickr30k_images/flickr30k_images/519228867.jpg,The girl is taking a bath,0,1.0
/home/z/zhangyon/.cache/kagglehub/datasets/hsankesara/flickr-image-dataset/versions/1/flickr30k_images/flickr30k_images/519228867.jpg,A boy is in a pool,2,1.0
/home/z/zhangyon/.cache/kagglehub/datasets/hsankesara/flickr-image-dataset/versions/1/flickr30k_images/flickr30k_images/519228867.jpg,A young girl takes a bubble bath in her swimsuit,1,1.0
/home/z/zhangyon/.cache/kagglehub/datasets/hsankesara/flickr-image-dataset/versions/1/flickr30k_images/flickr30k_images/6870585516.jpg,People are on the escalator,0,1.0
/home/z/zhangyon/.cache/kagglehub/datasets/hsankesara/flickr-image-dataset/versions/1/flickr30k_images/flickr30k_images/6870585516.jpg,A group of people walking down the stairs,2,1.0
/home/z/zhangyon/.cache/kagglehub/datasets/hsankesara/flickr-image-dataset/versions/1/flickr30k_images/flickr30k_images/6870585516.jpg,Men and women are going to work,1,1.0
/home/z/zhangyon/.cache/kagglehub/datasets/hsankesara/flickr-image-dataset/versions/1/flickr30k_images/flickr30k_images/2768972186.jpg,The older dog wanted to play with the younger white puppy,0,1.0
/home/z/zhangyon/.cache/kagglehub/datasets/hsankesara/flickr-image-dataset/versions/1/flickr30k_images/flickr30k_images/2768972186.jpg,The same person owns both dogs,1,1.0
/home/z/zhangyon/.cache/kagglehub/datasets/hsankesara/flickr-image-dataset/versions/1/flickr30k_images/flickr30k_images/2768972186.jpg,The dogs are just playing with each other,1,1.0
/home/z/zhangyon/.cache/kagglehub/datasets/hsankesara/flickr-image-dataset/versions/1/flickr30k_images/flickr30k_images/3422458549.jpg,a female is in orange clothes,0,1.0
/home/z/zhangyon/.cache/kagglehub/datasets/hsankesara/flickr-image-dataset/versions/1/flickr30k_images/flickr30k_images/3422458549.jpg,A white lady wearing black is playing golf,2,1.0
/home/z/zhangyon/.cache/kagglehub/datasets/hsankesara/flickr-image-dataset/versions/1/flickr30k_images/flickr30k_images/3422458549.jpg,A black woman wearing orange is winning a tennis match,1,1.0
/home/z/zhangyon/.cache/kagglehub/datasets/hsankesara/flickr-image-dataset/versions/1/flickr30k_images/flickr30k_images/4594224630.jpg,people play instruments,0,1.0
/home/z/zhangyon/.cache/kagglehub/datasets/hsankesara/flickr-image-dataset/versions/1/flickr30k_images/flickr30k_images/4594224630.jpg,Men are playing instruments at the mall,2,1.0
/home/z/zhangyon/.cache/kagglehub/datasets/hsankesara/flickr-image-dataset/versions/1/flickr30k_images/flickr30k_images/4594224630.jpg,Men are rehearsing for the concert at the baseball field,1,1.0
/home/z/zhangyon/.cache/kagglehub/datasets/hsankesara/flickr-image-dataset/versions/1/flickr30k_images/flickr30k_images/292198220.jpg,A young female is looking at a doll,0,1.0
/home/z/zhangyon/.cache/kagglehub/datasets/hsankesara/flickr-image-dataset/versions/1/flickr30k_images/flickr30k_images/292198220.jpg,a boy running,2,1.0
/home/z/zhangyon/.cache/kagglehub/datasets/hsankesara/flickr-image-dataset/versions/1/flickr30k_images/flickr30k_images/292198220.jpg,The girl is holding a Barbie doll,1,1.0
/home/z/zhangyon/.cache/kagglehub/datasets/hsankesara/flickr-image-dataset/versions/1/flickr30k_images/flickr30k_images/3090398639.jpg,A woman is riding a bike,0,1.0
/home/z/zhangyon/.cache/kagglehub/datasets/hsankesara/flickr-image-dataset/versions/1/flickr30k_images/flickr30k_images/3090398639.jpg,they are men,2,1.0
/home/z/zhangyon/.cache/kagglehub/datasets/hsankesara/flickr-image-dataset/versions/1/flickr30k_images/flickr30k_images/3090398639.jpg,A mountain biker rides along a trail in the woods and hopes not to lose the race,1,1.0
/home/z/zhangyon/.cache/kagglehub/datasets/hsankesara/flickr-image-dataset/versions/1/flickr30k_images/flickr30k_images/76466808.jpg,their a plane in airport,0,1.0
/home/z/zhangyon/.cache/kagglehub/datasets/hsankesara/flickr-image-dataset/versions/1/flickr30k_images/flickr30k_images/76466808.jpg,The pilots are in the cockpit joking around with the stewardess,2,1.0
/home/z/zhangyon/.cache/kagglehub/datasets/hsankesara/flickr-image-dataset/versions/1/flickr30k_images/flickr30k_images/76466808.jpg,pliot is going to take a selfie,1,1.0
/home/z/zhangyon/.cache/kagglehub/datasets/hsankesara/flickr-image-dataset/versions/1/flickr30k_images/flickr30k_images/234374617.jpg,A man talks on the phone,0,1.0
/home/z/zhangyon/.cache/kagglehub/datasets/hsankesara/flickr-image-dataset/versions/1/flickr30k_images/flickr30k_images/234374617.jpg,A man runs through the park,2,1.0
/home/z/zhangyon/.cache/kagglehub/datasets/hsankesara/flickr-image-dataset/versions/1/flickr30k_images/flickr30k_images/234374617.jpg,A man calls someone from a festival,1,1.0
/home/z/zhangyon/.cache/kagglehub/datasets/hsankesara/flickr-image-dataset/versions/1/flickr30k_images/flickr30k_images/2255266906.jpg,The bird is is touching the tree,0,1.0
/home/z/zhangyon/.cache/kagglehub/datasets/hsankesara/flickr-image-dataset/versions/1/flickr30k_images/flickr30k_images/2255266906.jpg,The cherry trees are in full bloom,2,1.0
/home/z/zhangyon/.cache/kagglehub/datasets/hsankesara/flickr-image-dataset/versions/1/flickr30k_images/flickr30k_images/2255266906.jpg,A dove is in a tree that is dying,1,1.0
/home/z/zhangyon/.cache/kagglehub/datasets/hsankesara/flickr-image-dataset/versions/1/flickr30k_images/flickr30k_images/5428390334.jpg,The man in the lab coat is looking at something,0,1.0
/home/z/zhangyon/.cache/kagglehub/datasets/hsankesara/flickr-image-dataset/versions/1/flickr30k_images/flickr30k_images/5428390334.jpg,The man is not a scientist,2,1.0
/home/z/zhangyon/.cache/kagglehub/datasets/hsankesara/flickr-image-dataset/versions/1/flickr30k_images/flickr30k_images/5428390334.jpg,A scientist comparing the two slides,1,1.0
/home/z/zhangyon/.cache/kagglehub/datasets/hsankesara/flickr-image-dataset/versions/1/flickr30k_images/flickr30k_images/1408958345.jpg,A happy girl is at the beach,0,1.0
/home/z/zhangyon/.cache/kagglehub/datasets/hsankesara/flickr-image-dataset/versions/1/flickr30k_images/flickr30k_images/1408958345.jpg,A little boy is sitting on some sand,2,1.0
/home/z/zhangyon/.cache/kagglehub/datasets/hsankesara/flickr-image-dataset/versions/1/flickr30k_images/flickr30k_images/1408958345.jpg,The female is chasing her friend,1,1.0
/home/z/zhangyon/.cache/kagglehub/datasets/hsankesara/flickr-image-dataset/versions/1/flickr30k_images/flickr30k_images/312788070.jpg,The players are outdoors,0,1.0
/home/z/zhangyon/.cache/kagglehub/datasets/hsankesara/flickr-image-dataset/versions/1/flickr30k_images/flickr30k_images/312788070.jpg,The soccer game was canceled and all the players stayed home and vowed not to play soccer,2,1.0
/home/z/zhangyon/.cache/kagglehub/datasets/hsankesara/flickr-image-dataset/versions/1/flickr30k_images/flickr30k_images/312788070.jpg,The soccer player was waiting to play a game,1,1.0
/home/z/zhangyon/.cache/kagglehub/datasets/hsankesara/flickr-image-dataset/versions/1/flickr30k_images/flickr30k_images/6869365418.jpg,The children play at a park outside,0,1.0
/home/z/zhangyon/.cache/kagglehub/datasets/hsankesara/flickr-image-dataset/versions/1/flickr30k_images/flickr30k_images/6869365418.jpg,The children are riding bicycles,2,1.0
/home/z/zhangyon/.cache/kagglehub/datasets/hsankesara/flickr-image-dataset/versions/1/flickr30k_images/flickr30k_images/6869365418.jpg,the children are pretending they are underwater and blowing bubbles,1,1.0
/home/z/zhangyon/.cache/kagglehub/datasets/hsankesara/flickr-image-dataset/versions/1/flickr30k_images/flickr30k_images/2319389144.jpg,An overhead shot of two people on a street,0,1.0
/home/z/zhangyon/.cache/kagglehub/datasets/hsankesara/flickr-image-dataset/versions/1/flickr30k_images/flickr30k_images/2319389144.jpg,The picture is taken on the national highway,2,1.0
/home/z/zhangyon/.cache/kagglehub/datasets/hsankesara/flickr-image-dataset/versions/1/flickr30k_images/flickr30k_images/2319389144.jpg,The photograph is shot by a female,1,1.0
/home/z/zhangyon/.cache/kagglehub/datasets/hsankesara/flickr-image-dataset/versions/1/flickr30k_images/flickr30k_images/3522989916.jpg,The gray and tan dog is outside,0,1.0
/home/z/zhangyon/.cache/kagglehub/datasets/hsankesara/flickr-image-dataset/versions/1/flickr30k_images/flickr30k_images/3522989916.jpg,The dogs are inside napping,2,1.0
/home/z/zhangyon/.cache/kagglehub/datasets/hsankesara/flickr-image-dataset/versions/1/flickr30k_images/flickr30k_images/3522989916.jpg,The brown dog alerts at the strange gray dog,1,1.0
/home/z/zhangyon/.cache/kagglehub/datasets/hsankesara/flickr-image-dataset/versions/1/flickr30k_images/flickr30k_images/3274495419.jpg,Several people are watching a demonstration,0,1.0
/home/z/zhangyon/.cache/kagglehub/datasets/hsankesara/flickr-image-dataset/versions/1/flickr30k_images/flickr30k_images/3274495419.jpg,The people are all sitting down,2,1.0
/home/z/zhangyon/.cache/kagglehub/datasets/hsankesara/flickr-image-dataset/versions/1/flickr30k_images/flickr30k_images/3274495419.jpg,People working in a factory,1,1.0
/home/z/zhangyon/.cache/kagglehub/datasets/hsankesara/flickr-image-dataset/versions/1/flickr30k_images/flickr30k_images/4433634883.jpg,a man is standing,0,1.0
/home/z/zhangyon/.cache/kagglehub/datasets/hsankesara/flickr-image-dataset/versions/1/flickr30k_images/flickr30k_images/4433634883.jpg,An image of rolling farmland,2,1.0
/home/z/zhangyon/.cache/kagglehub/datasets/hsankesara/flickr-image-dataset/versions/1/flickr30k_images/flickr30k_images/4433634883.jpg,It is the fall,1,1.0
/home/z/zhangyon/.cache/kagglehub/datasets/hsankesara/flickr-image-dataset/versions/1/flickr30k_images/flickr30k_images/299303069.jpg,The child is playing alone,0,1.0
/home/z/zhangyon/.cache/kagglehub/datasets/hsankesara/flickr-image-dataset/versions/1/flickr30k_images/flickr30k_images/299303069.jpg,A boy is playing with some crayons,2,1.0
/home/z/zhangyon/.cache/kagglehub/datasets/hsankesara/flickr-image-dataset/versions/1/flickr30k_images/flickr30k_images/299303069.jpg,The boy played with his Legos earlier,1,1.0
/home/z/zhangyon/.cache/kagglehub/datasets/hsankesara/flickr-image-dataset/versions/1/flickr30k_images/flickr30k_images/118854260.jpg,A woman is manicuring her nails,0,1.0
/home/z/zhangyon/.cache/kagglehub/datasets/hsankesara/flickr-image-dataset/versions/1/flickr30k_images/flickr30k_images/118854260.jpg,A woman is ironing,2,1.0
/home/z/zhangyon/.cache/kagglehub/datasets/hsankesara/flickr-image-dataset/versions/1/flickr30k_images/flickr30k_images/118854260.jpg,A woman is getting ready for a date,1,1.0
/home/z/zhangyon/.cache/kagglehub/datasets/hsankesara/flickr-image-dataset/versions/1/flickr30k_images/flickr30k_images/4974263771.jpg,Humans are seated,0,1.0
/home/z/zhangyon/.cache/kagglehub/datasets/hsankesara/flickr-image-dataset/versions/1/flickr30k_images/flickr30k_images/4974263771.jpg,A girl is in her kitchen,2,1.0
/home/z/zhangyon/.cache/kagglehub/datasets/hsankesara/flickr-image-dataset/versions/1/flickr30k_images/flickr30k_images/4974263771.jpg,A couple of kids sit on a ledge and talk about romance,1,1.0
/home/z/zhangyon/.cache/kagglehub/datasets/hsankesara/flickr-image-dataset/versions/1/flickr30k_images/flickr30k_images/492587970.jpg,Two men are improving their hygiene while women watch,0,1.0
/home/z/zhangyon/.cache/kagglehub/datasets/hsankesara/flickr-image-dataset/versions/1/flickr30k_images/flickr30k_images/492587970.jpg,Two men are in their cars in heavy traffic,2,1.0
/home/z/zhangyon/.cache/kagglehub/datasets/hsankesara/flickr-image-dataset/versions/1/flickr30k_images/flickr30k_images/492587970.jpg,The woman is waiting for the men to get ready,1,1.0
/home/z/zhangyon/.cache/kagglehub/datasets/hsankesara/flickr-image-dataset/versions/1/flickr30k_images/flickr30k_images/4973611817.jpg,The man is by the car,0,1.0
/home/z/zhangyon/.cache/kagglehub/datasets/hsankesara/flickr-image-dataset/versions/1/flickr30k_images/flickr30k_images/4973611817.jpg,the bike rider on road,2,1.0
/home/z/zhangyon/.cache/kagglehub/datasets/hsankesara/flickr-image-dataset/versions/1/flickr30k_images/flickr30k_images/4973611817.jpg,"On poor parking, He Writes a ticket",1,1.0
/home/z/zhangyon/.cache/kagglehub/datasets/hsankesara/flickr-image-dataset/versions/1/flickr30k_images/flickr30k_images/3310851569.jpg,People are backstage,0,1.0
/home/z/zhangyon/.cache/kagglehub/datasets/hsankesara/flickr-image-dataset/versions/1/flickr30k_images/flickr30k_images/3310851569.jpg,A boy is playing tag with friends while in his front yard,2,1.0
/home/z/zhangyon/.cache/kagglehub/datasets/hsankesara/flickr-image-dataset/versions/1/flickr30k_images/flickr30k_images/3310851569.jpg,Musicians are playing rock music,1,1.0
/home/z/zhangyon/.cache/kagglehub/datasets/hsankesara/flickr-image-dataset/versions/1/flickr30k_images/flickr30k_images/3771613841.jpg,A group of people look at a bridge,0,1.0
/home/z/zhangyon/.cache/kagglehub/datasets/hsankesara/flickr-image-dataset/versions/1/flickr30k_images/flickr30k_images/3771613841.jpg,Five people look towards a bridge to watch the fireworks,2,1.0
/home/z/zhangyon/.cache/kagglehub/datasets/hsankesara/flickr-image-dataset/versions/1/flickr30k_images/flickr30k_images/3771613841.jpg,younger men enjoy fishing,1,1.0
/home/z/zhangyon/.cache/kagglehub/datasets/hsankesara/flickr-image-dataset/versions/1/flickr30k_images/flickr30k_images/4397606831.jpg,Two men are goofing around and climbing a light pole,0,1.0
/home/z/zhangyon/.cache/kagglehub/datasets/hsankesara/flickr-image-dataset/versions/1/flickr30k_images/flickr30k_images/4397606831.jpg,A man is officiating a Nascar race,2,1.0
/home/z/zhangyon/.cache/kagglehub/datasets/hsankesara/flickr-image-dataset/versions/1/flickr30k_images/flickr30k_images/4397606831.jpg,Two men are chasing each other to the top of a light pole,2,1.0
/home/z/zhangyon/.cache/kagglehub/datasets/hsankesara/flickr-image-dataset/versions/1/flickr30k_images/flickr30k_images/1303727066.jpg,The man has a beard,0,1.0
/home/z/zhangyon/.cache/kagglehub/datasets/hsankesara/flickr-image-dataset/versions/1/flickr30k_images/flickr30k_images/1303727066.jpg,A woman is naked,2,1.0
/home/z/zhangyon/.cache/kagglehub/datasets/hsankesara/flickr-image-dataset/versions/1/flickr30k_images/flickr30k_images/1303727066.jpg,This hippie wants peace throughout the world,1,1.0
/home/z/zhangyon/.cache/kagglehub/datasets/hsankesara/flickr-image-dataset/versions/1/flickr30k_images/flickr30k_images/2466420387.jpg,A lady in a swimsuit checking things out,0,1.0
/home/z/zhangyon/.cache/kagglehub/datasets/hsankesara/flickr-image-dataset/versions/1/flickr30k_images/flickr30k_images/2466420387.jpg,A naked woman playing piano,2,1.0
/home/z/zhangyon/.cache/kagglehub/datasets/hsankesara/flickr-image-dataset/versions/1/flickr30k_images/flickr30k_images/2466420387.jpg,the girls are sweaty,1,1.0
/home/z/zhangyon/.cache/kagglehub/datasets/hsankesara/flickr-image-dataset/versions/1/flickr30k_images/flickr30k_images/2705922624.jpg,A creepy man filming girls,1,1.0
/home/z/zhangyon/.cache/kagglehub/datasets/hsankesara/flickr-image-dataset/versions/1/flickr30k_images/flickr30k_images/2705922624.jpg,children are making goofy faces for a picture,2,1.0
/home/z/zhangyon/.cache/kagglehub/datasets/hsankesara/flickr-image-dataset/versions/1/flickr30k_images/flickr30k_images/2705922624.jpg,A man taking a video of girls outside for a movie,1,1.0
/home/z/zhangyon/.cache/kagglehub/datasets/hsankesara/flickr-image-dataset/versions/1/flickr30k_images/flickr30k_images/5131842202.jpg,A clown relaxing in a tent,0,1.0
/home/z/zhangyon/.cache/kagglehub/datasets/hsankesara/flickr-image-dataset/versions/1/flickr30k_images/flickr30k_images/5131842202.jpg,the clown is performing at a party,1,1.0
/home/z/zhangyon/.cache/kagglehub/datasets/hsankesara/flickr-image-dataset/versions/1/flickr30k_images/flickr30k_images/5131842202.jpg,the clown is a killer,2,1.0
/home/z/zhangyon/.cache/kagglehub/datasets/hsankesara/flickr-image-dataset/versions/1/flickr30k_images/flickr30k_images/4565084634.jpg,people carrying things,0,1.0
/home/z/zhangyon/.cache/kagglehub/datasets/hsankesara/flickr-image-dataset/versions/1/flickr30k_images/flickr30k_images/4565084634.jpg,A homeless man sits outside a train station and asks people for money,2,1.0
/home/z/zhangyon/.cache/kagglehub/datasets/hsankesara/flickr-image-dataset/versions/1/flickr30k_images/flickr30k_images/4565084634.jpg,A man and his wife are walking home,1,1.0
/home/z/zhangyon/.cache/kagglehub/datasets/hsankesara/flickr-image-dataset/versions/1/flickr30k_images/flickr30k_images/7610186624.jpg,There is one woman in this picture and she is outside,0,1.0
/home/z/zhangyon/.cache/kagglehub/datasets/hsankesara/flickr-image-dataset/versions/1/flickr30k_images/flickr30k_images/7610186624.jpg,The woman works as a secretary at a local office building down the street,1,1.0
/home/z/zhangyon/.cache/kagglehub/datasets/hsankesara/flickr-image-dataset/versions/1/flickr30k_images/flickr30k_images/7610186624.jpg,A woman is sitting outside waiting for her friend,1,1.0
/home/z/zhangyon/.cache/kagglehub/datasets/hsankesara/flickr-image-dataset/versions/1/flickr30k_images/flickr30k_images/551315867.jpg,There are two man standing together,0,1.0
/home/z/zhangyon/.cache/kagglehub/datasets/hsankesara/flickr-image-dataset/versions/1/flickr30k_images/flickr30k_images/551315867.jpg,two trees have fallen on a boar,2,1.0
/home/z/zhangyon/.cache/kagglehub/datasets/hsankesara/flickr-image-dataset/versions/1/flickr30k_images/flickr30k_images/551315867.jpg,two public works men trim treeptops,1,1.0
/home/z/zhangyon/.cache/kagglehub/datasets/hsankesara/flickr-image-dataset/versions/1/flickr30k_images/flickr30k_images/2382950929.jpg,There was a lake near the rocks,0,1.0
/home/z/zhangyon/.cache/kagglehub/datasets/hsankesara/flickr-image-dataset/versions/1/flickr30k_images/flickr30k_images/2382950929.jpg,The sun is at its highest point of the day,2,1.0
/home/z/zhangyon/.cache/kagglehub/datasets/hsankesara/flickr-image-dataset/versions/1/flickr30k_images/flickr30k_images/2382950929.jpg,The faces of the people are visible,1,1.0
/home/z/zhangyon/.cache/kagglehub/datasets/hsankesara/flickr-image-dataset/versions/1/flickr30k_images/flickr30k_images/2860432302.jpg,The butcher is working with fish,0,1.0
/home/z/zhangyon/.cache/kagglehub/datasets/hsankesara/flickr-image-dataset/versions/1/flickr30k_images/flickr30k_images/2860432302.jpg,A man stares at half of a piece of pasta,2,1.0
/home/z/zhangyon/.cache/kagglehub/datasets/hsankesara/flickr-image-dataset/versions/1/flickr30k_images/flickr30k_images/2860432302.jpg,A man just caught some trout,1,1.0
/home/z/zhangyon/.cache/kagglehub/datasets/hsankesara/flickr-image-dataset/versions/1/flickr30k_images/flickr30k_images/4287633714.jpg,A person in a jacket has his arms covered,0,1.0
/home/z/zhangyon/.cache/kagglehub/datasets/hsankesara/flickr-image-dataset/versions/1/flickr30k_images/flickr30k_images/4287633714.jpg,The man is walking ahead of the woman,2,1.0
/home/z/zhangyon/.cache/kagglehub/datasets/hsankesara/flickr-image-dataset/versions/1/flickr30k_images/flickr30k_images/4287633714.jpg,A person is holding hands with his wife,1,1.0
/home/z/zhangyon/.cache/kagglehub/datasets/hsankesara/flickr-image-dataset/versions/1/flickr30k_images/flickr30k_images/4005756399.jpg,The person in the photo has more than one thing for sale at his stand or cart,0,1.0
/home/z/zhangyon/.cache/kagglehub/datasets/hsankesara/flickr-image-dataset/versions/1/flickr30k_images/flickr30k_images/4005756399.jpg,A man eating dinner,2,1.0
/home/z/zhangyon/.cache/kagglehub/datasets/hsankesara/flickr-image-dataset/versions/1/flickr30k_images/flickr30k_images/4005756399.jpg,a poor man sells kids toys,1,1.0
/home/z/zhangyon/.cache/kagglehub/datasets/hsankesara/flickr-image-dataset/versions/1/flickr30k_images/flickr30k_images/4803926618.jpg,The drummer is performing,0,1.0
/home/z/zhangyon/.cache/kagglehub/datasets/hsankesara/flickr-image-dataset/versions/1/flickr30k_images/flickr30k_images/4803926618.jpg,2 guys are playing the guitar,2,1.0
/home/z/zhangyon/.cache/kagglehub/datasets/hsankesara/flickr-image-dataset/versions/1/flickr30k_images/flickr30k_images/4803926618.jpg,The drummer is playing his set for an audience at an event,1,1.0
/home/z/zhangyon/.cache/kagglehub/datasets/hsankesara/flickr-image-dataset/versions/1/flickr30k_images/flickr30k_images/116409198.jpg,A young man is sitting on snow,0,1.0
/home/z/zhangyon/.cache/kagglehub/datasets/hsankesara/flickr-image-dataset/versions/1/flickr30k_images/flickr30k_images/116409198.jpg,A woman in a field,2,1.0
/home/z/zhangyon/.cache/kagglehub/datasets/hsankesara/flickr-image-dataset/versions/1/flickr30k_images/flickr30k_images/116409198.jpg,The young man is enjoying the scene,1,1.0
/home/z/zhangyon/.cache/kagglehub/datasets/hsankesara/flickr-image-dataset/versions/1/flickr30k_images/flickr30k_images/227689211.jpg,A policeman is looking at a man,0,1.0
/home/z/zhangyon/.cache/kagglehub/datasets/hsankesara/flickr-image-dataset/versions/1/flickr30k_images/flickr30k_images/227689211.jpg,A policeman is directing traffic,2,1.0
/home/z/zhangyon/.cache/kagglehub/datasets/hsankesara/flickr-image-dataset/versions/1/flickr30k_images/flickr30k_images/227689211.jpg,A policeman suspect the sailor is the murderer,1,1.0
/home/z/zhangyon/.cache/kagglehub/datasets/hsankesara/flickr-image-dataset/versions/1/flickr30k_images/flickr30k_images/2997939824.jpg,Soldiers wash objects,0,1.0
/home/z/zhangyon/.cache/kagglehub/datasets/hsankesara/flickr-image-dataset/versions/1/flickr30k_images/flickr30k_images/2997939824.jpg,Soldiers wash puppies in tubs,2,1.0
/home/z/zhangyon/.cache/kagglehub/datasets/hsankesara/flickr-image-dataset/versions/1/flickr30k_images/flickr30k_images/2997939824.jpg,Soldiers wash pans after a meal,0,1.0
/home/z/zhangyon/.cache/kagglehub/datasets/hsankesara/flickr-image-dataset/versions/1/flickr30k_images/flickr30k_images/2741051940.jpg,A dog is playing,1,1.0
/home/z/zhangyon/.cache/kagglehub/datasets/hsankesara/flickr-image-dataset/versions/1/flickr30k_images/flickr30k_images/2741051940.jpg,The dog has a full tail,2,1.0
/home/z/zhangyon/.cache/kagglehub/datasets/hsankesara/flickr-image-dataset/versions/1/flickr30k_images/flickr30k_images/2741051940.jpg,The dog is a pit bull,1,1.0
/home/z/zhangyon/.cache/kagglehub/datasets/hsankesara/flickr-image-dataset/versions/1/flickr30k_images/flickr30k_images/45334151.jpg,The woman is entertaining herself with a book,0,1.0
/home/z/zhangyon/.cache/kagglehub/datasets/hsankesara/flickr-image-dataset/versions/1/flickr30k_images/flickr30k_images/45334151.jpg,The woman is watching tv,2,1.0
/home/z/zhangyon/.cache/kagglehub/datasets/hsankesara/flickr-image-dataset/versions/1/flickr30k_images/flickr30k_images/45334151.jpg,A woman is reading a book waiting for her load of whites to finish,1,1.0
/home/z/zhangyon/.cache/kagglehub/datasets/hsankesara/flickr-image-dataset/versions/1/flickr30k_images/flickr30k_images/7772052674.jpg,A women in black drinks,0,1.0
/home/z/zhangyon/.cache/kagglehub/datasets/hsankesara/flickr-image-dataset/versions/1/flickr30k_images/flickr30k_images/7772052674.jpg,Two men and a woman are eating dinner at the bar,2,1.0
/home/z/zhangyon/.cache/kagglehub/datasets/hsankesara/flickr-image-dataset/versions/1/flickr30k_images/flickr30k_images/7772052674.jpg,Young men drinking at the bar while the girls dance,1,1.0
/home/z/zhangyon/.cache/kagglehub/datasets/hsankesara/flickr-image-dataset/versions/1/flickr30k_images/flickr30k_images/2527628435.jpg,A man sits and holds onto an item,0,1.0
/home/z/zhangyon/.cache/kagglehub/datasets/hsankesara/flickr-image-dataset/versions/1/flickr30k_images/flickr30k_images/2527628435.jpg,The man is rowing a boat,2,1.0
/home/z/zhangyon/.cache/kagglehub/datasets/hsankesara/flickr-image-dataset/versions/1/flickr30k_images/flickr30k_images/2527628435.jpg,A man prepares to fix his broken shoe,1,1.0
/home/z/zhangyon/.cache/kagglehub/datasets/hsankesara/flickr-image-dataset/versions/1/flickr30k_images/flickr30k_images/221596640.jpg,A hippie plays his music,0,1.0
/home/z/zhangyon/.cache/kagglehub/datasets/hsankesara/flickr-image-dataset/versions/1/flickr30k_images/flickr30k_images/221596640.jpg,A long grey haired hippy plays a song on his guitar,2,1.0
/home/z/zhangyon/.cache/kagglehub/datasets/hsankesara/flickr-image-dataset/versions/1/flickr30k_images/flickr30k_images/221596640.jpg,A long-haired man plays a guitar outdoors,0,1.0
/home/z/zhangyon/.cache/kagglehub/datasets/hsankesara/flickr-image-dataset/versions/1/flickr30k_images/flickr30k_images/4368362518.jpg,A man is playing an instrument,0,1.0
/home/z/zhangyon/.cache/kagglehub/datasets/hsankesara/flickr-image-dataset/versions/1/flickr30k_images/flickr30k_images/4368362518.jpg,A man is playing on the beach,2,1.0
/home/z/zhangyon/.cache/kagglehub/datasets/hsankesara/flickr-image-dataset/versions/1/flickr30k_images/flickr30k_images/4368362518.jpg,A man teaches a congregation the new worship song he wrote,1,1.0
/home/z/zhangyon/.cache/kagglehub/datasets/hsankesara/flickr-image-dataset/versions/1/flickr30k_images/flickr30k_images/2501548593.jpg,Ladies playing a sport,0,1.0
/home/z/zhangyon/.cache/kagglehub/datasets/hsankesara/flickr-image-dataset/versions/1/flickr30k_images/flickr30k_images/2501548593.jpg,Two men are playing basketball,2,1.0
/home/z/zhangyon/.cache/kagglehub/datasets/hsankesara/flickr-image-dataset/versions/1/flickr30k_images/flickr30k_images/2501548593.jpg,Two women are playing in a volleyball tournament,0,1.0
/home/z/zhangyon/.cache/kagglehub/datasets/hsankesara/flickr-image-dataset/versions/1/flickr30k_images/flickr30k_images/2905200744.jpg,People are in a vehicle,0,1.0
/home/z/zhangyon/.cache/kagglehub/datasets/hsankesara/flickr-image-dataset/versions/1/flickr30k_images/flickr30k_images/2905200744.jpg,Octopi juggle,2,1.0
/home/z/zhangyon/.cache/kagglehub/datasets/hsankesara/flickr-image-dataset/versions/1/flickr30k_images/flickr30k_images/2905200744.jpg,The vehicle is large,1,1.0
/home/z/zhangyon/.cache/kagglehub/datasets/hsankesara/flickr-image-dataset/versions/1/flickr30k_images/flickr30k_images/4844409798.jpg,A child is walking with an adult,0,1.0
/home/z/zhangyon/.cache/kagglehub/datasets/hsankesara/flickr-image-dataset/versions/1/flickr30k_images/flickr30k_images/4844409798.jpg,The young boy is running away from the person in a red shirt,2,1.0
/home/z/zhangyon/.cache/kagglehub/datasets/hsankesara/flickr-image-dataset/versions/1/flickr30k_images/flickr30k_images/4844409798.jpg,A boy with his older brother are waking to school,1,1.0
/home/z/zhangyon/.cache/kagglehub/datasets/hsankesara/flickr-image-dataset/versions/1/flickr30k_images/flickr30k_images/4716376540.jpg,They performed a wheelie,0,1.0
/home/z/zhangyon/.cache/kagglehub/datasets/hsankesara/flickr-image-dataset/versions/1/flickr30k_images/flickr30k_images/4716376540.jpg,A motor cycle rider pumping gas,2,1.0
/home/z/zhangyon/.cache/kagglehub/datasets/hsankesara/flickr-image-dataset/versions/1/flickr30k_images/flickr30k_images/4716376540.jpg,A woman on a motorcycle tries popping a wheelie for the first time,1,1.0
/home/z/zhangyon/.cache/kagglehub/datasets/hsankesara/flickr-image-dataset/versions/1/flickr30k_images/flickr30k_images/4751932433.jpg,5 people are near some sheep,0,1.0
/home/z/zhangyon/.cache/kagglehub/datasets/hsankesara/flickr-image-dataset/versions/1/flickr30k_images/flickr30k_images/4751932433.jpg,Five black men stand next to lambs,2,1.0
/home/z/zhangyon/.cache/kagglehub/datasets/hsankesara/flickr-image-dataset/versions/1/flickr30k_images/flickr30k_images/4751932433.jpg,Five scientists are studying five cloned sheep,1,1.0
/home/z/zhangyon/.cache/kagglehub/datasets/hsankesara/flickr-image-dataset/versions/1/flickr30k_images/flickr30k_images/4631840705.jpg,There are some guys climbing a mountain,0,1.0
/home/z/zhangyon/.cache/kagglehub/datasets/hsankesara/flickr-image-dataset/versions/1/flickr30k_images/flickr30k_images/4631840705.jpg,The guys are running on the road,2,1.0
/home/z/zhangyon/.cache/kagglehub/datasets/hsankesara/flickr-image-dataset/versions/1/flickr30k_images/flickr30k_images/4631840705.jpg,Men wear shorts under their rock climbing harness,1,1.0
/home/z/zhangyon/.cache/kagglehub/datasets/hsankesara/flickr-image-dataset/versions/1/flickr30k_images/flickr30k_images/4555935886.jpg,A lady does her laundry,0,1.0
/home/z/zhangyon/.cache/kagglehub/datasets/hsankesara/flickr-image-dataset/versions/1/flickr30k_images/flickr30k_images/4555935886.jpg,a woman having dinner,2,1.0
/home/z/zhangyon/.cache/kagglehub/datasets/hsankesara/flickr-image-dataset/versions/1/flickr30k_images/flickr30k_images/4555935886.jpg,A woman hangs her wash out to save money,1,1.0
/home/z/zhangyon/.cache/kagglehub/datasets/hsankesara/flickr-image-dataset/versions/1/flickr30k_images/flickr30k_images/369047365.jpg,the man is taking a picture of a guy with his dogs,0,1.0
/home/z/zhangyon/.cache/kagglehub/datasets/hsankesara/flickr-image-dataset/versions/1/flickr30k_images/flickr30k_images/369047365.jpg,the man owns two beautiful husky dogs,2,1.0
/home/z/zhangyon/.cache/kagglehub/datasets/hsankesara/flickr-image-dataset/versions/1/flickr30k_images/flickr30k_images/369047365.jpg,A brother and sister on a hike,1,1.0
/home/z/zhangyon/.cache/kagglehub/datasets/hsankesara/flickr-image-dataset/versions/1/flickr30k_images/flickr30k_images/821599220.jpg,a couple are hiking,0,1.0
/home/z/zhangyon/.cache/kagglehub/datasets/hsankesara/flickr-image-dataset/versions/1/flickr30k_images/flickr30k_images/821599220.jpg,The are diving in caves,2,1.0
/home/z/zhangyon/.cache/kagglehub/datasets/hsankesara/flickr-image-dataset/versions/1/flickr30k_images/flickr30k_images/821599220.jpg,The husband and wife are taking a second honeymoon to England,1,1.0
/home/z/zhangyon/.cache/kagglehub/datasets/hsankesara/flickr-image-dataset/versions/1/flickr30k_images/flickr30k_images/1378557186.jpg,a man is pictured with his dog,0,1.0
/home/z/zhangyon/.cache/kagglehub/datasets/hsankesara/flickr-image-dataset/versions/1/flickr30k_images/flickr30k_images/1378557186.jpg,The man is outside hunting,2,1.0
/home/z/zhangyon/.cache/kagglehub/datasets/hsankesara/flickr-image-dataset/versions/1/flickr30k_images/flickr30k_images/1378557186.jpg,The man is hunting for ducks with his dog,1,1.0
/home/z/zhangyon/.cache/kagglehub/datasets/hsankesara/flickr-image-dataset/versions/1/flickr30k_images/flickr30k_images/6381062375.jpg,A woman is wearing goggles swimming,0,1.0
/home/z/zhangyon/.cache/kagglehub/datasets/hsankesara/flickr-image-dataset/versions/1/flickr30k_images/flickr30k_images/6381062375.jpg,A woman is resting at home,2,1.0
/home/z/zhangyon/.cache/kagglehub/datasets/hsankesara/flickr-image-dataset/versions/1/flickr30k_images/flickr30k_images/6381062375.jpg,a female swimmer is training the backstroke for the olympics,1,1.0
/home/z/zhangyon/.cache/kagglehub/datasets/hsankesara/flickr-image-dataset/versions/1/flickr30k_images/flickr30k_images/2391509645.jpg,The person and the cow are outdoors,0,1.0
/home/z/zhangyon/.cache/kagglehub/datasets/hsankesara/flickr-image-dataset/versions/1/flickr30k_images/flickr30k_images/2391509645.jpg,The man is at home with his kids,2,1.0
/home/z/zhangyon/.cache/kagglehub/datasets/hsankesara/flickr-image-dataset/versions/1/flickr30k_images/flickr30k_images/2391509645.jpg,The man is at a farm,1,1.0
/home/z/zhangyon/.cache/kagglehub/datasets/hsankesara/flickr-image-dataset/versions/1/flickr30k_images/flickr30k_images/4803984649.jpg,The black man is posing in front of the camera,1,1.0
/home/z/zhangyon/.cache/kagglehub/datasets/hsankesara/flickr-image-dataset/versions/1/flickr30k_images/flickr30k_images/4803984649.jpg,He is under the car,2,1.0
/home/z/zhangyon/.cache/kagglehub/datasets/hsankesara/flickr-image-dataset/versions/1/flickr30k_images/flickr30k_images/4803984649.jpg,He was almost run over,1,1.0
/home/z/zhangyon/.cache/kagglehub/datasets/hsankesara/flickr-image-dataset/versions/1/flickr30k_images/flickr30k_images/2441313372.jpg,A young boy with an injured arm,0,1.0
/home/z/zhangyon/.cache/kagglehub/datasets/hsankesara/flickr-image-dataset/versions/1/flickr30k_images/flickr30k_images/2441313372.jpg,A boy plays patty cake outside of his home,2,1.0
/home/z/zhangyon/.cache/kagglehub/datasets/hsankesara/flickr-image-dataset/versions/1/flickr30k_images/flickr30k_images/2441313372.jpg,the boy fell recently,1,1.0
/home/z/zhangyon/.cache/kagglehub/datasets/hsankesara/flickr-image-dataset/versions/1/flickr30k_images/flickr30k_images/1160441615.jpg,Woman pass the covered bridge in the forest,0,1.0
/home/z/zhangyon/.cache/kagglehub/datasets/hsankesara/flickr-image-dataset/versions/1/flickr30k_images/flickr30k_images/1160441615.jpg,Nobody is walking,2,1.0
/home/z/zhangyon/.cache/kagglehub/datasets/hsankesara/flickr-image-dataset/versions/1/flickr30k_images/flickr30k_images/1160441615.jpg,Tall humans walking,1,1.0
/home/z/zhangyon/.cache/kagglehub/datasets/hsankesara/flickr-image-dataset/versions/1/flickr30k_images/flickr30k_images/3667788497.jpg,A young boy and an airplane,0,1.0
/home/z/zhangyon/.cache/kagglehub/datasets/hsankesara/flickr-image-dataset/versions/1/flickr30k_images/flickr30k_images/3667788497.jpg,The boy is touching a train,2,1.0
/home/z/zhangyon/.cache/kagglehub/datasets/hsankesara/flickr-image-dataset/versions/1/flickr30k_images/flickr30k_images/3667788497.jpg,The airplane is an old military plane,1,1.0
/home/z/zhangyon/.cache/kagglehub/datasets/hsankesara/flickr-image-dataset/versions/1/flickr30k_images/flickr30k_images/1406296515.jpg,People sit outside the leaning tower of Piza being photographed,0,1.0
/home/z/zhangyon/.cache/kagglehub/datasets/hsankesara/flickr-image-dataset/versions/1/flickr30k_images/flickr30k_images/1406296515.jpg,The girl is standing near the Leaning Tower OF Pisa In Sweden,2,1.0
/home/z/zhangyon/.cache/kagglehub/datasets/hsankesara/flickr-image-dataset/versions/1/flickr30k_images/flickr30k_images/1406296515.jpg,A woman is dressed up,1,1.0
/home/z/zhangyon/.cache/kagglehub/datasets/hsankesara/flickr-image-dataset/versions/1/flickr30k_images/flickr30k_images/777288299.jpg,The woman is blonde,0,1.0
/home/z/zhangyon/.cache/kagglehub/datasets/hsankesara/flickr-image-dataset/versions/1/flickr30k_images/flickr30k_images/777288299.jpg,The woman is hitting a football with her tennis racket,2,1.0
/home/z/zhangyon/.cache/kagglehub/datasets/hsankesara/flickr-image-dataset/versions/1/flickr30k_images/flickr30k_images/777288299.jpg,The woman is a professional tennis player,1,1.0
/home/z/zhangyon/.cache/kagglehub/datasets/hsankesara/flickr-image-dataset/versions/1/flickr30k_images/flickr30k_images/7162685234.jpg,The children are standing on the sand,2,1.0
/home/z/zhangyon/.cache/kagglehub/datasets/hsankesara/flickr-image-dataset/versions/1/flickr30k_images/flickr30k_images/7162685234.jpg,The brothers sleep in the sand,2,1.0
/home/z/zhangyon/.cache/kagglehub/datasets/hsankesara/flickr-image-dataset/versions/1/flickr30k_images/flickr30k_images/7162685234.jpg,The ocean has tidal waves coming in,1,1.0
/home/z/zhangyon/.cache/kagglehub/datasets/hsankesara/flickr-image-dataset/versions/1/flickr30k_images/flickr30k_images/3678098428.jpg,A man smiles at the camera while another plays behind him,0,1.0
/home/z/zhangyon/.cache/kagglehub/datasets/hsankesara/flickr-image-dataset/versions/1/flickr30k_images/flickr30k_images/3678098428.jpg,A man smiles at the camera while his partner plays with a childs toy,1,1.0
/home/z/zhangyon/.cache/kagglehub/datasets/hsankesara/flickr-image-dataset/versions/1/flickr30k_images/flickr30k_images/3678098428.jpg,A man getting ready to play golf,1,1.0
/home/z/zhangyon/.cache/kagglehub/datasets/hsankesara/flickr-image-dataset/versions/1/flickr30k_images/flickr30k_images/4632869465.jpg,A light-haired graduate gets a bouquet from her family after the ceremony,1,1.0
/home/z/zhangyon/.cache/kagglehub/datasets/hsankesara/flickr-image-dataset/versions/1/flickr30k_images/flickr30k_images/4632869465.jpg,A black-haired woman of 60 sits in a pub drinking a Guinness,2,1.0
/home/z/zhangyon/.cache/kagglehub/datasets/hsankesara/flickr-image-dataset/versions/1/flickr30k_images/flickr30k_images/4632869465.jpg,A girl smiles after graduating college,0,1.0
/home/z/zhangyon/.cache/kagglehub/datasets/hsankesara/flickr-image-dataset/versions/1/flickr30k_images/flickr30k_images/3549614763.jpg,Two people sitting outside,0,1.0
/home/z/zhangyon/.cache/kagglehub/datasets/hsankesara/flickr-image-dataset/versions/1/flickr30k_images/flickr30k_images/3549614763.jpg,Females and a male in a restaurant,0,1.0
/home/z/zhangyon/.cache/kagglehub/datasets/hsankesara/flickr-image-dataset/versions/1/flickr30k_images/flickr30k_images/3549614763.jpg,Two females trying to decide what they want while a waiter is getting impatient,1,1.0
/home/z/zhangyon/.cache/kagglehub/datasets/hsankesara/flickr-image-dataset/versions/1/flickr30k_images/flickr30k_images/2852982055.jpg,they are near a fountain,0,1.0
/home/z/zhangyon/.cache/kagglehub/datasets/hsankesara/flickr-image-dataset/versions/1/flickr30k_images/flickr30k_images/2852982055.jpg,A woman and kids are riding ostriches,2,1.0
/home/z/zhangyon/.cache/kagglehub/datasets/hsankesara/flickr-image-dataset/versions/1/flickr30k_images/flickr30k_images/2852982055.jpg,Kids playing in fountain at the public park,1,1.0
/home/z/zhangyon/.cache/kagglehub/datasets/hsankesara/flickr-image-dataset/versions/1/flickr30k_images/flickr30k_images/4736841029.jpg,a girl is young,0,1.0
/home/z/zhangyon/.cache/kagglehub/datasets/hsankesara/flickr-image-dataset/versions/1/flickr30k_images/flickr30k_images/4736841029.jpg,An adult with short hair is looking through a glass window,2,1.0
/home/z/zhangyon/.cache/kagglehub/datasets/hsankesara/flickr-image-dataset/versions/1/flickr30k_images/flickr30k_images/4736841029.jpg,A child is enjoying his vacation by looking through a telescope,1,1.0
/home/z/zhangyon/.cache/kagglehub/datasets/hsankesara/flickr-image-dataset/versions/1/flickr30k_images/flickr30k_images/4514987995.jpg,Three people are in a classroom,0,1.0
/home/z/zhangyon/.cache/kagglehub/datasets/hsankesara/flickr-image-dataset/versions/1/flickr30k_images/flickr30k_images/4514987995.jpg,One person alone sweeps the floor of a submarine,2,1.0
/home/z/zhangyon/.cache/kagglehub/datasets/hsankesara/flickr-image-dataset/versions/1/flickr30k_images/flickr30k_images/4514987995.jpg,Three friends are working on an art project,1,1.0
/home/z/zhangyon/.cache/kagglehub/datasets/hsankesara/flickr-image-dataset/versions/1/flickr30k_images/flickr30k_images/2641049916.jpg,The young boy was very patriotic,1,1.0
/home/z/zhangyon/.cache/kagglehub/datasets/hsankesara/flickr-image-dataset/versions/1/flickr30k_images/flickr30k_images/2641049916.jpg,The t-shirt is moldy,2,1.0
/home/z/zhangyon/.cache/kagglehub/datasets/hsankesara/flickr-image-dataset/versions/1/flickr30k_images/flickr30k_images/2641049916.jpg,The patriotic boy went overboard with his red white and blue face,1,1.0
/home/z/zhangyon/.cache/kagglehub/datasets/hsankesara/flickr-image-dataset/versions/1/flickr30k_images/flickr30k_images/1235099089.jpg,A young girl in summer clothes is running outside near some safety markers,0,1.0
/home/z/zhangyon/.cache/kagglehub/datasets/hsankesara/flickr-image-dataset/versions/1/flickr30k_images/flickr30k_images/1235099089.jpg,A young girl plays inside with her dolls,2,1.0
/home/z/zhangyon/.cache/kagglehub/datasets/hsankesara/flickr-image-dataset/versions/1/flickr30k_images/flickr30k_images/1235099089.jpg,A young girl in summer clothes is running in a field near a construction site,1,1.0
/home/z/zhangyon/.cache/kagglehub/datasets/hsankesara/flickr-image-dataset/versions/1/flickr30k_images/flickr30k_images/6828750292.jpg,Some kids are wearing safety gear,0,1.0
/home/z/zhangyon/.cache/kagglehub/datasets/hsankesara/flickr-image-dataset/versions/1/flickr30k_images/flickr30k_images/6828750292.jpg,Three girls are playing lacrosse on the field,2,1.0
/home/z/zhangyon/.cache/kagglehub/datasets/hsankesara/flickr-image-dataset/versions/1/flickr30k_images/flickr30k_images/6828750292.jpg,The masked men are playing for the tiebreaker point in the rugby match,2,1.0
/home/z/zhangyon/.cache/kagglehub/datasets/hsankesara/flickr-image-dataset/versions/1/flickr30k_images/flickr30k_images/3403263046.jpg,Two basketball players are competing for the ball,0,1.0
/home/z/zhangyon/.cache/kagglehub/datasets/hsankesara/flickr-image-dataset/versions/1/flickr30k_images/flickr30k_images/3403263046.jpg,The basketball player is eyeing her teammate,2,1.0
/home/z/zhangyon/.cache/kagglehub/datasets/hsankesara/flickr-image-dataset/versions/1/flickr30k_images/flickr30k_images/3403263046.jpg,The player is looking at the basket,1,1.0
/home/z/zhangyon/.cache/kagglehub/datasets/hsankesara/flickr-image-dataset/versions/1/flickr30k_images/flickr30k_images/7235990180.jpg,People watch kids being entertained,0,1.0
/home/z/zhangyon/.cache/kagglehub/datasets/hsankesara/flickr-image-dataset/versions/1/flickr30k_images/flickr30k_images/7235990180.jpg,Two children in baseball uniforms are playing with sticks at an event,2,1.0
/home/z/zhangyon/.cache/kagglehub/datasets/hsankesara/flickr-image-dataset/versions/1/flickr30k_images/flickr30k_images/7235990180.jpg,two siblings in a crowd with a stick,1,1.0
/home/z/zhangyon/.cache/kagglehub/datasets/hsankesara/flickr-image-dataset/versions/1/flickr30k_images/flickr30k_images/3163281186.jpg,A woman is on top of the wall,0,1.0
/home/z/zhangyon/.cache/kagglehub/datasets/hsankesara/flickr-image-dataset/versions/1/flickr30k_images/flickr30k_images/3163281186.jpg,The scene is in a kitchen,2,1.0
/home/z/zhangyon/.cache/kagglehub/datasets/hsankesara/flickr-image-dataset/versions/1/flickr30k_images/flickr30k_images/3163281186.jpg,A women pats an elephant she is about to ride,1,1.0
/home/z/zhangyon/.cache/kagglehub/datasets/hsankesara/flickr-image-dataset/versions/1/flickr30k_images/flickr30k_images/2654943319.jpg,A person is trying to do tricks inside an area,0,1.0
/home/z/zhangyon/.cache/kagglehub/datasets/hsankesara/flickr-image-dataset/versions/1/flickr30k_images/flickr30k_images/2654943319.jpg,A kid rollerskates down the sidewalk,2,1.0
/home/z/zhangyon/.cache/kagglehub/datasets/hsankesara/flickr-image-dataset/versions/1/flickr30k_images/flickr30k_images/2654943319.jpg,A person competing,1,1.0
/home/z/zhangyon/.cache/kagglehub/datasets/hsankesara/flickr-image-dataset/versions/1/flickr30k_images/flickr30k_images/129662899.jpg,The man is working,0,1.0
/home/z/zhangyon/.cache/kagglehub/datasets/hsankesara/flickr-image-dataset/versions/1/flickr30k_images/flickr30k_images/129662899.jpg,A guy is knitting a sweater inside his house,2,1.0
/home/z/zhangyon/.cache/kagglehub/datasets/hsankesara/flickr-image-dataset/versions/1/flickr30k_images/flickr30k_images/129662899.jpg,A man is getting ready to hang lights,1,1.0
/home/z/zhangyon/.cache/kagglehub/datasets/hsankesara/flickr-image-dataset/versions/1/flickr30k_images/flickr30k_images/7645680482.jpg,Some cyclists are outside,0,1.0
/home/z/zhangyon/.cache/kagglehub/datasets/hsankesara/flickr-image-dataset/versions/1/flickr30k_images/flickr30k_images/7645680482.jpg,Bicyclists are rolling around in the mud,2,1.0
/home/z/zhangyon/.cache/kagglehub/datasets/hsankesara/flickr-image-dataset/versions/1/flickr30k_images/flickr30k_images/7645680482.jpg,The cyclists are in a race and have numbers pinned to their backs,1,1.0
/home/z/zhangyon/.cache/kagglehub/datasets/hsankesara/flickr-image-dataset/versions/1/flickr30k_images/flickr30k_images/3194034449.jpg,The men are sitting down,0,1.0
/home/z/zhangyon/.cache/kagglehub/datasets/hsankesara/flickr-image-dataset/versions/1/flickr30k_images/flickr30k_images/3194034449.jpg,the men are naked,2,1.0
/home/z/zhangyon/.cache/kagglehub/datasets/hsankesara/flickr-image-dataset/versions/1/flickr30k_images/flickr30k_images/3194034449.jpg,the men are thieves,1,1.0
/home/z/zhangyon/.cache/kagglehub/datasets/hsankesara/flickr-image-dataset/versions/1/flickr30k_images/flickr30k_images/3522495606.jpg,The people are sitting down,0,1.0
/home/z/zhangyon/.cache/kagglehub/datasets/hsankesara/flickr-image-dataset/versions/1/flickr30k_images/flickr30k_images/3522495606.jpg,A room full of ducks with elderly people sitting and standing around them,2,1.0
/home/z/zhangyon/.cache/kagglehub/datasets/hsankesara/flickr-image-dataset/versions/1/flickr30k_images/flickr30k_images/3522495606.jpg,A group of people are waiting on their catered lunch,1,1.0
/home/z/zhangyon/.cache/kagglehub/datasets/hsankesara/flickr-image-dataset/versions/1/flickr30k_images/flickr30k_images/7711598144.jpg,There are two people in this picture,0,1.0
/home/z/zhangyon/.cache/kagglehub/datasets/hsankesara/flickr-image-dataset/versions/1/flickr30k_images/flickr30k_images/7711598144.jpg,The woman is performing ballet,2,1.0
/home/z/zhangyon/.cache/kagglehub/datasets/hsankesara/flickr-image-dataset/versions/1/flickr30k_images/flickr30k_images/7711598144.jpg,The woman is competing against a man,1,1.0
/home/z/zhangyon/.cache/kagglehub/datasets/hsankesara/flickr-image-dataset/versions/1/flickr30k_images/flickr30k_images/54242432.jpg,A man is in jeans,0,1.0
/home/z/zhangyon/.cache/kagglehub/datasets/hsankesara/flickr-image-dataset/versions/1/flickr30k_images/flickr30k_images/54242432.jpg,A man is sitting in the car,2,1.0
/home/z/zhangyon/.cache/kagglehub/datasets/hsankesara/flickr-image-dataset/versions/1/flickr30k_images/flickr30k_images/54242432.jpg,The light pole is high,0,1.0
/home/z/zhangyon/.cache/kagglehub/datasets/hsankesara/flickr-image-dataset/versions/1/flickr30k_images/flickr30k_images/4819772045.jpg,two ladies and a child are pictured,0,1.0
/home/z/zhangyon/.cache/kagglehub/datasets/hsankesara/flickr-image-dataset/versions/1/flickr30k_images/flickr30k_images/4819772045.jpg,Two women are standing while a child is hiding under a car,2,1.0
/home/z/zhangyon/.cache/kagglehub/datasets/hsankesara/flickr-image-dataset/versions/1/flickr30k_images/flickr30k_images/4819772045.jpg,The boy is the son of one of the women,1,1.0
/home/z/zhangyon/.cache/kagglehub/datasets/hsankesara/flickr-image-dataset/versions/1/flickr30k_images/flickr30k_images/6186146093.jpg,The people repair a bike tire that has gone flat,0,1.0
/home/z/zhangyon/.cache/kagglehub/datasets/hsankesara/flickr-image-dataset/versions/1/flickr30k_images/flickr30k_images/6186146093.jpg,the birds are eating worms,2,1.0
/home/z/zhangyon/.cache/kagglehub/datasets/hsankesara/flickr-image-dataset/versions/1/flickr30k_images/flickr30k_images/6186146093.jpg,A man and a woman are working on replacing a bike tire tube in order to sell the bike,1,1.0
/home/z/zhangyon/.cache/kagglehub/datasets/hsankesara/flickr-image-dataset/versions/1/flickr30k_images/flickr30k_images/2536995789.jpg,A man in a hard hat and orange vest stands near a major indoor construction project,0,1.0
/home/z/zhangyon/.cache/kagglehub/datasets/hsankesara/flickr-image-dataset/versions/1/flickr30k_images/flickr30k_images/2536995789.jpg,The workers are watching Tv,2,1.0
/home/z/zhangyon/.cache/kagglehub/datasets/hsankesara/flickr-image-dataset/versions/1/flickr30k_images/flickr30k_images/2536995789.jpg,People are fixing a staircase,0,1.0
/home/z/zhangyon/.cache/kagglehub/datasets/hsankesara/flickr-image-dataset/versions/1/flickr30k_images/flickr30k_images/5489602545.jpg,Someone is sweeping,0,1.0
/home/z/zhangyon/.cache/kagglehub/datasets/hsankesara/flickr-image-dataset/versions/1/flickr30k_images/flickr30k_images/5489602545.jpg,A man is cleaning the sidewalk after a flood,2,1.0
/home/z/zhangyon/.cache/kagglehub/datasets/hsankesara/flickr-image-dataset/versions/1/flickr30k_images/flickr30k_images/5489602545.jpg,the man works in the building and is cleaning up the area,1,1.0
/home/z/zhangyon/.cache/kagglehub/datasets/hsankesara/flickr-image-dataset/versions/1/flickr30k_images/flickr30k_images/5614715384.jpg,The woman is not indoors,0,1.0
/home/z/zhangyon/.cache/kagglehub/datasets/hsankesara/flickr-image-dataset/versions/1/flickr30k_images/flickr30k_images/5614715384.jpg,The woman is in the shower,2,1.0
/home/z/zhangyon/.cache/kagglehub/datasets/hsankesara/flickr-image-dataset/versions/1/flickr30k_images/flickr30k_images/5614715384.jpg,The woman is waiting to enter the building for her wedding,1,1.0
/home/z/zhangyon/.cache/kagglehub/datasets/hsankesara/flickr-image-dataset/versions/1/flickr30k_images/flickr30k_images/3635194562.jpg,The child is painting,0,1.0
/home/z/zhangyon/.cache/kagglehub/datasets/hsankesara/flickr-image-dataset/versions/1/flickr30k_images/flickr30k_images/3635194562.jpg,The small child is playing with action figures,2,1.0
/home/z/zhangyon/.cache/kagglehub/datasets/hsankesara/flickr-image-dataset/versions/1/flickr30k_images/flickr30k_images/3635194562.jpg,The little girl has on white pants,1,1.0
/home/z/zhangyon/.cache/kagglehub/datasets/hsankesara/flickr-image-dataset/versions/1/flickr30k_images/flickr30k_images/7746984692.jpg,A hiker is walking,0,1.0
/home/z/zhangyon/.cache/kagglehub/datasets/hsankesara/flickr-image-dataset/versions/1/flickr30k_images/flickr30k_images/7746984692.jpg,the person is naked,2,1.0
/home/z/zhangyon/.cache/kagglehub/datasets/hsankesara/flickr-image-dataset/versions/1/flickr30k_images/flickr30k_images/7746984692.jpg,A hiker is walking to a camp-site,1,1.0
/home/z/zhangyon/.cache/kagglehub/datasets/hsankesara/flickr-image-dataset/versions/1/flickr30k_images/flickr30k_images/6386880789.jpg,The swimmer is wearing goggles,0,1.0
/home/z/zhangyon/.cache/kagglehub/datasets/hsankesara/flickr-image-dataset/versions/1/flickr30k_images/flickr30k_images/6386880789.jpg,The swimmer is sleeping,2,1.0
/home/z/zhangyon/.cache/kagglehub/datasets/hsankesara/flickr-image-dataset/versions/1/flickr30k_images/flickr30k_images/6386880789.jpg,The female swimmers goggles and headcap are somewhat damp,1,1.0
/home/z/zhangyon/.cache/kagglehub/datasets/hsankesara/flickr-image-dataset/versions/1/flickr30k_images/flickr30k_images/407815946.jpg,A man picks corn,0,1.0
/home/z/zhangyon/.cache/kagglehub/datasets/hsankesara/flickr-image-dataset/versions/1/flickr30k_images/flickr30k_images/407815946.jpg,A man sits indoors,2,1.0
/home/z/zhangyon/.cache/kagglehub/datasets/hsankesara/flickr-image-dataset/versions/1/flickr30k_images/flickr30k_images/407815946.jpg,Harley-Davidson is his favorite brand,1,1.0
/home/z/zhangyon/.cache/kagglehub/datasets/hsankesara/flickr-image-dataset/versions/1/flickr30k_images/flickr30k_images/7738368186.jpg,A woman wearing a hat,0,1.0
/home/z/zhangyon/.cache/kagglehub/datasets/hsankesara/flickr-image-dataset/versions/1/flickr30k_images/flickr30k_images/7738368186.jpg,The person is naked and drunk running with a flag across a field while a soccer match is going on,2,1.0
/home/z/zhangyon/.cache/kagglehub/datasets/hsankesara/flickr-image-dataset/versions/1/flickr30k_images/flickr30k_images/7738368186.jpg,A woman buying beer,1,1.0
/home/z/zhangyon/.cache/kagglehub/datasets/hsankesara/flickr-image-dataset/versions/1/flickr30k_images/flickr30k_images/2409312675.jpg,The vehicle is getting dirty,0,1.0
/home/z/zhangyon/.cache/kagglehub/datasets/hsankesara/flickr-image-dataset/versions/1/flickr30k_images/flickr30k_images/2409312675.jpg,An ATV is driving down the road,2,1.0
/home/z/zhangyon/.cache/kagglehub/datasets/hsankesara/flickr-image-dataset/versions/1/flickr30k_images/flickr30k_images/2409312675.jpg,An ATV crashed,1,1.0
/home/z/zhangyon/.cache/kagglehub/datasets/hsankesara/flickr-image-dataset/versions/1/flickr30k_images/flickr30k_images/4690278994.jpg,A man is wearing clothes,0,1.0
/home/z/zhangyon/.cache/kagglehub/datasets/hsankesara/flickr-image-dataset/versions/1/flickr30k_images/flickr30k_images/4690278994.jpg,Man jogging on a rainy day,2,1.0
/home/z/zhangyon/.cache/kagglehub/datasets/hsankesara/flickr-image-dataset/versions/1/flickr30k_images/flickr30k_images/4690278994.jpg,A man participating in a foot race,1,1.0
/home/z/zhangyon/.cache/kagglehub/datasets/hsankesara/flickr-image-dataset/versions/1/flickr30k_images/flickr30k_images/2373932560.jpg,A man is exiting a vehicle,0,1.0
/home/z/zhangyon/.cache/kagglehub/datasets/hsankesara/flickr-image-dataset/versions/1/flickr30k_images/flickr30k_images/2373932560.jpg,The car is red,0,1.0
/home/z/zhangyon/.cache/kagglehub/datasets/hsankesara/flickr-image-dataset/versions/1/flickr30k_images/flickr30k_images/2373932560.jpg,The man has parked his car,1,1.0
/home/z/zhangyon/.cache/kagglehub/datasets/hsankesara/flickr-image-dataset/versions/1/flickr30k_images/flickr30k_images/462383841.jpg,martial arts demonstration,2,1.0
/home/z/zhangyon/.cache/kagglehub/datasets/hsankesara/flickr-image-dataset/versions/1/flickr30k_images/flickr30k_images/462383841.jpg,A young man wearing a bikini and a baseball cap is taking a sunbath floating on the beach,2,1.0
/home/z/zhangyon/.cache/kagglehub/datasets/hsankesara/flickr-image-dataset/versions/1/flickr30k_images/flickr30k_images/462383841.jpg,One sad lady enjoying her flotation device on a clear water beach,1,1.0
/home/z/zhangyon/.cache/kagglehub/datasets/hsankesara/flickr-image-dataset/versions/1/flickr30k_images/flickr30k_images/4686568156.jpg,Two people are going out,1,1.0
/home/z/zhangyon/.cache/kagglehub/datasets/hsankesara/flickr-image-dataset/versions/1/flickr30k_images/flickr30k_images/4686568156.jpg,They are eating strawberries on the farm,2,1.0
/home/z/zhangyon/.cache/kagglehub/datasets/hsankesara/flickr-image-dataset/versions/1/flickr30k_images/flickr30k_images/4686568156.jpg,Two people are on their first date,1,1.0
/home/z/zhangyon/.cache/kagglehub/datasets/hsankesara/flickr-image-dataset/versions/1/flickr30k_images/flickr30k_images/536495604.jpg,A woman is holding a baby,0,1.0
/home/z/zhangyon/.cache/kagglehub/datasets/hsankesara/flickr-image-dataset/versions/1/flickr30k_images/flickr30k_images/536495604.jpg,A man is holding a baby,2,1.0
/home/z/zhangyon/.cache/kagglehub/datasets/hsankesara/flickr-image-dataset/versions/1/flickr30k_images/flickr30k_images/536495604.jpg,The woman likes holding the baby,1,1.0
/home/z/zhangyon/.cache/kagglehub/datasets/hsankesara/flickr-image-dataset/versions/1/flickr30k_images/flickr30k_images/2176874361.jpg,An animal is moving,0,1.0
/home/z/zhangyon/.cache/kagglehub/datasets/hsankesara/flickr-image-dataset/versions/1/flickr30k_images/flickr30k_images/2176874361.jpg,The dog is larger than the bull,2,1.0
/home/z/zhangyon/.cache/kagglehub/datasets/hsankesara/flickr-image-dataset/versions/1/flickr30k_images/flickr30k_images/2176874361.jpg,The dog is chasing the cow,1,1.0
/home/z/zhangyon/.cache/kagglehub/datasets/hsankesara/flickr-image-dataset/versions/1/flickr30k_images/flickr30k_images/2641098920.jpg,The woman is eating inside,0,1.0
/home/z/zhangyon/.cache/kagglehub/datasets/hsankesara/flickr-image-dataset/versions/1/flickr30k_images/flickr30k_images/2641098920.jpg,A man and woman sit together on the couch,2,1.0
/home/z/zhangyon/.cache/kagglehub/datasets/hsankesara/flickr-image-dataset/versions/1/flickr30k_images/flickr30k_images/2641098920.jpg,Two women sit together on a sofa watching tv as one of them eats a snack,1,1.0
/home/z/zhangyon/.cache/kagglehub/datasets/hsankesara/flickr-image-dataset/versions/1/flickr30k_images/flickr30k_images/463978865.jpg,A human sitting,0,1.0
/home/z/zhangyon/.cache/kagglehub/datasets/hsankesara/flickr-image-dataset/versions/1/flickr30k_images/flickr30k_images/463978865.jpg,The man is bald,2,1.0
/home/z/zhangyon/.cache/kagglehub/datasets/hsankesara/flickr-image-dataset/versions/1/flickr30k_images/flickr30k_images/463978865.jpg,A man passing by a homeless guy o the street,1,1.0
/home/z/zhangyon/.cache/kagglehub/datasets/hsankesara/flickr-image-dataset/versions/1/flickr30k_images/flickr30k_images/2125626631.jpg,there is a small dog,0,1.0
/home/z/zhangyon/.cache/kagglehub/datasets/hsankesara/flickr-image-dataset/versions/1/flickr30k_images/flickr30k_images/2125626631.jpg,a cat plays with its owner,2,1.0
/home/z/zhangyon/.cache/kagglehub/datasets/hsankesara/flickr-image-dataset/versions/1/flickr30k_images/flickr30k_images/2125626631.jpg,A jumping dog caught a Frisbee then fell down,1,1.0
/home/z/zhangyon/.cache/kagglehub/datasets/hsankesara/flickr-image-dataset/versions/1/flickr30k_images/flickr30k_images/3353400143.jpg,The driver is in a vehicle with two wheels,0,1.0
/home/z/zhangyon/.cache/kagglehub/datasets/hsankesara/flickr-image-dataset/versions/1/flickr30k_images/flickr30k_images/3353400143.jpg,A motorcyclist wearing blue,2,1.0
/home/z/zhangyon/.cache/kagglehub/datasets/hsankesara/flickr-image-dataset/versions/1/flickr30k_images/flickr30k_images/3353400143.jpg,A yellow motorcycle is speeding,0,1.0
/home/z/zhangyon/.cache/kagglehub/datasets/hsankesara/flickr-image-dataset/versions/1/flickr30k_images/flickr30k_images/33497646.jpg,A man is on the beach,0,1.0
/home/z/zhangyon/.cache/kagglehub/datasets/hsankesara/flickr-image-dataset/versions/1/flickr30k_images/flickr30k_images/33497646.jpg,A karate battle in the woods,2,1.0
/home/z/zhangyon/.cache/kagglehub/datasets/hsankesara/flickr-image-dataset/versions/1/flickr30k_images/flickr30k_images/33497646.jpg,A man showing off his body by the beach,0,1.0
/home/z/zhangyon/.cache/kagglehub/datasets/hsankesara/flickr-image-dataset/versions/1/flickr30k_images/flickr30k_images/4825458628.jpg,A guy is in the laundromat,0,1.0
/home/z/zhangyon/.cache/kagglehub/datasets/hsankesara/flickr-image-dataset/versions/1/flickr30k_images/flickr30k_images/4825458628.jpg,A man is riding a motorcycle,2,1.0
/home/z/zhangyon/.cache/kagglehub/datasets/hsankesara/flickr-image-dataset/versions/1/flickr30k_images/flickr30k_images/4825458628.jpg,A guy is getting ready to wash his clothes,1,1.0
/home/z/zhangyon/.cache/kagglehub/datasets/hsankesara/flickr-image-dataset/versions/1/flickr30k_images/flickr30k_images/4145119743.jpg,A cashier counting change,0,1.0
/home/z/zhangyon/.cache/kagglehub/datasets/hsankesara/flickr-image-dataset/versions/1/flickr30k_images/flickr30k_images/4145119743.jpg,The people are outside playing volleyball,2,1.0
/home/z/zhangyon/.cache/kagglehub/datasets/hsankesara/flickr-image-dataset/versions/1/flickr30k_images/flickr30k_images/4145119743.jpg,The store is full,1,1.0
/home/z/zhangyon/.cache/kagglehub/datasets/hsankesara/flickr-image-dataset/versions/1/flickr30k_images/flickr30k_images/4903293024.jpg,Entertainers put on a show for the people,0,1.0
/home/z/zhangyon/.cache/kagglehub/datasets/hsankesara/flickr-image-dataset/versions/1/flickr30k_images/flickr30k_images/4903293024.jpg,They are eating lobsters,2,1.0
/home/z/zhangyon/.cache/kagglehub/datasets/hsankesara/flickr-image-dataset/versions/1/flickr30k_images/flickr30k_images/4903293024.jpg,They are strippers,1,1.0
/home/z/zhangyon/.cache/kagglehub/datasets/hsankesara/flickr-image-dataset/versions/1/flickr30k_images/flickr30k_images/2229177914.jpg,The dog is yellow,0,1.0
/home/z/zhangyon/.cache/kagglehub/datasets/hsankesara/flickr-image-dataset/versions/1/flickr30k_images/flickr30k_images/2229177914.jpg,The dog is sleeping,2,1.0
/home/z/zhangyon/.cache/kagglehub/datasets/hsankesara/flickr-image-dataset/versions/1/flickr30k_images/flickr30k_images/2229177914.jpg,the light brown dog is scared,1,1.0
/home/z/zhangyon/.cache/kagglehub/datasets/hsankesara/flickr-image-dataset/versions/1/flickr30k_images/flickr30k_images/141841337.jpg,A flexible man is stretching his leg,2,1.0
/home/z/zhangyon/.cache/kagglehub/datasets/hsankesara/flickr-image-dataset/versions/1/flickr30k_images/flickr30k_images/141841337.jpg,The women is stretching her leg over her head,2,1.0
/home/z/zhangyon/.cache/kagglehub/datasets/hsankesara/flickr-image-dataset/versions/1/flickr30k_images/flickr30k_images/141841337.jpg,The boy is laughing at his stupid friend,1,1.0
/home/z/zhangyon/.cache/kagglehub/datasets/hsankesara/flickr-image-dataset/versions/1/flickr30k_images/flickr30k_images/2363540508.jpg,A girl going through a tunnel,0,1.0
/home/z/zhangyon/.cache/kagglehub/datasets/hsankesara/flickr-image-dataset/versions/1/flickr30k_images/flickr30k_images/2363540508.jpg,The slide is blue,2,1.0
/home/z/zhangyon/.cache/kagglehub/datasets/hsankesara/flickr-image-dataset/versions/1/flickr30k_images/flickr30k_images/2363540508.jpg,The girl is excited,1,1.0
/home/z/zhangyon/.cache/kagglehub/datasets/hsankesara/flickr-image-dataset/versions/1/flickr30k_images/flickr30k_images/3302986588.jpg,A child is holding something,0,1.0
/home/z/zhangyon/.cache/kagglehub/datasets/hsankesara/flickr-image-dataset/versions/1/flickr30k_images/flickr30k_images/3302986588.jpg,Some chinese boys are standing out front of a chinese restaurant,2,1.0
/home/z/zhangyon/.cache/kagglehub/datasets/hsankesara/flickr-image-dataset/versions/1/flickr30k_images/flickr30k_images/3302986588.jpg,The boy was given this umbrella by their parents,1,1.0
/home/z/zhangyon/.cache/kagglehub/datasets/hsankesara/flickr-image-dataset/versions/1/flickr30k_images/flickr30k_images/7117115809.jpg,Someone is wearing a cap,0,1.0
/home/z/zhangyon/.cache/kagglehub/datasets/hsankesara/flickr-image-dataset/versions/1/flickr30k_images/flickr30k_images/7117115809.jpg,A woman paints birds,2,1.0
/home/z/zhangyon/.cache/kagglehub/datasets/hsankesara/flickr-image-dataset/versions/1/flickr30k_images/flickr30k_images/7117115809.jpg,A woman who is painting the Grand Canyon is a great artist,1,1.0
/home/z/zhangyon/.cache/kagglehub/datasets/hsankesara/flickr-image-dataset/versions/1/flickr30k_images/flickr30k_images/2584487952.jpg,A brown dog jumps in the air,0,1.0
/home/z/zhangyon/.cache/kagglehub/datasets/hsankesara/flickr-image-dataset/versions/1/flickr30k_images/flickr30k_images/2584487952.jpg,A black dog is laying in the sun,2,1.0
/home/z/zhangyon/.cache/kagglehub/datasets/hsankesara/flickr-image-dataset/versions/1/flickr30k_images/flickr30k_images/2584487952.jpg,A dog is chasing a rabbit through the grass,1,1.0
/home/z/zhangyon/.cache/kagglehub/datasets/hsankesara/flickr-image-dataset/versions/1/flickr30k_images/flickr30k_images/4558580445.jpg,THE grass was green,0,1.0
/home/z/zhangyon/.cache/kagglehub/datasets/hsankesara/flickr-image-dataset/versions/1/flickr30k_images/flickr30k_images/4558580445.jpg,There is one horse standing alone,2,1.0
/home/z/zhangyon/.cache/kagglehub/datasets/hsankesara/flickr-image-dataset/versions/1/flickr30k_images/flickr30k_images/4558580445.jpg,The man peered out from under the hood of his car as the impressive line of saddled horses walked down the street beside him,1,1.0
/home/z/zhangyon/.cache/kagglehub/datasets/hsankesara/flickr-image-dataset/versions/1/flickr30k_images/flickr30k_images/534570169.jpg,A man is near several instruments,0,1.0
/home/z/zhangyon/.cache/kagglehub/datasets/hsankesara/flickr-image-dataset/versions/1/flickr30k_images/flickr30k_images/534570169.jpg,The man is holding a drum stick,2,1.0
/home/z/zhangyon/.cache/kagglehub/datasets/hsankesara/flickr-image-dataset/versions/1/flickr30k_images/flickr30k_images/534570169.jpg,The man is  auditioning for a well paying job,1,1.0
/home/z/zhangyon/.cache/kagglehub/datasets/hsankesara/flickr-image-dataset/versions/1/flickr30k_images/flickr30k_images/4851524954.jpg,There are two people in this picture,0,1.0
/home/z/zhangyon/.cache/kagglehub/datasets/hsankesara/flickr-image-dataset/versions/1/flickr30k_images/flickr30k_images/4851524954.jpg,Two women dont sit at an outdoor cafe,2,1.0
/home/z/zhangyon/.cache/kagglehub/datasets/hsankesara/flickr-image-dataset/versions/1/flickr30k_images/flickr30k_images/4851524954.jpg,A woman is lost in thought as she waits for food to arrive,1,1.0
/home/z/zhangyon/.cache/kagglehub/datasets/hsankesara/flickr-image-dataset/versions/1/flickr30k_images/flickr30k_images/1066831905.jpg,An old man bends to pick something up,0,1.0
/home/z/zhangyon/.cache/kagglehub/datasets/hsankesara/flickr-image-dataset/versions/1/flickr30k_images/flickr30k_images/1066831905.jpg,An elderly man is looking at a shoe,2,1.0
/home/z/zhangyon/.cache/kagglehub/datasets/hsankesara/flickr-image-dataset/versions/1/flickr30k_images/flickr30k_images/1066831905.jpg,An elderly man is looking at a bush to see if his wallet is in there,1,1.0
/home/z/zhangyon/.cache/kagglehub/datasets/hsankesara/flickr-image-dataset/versions/1/flickr30k_images/flickr30k_images/4971580248.jpg,Someone taking a photo of a woman dressed in black in the park,2,1.0
/home/z/zhangyon/.cache/kagglehub/datasets/hsankesara/flickr-image-dataset/versions/1/flickr30k_images/flickr30k_images/4971580248.jpg,the people are making sandwiches,2,1.0
/home/z/zhangyon/.cache/kagglehub/datasets/hsankesara/flickr-image-dataset/versions/1/flickr30k_images/flickr30k_images/4971580248.jpg,Woman holding pair of glasses in blind,1,1.0
/home/z/zhangyon/.cache/kagglehub/datasets/hsankesara/flickr-image-dataset/versions/1/flickr30k_images/flickr30k_images/1295719054.jpg,The child in the cape was running away from the children,1,1.0
/home/z/zhangyon/.cache/kagglehub/datasets/hsankesara/flickr-image-dataset/versions/1/flickr30k_images/flickr30k_images/1295719054.jpg,Four boys sitting at a bus stop,2,1.0
/home/z/zhangyon/.cache/kagglehub/datasets/hsankesara/flickr-image-dataset/versions/1/flickr30k_images/flickr30k_images/1295719054.jpg,"A large boy in a black cape threatened a group of children, and they all began to angrily chase after him",1,1.0
/home/z/zhangyon/.cache/kagglehub/datasets/hsankesara/flickr-image-dataset/versions/1/flickr30k_images/flickr30k_images/345852737.jpg,a woman returns from shopping,0,1.0
/home/z/zhangyon/.cache/kagglehub/datasets/hsankesara/flickr-image-dataset/versions/1/flickr30k_images/flickr30k_images/345852737.jpg,A woman is walking in a park,2,1.0
/home/z/zhangyon/.cache/kagglehub/datasets/hsankesara/flickr-image-dataset/versions/1/flickr30k_images/flickr30k_images/345852737.jpg,a lady buys some cloths for evening,1,1.0
/home/z/zhangyon/.cache/kagglehub/datasets/hsankesara/flickr-image-dataset/versions/1/flickr30k_images/flickr30k_images/4523218758.jpg,Women are walking out doors,0,1.0
/home/z/zhangyon/.cache/kagglehub/datasets/hsankesara/flickr-image-dataset/versions/1/flickr30k_images/flickr30k_images/4523218758.jpg,A group of women lead a riot,2,1.0
/home/z/zhangyon/.cache/kagglehub/datasets/hsankesara/flickr-image-dataset/versions/1/flickr30k_images/flickr30k_images/4523218758.jpg,The walking women are friends,1,1.0
/home/z/zhangyon/.cache/kagglehub/datasets/hsankesara/flickr-image-dataset/versions/1/flickr30k_images/flickr30k_images/2735558076.jpg,there is a group of people waiting outside,0,1.0
/home/z/zhangyon/.cache/kagglehub/datasets/hsankesara/flickr-image-dataset/versions/1/flickr30k_images/flickr30k_images/2735558076.jpg,The boy is old,2,1.0
/home/z/zhangyon/.cache/kagglehub/datasets/hsankesara/flickr-image-dataset/versions/1/flickr30k_images/flickr30k_images/2735558076.jpg,people of a village wearing matching heeled shoes,1,1.0
/home/z/zhangyon/.cache/kagglehub/datasets/hsankesara/flickr-image-dataset/versions/1/flickr30k_images/flickr30k_images/2910885196.jpg,A man is holding a knife in front of some cake,0,1.0
/home/z/zhangyon/.cache/kagglehub/datasets/hsankesara/flickr-image-dataset/versions/1/flickr30k_images/flickr30k_images/2910885196.jpg,A man is holding a fork in front of an elephant,2,1.0
/home/z/zhangyon/.cache/kagglehub/datasets/hsankesara/flickr-image-dataset/versions/1/flickr30k_images/flickr30k_images/2910885196.jpg,There are two men and a woman standing in front of a chocolate cake holding a knife and gesturing towards the woman,2,1.0
/home/z/zhangyon/.cache/kagglehub/datasets/hsankesara/flickr-image-dataset/versions/1/flickr30k_images/flickr30k_images/4817804359.jpg,The two people are carrying backpacks with them,0,1.0
/home/z/zhangyon/.cache/kagglehub/datasets/hsankesara/flickr-image-dataset/versions/1/flickr30k_images/flickr30k_images/4817804359.jpg,Three people are standing alone looking through binoculars,2,1.0
/home/z/zhangyon/.cache/kagglehub/datasets/hsankesara/flickr-image-dataset/versions/1/flickr30k_images/flickr30k_images/4817804359.jpg,Two people on a vacation are taking pictures,1,1.0
/home/z/zhangyon/.cache/kagglehub/datasets/hsankesara/flickr-image-dataset/versions/1/flickr30k_images/flickr30k_images/4016499639.jpg,a disabled veteran sells food,0,1.0
/home/z/zhangyon/.cache/kagglehub/datasets/hsankesara/flickr-image-dataset/versions/1/flickr30k_images/flickr30k_images/4016499639.jpg,A man and his son are at the food stand,2,1.0
/home/z/zhangyon/.cache/kagglehub/datasets/hsankesara/flickr-image-dataset/versions/1/flickr30k_images/flickr30k_images/4016499639.jpg,People quickly get their orders at a street vendor stand,1,1.0
/home/z/zhangyon/.cache/kagglehub/datasets/hsankesara/flickr-image-dataset/versions/1/flickr30k_images/flickr30k_images/4441980889.jpg,A woman has groceries,0,1.0
/home/z/zhangyon/.cache/kagglehub/datasets/hsankesara/flickr-image-dataset/versions/1/flickr30k_images/flickr30k_images/4441980889.jpg,The lady is playing basketball,2,1.0
/home/z/zhangyon/.cache/kagglehub/datasets/hsankesara/flickr-image-dataset/versions/1/flickr30k_images/flickr30k_images/4441980889.jpg,The lady just got done grocery shopping,1,1.0
/home/z/zhangyon/.cache/kagglehub/datasets/hsankesara/flickr-image-dataset/versions/1/flickr30k_images/flickr30k_images/4712636240.jpg,A man looks at his surroundings,0,1.0
/home/z/zhangyon/.cache/kagglehub/datasets/hsankesara/flickr-image-dataset/versions/1/flickr30k_images/flickr30k_images/4712636240.jpg,The man is playing chess,2,1.0
/home/z/zhangyon/.cache/kagglehub/datasets/hsankesara/flickr-image-dataset/versions/1/flickr30k_images/flickr30k_images/4712636240.jpg,A man looking for a bird with binoculars,1,1.0
/home/z/zhangyon/.cache/kagglehub/datasets/hsankesara/flickr-image-dataset/versions/1/flickr30k_images/flickr30k_images/4743795506.jpg,Two men are behind a podium,0,1.0
/home/z/zhangyon/.cache/kagglehub/datasets/hsankesara/flickr-image-dataset/versions/1/flickr30k_images/flickr30k_images/4743795506.jpg,A cat hanging from a ledge,2,1.0
/home/z/zhangyon/.cache/kagglehub/datasets/hsankesara/flickr-image-dataset/versions/1/flickr30k_images/flickr30k_images/4743795506.jpg,The man is giving a speech from the podium,0,1.0
/home/z/zhangyon/.cache/kagglehub/datasets/hsankesara/flickr-image-dataset/versions/1/flickr30k_images/flickr30k_images/2763601657.jpg,The people are outside,0,1.0
/home/z/zhangyon/.cache/kagglehub/datasets/hsankesara/flickr-image-dataset/versions/1/flickr30k_images/flickr30k_images/2763601657.jpg,Two people are walking in a pasture,2,1.0
/home/z/zhangyon/.cache/kagglehub/datasets/hsankesara/flickr-image-dataset/versions/1/flickr30k_images/flickr30k_images/2763601657.jpg,The couple is taking a romantic walk,1,1.0
/home/z/zhangyon/.cache/kagglehub/datasets/hsankesara/flickr-image-dataset/versions/1/flickr30k_images/flickr30k_images/4365035558.jpg,A woman on the beach,0,1.0
/home/z/zhangyon/.cache/kagglehub/datasets/hsankesara/flickr-image-dataset/versions/1/flickr30k_images/flickr30k_images/4365035558.jpg,The mother has four children,1,1.0
/home/z/zhangyon/.cache/kagglehub/datasets/hsankesara/flickr-image-dataset/versions/1/flickr30k_images/flickr30k_images/4365035558.jpg,A mother is carrying her child,0,1.0
/home/z/zhangyon/.cache/kagglehub/datasets/hsankesara/flickr-image-dataset/versions/1/flickr30k_images/flickr30k_images/289639811.jpg,People are playing a soccer game,0,1.0
/home/z/zhangyon/.cache/kagglehub/datasets/hsankesara/flickr-image-dataset/versions/1/flickr30k_images/flickr30k_images/289639811.jpg,People are watching a field hockey match,2,1.0
/home/z/zhangyon/.cache/kagglehub/datasets/hsankesara/flickr-image-dataset/versions/1/flickr30k_images/flickr30k_images/289639811.jpg,A tall person about to kick,1,1.0
/home/z/zhangyon/.cache/kagglehub/datasets/hsankesara/flickr-image-dataset/versions/1/flickr30k_images/flickr30k_images/3329207492.jpg,Kids play with toys,0,1.0
/home/z/zhangyon/.cache/kagglehub/datasets/hsankesara/flickr-image-dataset/versions/1/flickr30k_images/flickr30k_images/3329207492.jpg,The street cleaner goes down the empty street,2,1.0
/home/z/zhangyon/.cache/kagglehub/datasets/hsankesara/flickr-image-dataset/versions/1/flickr30k_images/flickr30k_images/3329207492.jpg,The truck is selling ice cream,2,1.0
/home/z/zhangyon/.cache/kagglehub/datasets/hsankesara/flickr-image-dataset/versions/1/flickr30k_images/flickr30k_images/23473996.jpg,Men wearing vets,0,1.0
/home/z/zhangyon/.cache/kagglehub/datasets/hsankesara/flickr-image-dataset/versions/1/flickr30k_images/flickr30k_images/23473996.jpg,The men are inside the store,2,1.0
/home/z/zhangyon/.cache/kagglehub/datasets/hsankesara/flickr-image-dataset/versions/1/flickr30k_images/flickr30k_images/23473996.jpg,The sad workers are wearing reflective jackets for working at night,1,1.0
/home/z/zhangyon/.cache/kagglehub/datasets/hsankesara/flickr-image-dataset/versions/1/flickr30k_images/flickr30k_images/4920617810.jpg,A women photographing something outdoors,0,1.0
/home/z/zhangyon/.cache/kagglehub/datasets/hsankesara/flickr-image-dataset/versions/1/flickr30k_images/flickr30k_images/4920617810.jpg,she is eating lunch,2,1.0
/home/z/zhangyon/.cache/kagglehub/datasets/hsankesara/flickr-image-dataset/versions/1/flickr30k_images/flickr30k_images/4920617810.jpg,The lady is at a concert,1,1.0
/home/z/zhangyon/.cache/kagglehub/datasets/hsankesara/flickr-image-dataset/versions/1/flickr30k_images/flickr30k_images/4486484038.jpg,A woman is crossing the street,0,1.0
/home/z/zhangyon/.cache/kagglehub/datasets/hsankesara/flickr-image-dataset/versions/1/flickr30k_images/flickr30k_images/4486484038.jpg,A woman browsing store displays,2,1.0
/home/z/zhangyon/.cache/kagglehub/datasets/hsankesara/flickr-image-dataset/versions/1/flickr30k_images/flickr30k_images/4486484038.jpg,A woman missed her bus and is running across the street,1,1.0
/home/z/zhangyon/.cache/kagglehub/datasets/hsankesara/flickr-image-dataset/versions/1/flickr30k_images/flickr30k_images/6160193920.jpg,A lady wearing a cover,0,1.0
/home/z/zhangyon/.cache/kagglehub/datasets/hsankesara/flickr-image-dataset/versions/1/flickr30k_images/flickr30k_images/6160193920.jpg,The woman has been shot,2,1.0
/home/z/zhangyon/.cache/kagglehub/datasets/hsankesara/flickr-image-dataset/versions/1/flickr30k_images/flickr30k_images/6160193920.jpg,A woman laughs at a joke,1,1.0
/home/z/zhangyon/.cache/kagglehub/datasets/hsankesara/flickr-image-dataset/versions/1/flickr30k_images/flickr30k_images/3819214047.jpg,A teen sits with arms resting on knees,0,1.0
/home/z/zhangyon/.cache/kagglehub/datasets/hsankesara/flickr-image-dataset/versions/1/flickr30k_images/flickr30k_images/3819214047.jpg,A dog licks his fur,2,1.0
/home/z/zhangyon/.cache/kagglehub/datasets/hsankesara/flickr-image-dataset/versions/1/flickr30k_images/flickr30k_images/3819214047.jpg,A smiling boy is resting,1,1.0
/home/z/zhangyon/.cache/kagglehub/datasets/hsankesara/flickr-image-dataset/versions/1/flickr30k_images/flickr30k_images/4935046155.jpg,The two people are walking outside,0,1.0
/home/z/zhangyon/.cache/kagglehub/datasets/hsankesara/flickr-image-dataset/versions/1/flickr30k_images/flickr30k_images/4935046155.jpg,A busy city freeway while it is raining outside,2,1.0
/home/z/zhangyon/.cache/kagglehub/datasets/hsankesara/flickr-image-dataset/versions/1/flickr30k_images/flickr30k_images/4935046155.jpg,The drivers are frustrated,1,1.0
/home/z/zhangyon/.cache/kagglehub/datasets/hsankesara/flickr-image-dataset/versions/1/flickr30k_images/flickr30k_images/358355700.jpg,Children and parents stand in front of a newly opened bounce house,0,1.0
/home/z/zhangyon/.cache/kagglehub/datasets/hsankesara/flickr-image-dataset/versions/1/flickr30k_images/flickr30k_images/358355700.jpg,Dogs stand in front of a bounce house,2,1.0
/home/z/zhangyon/.cache/kagglehub/datasets/hsankesara/flickr-image-dataset/versions/1/flickr30k_images/flickr30k_images/358355700.jpg,Some families attend a Christmas party with a bounce house,1,1.0
/home/z/zhangyon/.cache/kagglehub/datasets/hsankesara/flickr-image-dataset/versions/1/flickr30k_images/flickr30k_images/2327240505.jpg,A boy and girl are messing around,0,1.0
/home/z/zhangyon/.cache/kagglehub/datasets/hsankesara/flickr-image-dataset/versions/1/flickr30k_images/flickr30k_images/2327240505.jpg,The boy is riding a bicycle,2,1.0
/home/z/zhangyon/.cache/kagglehub/datasets/hsankesara/flickr-image-dataset/versions/1/flickr30k_images/flickr30k_images/2327240505.jpg,The boy is flirting with the girl,1,1.0
/home/z/zhangyon/.cache/kagglehub/datasets/hsankesara/flickr-image-dataset/versions/1/flickr30k_images/flickr30k_images/2324963565.jpg,A woman puts candy away,1,1.0
/home/z/zhangyon/.cache/kagglehub/datasets/hsankesara/flickr-image-dataset/versions/1/flickr30k_images/flickr30k_images/2324963565.jpg,A woman in a green hooded sweatshirt is playing tennis at her local country club,2,1.0
/home/z/zhangyon/.cache/kagglehub/datasets/hsankesara/flickr-image-dataset/versions/1/flickr30k_images/flickr30k_images/2324963565.jpg,A homeless woman is looking in the bin for food to eat,1,1.0
/home/z/zhangyon/.cache/kagglehub/datasets/hsankesara/flickr-image-dataset/versions/1/flickr30k_images/flickr30k_images/4749166996.jpg,An executive is holding a speech inside a building,0,1.0
/home/z/zhangyon/.cache/kagglehub/datasets/hsankesara/flickr-image-dataset/versions/1/flickr30k_images/flickr30k_images/4749166996.jpg,The man stands still at a podium with no microphone,2,1.0
/home/z/zhangyon/.cache/kagglehub/datasets/hsankesara/flickr-image-dataset/versions/1/flickr30k_images/flickr30k_images/4749166996.jpg,An elderly man uses gestures to explain his lecture in a large auditorium,0,1.0
/home/z/zhangyon/.cache/kagglehub/datasets/hsankesara/flickr-image-dataset/versions/1/flickr30k_images/flickr30k_images/688926797.jpg,A woman is posturing,0,1.0
/home/z/zhangyon/.cache/kagglehub/datasets/hsankesara/flickr-image-dataset/versions/1/flickr30k_images/flickr30k_images/688926797.jpg,A man is watching tv,2,1.0
/home/z/zhangyon/.cache/kagglehub/datasets/hsankesara/flickr-image-dataset/versions/1/flickr30k_images/flickr30k_images/688926797.jpg,A woman is standing with her hand on her hip while waiting for her daughter to come inside,1,1.0
/home/z/zhangyon/.cache/kagglehub/datasets/hsankesara/flickr-image-dataset/versions/1/flickr30k_images/flickr30k_images/4797050581.jpg,Some people are on their phones,0,1.0
/home/z/zhangyon/.cache/kagglehub/datasets/hsankesara/flickr-image-dataset/versions/1/flickr30k_images/flickr30k_images/4797050581.jpg,Nobody is on their cell phone,2,1.0
/home/z/zhangyon/.cache/kagglehub/datasets/hsankesara/flickr-image-dataset/versions/1/flickr30k_images/flickr30k_images/4797050581.jpg,A crowd of people are exiting the building,1,1.0
/home/z/zhangyon/.cache/kagglehub/datasets/hsankesara/flickr-image-dataset/versions/1/flickr30k_images/flickr30k_images/4560100704.jpg,Some folks stationary outside,0,1.0
/home/z/zhangyon/.cache/kagglehub/datasets/hsankesara/flickr-image-dataset/versions/1/flickr30k_images/flickr30k_images/4560100704.jpg,The amusement park is closed for business and is completely empty,2,1.0
/home/z/zhangyon/.cache/kagglehub/datasets/hsankesara/flickr-image-dataset/versions/1/flickr30k_images/flickr30k_images/4560100704.jpg,A lady wearing gray speaks to a lady in black outside of a church,1,1.0
/home/z/zhangyon/.cache/kagglehub/datasets/hsankesara/flickr-image-dataset/versions/1/flickr30k_images/flickr30k_images/3120921482.jpg,A child is holding an instrument,0,1.0
/home/z/zhangyon/.cache/kagglehub/datasets/hsankesara/flickr-image-dataset/versions/1/flickr30k_images/flickr30k_images/3120921482.jpg,A little boy is playing guitar on stage,2,1.0
/home/z/zhangyon/.cache/kagglehub/datasets/hsankesara/flickr-image-dataset/versions/1/flickr30k_images/flickr30k_images/3120921482.jpg,The boy is practicing guitar for a concert,1,1.0
/home/z/zhangyon/.cache/kagglehub/datasets/hsankesara/flickr-image-dataset/versions/1/flickr30k_images/flickr30k_images/3504379205.jpg,Tourists are bartering for lower prices,1,1.0
/home/z/zhangyon/.cache/kagglehub/datasets/hsankesara/flickr-image-dataset/versions/1/flickr30k_images/flickr30k_images/3504379205.jpg,A group of people eat food inside a tent,2,1.0
/home/z/zhangyon/.cache/kagglehub/datasets/hsankesara/flickr-image-dataset/versions/1/flickr30k_images/flickr30k_images/3504379205.jpg,the women are hot,1,1.0
/home/z/zhangyon/.cache/kagglehub/datasets/hsankesara/flickr-image-dataset/versions/1/flickr30k_images/flickr30k_images/3019667009.jpg,The men are standing under the arch in the doorway,0,1.0
/home/z/zhangyon/.cache/kagglehub/datasets/hsankesara/flickr-image-dataset/versions/1/flickr30k_images/flickr30k_images/3019667009.jpg,Two boys are playing football in the parking lot of a building,2,1.0
/home/z/zhangyon/.cache/kagglehub/datasets/hsankesara/flickr-image-dataset/versions/1/flickr30k_images/flickr30k_images/3019667009.jpg,Shy boy and party boy,1,1.0
/home/z/zhangyon/.cache/kagglehub/datasets/hsankesara/flickr-image-dataset/versions/1/flickr30k_images/flickr30k_images/2515822745.jpg,The two people speak into the same microphone,0,1.0
/home/z/zhangyon/.cache/kagglehub/datasets/hsankesara/flickr-image-dataset/versions/1/flickr30k_images/flickr30k_images/2515822745.jpg,Nobody is reading,2,1.0
/home/z/zhangyon/.cache/kagglehub/datasets/hsankesara/flickr-image-dataset/versions/1/flickr30k_images/flickr30k_images/2515822745.jpg,The people are performing for an audience,1,1.0
/home/z/zhangyon/.cache/kagglehub/datasets/hsankesara/flickr-image-dataset/versions/1/flickr30k_images/flickr30k_images/2254913901.jpg,The woman is outside of a clothing store,0,1.0
/home/z/zhangyon/.cache/kagglehub/datasets/hsankesara/flickr-image-dataset/versions/1/flickr30k_images/flickr30k_images/2254913901.jpg,The sun is shining at the window,2,1.0
/home/z/zhangyon/.cache/kagglehub/datasets/hsankesara/flickr-image-dataset/versions/1/flickr30k_images/flickr30k_images/2254913901.jpg,The woman is shopping for a new dress,1,1.0
/home/z/zhangyon/.cache/kagglehub/datasets/hsankesara/flickr-image-dataset/versions/1/flickr30k_images/flickr30k_images/5456862756.jpg,A woman soaking her feet,0,1.0
/home/z/zhangyon/.cache/kagglehub/datasets/hsankesara/flickr-image-dataset/versions/1/flickr30k_images/flickr30k_images/5456862756.jpg,A woman is walking down the street,2,1.0
/home/z/zhangyon/.cache/kagglehub/datasets/hsankesara/flickr-image-dataset/versions/1/flickr30k_images/flickr30k_images/5456862756.jpg,A woman was on her feet all day,1,1.0
/home/z/zhangyon/.cache/kagglehub/datasets/hsankesara/flickr-image-dataset/versions/1/flickr30k_images/flickr30k_images/434932657.jpg,The cowboy is dirty,0,1.0
/home/z/zhangyon/.cache/kagglehub/datasets/hsankesara/flickr-image-dataset/versions/1/flickr30k_images/flickr30k_images/434932657.jpg,A woman is riding a horse,2,1.0
/home/z/zhangyon/.cache/kagglehub/datasets/hsankesara/flickr-image-dataset/versions/1/flickr30k_images/flickr30k_images/434932657.jpg,A man is riding a bull in a contest,0,1.0
/home/z/zhangyon/.cache/kagglehub/datasets/hsankesara/flickr-image-dataset/versions/1/flickr30k_images/flickr30k_images/2321865325.jpg,A puppy is running,0,1.0
/home/z/zhangyon/.cache/kagglehub/datasets/hsankesara/flickr-image-dataset/versions/1/flickr30k_images/flickr30k_images/2321865325.jpg,a puppy laying on a gravel road,2,1.0
/home/z/zhangyon/.cache/kagglehub/datasets/hsankesara/flickr-image-dataset/versions/1/flickr30k_images/flickr30k_images/2321865325.jpg,"Two small dogs, each a different color",1,1.0
/home/z/zhangyon/.cache/kagglehub/datasets/hsankesara/flickr-image-dataset/versions/1/flickr30k_images/flickr30k_images/745880539.jpg,An animal is in a tube,0,1.0
/home/z/zhangyon/.cache/kagglehub/datasets/hsankesara/flickr-image-dataset/versions/1/flickr30k_images/flickr30k_images/745880539.jpg,The dog is on the bed,2,1.0
/home/z/zhangyon/.cache/kagglehub/datasets/hsankesara/flickr-image-dataset/versions/1/flickr30k_images/flickr30k_images/745880539.jpg,The dog is getting exercise at the obstacle course,1,1.0
/home/z/zhangyon/.cache/kagglehub/datasets/hsankesara/flickr-image-dataset/versions/1/flickr30k_images/flickr30k_images/253800791.jpg,Two men are outdoors,0,1.0
/home/z/zhangyon/.cache/kagglehub/datasets/hsankesara/flickr-image-dataset/versions/1/flickr30k_images/flickr30k_images/253800791.jpg,A woman is watching a man eating a banana,2,1.0
/home/z/zhangyon/.cache/kagglehub/datasets/hsankesara/flickr-image-dataset/versions/1/flickr30k_images/flickr30k_images/253800791.jpg,The man watches the baseball lesson in the park,1,1.0
/home/z/zhangyon/.cache/kagglehub/datasets/hsankesara/flickr-image-dataset/versions/1/flickr30k_images/flickr30k_images/4361156028.jpg,an unhappy looking woman,0,1.0
/home/z/zhangyon/.cache/kagglehub/datasets/hsankesara/flickr-image-dataset/versions/1/flickr30k_images/flickr30k_images/4361156028.jpg,The sweater is yellow,2,1.0
/home/z/zhangyon/.cache/kagglehub/datasets/hsankesara/flickr-image-dataset/versions/1/flickr30k_images/flickr30k_images/4361156028.jpg,A woman is on a bus,1,1.0
/home/z/zhangyon/.cache/kagglehub/datasets/hsankesara/flickr-image-dataset/versions/1/flickr30k_images/flickr30k_images/2837804631.jpg,A kid is splashed at a fountain,0,1.0
/home/z/zhangyon/.cache/kagglehub/datasets/hsankesara/flickr-image-dataset/versions/1/flickr30k_images/flickr30k_images/2837804631.jpg,A child is drenched in water by his friends at a fountain,2,1.0
/home/z/zhangyon/.cache/kagglehub/datasets/hsankesara/flickr-image-dataset/versions/1/flickr30k_images/flickr30k_images/2837804631.jpg,a little boy is pretending to be a duck in the fountain,1,1.0
/home/z/zhangyon/.cache/kagglehub/datasets/hsankesara/flickr-image-dataset/versions/1/flickr30k_images/flickr30k_images/288025239.jpg,A person is in an outdoor shelter,0,1.0
/home/z/zhangyon/.cache/kagglehub/datasets/hsankesara/flickr-image-dataset/versions/1/flickr30k_images/flickr30k_images/288025239.jpg,A hiker pokes out of a tent to see a nice sunny day,0,1.0
/home/z/zhangyon/.cache/kagglehub/datasets/hsankesara/flickr-image-dataset/versions/1/flickr30k_images/flickr30k_images/288025239.jpg,A man thinking of escaping heavy snowfall,1,1.0
/home/z/zhangyon/.cache/kagglehub/datasets/hsankesara/flickr-image-dataset/versions/1/flickr30k_images/flickr30k_images/3279228339.jpg,There is someone at the restaurant,0,1.0
/home/z/zhangyon/.cache/kagglehub/datasets/hsankesara/flickr-image-dataset/versions/1/flickr30k_images/flickr30k_images/3279228339.jpg,The worker is holding food,1,1.0
/home/z/zhangyon/.cache/kagglehub/datasets/hsankesara/flickr-image-dataset/versions/1/flickr30k_images/flickr30k_images/3279228339.jpg,the man is a coward,1,1.0
/home/z/zhangyon/.cache/kagglehub/datasets/hsankesara/flickr-image-dataset/versions/1/flickr30k_images/flickr30k_images/2249682069.jpg,The man is knitting,0,1.0
/home/z/zhangyon/.cache/kagglehub/datasets/hsankesara/flickr-image-dataset/versions/1/flickr30k_images/flickr30k_images/2249682069.jpg,people are sewing a gift for their friend,1,1.0
/home/z/zhangyon/.cache/kagglehub/datasets/hsankesara/flickr-image-dataset/versions/1/flickr30k_images/flickr30k_images/2249682069.jpg,A group of people are knitting socks,1,1.0
/home/z/zhangyon/.cache/kagglehub/datasets/hsankesara/flickr-image-dataset/versions/1/flickr30k_images/flickr30k_images/2507182524.jpg,The dog runs after a ball,0,1.0
/home/z/zhangyon/.cache/kagglehub/datasets/hsankesara/flickr-image-dataset/versions/1/flickr30k_images/flickr30k_images/2507182524.jpg,A dog sits to scratch its self,2,1.0
/home/z/zhangyon/.cache/kagglehub/datasets/hsankesara/flickr-image-dataset/versions/1/flickr30k_images/flickr30k_images/2507182524.jpg,A dog is chasing a tennis ball,0,1.0
/home/z/zhangyon/.cache/kagglehub/datasets/hsankesara/flickr-image-dataset/versions/1/flickr30k_images/flickr30k_images/2551602773.jpg,A few people are getting off a plane,0,1.0
/home/z/zhangyon/.cache/kagglehub/datasets/hsankesara/flickr-image-dataset/versions/1/flickr30k_images/flickr30k_images/2551602773.jpg,The plane was destroyed,2,1.0
/home/z/zhangyon/.cache/kagglehub/datasets/hsankesara/flickr-image-dataset/versions/1/flickr30k_images/flickr30k_images/2551602773.jpg,A group of tourists are getting off a plane,1,1.0
/home/z/zhangyon/.cache/kagglehub/datasets/hsankesara/flickr-image-dataset/versions/1/flickr30k_images/flickr30k_images/3415178926.jpg,A man plays with his dog,0,1.0
/home/z/zhangyon/.cache/kagglehub/datasets/hsankesara/flickr-image-dataset/versions/1/flickr30k_images/flickr30k_images/3415178926.jpg,A man relaxing with his cat,2,1.0
/home/z/zhangyon/.cache/kagglehub/datasets/hsankesara/flickr-image-dataset/versions/1/flickr30k_images/flickr30k_images/3415178926.jpg,The man tried to get the dog to play catch,1,1.0
/home/z/zhangyon/.cache/kagglehub/datasets/hsankesara/flickr-image-dataset/versions/1/flickr30k_images/flickr30k_images/2717110088.jpg,The two kids are in a store,0,1.0
/home/z/zhangyon/.cache/kagglehub/datasets/hsankesara/flickr-image-dataset/versions/1/flickr30k_images/flickr30k_images/2717110088.jpg,Two people are having sex on the bed in the middle of the department store,2,1.0
/home/z/zhangyon/.cache/kagglehub/datasets/hsankesara/flickr-image-dataset/versions/1/flickr30k_images/flickr30k_images/2717110088.jpg,Two people are checking out the bed to see if they want to buy it,1,1.0
/home/z/zhangyon/.cache/kagglehub/datasets/hsankesara/flickr-image-dataset/versions/1/flickr30k_images/flickr30k_images/3332248667.jpg,A man and a woman are using public transportation,0,1.0
/home/z/zhangyon/.cache/kagglehub/datasets/hsankesara/flickr-image-dataset/versions/1/flickr30k_images/flickr30k_images/3332248667.jpg,A man is crying in his car,2,1.0
/home/z/zhangyon/.cache/kagglehub/datasets/hsankesara/flickr-image-dataset/versions/1/flickr30k_images/flickr30k_images/3332248667.jpg,The coworkers wait in silence as they ride to work,1,1.0
/home/z/zhangyon/.cache/kagglehub/datasets/hsankesara/flickr-image-dataset/versions/1/flickr30k_images/flickr30k_images/7990849887.jpg,An audience is watching a musical performance,0,1.0
/home/z/zhangyon/.cache/kagglehub/datasets/hsankesara/flickr-image-dataset/versions/1/flickr30k_images/flickr30k_images/7990849887.jpg,Two artists are sleeping,2,1.0
/home/z/zhangyon/.cache/kagglehub/datasets/hsankesara/flickr-image-dataset/versions/1/flickr30k_images/flickr30k_images/7990849887.jpg,the band is made up of three brothers,1,1.0
/home/z/zhangyon/.cache/kagglehub/datasets/hsankesara/flickr-image-dataset/versions/1/flickr30k_images/flickr30k_images/4857776520.jpg,A man is next to a woman,0,1.0
/home/z/zhangyon/.cache/kagglehub/datasets/hsankesara/flickr-image-dataset/versions/1/flickr30k_images/flickr30k_images/4857776520.jpg,A couple sits at the beach and look at the clouds,2,1.0
/home/z/zhangyon/.cache/kagglehub/datasets/hsankesara/flickr-image-dataset/versions/1/flickr30k_images/flickr30k_images/4857776520.jpg,THEY ARE LOOKING UP  AT THE PLANE,1,1.0
/home/z/zhangyon/.cache/kagglehub/datasets/hsankesara/flickr-image-dataset/versions/1/flickr30k_images/flickr30k_images/48614561.jpg,A toddler has another kids mouth piece,1,1.0
/home/z/zhangyon/.cache/kagglehub/datasets/hsankesara/flickr-image-dataset/versions/1/flickr30k_images/flickr30k_images/48614561.jpg,Babies climb in the trees,2,1.0
/home/z/zhangyon/.cache/kagglehub/datasets/hsankesara/flickr-image-dataset/versions/1/flickr30k_images/flickr30k_images/48614561.jpg,Two babies are sitting on the floor playing with one toy,1,1.0
/home/z/zhangyon/.cache/kagglehub/datasets/hsankesara/flickr-image-dataset/versions/1/flickr30k_images/flickr30k_images/6156276992.jpg,A man has a camera,0,1.0
/home/z/zhangyon/.cache/kagglehub/datasets/hsankesara/flickr-image-dataset/versions/1/flickr30k_images/flickr30k_images/6156276992.jpg,Two travelers are sleeping in their bunks,2,1.0
/home/z/zhangyon/.cache/kagglehub/datasets/hsankesara/flickr-image-dataset/versions/1/flickr30k_images/flickr30k_images/6156276992.jpg,A man is taking pictures of the flowers on the mountain,1,1.0
/home/z/zhangyon/.cache/kagglehub/datasets/hsankesara/flickr-image-dataset/versions/1/flickr30k_images/flickr30k_images/2279432034.jpg,A group of musicians and singers practice,0,1.0
/home/z/zhangyon/.cache/kagglehub/datasets/hsankesara/flickr-image-dataset/versions/1/flickr30k_images/flickr30k_images/2279432034.jpg,There are no instruments in the orchestra,2,1.0
/home/z/zhangyon/.cache/kagglehub/datasets/hsankesara/flickr-image-dataset/versions/1/flickr30k_images/flickr30k_images/2279432034.jpg,Two musical groups are in the middle of a concert,0,1.0
/home/z/zhangyon/.cache/kagglehub/datasets/hsankesara/flickr-image-dataset/versions/1/flickr30k_images/flickr30k_images/4478063110.jpg,The man is his own opponent,1,1.0
/home/z/zhangyon/.cache/kagglehub/datasets/hsankesara/flickr-image-dataset/versions/1/flickr30k_images/flickr30k_images/4478063110.jpg,The man is playing field hockey,2,1.0
/home/z/zhangyon/.cache/kagglehub/datasets/hsankesara/flickr-image-dataset/versions/1/flickr30k_images/flickr30k_images/4478063110.jpg,Two people sit down at a table,1,1.0
/home/z/zhangyon/.cache/kagglehub/datasets/hsankesara/flickr-image-dataset/versions/1/flickr30k_images/flickr30k_images/3298573714.jpg,She is going for a walk,0,1.0
/home/z/zhangyon/.cache/kagglehub/datasets/hsankesara/flickr-image-dataset/versions/1/flickr30k_images/flickr30k_images/3298573714.jpg,A man cleans a litterbox,2,1.0
/home/z/zhangyon/.cache/kagglehub/datasets/hsankesara/flickr-image-dataset/versions/1/flickr30k_images/flickr30k_images/3298573714.jpg,The woman walks her neighbors dog,1,1.0
/home/z/zhangyon/.cache/kagglehub/datasets/hsankesara/flickr-image-dataset/versions/1/flickr30k_images/flickr30k_images/4915658588.jpg,Three people are standing by a road,0,1.0
/home/z/zhangyon/.cache/kagglehub/datasets/hsankesara/flickr-image-dataset/versions/1/flickr30k_images/flickr30k_images/4915658588.jpg,Five guys are eating burgers on a street corner,2,1.0
/home/z/zhangyon/.cache/kagglehub/datasets/hsankesara/flickr-image-dataset/versions/1/flickr30k_images/flickr30k_images/4915658588.jpg,Three people are waiting at a street corner for the bus,1,1.0
/home/z/zhangyon/.cache/kagglehub/datasets/hsankesara/flickr-image-dataset/versions/1/flickr30k_images/flickr30k_images/7212803242.jpg,There is a baby outside,0,1.0
/home/z/zhangyon/.cache/kagglehub/datasets/hsankesara/flickr-image-dataset/versions/1/flickr30k_images/flickr30k_images/7212803242.jpg,The child is asleep,2,1.0
/home/z/zhangyon/.cache/kagglehub/datasets/hsankesara/flickr-image-dataset/versions/1/flickr30k_images/flickr30k_images/7212803242.jpg,The baby is learning to food small things,1,1.0
/home/z/zhangyon/.cache/kagglehub/datasets/hsankesara/flickr-image-dataset/versions/1/flickr30k_images/flickr30k_images/4801849846.jpg,A person walks in front of a store,0,1.0
/home/z/zhangyon/.cache/kagglehub/datasets/hsankesara/flickr-image-dataset/versions/1/flickr30k_images/flickr30k_images/4801849846.jpg,A man walks in front of a store at night,2,1.0
/home/z/zhangyon/.cache/kagglehub/datasets/hsankesara/flickr-image-dataset/versions/1/flickr30k_images/flickr30k_images/4801849846.jpg,Pink is a mans favorite color,1,1.0
/home/z/zhangyon/.cache/kagglehub/datasets/hsankesara/flickr-image-dataset/versions/1/flickr30k_images/flickr30k_images/6474645169.jpg,There is a basketball game between Lafayette and Penn State,0,1.0
/home/z/zhangyon/.cache/kagglehub/datasets/hsankesara/flickr-image-dataset/versions/1/flickr30k_images/flickr30k_images/6474645169.jpg,The game is almost over,2,1.0
/home/z/zhangyon/.cache/kagglehub/datasets/hsankesara/flickr-image-dataset/versions/1/flickr30k_images/flickr30k_images/6474645169.jpg,The Lafayette player has the ball,1,1.0
/home/z/zhangyon/.cache/kagglehub/datasets/hsankesara/flickr-image-dataset/versions/1/flickr30k_images/flickr30k_images/263233914.jpg,the girl is wet,0,1.0
/home/z/zhangyon/.cache/kagglehub/datasets/hsankesara/flickr-image-dataset/versions/1/flickr30k_images/flickr30k_images/263233914.jpg,A little boy in a pink bathing suit laughs by a pool,2,1.0
/home/z/zhangyon/.cache/kagglehub/datasets/hsankesara/flickr-image-dataset/versions/1/flickr30k_images/flickr30k_images/263233914.jpg,The girl is visiting her grandmother who lives on Marthas Vineyard,1,1.0
/home/z/zhangyon/.cache/kagglehub/datasets/hsankesara/flickr-image-dataset/versions/1/flickr30k_images/flickr30k_images/4490635744.jpg,People are guarding a barrier,0,1.0
/home/z/zhangyon/.cache/kagglehub/datasets/hsankesara/flickr-image-dataset/versions/1/flickr30k_images/flickr30k_images/4490635744.jpg,Two cops arrest an elephant,2,1.0
/home/z/zhangyon/.cache/kagglehub/datasets/hsankesara/flickr-image-dataset/versions/1/flickr30k_images/flickr30k_images/4490635744.jpg,Two fake cops and a child undercover agent,1,1.0
/home/z/zhangyon/.cache/kagglehub/datasets/hsankesara/flickr-image-dataset/versions/1/flickr30k_images/flickr30k_images/6589292543.jpg,Little boys lay down,0,1.0
/home/z/zhangyon/.cache/kagglehub/datasets/hsankesara/flickr-image-dataset/versions/1/flickr30k_images/flickr30k_images/6589292543.jpg,A child resting on the floor,2,1.0
/home/z/zhangyon/.cache/kagglehub/datasets/hsankesara/flickr-image-dataset/versions/1/flickr30k_images/flickr30k_images/6589292543.jpg,A young boy is tries to take a rest from his shopaholic mother,1,1.0
/home/z/zhangyon/.cache/kagglehub/datasets/hsankesara/flickr-image-dataset/versions/1/flickr30k_images/flickr30k_images/4828433053.jpg,A dog is on a leash,0,1.0
/home/z/zhangyon/.cache/kagglehub/datasets/hsankesara/flickr-image-dataset/versions/1/flickr30k_images/flickr30k_images/4828433053.jpg,A person is walking his cat,2,1.0
/home/z/zhangyon/.cache/kagglehub/datasets/hsankesara/flickr-image-dataset/versions/1/flickr30k_images/flickr30k_images/4828433053.jpg,A man with his dog is waiting for his friend,1,1.0
/home/z/zhangyon/.cache/kagglehub/datasets/hsankesara/flickr-image-dataset/versions/1/flickr30k_images/flickr30k_images/4971484184.jpg,There is a blue car,0,1.0
/home/z/zhangyon/.cache/kagglehub/datasets/hsankesara/flickr-image-dataset/versions/1/flickr30k_images/flickr30k_images/4971484184.jpg,There is nothing behind the blue car,2,1.0
/home/z/zhangyon/.cache/kagglehub/datasets/hsankesara/flickr-image-dataset/versions/1/flickr30k_images/flickr30k_images/4971484184.jpg,A half naked woman poses for art students beside a blue car,1,1.0
/home/z/zhangyon/.cache/kagglehub/datasets/hsankesara/flickr-image-dataset/versions/1/flickr30k_images/flickr30k_images/6693881913.jpg,Hockey players fight,0,1.0
/home/z/zhangyon/.cache/kagglehub/datasets/hsankesara/flickr-image-dataset/versions/1/flickr30k_images/flickr30k_images/6693881913.jpg,Two basketball players jump for the ball,2,1.0
/home/z/zhangyon/.cache/kagglehub/datasets/hsankesara/flickr-image-dataset/versions/1/flickr30k_images/flickr30k_images/6693881913.jpg,Two hockey players are charged with penalties,1,1.0
/home/z/zhangyon/.cache/kagglehub/datasets/hsankesara/flickr-image-dataset/versions/1/flickr30k_images/flickr30k_images/4442319130.jpg,A cat nestles against someone,0,1.0
/home/z/zhangyon/.cache/kagglehub/datasets/hsankesara/flickr-image-dataset/versions/1/flickr30k_images/flickr30k_images/4442319130.jpg,Nobody has a cat,2,1.0
/home/z/zhangyon/.cache/kagglehub/datasets/hsankesara/flickr-image-dataset/versions/1/flickr30k_images/flickr30k_images/4442319130.jpg,A tall person with a cat,1,1.0
/home/z/zhangyon/.cache/kagglehub/datasets/hsankesara/flickr-image-dataset/versions/1/flickr30k_images/flickr30k_images/520913429.jpg,A person doing something outside,0,1.0
/home/z/zhangyon/.cache/kagglehub/datasets/hsankesara/flickr-image-dataset/versions/1/flickr30k_images/flickr30k_images/520913429.jpg,A man is sweeping his kitchen floor with a broom that he made,2,1.0
/home/z/zhangyon/.cache/kagglehub/datasets/hsankesara/flickr-image-dataset/versions/1/flickr30k_images/flickr30k_images/520913429.jpg,A man is cleaning an altar before a wedding,1,1.0
/home/z/zhangyon/.cache/kagglehub/datasets/hsankesara/flickr-image-dataset/versions/1/flickr30k_images/flickr30k_images/4848645410.jpg,The man in white and blue is outside,0,1.0
/home/z/zhangyon/.cache/kagglehub/datasets/hsankesara/flickr-image-dataset/versions/1/flickr30k_images/flickr30k_images/4848645410.jpg,The man is inside the bar,2,1.0
/home/z/zhangyon/.cache/kagglehub/datasets/hsankesara/flickr-image-dataset/versions/1/flickr30k_images/flickr30k_images/4848645410.jpg,Someone is taking photographs of the street,1,1.0
/home/z/zhangyon/.cache/kagglehub/datasets/hsankesara/flickr-image-dataset/versions/1/flickr30k_images/flickr30k_images/3231749680.jpg,Children taking naps,0,1.0
/home/z/zhangyon/.cache/kagglehub/datasets/hsankesara/flickr-image-dataset/versions/1/flickr30k_images/flickr30k_images/3231749680.jpg,Four Mexican toddlers nap on a floor,2,1.0
/home/z/zhangyon/.cache/kagglehub/datasets/hsankesara/flickr-image-dataset/versions/1/flickr30k_images/flickr30k_images/3231749680.jpg,girls are sleeping on blankets on the basement floor,1,1.0
/home/z/zhangyon/.cache/kagglehub/datasets/hsankesara/flickr-image-dataset/versions/1/flickr30k_images/flickr30k_images/77740577.jpg,The man and women are sitting on the same piece of furniture,0,1.0
/home/z/zhangyon/.cache/kagglehub/datasets/hsankesara/flickr-image-dataset/versions/1/flickr30k_images/flickr30k_images/77740577.jpg,Woman sits next to a man and child,2,1.0
/home/z/zhangyon/.cache/kagglehub/datasets/hsankesara/flickr-image-dataset/versions/1/flickr30k_images/flickr30k_images/77740577.jpg,A woman is nervous about a blind date,1,1.0
/home/z/zhangyon/.cache/kagglehub/datasets/hsankesara/flickr-image-dataset/versions/1/flickr30k_images/flickr30k_images/3655074079.jpg,The woman is wearing no clothes,0,1.0
/home/z/zhangyon/.cache/kagglehub/datasets/hsankesara/flickr-image-dataset/versions/1/flickr30k_images/flickr30k_images/3655074079.jpg,"The woman is so cold, she has to wear a sweater",2,1.0
/home/z/zhangyon/.cache/kagglehub/datasets/hsankesara/flickr-image-dataset/versions/1/flickr30k_images/flickr30k_images/3655074079.jpg,the woman is posing for a magazine,1,1.0
/home/z/zhangyon/.cache/kagglehub/datasets/hsankesara/flickr-image-dataset/versions/1/flickr30k_images/flickr30k_images/2797188545.jpg,Two people are floating in a boat,0,1.0
/home/z/zhangyon/.cache/kagglehub/datasets/hsankesara/flickr-image-dataset/versions/1/flickr30k_images/flickr30k_images/2797188545.jpg,There are people in the pool,2,1.0
/home/z/zhangyon/.cache/kagglehub/datasets/hsankesara/flickr-image-dataset/versions/1/flickr30k_images/flickr30k_images/2797188545.jpg,The couple paddle hard,1,1.0
/home/z/zhangyon/.cache/kagglehub/datasets/hsankesara/flickr-image-dataset/versions/1/flickr30k_images/flickr30k_images/503357436.jpg,a man rides a bike,0,1.0
/home/z/zhangyon/.cache/kagglehub/datasets/hsankesara/flickr-image-dataset/versions/1/flickr30k_images/flickr30k_images/503357436.jpg,There is only one person present,2,1.0
/home/z/zhangyon/.cache/kagglehub/datasets/hsankesara/flickr-image-dataset/versions/1/flickr30k_images/flickr30k_images/503357436.jpg,The two men are testing the new product line of their toy company in front of their investors,1,1.0
/home/z/zhangyon/.cache/kagglehub/datasets/hsankesara/flickr-image-dataset/versions/1/flickr30k_images/flickr30k_images/3418462699.jpg,the person is touching a tree,0,1.0
/home/z/zhangyon/.cache/kagglehub/datasets/hsankesara/flickr-image-dataset/versions/1/flickr30k_images/flickr30k_images/3418462699.jpg,A lumberjack poses with a tree hes about to chop down,2,1.0
/home/z/zhangyon/.cache/kagglehub/datasets/hsankesara/flickr-image-dataset/versions/1/flickr30k_images/flickr30k_images/3418462699.jpg,A man is stretching before going on a run,1,1.0
/home/z/zhangyon/.cache/kagglehub/datasets/hsankesara/flickr-image-dataset/versions/1/flickr30k_images/flickr30k_images/3604391853.jpg,A man is reaching,0,1.0
/home/z/zhangyon/.cache/kagglehub/datasets/hsankesara/flickr-image-dataset/versions/1/flickr30k_images/flickr30k_images/3604391853.jpg,"Man lying on a sidewalk, staring at the sky",2,1.0
/home/z/zhangyon/.cache/kagglehub/datasets/hsankesara/flickr-image-dataset/versions/1/flickr30k_images/flickr30k_images/3604391853.jpg,a man is about to hold his wife,1,1.0
/home/z/zhangyon/.cache/kagglehub/datasets/hsankesara/flickr-image-dataset/versions/1/flickr30k_images/flickr30k_images/218225539.jpg,There is water,0,1.0
/home/z/zhangyon/.cache/kagglehub/datasets/hsankesara/flickr-image-dataset/versions/1/flickr30k_images/flickr30k_images/218225539.jpg,There is no water around,2,1.0
/home/z/zhangyon/.cache/kagglehub/datasets/hsankesara/flickr-image-dataset/versions/1/flickr30k_images/flickr30k_images/218225539.jpg,A father is spending time with his family on his day off,1,1.0
/home/z/zhangyon/.cache/kagglehub/datasets/hsankesara/flickr-image-dataset/versions/1/flickr30k_images/flickr30k_images/4677535056.jpg,A person goes by a car next to a street,0,1.0
/home/z/zhangyon/.cache/kagglehub/datasets/hsankesara/flickr-image-dataset/versions/1/flickr30k_images/flickr30k_images/4677535056.jpg,The man is sitting in a movie theater,2,1.0
/home/z/zhangyon/.cache/kagglehub/datasets/hsankesara/flickr-image-dataset/versions/1/flickr30k_images/flickr30k_images/4677535056.jpg,a man stands next to his taxi with his new sunglasses,1,1.0
/home/z/zhangyon/.cache/kagglehub/datasets/hsankesara/flickr-image-dataset/versions/1/flickr30k_images/flickr30k_images/2667242810.jpg,Five total people are near a table with objects on it,0,1.0
/home/z/zhangyon/.cache/kagglehub/datasets/hsankesara/flickr-image-dataset/versions/1/flickr30k_images/flickr30k_images/2667242810.jpg,The organizers of the fundraiser were fighting each other,2,1.0
/home/z/zhangyon/.cache/kagglehub/datasets/hsankesara/flickr-image-dataset/versions/1/flickr30k_images/flickr30k_images/2667242810.jpg,two men talk about design,1,1.0
/home/z/zhangyon/.cache/kagglehub/datasets/hsankesara/flickr-image-dataset/versions/1/flickr30k_images/flickr30k_images/965444691.jpg,Someone is with a baby,0,1.0
/home/z/zhangyon/.cache/kagglehub/datasets/hsankesara/flickr-image-dataset/versions/1/flickr30k_images/flickr30k_images/965444691.jpg,The man is not the father,1,1.0
/home/z/zhangyon/.cache/kagglehub/datasets/hsankesara/flickr-image-dataset/versions/1/flickr30k_images/flickr30k_images/965444691.jpg,The baby is the mans daughter,1,1.0
/home/z/zhangyon/.cache/kagglehub/datasets/hsankesara/flickr-image-dataset/versions/1/flickr30k_images/flickr30k_images/4347441967.jpg,A man and kid are practicing martial arts,0,1.0
/home/z/zhangyon/.cache/kagglehub/datasets/hsankesara/flickr-image-dataset/versions/1/flickr30k_images/flickr30k_images/4347441967.jpg,A young boy is running away screaming,2,1.0
/home/z/zhangyon/.cache/kagglehub/datasets/hsankesara/flickr-image-dataset/versions/1/flickr30k_images/flickr30k_images/4347441967.jpg,A young boy is scared,1,1.0
/home/z/zhangyon/.cache/kagglehub/datasets/hsankesara/flickr-image-dataset/versions/1/flickr30k_images/flickr30k_images/460326010.jpg,A child chases a small animal,0,1.0
/home/z/zhangyon/.cache/kagglehub/datasets/hsankesara/flickr-image-dataset/versions/1/flickr30k_images/flickr30k_images/460326010.jpg,The girl was in the car,2,1.0
/home/z/zhangyon/.cache/kagglehub/datasets/hsankesara/flickr-image-dataset/versions/1/flickr30k_images/flickr30k_images/460326010.jpg,A boy tries to catch a bird for a pet,1,1.0
/home/z/zhangyon/.cache/kagglehub/datasets/hsankesara/flickr-image-dataset/versions/1/flickr30k_images/flickr30k_images/3189464563.jpg,A women wears hoop earrings,0,1.0
/home/z/zhangyon/.cache/kagglehub/datasets/hsankesara/flickr-image-dataset/versions/1/flickr30k_images/flickr30k_images/3189464563.jpg,"a woman with big earrings, holding up her prize parrot",2,1.0
/home/z/zhangyon/.cache/kagglehub/datasets/hsankesara/flickr-image-dataset/versions/1/flickr30k_images/flickr30k_images/3189464563.jpg,"a woman with big hoop earrings, holding up her prize ticket",1,1.0
/home/z/zhangyon/.cache/kagglehub/datasets/hsankesara/flickr-image-dataset/versions/1/flickr30k_images/flickr30k_images/8138745455.jpg,the med played games,0,1.0
/home/z/zhangyon/.cache/kagglehub/datasets/hsankesara/flickr-image-dataset/versions/1/flickr30k_images/flickr30k_images/8138745455.jpg,Three old men are playing checkers,2,1.0
/home/z/zhangyon/.cache/kagglehub/datasets/hsankesara/flickr-image-dataset/versions/1/flickr30k_images/flickr30k_images/8138745455.jpg,Three people gambling for money in front of a building,1,1.0
/home/z/zhangyon/.cache/kagglehub/datasets/hsankesara/flickr-image-dataset/versions/1/flickr30k_images/flickr30k_images/530170010.jpg,The man is active,0,1.0
/home/z/zhangyon/.cache/kagglehub/datasets/hsankesara/flickr-image-dataset/versions/1/flickr30k_images/flickr30k_images/530170010.jpg,The man is laying quietly on the rainy day,2,1.0
/home/z/zhangyon/.cache/kagglehub/datasets/hsankesara/flickr-image-dataset/versions/1/flickr30k_images/flickr30k_images/530170010.jpg,The man is hispanic,1,1.0
/home/z/zhangyon/.cache/kagglehub/datasets/hsankesara/flickr-image-dataset/versions/1/flickr30k_images/flickr30k_images/2671602981.jpg,A girl is jumping,0,1.0
/home/z/zhangyon/.cache/kagglehub/datasets/hsankesara/flickr-image-dataset/versions/1/flickr30k_images/flickr30k_images/2671602981.jpg,A man is stranded in the middle of a desert,2,1.0
/home/z/zhangyon/.cache/kagglehub/datasets/hsankesara/flickr-image-dataset/versions/1/flickr30k_images/flickr30k_images/2671602981.jpg,A girl is splashing around in the waters outside,1,1.0
/home/z/zhangyon/.cache/kagglehub/datasets/hsankesara/flickr-image-dataset/versions/1/flickr30k_images/flickr30k_images/4917931600.jpg,A man in a hat is by the road,0,1.0
/home/z/zhangyon/.cache/kagglehub/datasets/hsankesara/flickr-image-dataset/versions/1/flickr30k_images/flickr30k_images/4917931600.jpg,A boy wears swimming goggles at the pool,2,1.0
/home/z/zhangyon/.cache/kagglehub/datasets/hsankesara/flickr-image-dataset/versions/1/flickr30k_images/flickr30k_images/4917931600.jpg,The man in the street is wearing socks,1,1.0
/home/z/zhangyon/.cache/kagglehub/datasets/hsankesara/flickr-image-dataset/versions/1/flickr30k_images/flickr30k_images/4623878206.jpg,The woman is walking outdoors,0,1.0
/home/z/zhangyon/.cache/kagglehub/datasets/hsankesara/flickr-image-dataset/versions/1/flickr30k_images/flickr30k_images/4623878206.jpg,The woman with the bottle of water was sitting at her kitchen table reading the newspaper,2,1.0
/home/z/zhangyon/.cache/kagglehub/datasets/hsankesara/flickr-image-dataset/versions/1/flickr30k_images/flickr30k_images/4623878206.jpg,The woman is on her way to a hiking trail,1,1.0
/home/z/zhangyon/.cache/kagglehub/datasets/hsankesara/flickr-image-dataset/versions/1/flickr30k_images/flickr30k_images/2984174290.jpg,Man is outside,0,1.0
/home/z/zhangyon/.cache/kagglehub/datasets/hsankesara/flickr-image-dataset/versions/1/flickr30k_images/flickr30k_images/2984174290.jpg,A shark is surfing,2,1.0
/home/z/zhangyon/.cache/kagglehub/datasets/hsankesara/flickr-image-dataset/versions/1/flickr30k_images/flickr30k_images/2984174290.jpg,a surfer riding a big wave at a competition,1,1.0
/home/z/zhangyon/.cache/kagglehub/datasets/hsankesara/flickr-image-dataset/versions/1/flickr30k_images/flickr30k_images/4511879942.jpg,The women are standing by each other,0,1.0
/home/z/zhangyon/.cache/kagglehub/datasets/hsankesara/flickr-image-dataset/versions/1/flickr30k_images/flickr30k_images/4511879942.jpg,A woman is standing on a train,2,1.0
/home/z/zhangyon/.cache/kagglehub/datasets/hsankesara/flickr-image-dataset/versions/1/flickr30k_images/flickr30k_images/4511879942.jpg,A woman is lost and asks the first woman she sees for directions,1,1.0
/home/z/zhangyon/.cache/kagglehub/datasets/hsankesara/flickr-image-dataset/versions/1/flickr30k_images/flickr30k_images/3320411267.jpg,A person is outside,0,1.0
/home/z/zhangyon/.cache/kagglehub/datasets/hsankesara/flickr-image-dataset/versions/1/flickr30k_images/flickr30k_images/3320411267.jpg,She double-checked her safety gear before beginning her ascent,2,1.0
/home/z/zhangyon/.cache/kagglehub/datasets/hsankesara/flickr-image-dataset/versions/1/flickr30k_images/flickr30k_images/3320411267.jpg,A man in a blue jacket is climbing a rock for the first time,1,1.0
/home/z/zhangyon/.cache/kagglehub/datasets/hsankesara/flickr-image-dataset/versions/1/flickr30k_images/flickr30k_images/620595746.jpg,There are two people sunbathing,2,1.0
/home/z/zhangyon/.cache/kagglehub/datasets/hsankesara/flickr-image-dataset/versions/1/flickr30k_images/flickr30k_images/620595746.jpg,a black african lady wearing green traditional dress walk past sunbathers,2,1.0
/home/z/zhangyon/.cache/kagglehub/datasets/hsankesara/flickr-image-dataset/versions/1/flickr30k_images/flickr30k_images/620595746.jpg,the basket has towels in it,1,1.0
/home/z/zhangyon/.cache/kagglehub/datasets/hsankesara/flickr-image-dataset/versions/1/flickr30k_images/flickr30k_images/473323374.jpg,the baby is wearing cute clothes,1,1.0
/home/z/zhangyon/.cache/kagglehub/datasets/hsankesara/flickr-image-dataset/versions/1/flickr30k_images/flickr30k_images/473323374.jpg,the baby is not crying,2,1.0
/home/z/zhangyon/.cache/kagglehub/datasets/hsankesara/flickr-image-dataset/versions/1/flickr30k_images/flickr30k_images/473323374.jpg,The child wants to be fed,1,1.0
/home/z/zhangyon/.cache/kagglehub/datasets/hsankesara/flickr-image-dataset/versions/1/flickr30k_images/flickr30k_images/3139160252.jpg,Three people and a tree,0,1.0
/home/z/zhangyon/.cache/kagglehub/datasets/hsankesara/flickr-image-dataset/versions/1/flickr30k_images/flickr30k_images/3139160252.jpg,the turkey is waiting for some juicy batches on mturkgrind,2,1.0
/home/z/zhangyon/.cache/kagglehub/datasets/hsankesara/flickr-image-dataset/versions/1/flickr30k_images/flickr30k_images/3139160252.jpg,the women are related,1,1.0
/home/z/zhangyon/.cache/kagglehub/datasets/hsankesara/flickr-image-dataset/versions/1/flickr30k_images/flickr30k_images/2747436384.jpg,A wave is about to crash on four people,0,1.0
/home/z/zhangyon/.cache/kagglehub/datasets/hsankesara/flickr-image-dataset/versions/1/flickr30k_images/flickr30k_images/2747436384.jpg,The wave missed the boys,2,1.0
/home/z/zhangyon/.cache/kagglehub/datasets/hsankesara/flickr-image-dataset/versions/1/flickr30k_images/flickr30k_images/2747436384.jpg,three brothers get splashed by a wave,1,1.0
/home/z/zhangyon/.cache/kagglehub/datasets/hsankesara/flickr-image-dataset/versions/1/flickr30k_images/flickr30k_images/4825488431.jpg,Group of people standing outside,0,1.0
/home/z/zhangyon/.cache/kagglehub/datasets/hsankesara/flickr-image-dataset/versions/1/flickr30k_images/flickr30k_images/4825488431.jpg,The people are inside,2,1.0
/home/z/zhangyon/.cache/kagglehub/datasets/hsankesara/flickr-image-dataset/versions/1/flickr30k_images/flickr30k_images/4825488431.jpg,People watch a trick pilot perform at an air show,1,1.0
/home/z/zhangyon/.cache/kagglehub/datasets/hsankesara/flickr-image-dataset/versions/1/flickr30k_images/flickr30k_images/4444686770.jpg,A couple are fishing,0,1.0
/home/z/zhangyon/.cache/kagglehub/datasets/hsankesara/flickr-image-dataset/versions/1/flickr30k_images/flickr30k_images/4444686770.jpg,A man and a woman help each other up after falling down while rollerskating,2,1.0
/home/z/zhangyon/.cache/kagglehub/datasets/hsankesara/flickr-image-dataset/versions/1/flickr30k_images/flickr30k_images/4444686770.jpg,The fisherpeople have hiked to the lake,1,1.0
/home/z/zhangyon/.cache/kagglehub/datasets/hsankesara/flickr-image-dataset/versions/1/flickr30k_images/flickr30k_images/4459033855.jpg,The old gentlean used a screen to interact to other men at a table,0,1.0
/home/z/zhangyon/.cache/kagglehub/datasets/hsankesara/flickr-image-dataset/versions/1/flickr30k_images/flickr30k_images/4459033855.jpg,The men are watching a movie near the Brooklyn Bridge,2,1.0
/home/z/zhangyon/.cache/kagglehub/datasets/hsankesara/flickr-image-dataset/versions/1/flickr30k_images/flickr30k_images/4459033855.jpg,A head coach of a team talks to reporters in the audience,1,1.0
/home/z/zhangyon/.cache/kagglehub/datasets/hsankesara/flickr-image-dataset/versions/1/flickr30k_images/flickr30k_images/2844202978.jpg,A women sitting with food,0,1.0
/home/z/zhangyon/.cache/kagglehub/datasets/hsankesara/flickr-image-dataset/versions/1/flickr30k_images/flickr30k_images/2844202978.jpg,A woman is presenting herself on stage at a club,2,1.0
/home/z/zhangyon/.cache/kagglehub/datasets/hsankesara/flickr-image-dataset/versions/1/flickr30k_images/flickr30k_images/2844202978.jpg,A woman is about to eat,1,1.0
/home/z/zhangyon/.cache/kagglehub/datasets/hsankesara/flickr-image-dataset/versions/1/flickr30k_images/flickr30k_images/319870744.jpg,Someone is sitting,0,1.0
/home/z/zhangyon/.cache/kagglehub/datasets/hsankesara/flickr-image-dataset/versions/1/flickr30k_images/flickr30k_images/319870744.jpg,A person is in bed,2,1.0
/home/z/zhangyon/.cache/kagglehub/datasets/hsankesara/flickr-image-dataset/versions/1/flickr30k_images/flickr30k_images/319870744.jpg,a man sits and waits on top of the rocky mountains,1,1.0
/home/z/zhangyon/.cache/kagglehub/datasets/hsankesara/flickr-image-dataset/versions/1/flickr30k_images/flickr30k_images/3223809913.jpg,A man is skateboarding,0,1.0
/home/z/zhangyon/.cache/kagglehub/datasets/hsankesara/flickr-image-dataset/versions/1/flickr30k_images/flickr30k_images/3223809913.jpg,A man is riding his bike on a sidewalk,2,1.0
/home/z/zhangyon/.cache/kagglehub/datasets/hsankesara/flickr-image-dataset/versions/1/flickr30k_images/flickr30k_images/3223809913.jpg,One skateboarder bet another skateboarder that he couldnt do the same trick he did,1,1.0
/home/z/zhangyon/.cache/kagglehub/datasets/hsankesara/flickr-image-dataset/versions/1/flickr30k_images/flickr30k_images/2640869832.jpg,Some men have skateboards,0,1.0
/home/z/zhangyon/.cache/kagglehub/datasets/hsankesara/flickr-image-dataset/versions/1/flickr30k_images/flickr30k_images/2640869832.jpg,the three young men are playing with swords at the flea market,2,1.0
/home/z/zhangyon/.cache/kagglehub/datasets/hsankesara/flickr-image-dataset/versions/1/flickr30k_images/flickr30k_images/2640869832.jpg,A young school boy talks to his friends on a park bench,1,1.0
/home/z/zhangyon/.cache/kagglehub/datasets/hsankesara/flickr-image-dataset/versions/1/flickr30k_images/flickr30k_images/7252718418.jpg,A little girl is playing ball,0,1.0
/home/z/zhangyon/.cache/kagglehub/datasets/hsankesara/flickr-image-dataset/versions/1/flickr30k_images/flickr30k_images/7252718418.jpg,"The young girl is in bed, sleeping",2,1.0
/home/z/zhangyon/.cache/kagglehub/datasets/hsankesara/flickr-image-dataset/versions/1/flickr30k_images/flickr30k_images/7252718418.jpg,A little girl is trying out for baseball,1,1.0
/home/z/zhangyon/.cache/kagglehub/datasets/hsankesara/flickr-image-dataset/versions/1/flickr30k_images/flickr30k_images/7784556300.jpg,A cameraman films the cyclists,0,1.0
/home/z/zhangyon/.cache/kagglehub/datasets/hsankesara/flickr-image-dataset/versions/1/flickr30k_images/flickr30k_images/7784556300.jpg,The man is indoors,2,1.0
/home/z/zhangyon/.cache/kagglehub/datasets/hsankesara/flickr-image-dataset/versions/1/flickr30k_images/flickr30k_images/7784556300.jpg,A group of men cycle professionally,1,1.0
/home/z/zhangyon/.cache/kagglehub/datasets/hsankesara/flickr-image-dataset/versions/1/flickr30k_images/flickr30k_images/3525978606.jpg,the woman is working on the aircraft,0,1.0
/home/z/zhangyon/.cache/kagglehub/datasets/hsankesara/flickr-image-dataset/versions/1/flickr30k_images/flickr30k_images/3525978606.jpg,The woman is preparing to go on vacation,2,1.0
/home/z/zhangyon/.cache/kagglehub/datasets/hsankesara/flickr-image-dataset/versions/1/flickr30k_images/flickr30k_images/3525978606.jpg,the woman is hot,1,1.0
/home/z/zhangyon/.cache/kagglehub/datasets/hsankesara/flickr-image-dataset/versions/1/flickr30k_images/flickr30k_images/3119887967.jpg,Man sees camera,0,1.0
/home/z/zhangyon/.cache/kagglehub/datasets/hsankesara/flickr-image-dataset/versions/1/flickr30k_images/flickr30k_images/3119887967.jpg,Both men have their hands in their pockets,2,1.0
/home/z/zhangyon/.cache/kagglehub/datasets/hsankesara/flickr-image-dataset/versions/1/flickr30k_images/flickr30k_images/3119887967.jpg,The two men  are members of the military,1,1.0
/home/z/zhangyon/.cache/kagglehub/datasets/hsankesara/flickr-image-dataset/versions/1/flickr30k_images/flickr30k_images/3640329164.jpg,There are people surfing,0,1.0
/home/z/zhangyon/.cache/kagglehub/datasets/hsankesara/flickr-image-dataset/versions/1/flickr30k_images/flickr30k_images/3640329164.jpg,The surfer is a woman,2,1.0
/home/z/zhangyon/.cache/kagglehub/datasets/hsankesara/flickr-image-dataset/versions/1/flickr30k_images/flickr30k_images/3640329164.jpg,There are people surfing in a competition,1,1.0
/home/z/zhangyon/.cache/kagglehub/datasets/hsankesara/flickr-image-dataset/versions/1/flickr30k_images/flickr30k_images/4480923732.jpg,A person on the phone holding a child,0,1.0
/home/z/zhangyon/.cache/kagglehub/datasets/hsankesara/flickr-image-dataset/versions/1/flickr30k_images/flickr30k_images/4480923732.jpg,A man puts a baby girl down for a nap,2,1.0
/home/z/zhangyon/.cache/kagglehub/datasets/hsankesara/flickr-image-dataset/versions/1/flickr30k_images/flickr30k_images/4480923732.jpg,The baby belongs to the man,1,1.0
/home/z/zhangyon/.cache/kagglehub/datasets/hsankesara/flickr-image-dataset/versions/1/flickr30k_images/flickr30k_images/84509831.jpg,A young boy holds a shovel close to the ocean,0,1.0
/home/z/zhangyon/.cache/kagglehub/datasets/hsankesara/flickr-image-dataset/versions/1/flickr30k_images/flickr30k_images/84509831.jpg,A boy is standing still,2,1.0
/home/z/zhangyon/.cache/kagglehub/datasets/hsankesara/flickr-image-dataset/versions/1/flickr30k_images/flickr30k_images/84509831.jpg,A young man is metal detecting on the beach,1,1.0
/home/z/zhangyon/.cache/kagglehub/datasets/hsankesara/flickr-image-dataset/versions/1/flickr30k_images/flickr30k_images/6870444330.jpg,a male is holding a microphone,0,1.0
/home/z/zhangyon/.cache/kagglehub/datasets/hsankesara/flickr-image-dataset/versions/1/flickr30k_images/flickr30k_images/6870444330.jpg,Women are knitting,2,1.0
/home/z/zhangyon/.cache/kagglehub/datasets/hsankesara/flickr-image-dataset/versions/1/flickr30k_images/flickr30k_images/6870444330.jpg,A man is waiting to perform,1,1.0
/home/z/zhangyon/.cache/kagglehub/datasets/hsankesara/flickr-image-dataset/versions/1/flickr30k_images/flickr30k_images/6315352509.jpg,The driver is racing,0,1.0
/home/z/zhangyon/.cache/kagglehub/datasets/hsankesara/flickr-image-dataset/versions/1/flickr30k_images/flickr30k_images/6315352509.jpg,A plane on a runway,2,1.0
/home/z/zhangyon/.cache/kagglehub/datasets/hsankesara/flickr-image-dataset/versions/1/flickr30k_images/flickr30k_images/6315352509.jpg,a car on it way to the edge of the road,1,1.0
/home/z/zhangyon/.cache/kagglehub/datasets/hsankesara/flickr-image-dataset/versions/1/flickr30k_images/flickr30k_images/4410033566.jpg,A man is leaning in the kitchen,0,1.0
/home/z/zhangyon/.cache/kagglehub/datasets/hsankesara/flickr-image-dataset/versions/1/flickr30k_images/flickr30k_images/4410033566.jpg,Nobody is leaning,2,1.0
/home/z/zhangyon/.cache/kagglehub/datasets/hsankesara/flickr-image-dataset/versions/1/flickr30k_images/flickr30k_images/4410033566.jpg,A person is leaning on a table talking to a friend,1,1.0
/home/z/zhangyon/.cache/kagglehub/datasets/hsankesara/flickr-image-dataset/versions/1/flickr30k_images/flickr30k_images/549520317.jpg,Little boy provided with red coat and tan pants,0,1.0
/home/z/zhangyon/.cache/kagglehub/datasets/hsankesara/flickr-image-dataset/versions/1/flickr30k_images/flickr30k_images/549520317.jpg,Ten monks chant Ave Maria in a cloister,2,1.0
/home/z/zhangyon/.cache/kagglehub/datasets/hsankesara/flickr-image-dataset/versions/1/flickr30k_images/flickr30k_images/549520317.jpg,A toddler in tan pants and red hoodie on a slide at a picnic,1,1.0
/home/z/zhangyon/.cache/kagglehub/datasets/hsankesara/flickr-image-dataset/versions/1/flickr30k_images/flickr30k_images/4494095559.jpg,A person rides on a skateboard,0,1.0
/home/z/zhangyon/.cache/kagglehub/datasets/hsankesara/flickr-image-dataset/versions/1/flickr30k_images/flickr30k_images/4494095559.jpg,A man is riding a bicycle,2,1.0
/home/z/zhangyon/.cache/kagglehub/datasets/hsankesara/flickr-image-dataset/versions/1/flickr30k_images/flickr30k_images/4494095559.jpg,A man is zooming past a bench on a skateboard,1,1.0
/home/z/zhangyon/.cache/kagglehub/datasets/hsankesara/flickr-image-dataset/versions/1/flickr30k_images/flickr30k_images/5384132543.jpg,A man is leaping into the air,0,1.0
/home/z/zhangyon/.cache/kagglehub/datasets/hsankesara/flickr-image-dataset/versions/1/flickr30k_images/flickr30k_images/5384132543.jpg,A cat does a back flip into the water,2,1.0
/home/z/zhangyon/.cache/kagglehub/datasets/hsankesara/flickr-image-dataset/versions/1/flickr30k_images/flickr30k_images/5384132543.jpg,A criminal leaps into the water to escape the police dogs chasing behind him,1,1.0
/home/z/zhangyon/.cache/kagglehub/datasets/hsankesara/flickr-image-dataset/versions/1/flickr30k_images/flickr30k_images/388837010.jpg,The children are near horses,0,1.0
/home/z/zhangyon/.cache/kagglehub/datasets/hsankesara/flickr-image-dataset/versions/1/flickr30k_images/flickr30k_images/388837010.jpg,3 kids are looking at manatees through the fence,2,1.0
/home/z/zhangyon/.cache/kagglehub/datasets/hsankesara/flickr-image-dataset/versions/1/flickr30k_images/flickr30k_images/388837010.jpg,The children are petting the horses and telling them hello,1,1.0
/home/z/zhangyon/.cache/kagglehub/datasets/hsankesara/flickr-image-dataset/versions/1/flickr30k_images/flickr30k_images/7430272380.jpg,A man is about to throw a javelin,0,1.0
/home/z/zhangyon/.cache/kagglehub/datasets/hsankesara/flickr-image-dataset/versions/1/flickr30k_images/flickr30k_images/7430272380.jpg,The man is wearing a wife beater,2,1.0
/home/z/zhangyon/.cache/kagglehub/datasets/hsankesara/flickr-image-dataset/versions/1/flickr30k_images/flickr30k_images/7430272380.jpg,The man is going to run a marathon,1,1.0
/home/z/zhangyon/.cache/kagglehub/datasets/hsankesara/flickr-image-dataset/versions/1/flickr30k_images/flickr30k_images/4071750215.jpg,A little girl in an outfit stands in leaves,0,1.0
/home/z/zhangyon/.cache/kagglehub/datasets/hsankesara/flickr-image-dataset/versions/1/flickr30k_images/flickr30k_images/4071750215.jpg,A little girl is playing in the woods,2,1.0
/home/z/zhangyon/.cache/kagglehub/datasets/hsankesara/flickr-image-dataset/versions/1/flickr30k_images/flickr30k_images/4071750215.jpg,A girl jumps into a pile of leaves after raking,1,1.0
/home/z/zhangyon/.cache/kagglehub/datasets/hsankesara/flickr-image-dataset/versions/1/flickr30k_images/flickr30k_images/1806580620.jpg,Theres a girl in the picture that is smiling,0,1.0
/home/z/zhangyon/.cache/kagglehub/datasets/hsankesara/flickr-image-dataset/versions/1/flickr30k_images/flickr30k_images/1806580620.jpg,A young woman is wearing shades to protect her eyes from the bright sunlight and turns right as her friend screams for help,2,1.0
/home/z/zhangyon/.cache/kagglehub/datasets/hsankesara/flickr-image-dataset/versions/1/flickr30k_images/flickr30k_images/1806580620.jpg,The woman is posing for the camera,1,1.0
/home/z/zhangyon/.cache/kagglehub/datasets/hsankesara/flickr-image-dataset/versions/1/flickr30k_images/flickr30k_images/2700788458.jpg,A man and woman are wearing shorts,1,1.0
/home/z/zhangyon/.cache/kagglehub/datasets/hsankesara/flickr-image-dataset/versions/1/flickr30k_images/flickr30k_images/2700788458.jpg,The man and woman are in the water,2,1.0
/home/z/zhangyon/.cache/kagglehub/datasets/hsankesara/flickr-image-dataset/versions/1/flickr30k_images/flickr30k_images/2700788458.jpg,The man and woman are in the wooded area looking for their dog,1,1.0
/home/z/zhangyon/.cache/kagglehub/datasets/hsankesara/flickr-image-dataset/versions/1/flickr30k_images/flickr30k_images/4694894610.jpg,A man plays outside,0,1.0
/home/z/zhangyon/.cache/kagglehub/datasets/hsankesara/flickr-image-dataset/versions/1/flickr30k_images/flickr30k_images/4694894610.jpg,A man is in a concert hall,2,1.0
/home/z/zhangyon/.cache/kagglehub/datasets/hsankesara/flickr-image-dataset/versions/1/flickr30k_images/flickr30k_images/4694894610.jpg,A man is panhandling with his guitar,1,1.0
/home/z/zhangyon/.cache/kagglehub/datasets/hsankesara/flickr-image-dataset/versions/1/flickr30k_images/flickr30k_images/2394003437.jpg,A boy rides on a Segway,0,1.0
/home/z/zhangyon/.cache/kagglehub/datasets/hsankesara/flickr-image-dataset/versions/1/flickr30k_images/flickr30k_images/2394003437.jpg,The boy is wearing a purple shirt and riding a skateboard,2,1.0
/home/z/zhangyon/.cache/kagglehub/datasets/hsankesara/flickr-image-dataset/versions/1/flickr30k_images/flickr30k_images/2394003437.jpg,A man racing on his scooter,2,1.0
/home/z/zhangyon/.cache/kagglehub/datasets/hsankesara/flickr-image-dataset/versions/1/flickr30k_images/flickr30k_images/3707585013.jpg,A performer is playing a guitar,0,1.0
/home/z/zhangyon/.cache/kagglehub/datasets/hsankesara/flickr-image-dataset/versions/1/flickr30k_images/flickr30k_images/3707585013.jpg,A heavy metal band plays an arena show,2,1.0
/home/z/zhangyon/.cache/kagglehub/datasets/hsankesara/flickr-image-dataset/versions/1/flickr30k_images/flickr30k_images/3707585013.jpg,She is singing in front of a large audience,1,1.0
/home/z/zhangyon/.cache/kagglehub/datasets/hsankesara/flickr-image-dataset/versions/1/flickr30k_images/flickr30k_images/1288909046.jpg,A dog jumps into a pool to retrieve its favorite play toy,1,1.0
/home/z/zhangyon/.cache/kagglehub/datasets/hsankesara/flickr-image-dataset/versions/1/flickr30k_images/flickr30k_images/1288909046.jpg,The cat purrs softly,2,1.0
/home/z/zhangyon/.cache/kagglehub/datasets/hsankesara/flickr-image-dataset/versions/1/flickr30k_images/flickr30k_images/1288909046.jpg,A poodle jumps into a swimming pool after a squeaky toy,1,1.0
/home/z/zhangyon/.cache/kagglehub/datasets/hsankesara/flickr-image-dataset/versions/1/flickr30k_images/flickr30k_images/3773323977.jpg,boys stand next to another boy sitting by the water,0,1.0
/home/z/zhangyon/.cache/kagglehub/datasets/hsankesara/flickr-image-dataset/versions/1/flickr30k_images/flickr30k_images/3773323977.jpg,Childern are sleeping,2,1.0
/home/z/zhangyon/.cache/kagglehub/datasets/hsankesara/flickr-image-dataset/versions/1/flickr30k_images/flickr30k_images/3773323977.jpg,The children are siblings,1,1.0
/home/z/zhangyon/.cache/kagglehub/datasets/hsankesara/flickr-image-dataset/versions/1/flickr30k_images/flickr30k_images/2437392162.jpg,Children playing in the park,0,1.0
/home/z/zhangyon/.cache/kagglehub/datasets/hsankesara/flickr-image-dataset/versions/1/flickr30k_images/flickr30k_images/2437392162.jpg,Old men play on a jungle-gym,2,1.0
/home/z/zhangyon/.cache/kagglehub/datasets/hsankesara/flickr-image-dataset/versions/1/flickr30k_images/flickr30k_images/2437392162.jpg,Children play in a playground at an orphanage,1,1.0
/home/z/zhangyon/.cache/kagglehub/datasets/hsankesara/flickr-image-dataset/versions/1/flickr30k_images/flickr30k_images/4549641134.jpg,The people are sitting in chars,0,1.0
/home/z/zhangyon/.cache/kagglehub/datasets/hsankesara/flickr-image-dataset/versions/1/flickr30k_images/flickr30k_images/4549641134.jpg,The people are standing inside,2,1.0
/home/z/zhangyon/.cache/kagglehub/datasets/hsankesara/flickr-image-dataset/versions/1/flickr30k_images/flickr30k_images/4549641134.jpg,Some people are sitting in red chairs while others sit in yellow ones,1,1.0
/home/z/zhangyon/.cache/kagglehub/datasets/hsankesara/flickr-image-dataset/versions/1/flickr30k_images/flickr30k_images/617782839.jpg,A person is trying to move a projectile from where he is to another place,0,1.0
/home/z/zhangyon/.cache/kagglehub/datasets/hsankesara/flickr-image-dataset/versions/1/flickr30k_images/flickr30k_images/617782839.jpg,An older woman wearing a chinese outfit shooting a large bow at a target,2,1.0
/home/z/zhangyon/.cache/kagglehub/datasets/hsankesara/flickr-image-dataset/versions/1/flickr30k_images/flickr30k_images/617782839.jpg,The man is practicing,0,1.0
/home/z/zhangyon/.cache/kagglehub/datasets/hsankesara/flickr-image-dataset/versions/1/flickr30k_images/flickr30k_images/5504963988.jpg,Some people are preparing a meal,0,1.0
/home/z/zhangyon/.cache/kagglehub/datasets/hsankesara/flickr-image-dataset/versions/1/flickr30k_images/flickr30k_images/5504963988.jpg,The Australians are doing all the hard work for the Asians,2,1.0
/home/z/zhangyon/.cache/kagglehub/datasets/hsankesara/flickr-image-dataset/versions/1/flickr30k_images/flickr30k_images/5504963988.jpg,the workers are underpaid,1,1.0
/home/z/zhangyon/.cache/kagglehub/datasets/hsankesara/flickr-image-dataset/versions/1/flickr30k_images/flickr30k_images/5870701819.jpg,The dancers performed in a show,0,1.0
/home/z/zhangyon/.cache/kagglehub/datasets/hsankesara/flickr-image-dataset/versions/1/flickr30k_images/flickr30k_images/5870701819.jpg,The dancers sat on stage in bland clothes,2,1.0
/home/z/zhangyon/.cache/kagglehub/datasets/hsankesara/flickr-image-dataset/versions/1/flickr30k_images/flickr30k_images/5870701819.jpg,Two beautiful women dance at the celebration,1,1.0
/home/z/zhangyon/.cache/kagglehub/datasets/hsankesara/flickr-image-dataset/versions/1/flickr30k_images/flickr30k_images/7081584189.jpg,A pair of kayakers going down the rapids,0,1.0
/home/z/zhangyon/.cache/kagglehub/datasets/hsankesara/flickr-image-dataset/versions/1/flickr30k_images/flickr30k_images/7081584189.jpg,People are indoors,2,1.0
/home/z/zhangyon/.cache/kagglehub/datasets/hsankesara/flickr-image-dataset/versions/1/flickr30k_images/flickr30k_images/7081584189.jpg,People are on vacation,1,1.0
/home/z/zhangyon/.cache/kagglehub/datasets/hsankesara/flickr-image-dataset/versions/1/flickr30k_images/flickr30k_images/4799951910.jpg,The men are seated,0,1.0
/home/z/zhangyon/.cache/kagglehub/datasets/hsankesara/flickr-image-dataset/versions/1/flickr30k_images/flickr30k_images/4799951910.jpg,The men are eighteen years old,2,1.0
/home/z/zhangyon/.cache/kagglehub/datasets/hsankesara/flickr-image-dataset/versions/1/flickr30k_images/flickr30k_images/4799951910.jpg,Some of the men are veterans,1,1.0
/home/z/zhangyon/.cache/kagglehub/datasets/hsankesara/flickr-image-dataset/versions/1/flickr30k_images/flickr30k_images/208025491.jpg,A man is drinking beer,0,1.0
/home/z/zhangyon/.cache/kagglehub/datasets/hsankesara/flickr-image-dataset/versions/1/flickr30k_images/flickr30k_images/208025491.jpg,The men are sitting at a bar,2,1.0
/home/z/zhangyon/.cache/kagglehub/datasets/hsankesara/flickr-image-dataset/versions/1/flickr30k_images/flickr30k_images/208025491.jpg,Two old friends chat and catch up at the park,1,1.0
/home/z/zhangyon/.cache/kagglehub/datasets/hsankesara/flickr-image-dataset/versions/1/flickr30k_images/flickr30k_images/3944169186.jpg,A young female is playing basketball,0,1.0
/home/z/zhangyon/.cache/kagglehub/datasets/hsankesara/flickr-image-dataset/versions/1/flickr30k_images/flickr30k_images/3944169186.jpg,"A young female is indoors, nursing a hamstring injury",2,1.0
/home/z/zhangyon/.cache/kagglehub/datasets/hsankesara/flickr-image-dataset/versions/1/flickr30k_images/flickr30k_images/3944169186.jpg,A young female is participating in the annual basketball game for her school,1,1.0
/home/z/zhangyon/.cache/kagglehub/datasets/hsankesara/flickr-image-dataset/versions/1/flickr30k_images/flickr30k_images/269440642.jpg,a group of women do the hula dance,0,1.0
/home/z/zhangyon/.cache/kagglehub/datasets/hsankesara/flickr-image-dataset/versions/1/flickr30k_images/flickr30k_images/269440642.jpg,a man is doing the hula,2,1.0
/home/z/zhangyon/.cache/kagglehub/datasets/hsankesara/flickr-image-dataset/versions/1/flickr30k_images/flickr30k_images/269440642.jpg,Friends are dancing while others watch intensely,1,1.0
/home/z/zhangyon/.cache/kagglehub/datasets/hsankesara/flickr-image-dataset/versions/1/flickr30k_images/flickr30k_images/4821810079.jpg,The man is walking in a direction,0,1.0
/home/z/zhangyon/.cache/kagglehub/datasets/hsankesara/flickr-image-dataset/versions/1/flickr30k_images/flickr30k_images/4821810079.jpg,Male vendor stands behind his fruit stand at marketplace,2,1.0
/home/z/zhangyon/.cache/kagglehub/datasets/hsankesara/flickr-image-dataset/versions/1/flickr30k_images/flickr30k_images/4821810079.jpg,The man wants to purchase some produce,1,1.0
/home/z/zhangyon/.cache/kagglehub/datasets/hsankesara/flickr-image-dataset/versions/1/flickr30k_images/flickr30k_images/4052515931.jpg,People are talking in the street,0,1.0
/home/z/zhangyon/.cache/kagglehub/datasets/hsankesara/flickr-image-dataset/versions/1/flickr30k_images/flickr30k_images/4052515931.jpg,The man is angry with the woman,2,1.0
/home/z/zhangyon/.cache/kagglehub/datasets/hsankesara/flickr-image-dataset/versions/1/flickr30k_images/flickr30k_images/4052515931.jpg,The man is flirting with the woman,1,1.0
/home/z/zhangyon/.cache/kagglehub/datasets/hsankesara/flickr-image-dataset/versions/1/flickr30k_images/flickr30k_images/4676792744.jpg,A couple walks outside,0,1.0
/home/z/zhangyon/.cache/kagglehub/datasets/hsankesara/flickr-image-dataset/versions/1/flickr30k_images/flickr30k_images/4676792744.jpg,A couple is sitting at the park,2,1.0
/home/z/zhangyon/.cache/kagglehub/datasets/hsankesara/flickr-image-dataset/versions/1/flickr30k_images/flickr30k_images/4676792744.jpg,The man is walking with his girlfriend,1,1.0
/home/z/zhangyon/.cache/kagglehub/datasets/hsankesara/flickr-image-dataset/versions/1/flickr30k_images/flickr30k_images/3486831654.jpg,The home plate is too dirty to view properly,0,1.0
/home/z/zhangyon/.cache/kagglehub/datasets/hsankesara/flickr-image-dataset/versions/1/flickr30k_images/flickr30k_images/3486831654.jpg,An umpire is chasing the pitcher around with a bat,2,1.0
/home/z/zhangyon/.cache/kagglehub/datasets/hsankesara/flickr-image-dataset/versions/1/flickr30k_images/flickr30k_images/3486831654.jpg,It is the bottom of the ninth inning,1,1.0
/home/z/zhangyon/.cache/kagglehub/datasets/hsankesara/flickr-image-dataset/versions/1/flickr30k_images/flickr30k_images/3856155585.jpg,Women standing looking at something,0,1.0
/home/z/zhangyon/.cache/kagglehub/datasets/hsankesara/flickr-image-dataset/versions/1/flickr30k_images/flickr30k_images/3856155585.jpg,A group of woman are tired of standing,2,1.0
/home/z/zhangyon/.cache/kagglehub/datasets/hsankesara/flickr-image-dataset/versions/1/flickr30k_images/flickr30k_images/3856155585.jpg,Older women are reading books about art,1,1.0
/home/z/zhangyon/.cache/kagglehub/datasets/hsankesara/flickr-image-dataset/versions/1/flickr30k_images/flickr30k_images/5925539370.jpg,Three boys hold baseball gloves,2,1.0
/home/z/zhangyon/.cache/kagglehub/datasets/hsankesara/flickr-image-dataset/versions/1/flickr30k_images/flickr30k_images/5925539370.jpg,A girl is playing soccer on a field,2,1.0
/home/z/zhangyon/.cache/kagglehub/datasets/hsankesara/flickr-image-dataset/versions/1/flickr30k_images/flickr30k_images/5925539370.jpg,Three boys are preparing for their big game that is about to start,1,1.0
/home/z/zhangyon/.cache/kagglehub/datasets/hsankesara/flickr-image-dataset/versions/1/flickr30k_images/flickr30k_images/2580707208.jpg,A man holds colorful hats,0,1.0
/home/z/zhangyon/.cache/kagglehub/datasets/hsankesara/flickr-image-dataset/versions/1/flickr30k_images/flickr30k_images/2580707208.jpg,The man is bald,2,1.0
/home/z/zhangyon/.cache/kagglehub/datasets/hsankesara/flickr-image-dataset/versions/1/flickr30k_images/flickr30k_images/2580707208.jpg,The main with the two hats is a magician,1,1.0
/home/z/zhangyon/.cache/kagglehub/datasets/hsankesara/flickr-image-dataset/versions/1/flickr30k_images/flickr30k_images/3247052319.jpg,There is a man in a park,1,1.0
/home/z/zhangyon/.cache/kagglehub/datasets/hsankesara/flickr-image-dataset/versions/1/flickr30k_images/flickr30k_images/3247052319.jpg,A man rides a horse,2,1.0
/home/z/zhangyon/.cache/kagglehub/datasets/hsankesara/flickr-image-dataset/versions/1/flickr30k_images/flickr30k_images/3247052319.jpg,A man is being chased on his ATV,1,1.0
/home/z/zhangyon/.cache/kagglehub/datasets/hsankesara/flickr-image-dataset/versions/1/flickr30k_images/flickr30k_images/4966861386.jpg,A firefighter is standing next to a fire house,1,1.0
/home/z/zhangyon/.cache/kagglehub/datasets/hsankesara/flickr-image-dataset/versions/1/flickr30k_images/flickr30k_images/4966861386.jpg,"A firefighter wearing a hard hat, carrying a tank on his back stands behind another man who is reaching in behind a fire hose in a wooden cabinet",2,1.0
/home/z/zhangyon/.cache/kagglehub/datasets/hsankesara/flickr-image-dataset/versions/1/flickr30k_images/flickr30k_images/4966861386.jpg,A firefighter dressed in red gear looking puzzled,1,1.0
/home/z/zhangyon/.cache/kagglehub/datasets/hsankesara/flickr-image-dataset/versions/1/flickr30k_images/flickr30k_images/3272847211.jpg,A group of people playing with a ball,0,1.0
/home/z/zhangyon/.cache/kagglehub/datasets/hsankesara/flickr-image-dataset/versions/1/flickr30k_images/flickr30k_images/3272847211.jpg,A student studying for a test,2,1.0
/home/z/zhangyon/.cache/kagglehub/datasets/hsankesara/flickr-image-dataset/versions/1/flickr30k_images/flickr30k_images/3272847211.jpg,The basketball player was winning,1,1.0
/home/z/zhangyon/.cache/kagglehub/datasets/hsankesara/flickr-image-dataset/versions/1/flickr30k_images/flickr30k_images/4890932738.jpg,A human is indoors,0,1.0
/home/z/zhangyon/.cache/kagglehub/datasets/hsankesara/flickr-image-dataset/versions/1/flickr30k_images/flickr30k_images/4890932738.jpg,One person is sleeping at home,2,1.0
/home/z/zhangyon/.cache/kagglehub/datasets/hsankesara/flickr-image-dataset/versions/1/flickr30k_images/flickr30k_images/4890932738.jpg,The person cant stand this hallway,1,1.0
/home/z/zhangyon/.cache/kagglehub/datasets/hsankesara/flickr-image-dataset/versions/1/flickr30k_images/flickr30k_images/5430267989.jpg,A person is riding a horse,0,1.0
/home/z/zhangyon/.cache/kagglehub/datasets/hsankesara/flickr-image-dataset/versions/1/flickr30k_images/flickr30k_images/5430267989.jpg,A woman is cooking,2,1.0
/home/z/zhangyon/.cache/kagglehub/datasets/hsankesara/flickr-image-dataset/versions/1/flickr30k_images/flickr30k_images/5430267989.jpg,The young person is learning how to ride a horse,1,1.0
/home/z/zhangyon/.cache/kagglehub/datasets/hsankesara/flickr-image-dataset/versions/1/flickr30k_images/flickr30k_images/2622624460.jpg,There is an animal in this picture,0,1.0
/home/z/zhangyon/.cache/kagglehub/datasets/hsankesara/flickr-image-dataset/versions/1/flickr30k_images/flickr30k_images/2622624460.jpg,He is having a melt down,2,1.0
/home/z/zhangyon/.cache/kagglehub/datasets/hsankesara/flickr-image-dataset/versions/1/flickr30k_images/flickr30k_images/2622624460.jpg,He likes to play in the water,0,1.0
/home/z/zhangyon/.cache/kagglehub/datasets/hsankesara/flickr-image-dataset/versions/1/flickr30k_images/flickr30k_images/101669240.jpg,the man is on skis,0,1.0
/home/z/zhangyon/.cache/kagglehub/datasets/hsankesara/flickr-image-dataset/versions/1/flickr30k_images/flickr30k_images/101669240.jpg,The snow painting displayed are destroyed by a careless skiier,2,1.0
/home/z/zhangyon/.cache/kagglehub/datasets/hsankesara/flickr-image-dataset/versions/1/flickr30k_images/flickr30k_images/101669240.jpg,A man is displaying paintings at a ski resort as part of an art festival,1,1.0
/home/z/zhangyon/.cache/kagglehub/datasets/hsankesara/flickr-image-dataset/versions/1/flickr30k_images/flickr30k_images/4893369019.jpg,a crowd gathers for a concert,0,1.0
/home/z/zhangyon/.cache/kagglehub/datasets/hsankesara/flickr-image-dataset/versions/1/flickr30k_images/flickr30k_images/4893369019.jpg,A crowd of people enjoy an acapella themed outdoor Justin Bieber concert,1,1.0
/home/z/zhangyon/.cache/kagglehub/datasets/hsankesara/flickr-image-dataset/versions/1/flickr30k_images/flickr30k_images/4893369019.jpg,The crowd is at a concert,1,1.0
/home/z/zhangyon/.cache/kagglehub/datasets/hsankesara/flickr-image-dataset/versions/1/flickr30k_images/flickr30k_images/4491044489.jpg,Two men on the ocean,0,1.0
/home/z/zhangyon/.cache/kagglehub/datasets/hsankesara/flickr-image-dataset/versions/1/flickr30k_images/flickr30k_images/4491044489.jpg,A man in red and a man in white are having a boat race,2,1.0
/home/z/zhangyon/.cache/kagglehub/datasets/hsankesara/flickr-image-dataset/versions/1/flickr30k_images/flickr30k_images/4491044489.jpg,Two men on a boat in the ocean,0,1.0
/home/z/zhangyon/.cache/kagglehub/datasets/hsankesara/flickr-image-dataset/versions/1/flickr30k_images/flickr30k_images/62057380.jpg,People walking,0,1.0
/home/z/zhangyon/.cache/kagglehub/datasets/hsankesara/flickr-image-dataset/versions/1/flickr30k_images/flickr30k_images/62057380.jpg,The people are afraid,2,1.0
/home/z/zhangyon/.cache/kagglehub/datasets/hsankesara/flickr-image-dataset/versions/1/flickr30k_images/flickr30k_images/62057380.jpg,Two sad women run down the sidewalk at night,1,1.0
/home/z/zhangyon/.cache/kagglehub/datasets/hsankesara/flickr-image-dataset/versions/1/flickr30k_images/flickr30k_images/437549483.jpg,A woman does martial arts,0,1.0
/home/z/zhangyon/.cache/kagglehub/datasets/hsankesara/flickr-image-dataset/versions/1/flickr30k_images/flickr30k_images/437549483.jpg,A man climbs a tree,2,1.0
/home/z/zhangyon/.cache/kagglehub/datasets/hsankesara/flickr-image-dataset/versions/1/flickr30k_images/flickr30k_images/437549483.jpg,The barefoot black belt is practicing her martial arts with others,1,1.0
/home/z/zhangyon/.cache/kagglehub/datasets/hsankesara/flickr-image-dataset/versions/1/flickr30k_images/flickr30k_images/4812155149.jpg,man walks,1,1.0
/home/z/zhangyon/.cache/kagglehub/datasets/hsankesara/flickr-image-dataset/versions/1/flickr30k_images/flickr30k_images/4812155149.jpg,There are no trees in this desert,2,1.0
/home/z/zhangyon/.cache/kagglehub/datasets/hsankesara/flickr-image-dataset/versions/1/flickr30k_images/flickr30k_images/4812155149.jpg,He is walking slowly,1,1.0
/home/z/zhangyon/.cache/kagglehub/datasets/hsankesara/flickr-image-dataset/versions/1/flickr30k_images/flickr30k_images/380752558.jpg,The girl is crying,0,1.0
/home/z/zhangyon/.cache/kagglehub/datasets/hsankesara/flickr-image-dataset/versions/1/flickr30k_images/flickr30k_images/380752558.jpg,Two guys are playing baseball,2,1.0
/home/z/zhangyon/.cache/kagglehub/datasets/hsankesara/flickr-image-dataset/versions/1/flickr30k_images/flickr30k_images/380752558.jpg,The girl is the womans daughter,1,1.0
/home/z/zhangyon/.cache/kagglehub/datasets/hsankesara/flickr-image-dataset/versions/1/flickr30k_images/flickr30k_images/4775763666.jpg,The women are sitting around the table,0,1.0
/home/z/zhangyon/.cache/kagglehub/datasets/hsankesara/flickr-image-dataset/versions/1/flickr30k_images/flickr30k_images/4775763666.jpg,There is a group of men sitting around the table,2,1.0
/home/z/zhangyon/.cache/kagglehub/datasets/hsankesara/flickr-image-dataset/versions/1/flickr30k_images/flickr30k_images/4775763666.jpg,Three women busy working on party schduling,1,1.0
/home/z/zhangyon/.cache/kagglehub/datasets/hsankesara/flickr-image-dataset/versions/1/flickr30k_images/flickr30k_images/4650780114.jpg,people eating,2,1.0
/home/z/zhangyon/.cache/kagglehub/datasets/hsankesara/flickr-image-dataset/versions/1/flickr30k_images/flickr30k_images/4650780114.jpg,A store is empty,2,1.0
/home/z/zhangyon/.cache/kagglehub/datasets/hsankesara/flickr-image-dataset/versions/1/flickr30k_images/flickr30k_images/4650780114.jpg,people on lunch break,1,1.0
/home/z/zhangyon/.cache/kagglehub/datasets/hsankesara/flickr-image-dataset/versions/1/flickr30k_images/flickr30k_images/2103080234.jpg,The people are enjoying themselves,0,1.0
/home/z/zhangyon/.cache/kagglehub/datasets/hsankesara/flickr-image-dataset/versions/1/flickr30k_images/flickr30k_images/2103080234.jpg,The hippies are sleeping in a treehouse,2,1.0
/home/z/zhangyon/.cache/kagglehub/datasets/hsankesara/flickr-image-dataset/versions/1/flickr30k_images/flickr30k_images/2103080234.jpg,The hippies are high as a kite,1,1.0
/home/z/zhangyon/.cache/kagglehub/datasets/hsankesara/flickr-image-dataset/versions/1/flickr30k_images/flickr30k_images/4979293130.jpg,He is riding his scooter,0,1.0
/home/z/zhangyon/.cache/kagglehub/datasets/hsankesara/flickr-image-dataset/versions/1/flickr30k_images/flickr30k_images/4979293130.jpg,A man points at a moped to ride it,2,1.0
/home/z/zhangyon/.cache/kagglehub/datasets/hsankesara/flickr-image-dataset/versions/1/flickr30k_images/flickr30k_images/4979293130.jpg,A small child wants a moped,1,1.0
/home/z/zhangyon/.cache/kagglehub/datasets/hsankesara/flickr-image-dataset/versions/1/flickr30k_images/flickr30k_images/4787867133.jpg,a man is sitting,0,1.0
/home/z/zhangyon/.cache/kagglehub/datasets/hsankesara/flickr-image-dataset/versions/1/flickr30k_images/flickr30k_images/4787867133.jpg,A man selling t shirts under a red umbrella,2,1.0
/home/z/zhangyon/.cache/kagglehub/datasets/hsankesara/flickr-image-dataset/versions/1/flickr30k_images/flickr30k_images/4787867133.jpg,a man is ordering food,1,1.0
/home/z/zhangyon/.cache/kagglehub/datasets/hsankesara/flickr-image-dataset/versions/1/flickr30k_images/flickr30k_images/4050916276.jpg,A child is cleaning a pool,1,1.0
/home/z/zhangyon/.cache/kagglehub/datasets/hsankesara/flickr-image-dataset/versions/1/flickr30k_images/flickr30k_images/4050916276.jpg,A child is swimming in his neighbors pool,2,1.0
/home/z/zhangyon/.cache/kagglehub/datasets/hsankesara/flickr-image-dataset/versions/1/flickr30k_images/flickr30k_images/4050916276.jpg,A child is cleaning a neighbors pool,1,1.0
/home/z/zhangyon/.cache/kagglehub/datasets/hsankesara/flickr-image-dataset/versions/1/flickr30k_images/flickr30k_images/3308171165.jpg,a girl stares,0,1.0
/home/z/zhangyon/.cache/kagglehub/datasets/hsankesara/flickr-image-dataset/versions/1/flickr30k_images/flickr30k_images/3308171165.jpg,A girl is in the subway,1,1.0
/home/z/zhangyon/.cache/kagglehub/datasets/hsankesara/flickr-image-dataset/versions/1/flickr30k_images/flickr30k_images/3308171165.jpg,A girl is against Dominos wall,1,1.0
/home/z/zhangyon/.cache/kagglehub/datasets/hsankesara/flickr-image-dataset/versions/1/flickr30k_images/flickr30k_images/3634400263.jpg,The boy jumped the concrete ramp,0,1.0
/home/z/zhangyon/.cache/kagglehub/datasets/hsankesara/flickr-image-dataset/versions/1/flickr30k_images/flickr30k_images/3634400263.jpg,The bicyclist is on the ground,2,1.0
/home/z/zhangyon/.cache/kagglehub/datasets/hsankesara/flickr-image-dataset/versions/1/flickr30k_images/flickr30k_images/3634400263.jpg,a man does a 360 on a bike at park,1,1.0
/home/z/zhangyon/.cache/kagglehub/datasets/hsankesara/flickr-image-dataset/versions/1/flickr30k_images/flickr30k_images/1389264266.jpg,The girls hear is pink,0,1.0
/home/z/zhangyon/.cache/kagglehub/datasets/hsankesara/flickr-image-dataset/versions/1/flickr30k_images/flickr30k_images/1389264266.jpg,Two men dressed as clowns are performing for an audience,2,1.0
/home/z/zhangyon/.cache/kagglehub/datasets/hsankesara/flickr-image-dataset/versions/1/flickr30k_images/flickr30k_images/1389264266.jpg,Two friends are walking down the street and are being followed by someone,1,1.0
/home/z/zhangyon/.cache/kagglehub/datasets/hsankesara/flickr-image-dataset/versions/1/flickr30k_images/flickr30k_images/128395402.jpg,A woman is riding her blue bike,0,1.0
/home/z/zhangyon/.cache/kagglehub/datasets/hsankesara/flickr-image-dataset/versions/1/flickr30k_images/flickr30k_images/128395402.jpg,A woman with no jacket freezes in the street,2,1.0
/home/z/zhangyon/.cache/kagglehub/datasets/hsankesara/flickr-image-dataset/versions/1/flickr30k_images/flickr30k_images/128395402.jpg,A woman is riding her bike to work,1,1.0
/home/z/zhangyon/.cache/kagglehub/datasets/hsankesara/flickr-image-dataset/versions/1/flickr30k_images/flickr30k_images/4918525947.jpg,A woman in traditional Japanese clothing stands outside,0,1.0
/home/z/zhangyon/.cache/kagglehub/datasets/hsankesara/flickr-image-dataset/versions/1/flickr30k_images/flickr30k_images/4918525947.jpg,"The man, who is Chinese, is wearing a buisness suit",2,1.0
/home/z/zhangyon/.cache/kagglehub/datasets/hsankesara/flickr-image-dataset/versions/1/flickr30k_images/flickr30k_images/4918525947.jpg,The geisha is entertaining passerby,1,1.0
/home/z/zhangyon/.cache/kagglehub/datasets/hsankesara/flickr-image-dataset/versions/1/flickr30k_images/flickr30k_images/5399620276.jpg,A man rides a skateboard,0,1.0
/home/z/zhangyon/.cache/kagglehub/datasets/hsankesara/flickr-image-dataset/versions/1/flickr30k_images/flickr30k_images/5399620276.jpg,A surfer sits on the beach,2,1.0
/home/z/zhangyon/.cache/kagglehub/datasets/hsankesara/flickr-image-dataset/versions/1/flickr30k_images/flickr30k_images/5399620276.jpg,The skateboarder performs lots of tricks,1,1.0
/home/z/zhangyon/.cache/kagglehub/datasets/hsankesara/flickr-image-dataset/versions/1/flickr30k_images/flickr30k_images/2543589122.jpg,An animal splashes through the water,0,1.0
/home/z/zhangyon/.cache/kagglehub/datasets/hsankesara/flickr-image-dataset/versions/1/flickr30k_images/flickr30k_images/2543589122.jpg,A puppy plays in the desert,2,1.0
/home/z/zhangyon/.cache/kagglehub/datasets/hsankesara/flickr-image-dataset/versions/1/flickr30k_images/flickr30k_images/2543589122.jpg,A dog attacks a stream of water directed at him by an irate owner,1,1.0
/home/z/zhangyon/.cache/kagglehub/datasets/hsankesara/flickr-image-dataset/versions/1/flickr30k_images/flickr30k_images/23016347.jpg,A woman in shorts plays tennis,0,1.0
/home/z/zhangyon/.cache/kagglehub/datasets/hsankesara/flickr-image-dataset/versions/1/flickr30k_images/flickr30k_images/23016347.jpg,A group of boys play basketball,2,1.0
/home/z/zhangyon/.cache/kagglehub/datasets/hsankesara/flickr-image-dataset/versions/1/flickr30k_images/flickr30k_images/23016347.jpg,The woman hits the tennis ball,1,1.0
/home/z/zhangyon/.cache/kagglehub/datasets/hsankesara/flickr-image-dataset/versions/1/flickr30k_images/flickr30k_images/1235455146.jpg,There are a lot of people on a beach,0,1.0
/home/z/zhangyon/.cache/kagglehub/datasets/hsankesara/flickr-image-dataset/versions/1/flickr30k_images/flickr30k_images/1235455146.jpg,The family brought a sofa to sit,2,1.0
/home/z/zhangyon/.cache/kagglehub/datasets/hsankesara/flickr-image-dataset/versions/1/flickr30k_images/flickr30k_images/1235455146.jpg,The group of people sitting are from France,1,1.0
/home/z/zhangyon/.cache/kagglehub/datasets/hsankesara/flickr-image-dataset/versions/1/flickr30k_images/flickr30k_images/6647904677.jpg,A group is outdoors,0,1.0
/home/z/zhangyon/.cache/kagglehub/datasets/hsankesara/flickr-image-dataset/versions/1/flickr30k_images/flickr30k_images/6647904677.jpg,Boys are lighting firecrackers,2,1.0
/home/z/zhangyon/.cache/kagglehub/datasets/hsankesara/flickr-image-dataset/versions/1/flickr30k_images/flickr30k_images/6647904677.jpg,A group of people a picking up biking as a hobby,1,1.0
/home/z/zhangyon/.cache/kagglehub/datasets/hsankesara/flickr-image-dataset/versions/1/flickr30k_images/flickr30k_images/2657844508.jpg,A couple have some wine,0,1.0
/home/z/zhangyon/.cache/kagglehub/datasets/hsankesara/flickr-image-dataset/versions/1/flickr30k_images/flickr30k_images/2657844508.jpg,A couple eating at mcdonalds,2,1.0
/home/z/zhangyon/.cache/kagglehub/datasets/hsankesara/flickr-image-dataset/versions/1/flickr30k_images/flickr30k_images/2657844508.jpg,A couple have some wine on their anniversary,1,1.0
/home/z/zhangyon/.cache/kagglehub/datasets/hsankesara/flickr-image-dataset/versions/1/flickr30k_images/flickr30k_images/3584603849.jpg,The airplane is moving in the air,0,1.0
/home/z/zhangyon/.cache/kagglehub/datasets/hsankesara/flickr-image-dataset/versions/1/flickr30k_images/flickr30k_images/3584603849.jpg,There is nothing in the air,2,1.0
/home/z/zhangyon/.cache/kagglehub/datasets/hsankesara/flickr-image-dataset/versions/1/flickr30k_images/flickr30k_images/3584603849.jpg,The plane is falling down,2,1.0
/home/z/zhangyon/.cache/kagglehub/datasets/hsankesara/flickr-image-dataset/versions/1/flickr30k_images/flickr30k_images/4900761380.jpg,Three men are near a fruit stand,0,1.0
/home/z/zhangyon/.cache/kagglehub/datasets/hsankesara/flickr-image-dataset/versions/1/flickr30k_images/flickr30k_images/4900761380.jpg,The three men are by a meat counter,2,1.0
/home/z/zhangyon/.cache/kagglehub/datasets/hsankesara/flickr-image-dataset/versions/1/flickr30k_images/flickr30k_images/4900761380.jpg,The men are considering buying fruit,1,1.0
/home/z/zhangyon/.cache/kagglehub/datasets/hsankesara/flickr-image-dataset/versions/1/flickr30k_images/flickr30k_images/3201517121.jpg,Two guys are going to fight,1,1.0
/home/z/zhangyon/.cache/kagglehub/datasets/hsankesara/flickr-image-dataset/versions/1/flickr30k_images/flickr30k_images/3201517121.jpg,Two people are talking to each other at the cafe,2,1.0
/home/z/zhangyon/.cache/kagglehub/datasets/hsankesara/flickr-image-dataset/versions/1/flickr30k_images/flickr30k_images/3201517121.jpg,They are acting in a play,1,1.0
/home/z/zhangyon/.cache/kagglehub/datasets/hsankesara/flickr-image-dataset/versions/1/flickr30k_images/flickr30k_images/2871691966.jpg,An event is taking place,0,1.0
/home/z/zhangyon/.cache/kagglehub/datasets/hsankesara/flickr-image-dataset/versions/1/flickr30k_images/flickr30k_images/2871691966.jpg,A pastor stands in an empty church,2,1.0
/home/z/zhangyon/.cache/kagglehub/datasets/hsankesara/flickr-image-dataset/versions/1/flickr30k_images/flickr30k_images/2871691966.jpg,A minister preaches his sermon while the congregation hangs on every word,1,1.0
/home/z/zhangyon/.cache/kagglehub/datasets/hsankesara/flickr-image-dataset/versions/1/flickr30k_images/flickr30k_images/3347798761.jpg,A person is riding a bike,0,1.0
/home/z/zhangyon/.cache/kagglehub/datasets/hsankesara/flickr-image-dataset/versions/1/flickr30k_images/flickr30k_images/3347798761.jpg,A snowboarder performs a stunt over a hill,2,1.0
/home/z/zhangyon/.cache/kagglehub/datasets/hsankesara/flickr-image-dataset/versions/1/flickr30k_images/flickr30k_images/3347798761.jpg,The biker is world famous,1,1.0
/home/z/zhangyon/.cache/kagglehub/datasets/hsankesara/flickr-image-dataset/versions/1/flickr30k_images/flickr30k_images/4623000836.jpg,The youth are outside,0,1.0
/home/z/zhangyon/.cache/kagglehub/datasets/hsankesara/flickr-image-dataset/versions/1/flickr30k_images/flickr30k_images/4623000836.jpg,A group of black people are rioting,2,1.0
/home/z/zhangyon/.cache/kagglehub/datasets/hsankesara/flickr-image-dataset/versions/1/flickr30k_images/flickr30k_images/4623000836.jpg,A group of kids walking down an urban street to their friends house for supper,1,1.0
/home/z/zhangyon/.cache/kagglehub/datasets/hsankesara/flickr-image-dataset/versions/1/flickr30k_images/flickr30k_images/3246724744.jpg,A girl jumps on the beach,0,1.0
/home/z/zhangyon/.cache/kagglehub/datasets/hsankesara/flickr-image-dataset/versions/1/flickr30k_images/flickr30k_images/3246724744.jpg,A girl is watching TV in her bedroom,2,1.0
/home/z/zhangyon/.cache/kagglehub/datasets/hsankesara/flickr-image-dataset/versions/1/flickr30k_images/flickr30k_images/3246724744.jpg,A women exercising at the beach,1,1.0
/home/z/zhangyon/.cache/kagglehub/datasets/hsankesara/flickr-image-dataset/versions/1/flickr30k_images/flickr30k_images/4222067827.jpg,A child dressed in a variety of items,0,1.0
/home/z/zhangyon/.cache/kagglehub/datasets/hsankesara/flickr-image-dataset/versions/1/flickr30k_images/flickr30k_images/4222067827.jpg,A child is ready for Halloween,2,1.0
/home/z/zhangyon/.cache/kagglehub/datasets/hsankesara/flickr-image-dataset/versions/1/flickr30k_images/flickr30k_images/4222067827.jpg,A boy playing with a helmet at a party,1,1.0
/home/z/zhangyon/.cache/kagglehub/datasets/hsankesara/flickr-image-dataset/versions/1/flickr30k_images/flickr30k_images/3609952704.jpg,A boy is holding a soccer ball,0,1.0
/home/z/zhangyon/.cache/kagglehub/datasets/hsankesara/flickr-image-dataset/versions/1/flickr30k_images/flickr30k_images/3609952704.jpg,A boy holding a soccer ball made up of his favorite teams colors,2,1.0
/home/z/zhangyon/.cache/kagglehub/datasets/hsankesara/flickr-image-dataset/versions/1/flickr30k_images/flickr30k_images/3609952704.jpg,The boy wants to play on the track,1,1.0
/home/z/zhangyon/.cache/kagglehub/datasets/hsankesara/flickr-image-dataset/versions/1/flickr30k_images/flickr30k_images/2307757311.jpg,group of girls jumping over one another,0,1.0
/home/z/zhangyon/.cache/kagglehub/datasets/hsankesara/flickr-image-dataset/versions/1/flickr30k_images/flickr30k_images/2307757311.jpg,"The boy, who had been lying on the floor, stood up and cheered",2,1.0
/home/z/zhangyon/.cache/kagglehub/datasets/hsankesara/flickr-image-dataset/versions/1/flickr30k_images/flickr30k_images/2307757311.jpg,Good humans playing,1,1.0
/home/z/zhangyon/.cache/kagglehub/datasets/hsankesara/flickr-image-dataset/versions/1/flickr30k_images/flickr30k_images/1505686764.jpg,The man is crossing a stream in the woods,0,1.0
/home/z/zhangyon/.cache/kagglehub/datasets/hsankesara/flickr-image-dataset/versions/1/flickr30k_images/flickr30k_images/1505686764.jpg,A woman tackles a shirtless man,2,1.0
/home/z/zhangyon/.cache/kagglehub/datasets/hsankesara/flickr-image-dataset/versions/1/flickr30k_images/flickr30k_images/1505686764.jpg,A man ponders his fishing results while standing near the stream,1,1.0
/home/z/zhangyon/.cache/kagglehub/datasets/hsankesara/flickr-image-dataset/versions/1/flickr30k_images/flickr30k_images/3523559027.jpg,they are in formation on the field,0,1.0
/home/z/zhangyon/.cache/kagglehub/datasets/hsankesara/flickr-image-dataset/versions/1/flickr30k_images/flickr30k_images/3523559027.jpg,A group of people swimming,2,1.0
/home/z/zhangyon/.cache/kagglehub/datasets/hsankesara/flickr-image-dataset/versions/1/flickr30k_images/flickr30k_images/3523559027.jpg,People are lining up to get into a concert,1,1.0
/home/z/zhangyon/.cache/kagglehub/datasets/hsankesara/flickr-image-dataset/versions/1/flickr30k_images/flickr30k_images/4507048434.jpg,A person is holding a phone,0,1.0
/home/z/zhangyon/.cache/kagglehub/datasets/hsankesara/flickr-image-dataset/versions/1/flickr30k_images/flickr30k_images/4507048434.jpg,There is a man in a hat and coat reading a newspaper,2,1.0
/home/z/zhangyon/.cache/kagglehub/datasets/hsankesara/flickr-image-dataset/versions/1/flickr30k_images/flickr30k_images/4507048434.jpg,The man is trying to get directions to the nearest pub to meet a friend,1,1.0
/home/z/zhangyon/.cache/kagglehub/datasets/hsankesara/flickr-image-dataset/versions/1/flickr30k_images/flickr30k_images/2278490028.jpg,A group takes part in outdoor activity,0,1.0
/home/z/zhangyon/.cache/kagglehub/datasets/hsankesara/flickr-image-dataset/versions/1/flickr30k_images/flickr30k_images/2278490028.jpg,The bamboo raft is sinking with everyone on it,2,1.0
/home/z/zhangyon/.cache/kagglehub/datasets/hsankesara/flickr-image-dataset/versions/1/flickr30k_images/flickr30k_images/2278490028.jpg,People swimming in a cold waterfall,1,1.0
/home/z/zhangyon/.cache/kagglehub/datasets/hsankesara/flickr-image-dataset/versions/1/flickr30k_images/flickr30k_images/7940321892.jpg,A car is moving quickly,0,1.0
/home/z/zhangyon/.cache/kagglehub/datasets/hsankesara/flickr-image-dataset/versions/1/flickr30k_images/flickr30k_images/7940321892.jpg,a red bright red car have 3 wheels only,2,1.0
/home/z/zhangyon/.cache/kagglehub/datasets/hsankesara/flickr-image-dataset/versions/1/flickr30k_images/flickr30k_images/7940321892.jpg,A guy is racing a go kart at a track,1,1.0
/home/z/zhangyon/.cache/kagglehub/datasets/hsankesara/flickr-image-dataset/versions/1/flickr30k_images/flickr30k_images/3700322513.jpg,A man is holding a camera,0,1.0
/home/z/zhangyon/.cache/kagglehub/datasets/hsankesara/flickr-image-dataset/versions/1/flickr30k_images/flickr30k_images/3700322513.jpg,A skater is being photographed,2,1.0
/home/z/zhangyon/.cache/kagglehub/datasets/hsankesara/flickr-image-dataset/versions/1/flickr30k_images/flickr30k_images/3700322513.jpg,A man is doing tricks on a bike for a photo shoot in BMX dialy magazine,1,1.0
/home/z/zhangyon/.cache/kagglehub/datasets/hsankesara/flickr-image-dataset/versions/1/flickr30k_images/flickr30k_images/5389294129.jpg,Men are waving flags around proudly,0,1.0
/home/z/zhangyon/.cache/kagglehub/datasets/hsankesara/flickr-image-dataset/versions/1/flickr30k_images/flickr30k_images/5389294129.jpg,A group of church clergy are waving flags for the Pope,2,1.0
/home/z/zhangyon/.cache/kagglehub/datasets/hsankesara/flickr-image-dataset/versions/1/flickr30k_images/flickr30k_images/5389294129.jpg,The people are celebrating their victory,1,1.0
/home/z/zhangyon/.cache/kagglehub/datasets/hsankesara/flickr-image-dataset/versions/1/flickr30k_images/flickr30k_images/7498713846.jpg,A man has his hand on another mans back,0,1.0
/home/z/zhangyon/.cache/kagglehub/datasets/hsankesara/flickr-image-dataset/versions/1/flickr30k_images/flickr30k_images/7498713846.jpg,a woman prays,2,1.0
/home/z/zhangyon/.cache/kagglehub/datasets/hsankesara/flickr-image-dataset/versions/1/flickr30k_images/flickr30k_images/7498713846.jpg,Three friends enjoy each others company,1,1.0
/home/z/zhangyon/.cache/kagglehub/datasets/hsankesara/flickr-image-dataset/versions/1/flickr30k_images/flickr30k_images/1542970158.jpg,Man working outside,0,1.0
/home/z/zhangyon/.cache/kagglehub/datasets/hsankesara/flickr-image-dataset/versions/1/flickr30k_images/flickr30k_images/1542970158.jpg,The man is waiting for a giant gorilla,2,1.0
/home/z/zhangyon/.cache/kagglehub/datasets/hsankesara/flickr-image-dataset/versions/1/flickr30k_images/flickr30k_images/1542970158.jpg,A man is working,0,1.0
/home/z/zhangyon/.cache/kagglehub/datasets/hsankesara/flickr-image-dataset/versions/1/flickr30k_images/flickr30k_images/5062422406.jpg,A man is golfing as others watch his swing,0,1.0
/home/z/zhangyon/.cache/kagglehub/datasets/hsankesara/flickr-image-dataset/versions/1/flickr30k_images/flickr30k_images/5062422406.jpg,The golfer wears no clothes and uses a baseball bat to hit a football,2,1.0
/home/z/zhangyon/.cache/kagglehub/datasets/hsankesara/flickr-image-dataset/versions/1/flickr30k_images/flickr30k_images/5062422406.jpg,The golfer is using his golf club to hit a ball towards the lake,1,1.0
/home/z/zhangyon/.cache/kagglehub/datasets/hsankesara/flickr-image-dataset/versions/1/flickr30k_images/flickr30k_images/11551286.jpg,An infant is crying,0,1.0
/home/z/zhangyon/.cache/kagglehub/datasets/hsankesara/flickr-image-dataset/versions/1/flickr30k_images/flickr30k_images/11551286.jpg,The baby boy is happy,2,1.0
/home/z/zhangyon/.cache/kagglehub/datasets/hsankesara/flickr-image-dataset/versions/1/flickr30k_images/flickr30k_images/11551286.jpg,A baby boy is crying because he hasnt eaten,1,1.0
/home/z/zhangyon/.cache/kagglehub/datasets/hsankesara/flickr-image-dataset/versions/1/flickr30k_images/flickr30k_images/2391442557.jpg,woman looks at phone,0,1.0
/home/z/zhangyon/.cache/kagglehub/datasets/hsankesara/flickr-image-dataset/versions/1/flickr30k_images/flickr30k_images/2391442557.jpg,A fashionable young lady does her make up while waiting for the bus,2,1.0
/home/z/zhangyon/.cache/kagglehub/datasets/hsankesara/flickr-image-dataset/versions/1/flickr30k_images/flickr30k_images/2391442557.jpg,A woman is waiting for someone,1,1.0
/home/z/zhangyon/.cache/kagglehub/datasets/hsankesara/flickr-image-dataset/versions/1/flickr30k_images/flickr30k_images/1329832826.jpg,People are outside of a pharmacy,0,1.0
/home/z/zhangyon/.cache/kagglehub/datasets/hsankesara/flickr-image-dataset/versions/1/flickr30k_images/flickr30k_images/1329832826.jpg,The people are flying across the street,2,1.0
/home/z/zhangyon/.cache/kagglehub/datasets/hsankesara/flickr-image-dataset/versions/1/flickr30k_images/flickr30k_images/1329832826.jpg,The people are wondering about the road,1,1.0
/home/z/zhangyon/.cache/kagglehub/datasets/hsankesara/flickr-image-dataset/versions/1/flickr30k_images/flickr30k_images/3595412126.jpg,A couple of females both wearing pink drink pop while slanted against a tree,0,1.0
/home/z/zhangyon/.cache/kagglehub/datasets/hsankesara/flickr-image-dataset/versions/1/flickr30k_images/flickr30k_images/3595412126.jpg,Two teenage girls in hot pink fur coats drink bottles of root beer while leaning on a pear tree,2,1.0
/home/z/zhangyon/.cache/kagglehub/datasets/hsankesara/flickr-image-dataset/versions/1/flickr30k_images/flickr30k_images/3595412126.jpg,Two sisters are taking a break from raking the yard,1,1.0
/home/z/zhangyon/.cache/kagglehub/datasets/hsankesara/flickr-image-dataset/versions/1/flickr30k_images/flickr30k_images/3209564153.jpg,A man skiing with protective gear,0,1.0
/home/z/zhangyon/.cache/kagglehub/datasets/hsankesara/flickr-image-dataset/versions/1/flickr30k_images/flickr30k_images/3209564153.jpg,A woman ice skates,2,1.0
/home/z/zhangyon/.cache/kagglehub/datasets/hsankesara/flickr-image-dataset/versions/1/flickr30k_images/flickr30k_images/3209564153.jpg,A person is competing in the Olympics,1,1.0
/home/z/zhangyon/.cache/kagglehub/datasets/hsankesara/flickr-image-dataset/versions/1/flickr30k_images/flickr30k_images/2517489722.jpg,A man walks in the woods while a young girl climbs,0,1.0
/home/z/zhangyon/.cache/kagglehub/datasets/hsankesara/flickr-image-dataset/versions/1/flickr30k_images/flickr30k_images/2517489722.jpg,The girl is sitting,2,1.0
/home/z/zhangyon/.cache/kagglehub/datasets/hsankesara/flickr-image-dataset/versions/1/flickr30k_images/flickr30k_images/2517489722.jpg,The young girl has scraped her knee on some boards of wood,1,1.0
/home/z/zhangyon/.cache/kagglehub/datasets/hsankesara/flickr-image-dataset/versions/1/flickr30k_images/flickr30k_images/4878415659.jpg,The child is looking upward,0,1.0
/home/z/zhangyon/.cache/kagglehub/datasets/hsankesara/flickr-image-dataset/versions/1/flickr30k_images/flickr30k_images/4878415659.jpg,A small asian boy sits alone in his room,2,1.0
/home/z/zhangyon/.cache/kagglehub/datasets/hsankesara/flickr-image-dataset/versions/1/flickr30k_images/flickr30k_images/4878415659.jpg,A Korean boy looks back at his mother,1,1.0
/home/z/zhangyon/.cache/kagglehub/datasets/hsankesara/flickr-image-dataset/versions/1/flickr30k_images/flickr30k_images/2618322793.jpg,a boy is swinging,0,1.0
/home/z/zhangyon/.cache/kagglehub/datasets/hsankesara/flickr-image-dataset/versions/1/flickr30k_images/flickr30k_images/2618322793.jpg,The boy is riding his bike down the street,2,1.0
/home/z/zhangyon/.cache/kagglehub/datasets/hsankesara/flickr-image-dataset/versions/1/flickr30k_images/flickr30k_images/2618322793.jpg,A boy is on a swing that hangs from a tree,1,1.0
/home/z/zhangyon/.cache/kagglehub/datasets/hsankesara/flickr-image-dataset/versions/1/flickr30k_images/flickr30k_images/4948865477.jpg,Rain is falling from the sky,0,1.0
/home/z/zhangyon/.cache/kagglehub/datasets/hsankesara/flickr-image-dataset/versions/1/flickr30k_images/flickr30k_images/4948865477.jpg,The man is swimming in the ocean on top of the moon,2,1.0
/home/z/zhangyon/.cache/kagglehub/datasets/hsankesara/flickr-image-dataset/versions/1/flickr30k_images/flickr30k_images/4948865477.jpg,A man falls asleep fishing with friends,1,1.0
/home/z/zhangyon/.cache/kagglehub/datasets/hsankesara/flickr-image-dataset/versions/1/flickr30k_images/flickr30k_images/1417941060.jpg,A baby is playing,0,1.0
/home/z/zhangyon/.cache/kagglehub/datasets/hsankesara/flickr-image-dataset/versions/1/flickr30k_images/flickr30k_images/1417941060.jpg,the baby is holding a gun,2,1.0
/home/z/zhangyon/.cache/kagglehub/datasets/hsankesara/flickr-image-dataset/versions/1/flickr30k_images/flickr30k_images/1417941060.jpg,The baby is happy,1,1.0
/home/z/zhangyon/.cache/kagglehub/datasets/hsankesara/flickr-image-dataset/versions/1/flickr30k_images/flickr30k_images/6152180229.jpg,People showing off a beverage,0,1.0
/home/z/zhangyon/.cache/kagglehub/datasets/hsankesara/flickr-image-dataset/versions/1/flickr30k_images/flickr30k_images/6152180229.jpg,Enemies shooting each other,2,1.0
/home/z/zhangyon/.cache/kagglehub/datasets/hsankesara/flickr-image-dataset/versions/1/flickr30k_images/flickr30k_images/6152180229.jpg,The people are enjoying their energy drinks,1,1.0
/home/z/zhangyon/.cache/kagglehub/datasets/hsankesara/flickr-image-dataset/versions/1/flickr30k_images/flickr30k_images/3079917032.jpg,There are three women,0,1.0
/home/z/zhangyon/.cache/kagglehub/datasets/hsankesara/flickr-image-dataset/versions/1/flickr30k_images/flickr30k_images/3079917032.jpg,A woman crossing the street to get coffee,1,1.0
/home/z/zhangyon/.cache/kagglehub/datasets/hsankesara/flickr-image-dataset/versions/1/flickr30k_images/flickr30k_images/3079917032.jpg,The woman walks through a busy street,0,1.0
/home/z/zhangyon/.cache/kagglehub/datasets/hsankesara/flickr-image-dataset/versions/1/flickr30k_images/flickr30k_images/4838106858.jpg,A man is reading,0,1.0
/home/z/zhangyon/.cache/kagglehub/datasets/hsankesara/flickr-image-dataset/versions/1/flickr30k_images/flickr30k_images/4838106858.jpg,a man waiting for the train watches a movie,2,1.0
/home/z/zhangyon/.cache/kagglehub/datasets/hsankesara/flickr-image-dataset/versions/1/flickr30k_images/flickr30k_images/4838106858.jpg,a guy waiting for a ride reads game of thrones,1,1.0
/home/z/zhangyon/.cache/kagglehub/datasets/hsankesara/flickr-image-dataset/versions/1/flickr30k_images/flickr30k_images/4759710534.jpg,Nancy has a tattoo,0,1.0
/home/z/zhangyon/.cache/kagglehub/datasets/hsankesara/flickr-image-dataset/versions/1/flickr30k_images/flickr30k_images/4759710534.jpg,The tattoo is very colorful,2,1.0
/home/z/zhangyon/.cache/kagglehub/datasets/hsankesara/flickr-image-dataset/versions/1/flickr30k_images/flickr30k_images/4759710534.jpg,The woman has numerous tattoos all over her body,1,1.0
/home/z/zhangyon/.cache/kagglehub/datasets/hsankesara/flickr-image-dataset/versions/1/flickr30k_images/flickr30k_images/4772885285.jpg,A woman is outside under a blue umbrella,0,1.0
/home/z/zhangyon/.cache/kagglehub/datasets/hsankesara/flickr-image-dataset/versions/1/flickr30k_images/flickr30k_images/4772885285.jpg,A woman is walking in the sunshine,2,1.0
/home/z/zhangyon/.cache/kagglehub/datasets/hsankesara/flickr-image-dataset/versions/1/flickr30k_images/flickr30k_images/4772885285.jpg,A lady with a large black bag is walking in the rain near the park,1,1.0
/home/z/zhangyon/.cache/kagglehub/datasets/hsankesara/flickr-image-dataset/versions/1/flickr30k_images/flickr30k_images/2881378816.jpg,The cityscape has alot going on,0,1.0
/home/z/zhangyon/.cache/kagglehub/datasets/hsankesara/flickr-image-dataset/versions/1/flickr30k_images/flickr30k_images/2881378816.jpg,The cityscape is recently built,2,1.0
/home/z/zhangyon/.cache/kagglehub/datasets/hsankesara/flickr-image-dataset/versions/1/flickr30k_images/flickr30k_images/2881378816.jpg,The man sitting down is thinking intensively,1,1.0
/home/z/zhangyon/.cache/kagglehub/datasets/hsankesara/flickr-image-dataset/versions/1/flickr30k_images/flickr30k_images/470887785.jpg,The lady is speaking,0,1.0
/home/z/zhangyon/.cache/kagglehub/datasets/hsankesara/flickr-image-dataset/versions/1/flickr30k_images/flickr30k_images/470887785.jpg,A woman singing at a concert,2,1.0
/home/z/zhangyon/.cache/kagglehub/datasets/hsankesara/flickr-image-dataset/versions/1/flickr30k_images/flickr30k_images/470887785.jpg,A girl protesting at an event,1,1.0
/home/z/zhangyon/.cache/kagglehub/datasets/hsankesara/flickr-image-dataset/versions/1/flickr30k_images/flickr30k_images/2728607980.jpg,People at an old building,0,1.0
/home/z/zhangyon/.cache/kagglehub/datasets/hsankesara/flickr-image-dataset/versions/1/flickr30k_images/flickr30k_images/2728607980.jpg,The event finished yesterday,2,1.0
/home/z/zhangyon/.cache/kagglehub/datasets/hsankesara/flickr-image-dataset/versions/1/flickr30k_images/flickr30k_images/2728607980.jpg,Hundreds of happy people are gathered,1,1.0
/home/z/zhangyon/.cache/kagglehub/datasets/hsankesara/flickr-image-dataset/versions/1/flickr30k_images/flickr30k_images/4781019036.jpg,The people are riding a roller coaster,0,1.0
/home/z/zhangyon/.cache/kagglehub/datasets/hsankesara/flickr-image-dataset/versions/1/flickr30k_images/flickr30k_images/4781019036.jpg,The kids are on a boat,2,1.0
/home/z/zhangyon/.cache/kagglehub/datasets/hsankesara/flickr-image-dataset/versions/1/flickr30k_images/flickr30k_images/4781019036.jpg,People brace themselves on a carnival ride at the state fair,1,1.0
/home/z/zhangyon/.cache/kagglehub/datasets/hsankesara/flickr-image-dataset/versions/1/flickr30k_images/flickr30k_images/3494151850.jpg,Rescue workers in a boat on the water,0,1.0
/home/z/zhangyon/.cache/kagglehub/datasets/hsankesara/flickr-image-dataset/versions/1/flickr30k_images/flickr30k_images/3494151850.jpg,Three men are fishing from their anchored boat,2,1.0
/home/z/zhangyon/.cache/kagglehub/datasets/hsankesara/flickr-image-dataset/versions/1/flickr30k_images/flickr30k_images/3494151850.jpg,The sailboat makes a deft turn in the regatta,2,1.0
/home/z/zhangyon/.cache/kagglehub/datasets/hsankesara/flickr-image-dataset/versions/1/flickr30k_images/flickr30k_images/3468635980.jpg,A man is using the wall for support,1,1.0
/home/z/zhangyon/.cache/kagglehub/datasets/hsankesara/flickr-image-dataset/versions/1/flickr30k_images/flickr30k_images/3468635980.jpg,A man is walking past the checkout,2,1.0
/home/z/zhangyon/.cache/kagglehub/datasets/hsankesara/flickr-image-dataset/versions/1/flickr30k_images/flickr30k_images/3468635980.jpg,The older man is heading to the library,1,1.0
/home/z/zhangyon/.cache/kagglehub/datasets/hsankesara/flickr-image-dataset/versions/1/flickr30k_images/flickr30k_images/95795877.jpg,A tired young man,0,1.0
/home/z/zhangyon/.cache/kagglehub/datasets/hsankesara/flickr-image-dataset/versions/1/flickr30k_images/flickr30k_images/95795877.jpg,The man is running through the field,2,1.0
/home/z/zhangyon/.cache/kagglehub/datasets/hsankesara/flickr-image-dataset/versions/1/flickr30k_images/flickr30k_images/95795877.jpg,A man sleeps on the train on his way home,1,1.0
/home/z/zhangyon/.cache/kagglehub/datasets/hsankesara/flickr-image-dataset/versions/1/flickr30k_images/flickr30k_images/509987636.jpg,A man wears a hat near some art,0,1.0
/home/z/zhangyon/.cache/kagglehub/datasets/hsankesara/flickr-image-dataset/versions/1/flickr30k_images/flickr30k_images/509987636.jpg,A man looking at photos of his family as he sits on his couch,2,1.0
/home/z/zhangyon/.cache/kagglehub/datasets/hsankesara/flickr-image-dataset/versions/1/flickr30k_images/flickr30k_images/509987636.jpg,a man in a hat looking at art,1,1.0
/home/z/zhangyon/.cache/kagglehub/datasets/hsankesara/flickr-image-dataset/versions/1/flickr30k_images/flickr30k_images/5733760.jpg,The instructor speaks to the class with a microphone,0,1.0
/home/z/zhangyon/.cache/kagglehub/datasets/hsankesara/flickr-image-dataset/versions/1/flickr30k_images/flickr30k_images/5733760.jpg,A man is wearing shorts,2,1.0
/home/z/zhangyon/.cache/kagglehub/datasets/hsankesara/flickr-image-dataset/versions/1/flickr30k_images/flickr30k_images/5733760.jpg,The man on stage is a comedian,1,1.0
/home/z/zhangyon/.cache/kagglehub/datasets/hsankesara/flickr-image-dataset/versions/1/flickr30k_images/flickr30k_images/28041138.jpg,The man is wearing a straw hat,0,1.0
/home/z/zhangyon/.cache/kagglehub/datasets/hsankesara/flickr-image-dataset/versions/1/flickr30k_images/flickr30k_images/28041138.jpg,A man wearing singing into a microphone and playing a bass while standing nude,2,1.0
/home/z/zhangyon/.cache/kagglehub/datasets/hsankesara/flickr-image-dataset/versions/1/flickr30k_images/flickr30k_images/28041138.jpg,"A man is performing for his local fire hall, during the autumn",1,1.0
/home/z/zhangyon/.cache/kagglehub/datasets/hsankesara/flickr-image-dataset/versions/1/flickr30k_images/flickr30k_images/2549946671.jpg,There is a child in this picture,0,1.0
/home/z/zhangyon/.cache/kagglehub/datasets/hsankesara/flickr-image-dataset/versions/1/flickr30k_images/flickr30k_images/2549946671.jpg,A boy with a blue shirt runs across the street,2,1.0
/home/z/zhangyon/.cache/kagglehub/datasets/hsankesara/flickr-image-dataset/versions/1/flickr30k_images/flickr30k_images/2549946671.jpg,The child is talking to his mother on the cell,1,1.0
/home/z/zhangyon/.cache/kagglehub/datasets/hsankesara/flickr-image-dataset/versions/1/flickr30k_images/flickr30k_images/2404959574.jpg,There is a woman looking at something,0,1.0
/home/z/zhangyon/.cache/kagglehub/datasets/hsankesara/flickr-image-dataset/versions/1/flickr30k_images/flickr30k_images/2404959574.jpg,A man attends to a ram at the veterinarians office,2,1.0
/home/z/zhangyon/.cache/kagglehub/datasets/hsankesara/flickr-image-dataset/versions/1/flickr30k_images/flickr30k_images/2404959574.jpg,There is a woman at a zoo,1,1.0
/home/z/zhangyon/.cache/kagglehub/datasets/hsankesara/flickr-image-dataset/versions/1/flickr30k_images/flickr30k_images/3880726770.jpg,There are a lot of wood chips,1,1.0
/home/z/zhangyon/.cache/kagglehub/datasets/hsankesara/flickr-image-dataset/versions/1/flickr30k_images/flickr30k_images/3880726770.jpg,Women are selling squash,2,1.0
/home/z/zhangyon/.cache/kagglehub/datasets/hsankesara/flickr-image-dataset/versions/1/flickr30k_images/flickr30k_images/3880726770.jpg,The local shop has plenty of rare spices for sale,1,1.0
/home/z/zhangyon/.cache/kagglehub/datasets/hsankesara/flickr-image-dataset/versions/1/flickr30k_images/flickr30k_images/4791513183.jpg,There is a girl waiting by the door,0,1.0
/home/z/zhangyon/.cache/kagglehub/datasets/hsankesara/flickr-image-dataset/versions/1/flickr30k_images/flickr30k_images/4791513183.jpg,The girl is repairing the door,2,1.0
/home/z/zhangyon/.cache/kagglehub/datasets/hsankesara/flickr-image-dataset/versions/1/flickr30k_images/flickr30k_images/4791513183.jpg,The child is waiting to go into the building,1,1.0
/home/z/zhangyon/.cache/kagglehub/datasets/hsankesara/flickr-image-dataset/versions/1/flickr30k_images/flickr30k_images/3297272270.jpg,Some guys are wearing ballerina clothes,0,1.0
/home/z/zhangyon/.cache/kagglehub/datasets/hsankesara/flickr-image-dataset/versions/1/flickr30k_images/flickr30k_images/3297272270.jpg,Four tennis team members wear all white outfits,2,1.0
/home/z/zhangyon/.cache/kagglehub/datasets/hsankesara/flickr-image-dataset/versions/1/flickr30k_images/flickr30k_images/3297272270.jpg,Four male members of a band wear all white outfits that include white skirts over white pants and white tank tops,1,1.0
/home/z/zhangyon/.cache/kagglehub/datasets/hsankesara/flickr-image-dataset/versions/1/flickr30k_images/flickr30k_images/4712411908.jpg,a person is posing,0,1.0
/home/z/zhangyon/.cache/kagglehub/datasets/hsankesara/flickr-image-dataset/versions/1/flickr30k_images/flickr30k_images/4712411908.jpg,A man puts on eyeliner,2,1.0
/home/z/zhangyon/.cache/kagglehub/datasets/hsankesara/flickr-image-dataset/versions/1/flickr30k_images/flickr30k_images/4712411908.jpg,a person is doing yoga,1,1.0
/home/z/zhangyon/.cache/kagglehub/datasets/hsankesara/flickr-image-dataset/versions/1/flickr30k_images/flickr30k_images/3540241710.jpg,"A man who is hunkered down, heads down a ramp on his skateboard",0,1.0
/home/z/zhangyon/.cache/kagglehub/datasets/hsankesara/flickr-image-dataset/versions/1/flickr30k_images/flickr30k_images/3540241710.jpg,A skateboarder does tricks in the middle of a huge manufacturing plant,1,1.0
/home/z/zhangyon/.cache/kagglehub/datasets/hsankesara/flickr-image-dataset/versions/1/flickr30k_images/flickr30k_images/3540241710.jpg,A skateboarder practicing their new trick,1,1.0
/home/z/zhangyon/.cache/kagglehub/datasets/hsankesara/flickr-image-dataset/versions/1/flickr30k_images/flickr30k_images/514165525.jpg,The people are scared,1,1.0
/home/z/zhangyon/.cache/kagglehub/datasets/hsankesara/flickr-image-dataset/versions/1/flickr30k_images/flickr30k_images/514165525.jpg,There is noone operating the ride,2,1.0
/home/z/zhangyon/.cache/kagglehub/datasets/hsankesara/flickr-image-dataset/versions/1/flickr30k_images/flickr30k_images/514165525.jpg,There are seven people sitting on what appears to be a carnival ride,1,1.0
/home/z/zhangyon/.cache/kagglehub/datasets/hsankesara/flickr-image-dataset/versions/1/flickr30k_images/flickr30k_images/4899635195.jpg,Two women stand in the street,0,1.0
/home/z/zhangyon/.cache/kagglehub/datasets/hsankesara/flickr-image-dataset/versions/1/flickr30k_images/flickr30k_images/4899635195.jpg,There is no one next to the railing,2,1.0
/home/z/zhangyon/.cache/kagglehub/datasets/hsankesara/flickr-image-dataset/versions/1/flickr30k_images/flickr30k_images/4899635195.jpg,The woman are waiting for the bus to go to work,1,1.0
/home/z/zhangyon/.cache/kagglehub/datasets/hsankesara/flickr-image-dataset/versions/1/flickr30k_images/flickr30k_images/213583123.jpg,There was a safety patrolman with yellow on that fell asleep in the chair,0,1.0
/home/z/zhangyon/.cache/kagglehub/datasets/hsankesara/flickr-image-dataset/versions/1/flickr30k_images/flickr30k_images/213583123.jpg,A man is putting eye drops in his wide open eyes,2,1.0
/home/z/zhangyon/.cache/kagglehub/datasets/hsankesara/flickr-image-dataset/versions/1/flickr30k_images/flickr30k_images/213583123.jpg,A woman is unconcious,1,1.0
/home/z/zhangyon/.cache/kagglehub/datasets/hsankesara/flickr-image-dataset/versions/1/flickr30k_images/flickr30k_images/3955157194.jpg,A young girl sits behind a machine,0,1.0
/home/z/zhangyon/.cache/kagglehub/datasets/hsankesara/flickr-image-dataset/versions/1/flickr30k_images/flickr30k_images/3955157194.jpg,A boy is sleeping,2,1.0
/home/z/zhangyon/.cache/kagglehub/datasets/hsankesara/flickr-image-dataset/versions/1/flickr30k_images/flickr30k_images/3955157194.jpg,A brown haired boy sets beside a sewing machine,2,1.0
/home/z/zhangyon/.cache/kagglehub/datasets/hsankesara/flickr-image-dataset/versions/1/flickr30k_images/flickr30k_images/3243866702.jpg,Someone is handing out water,0,1.0
/home/z/zhangyon/.cache/kagglehub/datasets/hsankesara/flickr-image-dataset/versions/1/flickr30k_images/flickr30k_images/3243866702.jpg,The young kids are at a petting zoo,2,1.0
/home/z/zhangyon/.cache/kagglehub/datasets/hsankesara/flickr-image-dataset/versions/1/flickr30k_images/flickr30k_images/3243866702.jpg,The children own the turtle,1,1.0
/home/z/zhangyon/.cache/kagglehub/datasets/hsankesara/flickr-image-dataset/versions/1/flickr30k_images/flickr30k_images/1012150929.jpg,A child is away from home,0,1.0
/home/z/zhangyon/.cache/kagglehub/datasets/hsankesara/flickr-image-dataset/versions/1/flickr30k_images/flickr30k_images/1012150929.jpg,The boy is playing video games with two of his friends,2,1.0
/home/z/zhangyon/.cache/kagglehub/datasets/hsankesara/flickr-image-dataset/versions/1/flickr30k_images/flickr30k_images/1012150929.jpg,A boy is having a birthday party at McDonalds and there is a Nintendo Gamecube set up,1,1.0
/home/z/zhangyon/.cache/kagglehub/datasets/hsankesara/flickr-image-dataset/versions/1/flickr30k_images/flickr30k_images/697582336.jpg,The dog is running outside,0,1.0
/home/z/zhangyon/.cache/kagglehub/datasets/hsankesara/flickr-image-dataset/versions/1/flickr30k_images/flickr30k_images/697582336.jpg,The beagle runs around on the soccer field,2,1.0
/home/z/zhangyon/.cache/kagglehub/datasets/hsankesara/flickr-image-dataset/versions/1/flickr30k_images/flickr30k_images/697582336.jpg,Dog runs outside with his owner,1,1.0
/home/z/zhangyon/.cache/kagglehub/datasets/hsankesara/flickr-image-dataset/versions/1/flickr30k_images/flickr30k_images/8143343377.jpg,Two people performing,0,1.0
/home/z/zhangyon/.cache/kagglehub/datasets/hsankesara/flickr-image-dataset/versions/1/flickr30k_images/flickr30k_images/8143343377.jpg,"Two women, one playing the violin and the other playing the drums",2,1.0
/home/z/zhangyon/.cache/kagglehub/datasets/hsankesara/flickr-image-dataset/versions/1/flickr30k_images/flickr30k_images/8143343377.jpg,The band is playing Beatles songs,1,1.0
/home/z/zhangyon/.cache/kagglehub/datasets/hsankesara/flickr-image-dataset/versions/1/flickr30k_images/flickr30k_images/392467282.jpg,the dogs are playing together in the snow,0,1.0
/home/z/zhangyon/.cache/kagglehub/datasets/hsankesara/flickr-image-dataset/versions/1/flickr30k_images/flickr30k_images/392467282.jpg,The dogs are playing with the kid,2,1.0
/home/z/zhangyon/.cache/kagglehub/datasets/hsankesara/flickr-image-dataset/versions/1/flickr30k_images/flickr30k_images/392467282.jpg,The dogs are excited to be outdoors,1,1.0
/home/z/zhangyon/.cache/kagglehub/datasets/hsankesara/flickr-image-dataset/versions/1/flickr30k_images/flickr30k_images/1737441377.jpg,A man and a boy adorned in colorful garments shop the produce market,0,1.0
/home/z/zhangyon/.cache/kagglehub/datasets/hsankesara/flickr-image-dataset/versions/1/flickr30k_images/flickr30k_images/1737441377.jpg,A man kidnaps a small boy from the produce square,2,1.0
/home/z/zhangyon/.cache/kagglehub/datasets/hsankesara/flickr-image-dataset/versions/1/flickr30k_images/flickr30k_images/1737441377.jpg,The man and his son selling vegetables at a market,1,1.0
/home/z/zhangyon/.cache/kagglehub/datasets/hsankesara/flickr-image-dataset/versions/1/flickr30k_images/flickr30k_images/2579460386.jpg,A dog in water,0,1.0
/home/z/zhangyon/.cache/kagglehub/datasets/hsankesara/flickr-image-dataset/versions/1/flickr30k_images/flickr30k_images/2579460386.jpg,Cats swimming in the water,2,1.0
/home/z/zhangyon/.cache/kagglehub/datasets/hsankesara/flickr-image-dataset/versions/1/flickr30k_images/flickr30k_images/2579460386.jpg,A dog just got a bath,1,1.0
/home/z/zhangyon/.cache/kagglehub/datasets/hsankesara/flickr-image-dataset/versions/1/flickr30k_images/flickr30k_images/1286805224.jpg,A woman is smiling,0,1.0
/home/z/zhangyon/.cache/kagglehub/datasets/hsankesara/flickr-image-dataset/versions/1/flickr30k_images/flickr30k_images/1286805224.jpg,Woman is frowning out the window,2,1.0
/home/z/zhangyon/.cache/kagglehub/datasets/hsankesara/flickr-image-dataset/versions/1/flickr30k_images/flickr30k_images/1286805224.jpg,A woman serving food inside a food truck,0,1.0
/home/z/zhangyon/.cache/kagglehub/datasets/hsankesara/flickr-image-dataset/versions/1/flickr30k_images/flickr30k_images/4912431886.jpg,A window cleaner is at work,0,1.0
/home/z/zhangyon/.cache/kagglehub/datasets/hsankesara/flickr-image-dataset/versions/1/flickr30k_images/flickr30k_images/4912431886.jpg,Nobody has a bucket,2,1.0
/home/z/zhangyon/.cache/kagglehub/datasets/hsankesara/flickr-image-dataset/versions/1/flickr30k_images/flickr30k_images/4912431886.jpg,An old man washing windows on a tall red brick building,1,1.0
/home/z/zhangyon/.cache/kagglehub/datasets/hsankesara/flickr-image-dataset/versions/1/flickr30k_images/flickr30k_images/3643981804.jpg,A human reaching,0,1.0
/home/z/zhangyon/.cache/kagglehub/datasets/hsankesara/flickr-image-dataset/versions/1/flickr30k_images/flickr30k_images/3643981804.jpg,The sign is faded,2,1.0
/home/z/zhangyon/.cache/kagglehub/datasets/hsankesara/flickr-image-dataset/versions/1/flickr30k_images/flickr30k_images/3643981804.jpg,A man pointing at the sign of his real estate company,2,1.0
/home/z/zhangyon/.cache/kagglehub/datasets/hsankesara/flickr-image-dataset/versions/1/flickr30k_images/flickr30k_images/3365783912.jpg,Two men travel on foot,0,1.0
/home/z/zhangyon/.cache/kagglehub/datasets/hsankesara/flickr-image-dataset/versions/1/flickr30k_images/flickr30k_images/3365783912.jpg,They propel themselves down the street with rockets,2,1.0
/home/z/zhangyon/.cache/kagglehub/datasets/hsankesara/flickr-image-dataset/versions/1/flickr30k_images/flickr30k_images/3365783912.jpg,The two people are going to meet up with their friends,1,1.0
/home/z/zhangyon/.cache/kagglehub/datasets/hsankesara/flickr-image-dataset/versions/1/flickr30k_images/flickr30k_images/3466635681.jpg,a person cleans up in thailand,0,1.0
/home/z/zhangyon/.cache/kagglehub/datasets/hsankesara/flickr-image-dataset/versions/1/flickr30k_images/flickr30k_images/3466635681.jpg,a woman cleans white pillars in korea,2,1.0
/home/z/zhangyon/.cache/kagglehub/datasets/hsankesara/flickr-image-dataset/versions/1/flickr30k_images/flickr30k_images/3466635681.jpg,The woman is cleaning the columns of a museum,1,1.0
/home/z/zhangyon/.cache/kagglehub/datasets/hsankesara/flickr-image-dataset/versions/1/flickr30k_images/flickr30k_images/3169184260.jpg,I received a toy for Christmas,1,1.0
/home/z/zhangyon/.cache/kagglehub/datasets/hsankesara/flickr-image-dataset/versions/1/flickr30k_images/flickr30k_images/3169184260.jpg,A boy in white pajamas plays,2,1.0
/home/z/zhangyon/.cache/kagglehub/datasets/hsankesara/flickr-image-dataset/versions/1/flickr30k_images/flickr30k_images/3169184260.jpg,boy got new gift,1,1.0
/home/z/zhangyon/.cache/kagglehub/datasets/hsankesara/flickr-image-dataset/versions/1/flickr30k_images/flickr30k_images/201314419.jpg,Two people looking out at the ocean and sky,0,1.0
/home/z/zhangyon/.cache/kagglehub/datasets/hsankesara/flickr-image-dataset/versions/1/flickr30k_images/flickr30k_images/201314419.jpg,A couple watching an ugly sunset on the sea side,2,1.0
/home/z/zhangyon/.cache/kagglehub/datasets/hsankesara/flickr-image-dataset/versions/1/flickr30k_images/flickr30k_images/201314419.jpg,A newlywed couple enjoys the sunset on a cruise ship,1,1.0
/home/z/zhangyon/.cache/kagglehub/datasets/hsankesara/flickr-image-dataset/versions/1/flickr30k_images/flickr30k_images/3084472304.jpg,Workers are cleaning a road,0,1.0
/home/z/zhangyon/.cache/kagglehub/datasets/hsankesara/flickr-image-dataset/versions/1/flickr30k_images/flickr30k_images/3084472304.jpg,The workmen are sleep,2,1.0
/home/z/zhangyon/.cache/kagglehub/datasets/hsankesara/flickr-image-dataset/versions/1/flickr30k_images/flickr30k_images/3084472304.jpg,They are reparing the stretty,1,1.0
/home/z/zhangyon/.cache/kagglehub/datasets/hsankesara/flickr-image-dataset/versions/1/flickr30k_images/flickr30k_images/6333818443.jpg,The woman leaps into the air,0,1.0
/home/z/zhangyon/.cache/kagglehub/datasets/hsankesara/flickr-image-dataset/versions/1/flickr30k_images/flickr30k_images/6333818443.jpg,The woman is sitting in a chair,2,1.0
/home/z/zhangyon/.cache/kagglehub/datasets/hsankesara/flickr-image-dataset/versions/1/flickr30k_images/flickr30k_images/6333818443.jpg,The woman makes sure the glass cup does not break,1,1.0
/home/z/zhangyon/.cache/kagglehub/datasets/hsankesara/flickr-image-dataset/versions/1/flickr30k_images/flickr30k_images/3944497603.jpg,Worker sleeping,1,1.0
/home/z/zhangyon/.cache/kagglehub/datasets/hsankesara/flickr-image-dataset/versions/1/flickr30k_images/flickr30k_images/3944497603.jpg,The person is wearing a pink rain coat while running through the forest,2,1.0
/home/z/zhangyon/.cache/kagglehub/datasets/hsankesara/flickr-image-dataset/versions/1/flickr30k_images/flickr30k_images/3944497603.jpg,a person on an entrance corridor,1,1.0
/home/z/zhangyon/.cache/kagglehub/datasets/hsankesara/flickr-image-dataset/versions/1/flickr30k_images/flickr30k_images/3114944484.jpg,A little girl is around a lot of people,0,1.0
/home/z/zhangyon/.cache/kagglehub/datasets/hsankesara/flickr-image-dataset/versions/1/flickr30k_images/flickr30k_images/3114944484.jpg,the girl is wearing green,2,1.0
/home/z/zhangyon/.cache/kagglehub/datasets/hsankesara/flickr-image-dataset/versions/1/flickr30k_images/flickr30k_images/3114944484.jpg,People face away from the camera because they do not want their pictures taken,1,1.0
/home/z/zhangyon/.cache/kagglehub/datasets/hsankesara/flickr-image-dataset/versions/1/flickr30k_images/flickr30k_images/4912808658.jpg,A musician is playing on the street side,0,1.0
/home/z/zhangyon/.cache/kagglehub/datasets/hsankesara/flickr-image-dataset/versions/1/flickr30k_images/flickr30k_images/4912808658.jpg,A musician is singing in the bar,2,1.0
/home/z/zhangyon/.cache/kagglehub/datasets/hsankesara/flickr-image-dataset/versions/1/flickr30k_images/flickr30k_images/4912808658.jpg,The drums are nice to hear,1,1.0
/home/z/zhangyon/.cache/kagglehub/datasets/hsankesara/flickr-image-dataset/versions/1/flickr30k_images/flickr30k_images/269898428.jpg,A man with a power tool,0,1.0
/home/z/zhangyon/.cache/kagglehub/datasets/hsankesara/flickr-image-dataset/versions/1/flickr30k_images/flickr30k_images/269898428.jpg,The stuffed animal is furry and pink,2,1.0
/home/z/zhangyon/.cache/kagglehub/datasets/hsankesara/flickr-image-dataset/versions/1/flickr30k_images/flickr30k_images/269898428.jpg,The man is fixing the stuffed animal,1,1.0
/home/z/zhangyon/.cache/kagglehub/datasets/hsankesara/flickr-image-dataset/versions/1/flickr30k_images/flickr30k_images/1138784872.jpg,A kid is wearing green,0,1.0
/home/z/zhangyon/.cache/kagglehub/datasets/hsankesara/flickr-image-dataset/versions/1/flickr30k_images/flickr30k_images/1138784872.jpg,A man is running indoors,2,1.0
/home/z/zhangyon/.cache/kagglehub/datasets/hsankesara/flickr-image-dataset/versions/1/flickr30k_images/flickr30k_images/1138784872.jpg,The girl is on her way to a movie,1,1.0
/home/z/zhangyon/.cache/kagglehub/datasets/hsankesara/flickr-image-dataset/versions/1/flickr30k_images/flickr30k_images/2978040423.jpg,The woman is standing near a cart that has various beverages,0,1.0
/home/z/zhangyon/.cache/kagglehub/datasets/hsankesara/flickr-image-dataset/versions/1/flickr30k_images/flickr30k_images/2978040423.jpg,The woman is tall,1,1.0
/home/z/zhangyon/.cache/kagglehub/datasets/hsankesara/flickr-image-dataset/versions/1/flickr30k_images/flickr30k_images/2978040423.jpg,The lady with the vending car is selling ice cream in the middle of the beach,1,1.0
/home/z/zhangyon/.cache/kagglehub/datasets/hsankesara/flickr-image-dataset/versions/1/flickr30k_images/flickr30k_images/430964917.jpg,A person riding a bike,0,1.0
/home/z/zhangyon/.cache/kagglehub/datasets/hsankesara/flickr-image-dataset/versions/1/flickr30k_images/flickr30k_images/430964917.jpg,The person is rollerblading,2,1.0
/home/z/zhangyon/.cache/kagglehub/datasets/hsankesara/flickr-image-dataset/versions/1/flickr30k_images/flickr30k_images/430964917.jpg,A hipster riding a bike,1,1.0
/home/z/zhangyon/.cache/kagglehub/datasets/hsankesara/flickr-image-dataset/versions/1/flickr30k_images/flickr30k_images/3240637051.jpg,A group is putting on a performance,0,1.0
/home/z/zhangyon/.cache/kagglehub/datasets/hsankesara/flickr-image-dataset/versions/1/flickr30k_images/flickr30k_images/3240637051.jpg,The woman is sewing clothes for her customers,2,1.0
/home/z/zhangyon/.cache/kagglehub/datasets/hsankesara/flickr-image-dataset/versions/1/flickr30k_images/flickr30k_images/3240637051.jpg,The kids cant stand playing instruments,2,1.0
/home/z/zhangyon/.cache/kagglehub/datasets/hsankesara/flickr-image-dataset/versions/1/flickr30k_images/flickr30k_images/2822265828.jpg,The cheerleaders are at a sporting event,0,1.0
/home/z/zhangyon/.cache/kagglehub/datasets/hsankesara/flickr-image-dataset/versions/1/flickr30k_images/flickr30k_images/2822265828.jpg,The football players are shaking pom poms,2,1.0
/home/z/zhangyon/.cache/kagglehub/datasets/hsankesara/flickr-image-dataset/versions/1/flickr30k_images/flickr30k_images/2822265828.jpg,Cheerleaders are sitting on a bench waiting for halftime,1,1.0
/home/z/zhangyon/.cache/kagglehub/datasets/hsankesara/flickr-image-dataset/versions/1/flickr30k_images/flickr30k_images/241347243.jpg,An Oklahoma quarterback prepares to receive a snap,0,1.0
/home/z/zhangyon/.cache/kagglehub/datasets/hsankesara/flickr-image-dataset/versions/1/flickr30k_images/flickr30k_images/241347243.jpg,They eat the field,2,1.0
/home/z/zhangyon/.cache/kagglehub/datasets/hsankesara/flickr-image-dataset/versions/1/flickr30k_images/flickr30k_images/241347243.jpg,An Oklahoma quarterback calls out an audible before the snap,1,1.0
/home/z/zhangyon/.cache/kagglehub/datasets/hsankesara/flickr-image-dataset/versions/1/flickr30k_images/flickr30k_images/541063419.jpg,they are outside,0,1.0
/home/z/zhangyon/.cache/kagglehub/datasets/hsankesara/flickr-image-dataset/versions/1/flickr30k_images/flickr30k_images/541063419.jpg,Nobody is sitting,2,1.0
/home/z/zhangyon/.cache/kagglehub/datasets/hsankesara/flickr-image-dataset/versions/1/flickr30k_images/flickr30k_images/541063419.jpg,a hiker reaches the summit of Mt Bradly,1,1.0
/home/z/zhangyon/.cache/kagglehub/datasets/hsankesara/flickr-image-dataset/versions/1/flickr30k_images/flickr30k_images/905355838.jpg,People are watching a game,0,1.0
/home/z/zhangyon/.cache/kagglehub/datasets/hsankesara/flickr-image-dataset/versions/1/flickr30k_images/flickr30k_images/905355838.jpg,A player wearing number 21 is staring at the outfield,2,1.0
/home/z/zhangyon/.cache/kagglehub/datasets/hsankesara/flickr-image-dataset/versions/1/flickr30k_images/flickr30k_images/905355838.jpg,player just hit home run,1,1.0
/home/z/zhangyon/.cache/kagglehub/datasets/hsankesara/flickr-image-dataset/versions/1/flickr30k_images/flickr30k_images/450688968.jpg,Someone is playing soccer,0,1.0
/home/z/zhangyon/.cache/kagglehub/datasets/hsankesara/flickr-image-dataset/versions/1/flickr30k_images/flickr30k_images/450688968.jpg,Nobody is playing soccer,2,1.0
/home/z/zhangyon/.cache/kagglehub/datasets/hsankesara/flickr-image-dataset/versions/1/flickr30k_images/flickr30k_images/450688968.jpg,A guy steals the soccer ball,1,1.0
/home/z/zhangyon/.cache/kagglehub/datasets/hsankesara/flickr-image-dataset/versions/1/flickr30k_images/flickr30k_images/512309690.jpg,The woman is sitting in a chair,0,1.0
/home/z/zhangyon/.cache/kagglehub/datasets/hsankesara/flickr-image-dataset/versions/1/flickr30k_images/flickr30k_images/512309690.jpg,The woman is playing the guitar in front of a building,2,1.0
/home/z/zhangyon/.cache/kagglehub/datasets/hsankesara/flickr-image-dataset/versions/1/flickr30k_images/flickr30k_images/512309690.jpg,A woman performing a concert,1,1.0
/home/z/zhangyon/.cache/kagglehub/datasets/hsankesara/flickr-image-dataset/versions/1/flickr30k_images/flickr30k_images/3560502528.jpg,A red bike has yellow handlebars,0,1.0
/home/z/zhangyon/.cache/kagglehub/datasets/hsankesara/flickr-image-dataset/versions/1/flickr30k_images/flickr30k_images/3560502528.jpg,"Three young men stand by their bicycles on the wooden platform, after having crashed",2,1.0
/home/z/zhangyon/.cache/kagglehub/datasets/hsankesara/flickr-image-dataset/versions/1/flickr30k_images/flickr30k_images/3560502528.jpg,A red bike is repaied by three young men for competition,1,1.0
/home/z/zhangyon/.cache/kagglehub/datasets/hsankesara/flickr-image-dataset/versions/1/flickr30k_images/flickr30k_images/81125088.jpg,The child dressed entirely in red,0,1.0
/home/z/zhangyon/.cache/kagglehub/datasets/hsankesara/flickr-image-dataset/versions/1/flickr30k_images/flickr30k_images/81125088.jpg,The child dressed in entirely black sat on the ground,2,1.0
/home/z/zhangyon/.cache/kagglehub/datasets/hsankesara/flickr-image-dataset/versions/1/flickr30k_images/flickr30k_images/81125088.jpg,A boy picks up trash in front of his home,1,1.0
/home/z/zhangyon/.cache/kagglehub/datasets/hsankesara/flickr-image-dataset/versions/1/flickr30k_images/flickr30k_images/3636936656.jpg,A female is wearing dark clothes,0,1.0
/home/z/zhangyon/.cache/kagglehub/datasets/hsankesara/flickr-image-dataset/versions/1/flickr30k_images/flickr30k_images/3636936656.jpg,The woman has nice legs,1,1.0
/home/z/zhangyon/.cache/kagglehub/datasets/hsankesara/flickr-image-dataset/versions/1/flickr30k_images/flickr30k_images/3636936656.jpg,A woman is getting ready for work,1,1.0
/home/z/zhangyon/.cache/kagglehub/datasets/hsankesara/flickr-image-dataset/versions/1/flickr30k_images/flickr30k_images/524036004.jpg,The boy is jumping into the pool,0,1.0
/home/z/zhangyon/.cache/kagglehub/datasets/hsankesara/flickr-image-dataset/versions/1/flickr30k_images/flickr30k_images/524036004.jpg,The boy is climbing a tree,2,1.0
/home/z/zhangyon/.cache/kagglehub/datasets/hsankesara/flickr-image-dataset/versions/1/flickr30k_images/flickr30k_images/524036004.jpg,The boy is in the pool and trowing the ball with his friends,1,1.0
/home/z/zhangyon/.cache/kagglehub/datasets/hsankesara/flickr-image-dataset/versions/1/flickr30k_images/flickr30k_images/2701892321.jpg,Two people are doing karate,0,1.0
/home/z/zhangyon/.cache/kagglehub/datasets/hsankesara/flickr-image-dataset/versions/1/flickr30k_images/flickr30k_images/2701892321.jpg,There was no chun kuk do tournament held and spectators grew angry,2,1.0
/home/z/zhangyon/.cache/kagglehub/datasets/hsankesara/flickr-image-dataset/versions/1/flickr30k_images/flickr30k_images/2701892321.jpg,A contest took place to win others,1,1.0
/home/z/zhangyon/.cache/kagglehub/datasets/hsankesara/flickr-image-dataset/versions/1/flickr30k_images/flickr30k_images/3965771582.jpg,The men are on a work break,0,1.0
/home/z/zhangyon/.cache/kagglehub/datasets/hsankesara/flickr-image-dataset/versions/1/flickr30k_images/flickr30k_images/3965771582.jpg,13 teenagers are talking about whether or not to rob the truck nearby,2,1.0
/home/z/zhangyon/.cache/kagglehub/datasets/hsankesara/flickr-image-dataset/versions/1/flickr30k_images/flickr30k_images/3965771582.jpg,Four truckers are talking about how they can fix the truck they are next to,1,1.0
/home/z/zhangyon/.cache/kagglehub/datasets/hsankesara/flickr-image-dataset/versions/1/flickr30k_images/flickr30k_images/6059154572.jpg,There is water in the picture,0,1.0
/home/z/zhangyon/.cache/kagglehub/datasets/hsankesara/flickr-image-dataset/versions/1/flickr30k_images/flickr30k_images/6059154572.jpg,The teenager is not near water,2,1.0
/home/z/zhangyon/.cache/kagglehub/datasets/hsankesara/flickr-image-dataset/versions/1/flickr30k_images/flickr30k_images/6059154572.jpg,The boarder is very tan,1,1.0
/home/z/zhangyon/.cache/kagglehub/datasets/hsankesara/flickr-image-dataset/versions/1/flickr30k_images/flickr30k_images/393043864.jpg,Some vegetables are sitting,0,1.0
/home/z/zhangyon/.cache/kagglehub/datasets/hsankesara/flickr-image-dataset/versions/1/flickr30k_images/flickr30k_images/393043864.jpg,There are only fruits,2,1.0
/home/z/zhangyon/.cache/kagglehub/datasets/hsankesara/flickr-image-dataset/versions/1/flickr30k_images/flickr30k_images/393043864.jpg,The picture is old,1,1.0
/home/z/zhangyon/.cache/kagglehub/datasets/hsankesara/flickr-image-dataset/versions/1/flickr30k_images/flickr30k_images/466877726.jpg,Two men doing construction work,0,1.0
/home/z/zhangyon/.cache/kagglehub/datasets/hsankesara/flickr-image-dataset/versions/1/flickr30k_images/flickr30k_images/466877726.jpg,A puppy is sitting,2,1.0
/home/z/zhangyon/.cache/kagglehub/datasets/hsankesara/flickr-image-dataset/versions/1/flickr30k_images/flickr30k_images/466877726.jpg,A man pulling a cart of bricks to the construction site,1,1.0
/home/z/zhangyon/.cache/kagglehub/datasets/hsankesara/flickr-image-dataset/versions/1/flickr30k_images/flickr30k_images/2527411111.jpg,A couple gets intimate,0,1.0
/home/z/zhangyon/.cache/kagglehub/datasets/hsankesara/flickr-image-dataset/versions/1/flickr30k_images/flickr30k_images/2527411111.jpg,Three people are kissing inside an abandoned barn,2,1.0
/home/z/zhangyon/.cache/kagglehub/datasets/hsankesara/flickr-image-dataset/versions/1/flickr30k_images/flickr30k_images/2527411111.jpg,A married man and woman kiss,1,1.0
/home/z/zhangyon/.cache/kagglehub/datasets/hsankesara/flickr-image-dataset/versions/1/flickr30k_images/flickr30k_images/4925573161.jpg,A tall human cycling,0,1.0
/home/z/zhangyon/.cache/kagglehub/datasets/hsankesara/flickr-image-dataset/versions/1/flickr30k_images/flickr30k_images/4925573161.jpg,The man is driving a car,2,1.0
/home/z/zhangyon/.cache/kagglehub/datasets/hsankesara/flickr-image-dataset/versions/1/flickr30k_images/flickr30k_images/4925573161.jpg,A person rides a bike on a mostly cloudy day,1,1.0
/home/z/zhangyon/.cache/kagglehub/datasets/hsankesara/flickr-image-dataset/versions/1/flickr30k_images/flickr30k_images/4695471709.jpg,Crowd near statue,0,1.0
/home/z/zhangyon/.cache/kagglehub/datasets/hsankesara/flickr-image-dataset/versions/1/flickr30k_images/flickr30k_images/4695471709.jpg,The statue is located in the very bottom of the stairs,2,1.0
/home/z/zhangyon/.cache/kagglehub/datasets/hsankesara/flickr-image-dataset/versions/1/flickr30k_images/flickr30k_images/4695471709.jpg,The trip to see the statue is very long,1,1.0
/home/z/zhangyon/.cache/kagglehub/datasets/hsankesara/flickr-image-dataset/versions/1/flickr30k_images/flickr30k_images/3539960792.jpg,The player is ready to hit,0,1.0
/home/z/zhangyon/.cache/kagglehub/datasets/hsankesara/flickr-image-dataset/versions/1/flickr30k_images/flickr30k_images/3539960792.jpg,An athlete is playing piano,2,1.0
/home/z/zhangyon/.cache/kagglehub/datasets/hsankesara/flickr-image-dataset/versions/1/flickr30k_images/flickr30k_images/3539960792.jpg,The man will hit a ball,1,1.0
/home/z/zhangyon/.cache/kagglehub/datasets/hsankesara/flickr-image-dataset/versions/1/flickr30k_images/flickr30k_images/4633043171.jpg,A well dressed man is waiting for his bus ride,0,1.0
/home/z/zhangyon/.cache/kagglehub/datasets/hsankesara/flickr-image-dataset/versions/1/flickr30k_images/flickr30k_images/4633043171.jpg,the blue double decker bus never runs on time,1,1.0
/home/z/zhangyon/.cache/kagglehub/datasets/hsankesara/flickr-image-dataset/versions/1/flickr30k_images/flickr30k_images/4633043171.jpg,A man waiting to go to work,1,1.0
/home/z/zhangyon/.cache/kagglehub/datasets/hsankesara/flickr-image-dataset/versions/1/flickr30k_images/flickr30k_images/3667781063.jpg,The people are on a boat,0,1.0
/home/z/zhangyon/.cache/kagglehub/datasets/hsankesara/flickr-image-dataset/versions/1/flickr30k_images/flickr30k_images/3667781063.jpg,The people are driving a car up the canal,2,1.0
/home/z/zhangyon/.cache/kagglehub/datasets/hsankesara/flickr-image-dataset/versions/1/flickr30k_images/flickr30k_images/3667781063.jpg,people are going out to eat on a gondola,1,1.0
/home/z/zhangyon/.cache/kagglehub/datasets/hsankesara/flickr-image-dataset/versions/1/flickr30k_images/flickr30k_images/144571886.jpg,A lady is enjoying her new car,2,1.0
/home/z/zhangyon/.cache/kagglehub/datasets/hsankesara/flickr-image-dataset/versions/1/flickr30k_images/flickr30k_images/144571886.jpg,A car is driving itself off the cliff,2,1.0
/home/z/zhangyon/.cache/kagglehub/datasets/hsankesara/flickr-image-dataset/versions/1/flickr30k_images/flickr30k_images/144571886.jpg,A saleswoman stands in front of a Chevrolet sign,1,1.0
/home/z/zhangyon/.cache/kagglehub/datasets/hsankesara/flickr-image-dataset/versions/1/flickr30k_images/flickr30k_images/3539817989.jpg,A person about to feed some cats outside,0,1.0
/home/z/zhangyon/.cache/kagglehub/datasets/hsankesara/flickr-image-dataset/versions/1/flickr30k_images/flickr30k_images/3539817989.jpg,A woman is sleeping surrounded by several cats,2,1.0
/home/z/zhangyon/.cache/kagglehub/datasets/hsankesara/flickr-image-dataset/versions/1/flickr30k_images/flickr30k_images/3539817989.jpg,The man is feeding them,1,1.0
/home/z/zhangyon/.cache/kagglehub/datasets/hsankesara/flickr-image-dataset/versions/1/flickr30k_images/flickr30k_images/3909552008.jpg,Three men are working on the possibly damaged telephone tower,1,1.0
/home/z/zhangyon/.cache/kagglehub/datasets/hsankesara/flickr-image-dataset/versions/1/flickr30k_images/flickr30k_images/3909552008.jpg,There is a group of women climbing trees,2,1.0
/home/z/zhangyon/.cache/kagglehub/datasets/hsankesara/flickr-image-dataset/versions/1/flickr30k_images/flickr30k_images/3909552008.jpg,Three people are working on broken telephone lines,1,1.0
/home/z/zhangyon/.cache/kagglehub/datasets/hsankesara/flickr-image-dataset/versions/1/flickr30k_images/flickr30k_images/5623287052.jpg,A man is shopping,0,1.0
/home/z/zhangyon/.cache/kagglehub/datasets/hsankesara/flickr-image-dataset/versions/1/flickr30k_images/flickr30k_images/5623287052.jpg,A man is sleeping,2,1.0
/home/z/zhangyon/.cache/kagglehub/datasets/hsankesara/flickr-image-dataset/versions/1/flickr30k_images/flickr30k_images/5623287052.jpg,The man is trying to pick out what cereal to choose,1,1.0
/home/z/zhangyon/.cache/kagglehub/datasets/hsankesara/flickr-image-dataset/versions/1/flickr30k_images/flickr30k_images/4831683216.jpg,A girl in a bikini is outside,0,1.0
/home/z/zhangyon/.cache/kagglehub/datasets/hsankesara/flickr-image-dataset/versions/1/flickr30k_images/flickr30k_images/4831683216.jpg,The girl is drinking milk from a sippy cup,2,1.0
/home/z/zhangyon/.cache/kagglehub/datasets/hsankesara/flickr-image-dataset/versions/1/flickr30k_images/flickr30k_images/4831683216.jpg,The girl threw a pool party for her birthday,1,1.0
/home/z/zhangyon/.cache/kagglehub/datasets/hsankesara/flickr-image-dataset/versions/1/flickr30k_images/flickr30k_images/2731298834.jpg,the mother and sons are swimming,0,1.0
/home/z/zhangyon/.cache/kagglehub/datasets/hsankesara/flickr-image-dataset/versions/1/flickr30k_images/flickr30k_images/2731298834.jpg,The life vests are brown,2,1.0
/home/z/zhangyon/.cache/kagglehub/datasets/hsankesara/flickr-image-dataset/versions/1/flickr30k_images/flickr30k_images/2731298834.jpg,The family swims from the sinking canoe,1,1.0
/home/z/zhangyon/.cache/kagglehub/datasets/hsankesara/flickr-image-dataset/versions/1/flickr30k_images/flickr30k_images/1196746186.jpg,A beach has footprints,0,1.0
/home/z/zhangyon/.cache/kagglehub/datasets/hsankesara/flickr-image-dataset/versions/1/flickr30k_images/flickr30k_images/1196746186.jpg,The woman is cooking dinner,2,1.0
/home/z/zhangyon/.cache/kagglehub/datasets/hsankesara/flickr-image-dataset/versions/1/flickr30k_images/flickr30k_images/1196746186.jpg,The woman is on vacation,1,1.0
/home/z/zhangyon/.cache/kagglehub/datasets/hsankesara/flickr-image-dataset/versions/1/flickr30k_images/flickr30k_images/2971478694.jpg,The dresses vary in color in this photo,0,1.0
/home/z/zhangyon/.cache/kagglehub/datasets/hsankesara/flickr-image-dataset/versions/1/flickr30k_images/flickr30k_images/2971478694.jpg,Women disperse to go back to work,2,1.0
/home/z/zhangyon/.cache/kagglehub/datasets/hsankesara/flickr-image-dataset/versions/1/flickr30k_images/flickr30k_images/2971478694.jpg,Women gather for a rally,1,1.0
/home/z/zhangyon/.cache/kagglehub/datasets/hsankesara/flickr-image-dataset/versions/1/flickr30k_images/flickr30k_images/3482974845.jpg,Two dogs running on the beach,0,1.0
/home/z/zhangyon/.cache/kagglehub/datasets/hsankesara/flickr-image-dataset/versions/1/flickr30k_images/flickr30k_images/3482974845.jpg,3 cats on the beach,2,1.0
/home/z/zhangyon/.cache/kagglehub/datasets/hsankesara/flickr-image-dataset/versions/1/flickr30k_images/flickr30k_images/3482974845.jpg,Two dogs are following a seagull,2,1.0
/home/z/zhangyon/.cache/kagglehub/datasets/hsankesara/flickr-image-dataset/versions/1/flickr30k_images/flickr30k_images/2396746868.jpg,the boy is sliding,0,1.0
/home/z/zhangyon/.cache/kagglehub/datasets/hsankesara/flickr-image-dataset/versions/1/flickr30k_images/flickr30k_images/2396746868.jpg,A boy wearing jeans going down a slide,2,1.0
/home/z/zhangyon/.cache/kagglehub/datasets/hsankesara/flickr-image-dataset/versions/1/flickr30k_images/flickr30k_images/2396746868.jpg,The little boy is jealous of the other boy playing on the slide,1,1.0
/home/z/zhangyon/.cache/kagglehub/datasets/hsankesara/flickr-image-dataset/versions/1/flickr30k_images/flickr30k_images/2831215155.jpg,A woman is looking through something,0,1.0
/home/z/zhangyon/.cache/kagglehub/datasets/hsankesara/flickr-image-dataset/versions/1/flickr30k_images/flickr30k_images/2831215155.jpg,"She is standing on molten lava, studying her shoe melting rate",2,1.0
/home/z/zhangyon/.cache/kagglehub/datasets/hsankesara/flickr-image-dataset/versions/1/flickr30k_images/flickr30k_images/2831215155.jpg,A blue car is approaching a man standing in a field,1,1.0
/home/z/zhangyon/.cache/kagglehub/datasets/hsankesara/flickr-image-dataset/versions/1/flickr30k_images/flickr30k_images/7616312438.jpg,The man is blowing through his mouth,0,1.0
/home/z/zhangyon/.cache/kagglehub/datasets/hsankesara/flickr-image-dataset/versions/1/flickr30k_images/flickr30k_images/7616312438.jpg,The man is playing football,2,1.0
/home/z/zhangyon/.cache/kagglehub/datasets/hsankesara/flickr-image-dataset/versions/1/flickr30k_images/flickr30k_images/7616312438.jpg,a man playing a saxophone for money,1,1.0
/home/z/zhangyon/.cache/kagglehub/datasets/hsankesara/flickr-image-dataset/versions/1/flickr30k_images/flickr30k_images/252846811.jpg,Two dogs are interacting outside,0,1.0
/home/z/zhangyon/.cache/kagglehub/datasets/hsankesara/flickr-image-dataset/versions/1/flickr30k_images/flickr30k_images/252846811.jpg,A goat is eating from a trashcan,2,1.0
/home/z/zhangyon/.cache/kagglehub/datasets/hsankesara/flickr-image-dataset/versions/1/flickr30k_images/flickr30k_images/252846811.jpg,The dogs are friends,1,1.0
/home/z/zhangyon/.cache/kagglehub/datasets/hsankesara/flickr-image-dataset/versions/1/flickr30k_images/flickr30k_images/322563288.jpg,A young girl plays outside,0,1.0
/home/z/zhangyon/.cache/kagglehub/datasets/hsankesara/flickr-image-dataset/versions/1/flickr30k_images/flickr30k_images/322563288.jpg,There are two boys playing inside,2,1.0
/home/z/zhangyon/.cache/kagglehub/datasets/hsankesara/flickr-image-dataset/versions/1/flickr30k_images/flickr30k_images/322563288.jpg,A girl in the woods behind her house,1,1.0
/home/z/zhangyon/.cache/kagglehub/datasets/hsankesara/flickr-image-dataset/versions/1/flickr30k_images/flickr30k_images/4980795412.jpg,The curb was very crowded,1,1.0
/home/z/zhangyon/.cache/kagglehub/datasets/hsankesara/flickr-image-dataset/versions/1/flickr30k_images/flickr30k_images/4980795412.jpg,The crowd was being directed into the movie theater slowly,1,1.0
/home/z/zhangyon/.cache/kagglehub/datasets/hsankesara/flickr-image-dataset/versions/1/flickr30k_images/flickr30k_images/4980795412.jpg,A man is reading about the latest sports scores to bet tonight,1,1.0
/home/z/zhangyon/.cache/kagglehub/datasets/hsankesara/flickr-image-dataset/versions/1/flickr30k_images/flickr30k_images/3327761688.jpg,An expensive car is parked,1,1.0
/home/z/zhangyon/.cache/kagglehub/datasets/hsankesara/flickr-image-dataset/versions/1/flickr30k_images/flickr30k_images/3327761688.jpg,The man is inside the car,2,1.0
/home/z/zhangyon/.cache/kagglehub/datasets/hsankesara/flickr-image-dataset/versions/1/flickr30k_images/flickr30k_images/3327761688.jpg,A man is standing next to a bmw and working a slimjim into the window,1,1.0
/home/z/zhangyon/.cache/kagglehub/datasets/hsankesara/flickr-image-dataset/versions/1/flickr30k_images/flickr30k_images/3595080592.jpg,Two kids are smiling,0,1.0
/home/z/zhangyon/.cache/kagglehub/datasets/hsankesara/flickr-image-dataset/versions/1/flickr30k_images/flickr30k_images/3595080592.jpg,The kids are very angry!,2,1.0
/home/z/zhangyon/.cache/kagglehub/datasets/hsankesara/flickr-image-dataset/versions/1/flickr30k_images/flickr30k_images/3595080592.jpg,The kids are happy because school is cancelled,1,1.0
/home/z/zhangyon/.cache/kagglehub/datasets/hsankesara/flickr-image-dataset/versions/1/flickr30k_images/flickr30k_images/3094629328.jpg,A man is digging,0,1.0
/home/z/zhangyon/.cache/kagglehub/datasets/hsankesara/flickr-image-dataset/versions/1/flickr30k_images/flickr30k_images/3094629328.jpg,A man is dancing with wire,2,1.0
/home/z/zhangyon/.cache/kagglehub/datasets/hsankesara/flickr-image-dataset/versions/1/flickr30k_images/flickr30k_images/3094629328.jpg,A man is waiting with a hand tool,1,1.0
/home/z/zhangyon/.cache/kagglehub/datasets/hsankesara/flickr-image-dataset/versions/1/flickr30k_images/flickr30k_images/4893545292.jpg,A woman is taking a picture,0,1.0
/home/z/zhangyon/.cache/kagglehub/datasets/hsankesara/flickr-image-dataset/versions/1/flickr30k_images/flickr30k_images/4893545292.jpg,A woman is sleeping outside,2,1.0
/home/z/zhangyon/.cache/kagglehub/datasets/hsankesara/flickr-image-dataset/versions/1/flickr30k_images/flickr30k_images/4893545292.jpg,A woman looks at a birds nest,1,1.0
/home/z/zhangyon/.cache/kagglehub/datasets/hsankesara/flickr-image-dataset/versions/1/flickr30k_images/flickr30k_images/2949337912.jpg,The surfer is in the ocean,0,1.0
/home/z/zhangyon/.cache/kagglehub/datasets/hsankesara/flickr-image-dataset/versions/1/flickr30k_images/flickr30k_images/2949337912.jpg,A person is surfing a big hundred foot wave,2,1.0
/home/z/zhangyon/.cache/kagglehub/datasets/hsankesara/flickr-image-dataset/versions/1/flickr30k_images/flickr30k_images/2949337912.jpg,The man loves the ocean,1,1.0
/home/z/zhangyon/.cache/kagglehub/datasets/hsankesara/flickr-image-dataset/versions/1/flickr30k_images/flickr30k_images/4563177695.jpg,The two people are sitting down,0,1.0
/home/z/zhangyon/.cache/kagglehub/datasets/hsankesara/flickr-image-dataset/versions/1/flickr30k_images/flickr30k_images/4563177695.jpg,The workers are janitors,2,1.0
/home/z/zhangyon/.cache/kagglehub/datasets/hsankesara/flickr-image-dataset/versions/1/flickr30k_images/flickr30k_images/4563177695.jpg,Two workers take a break together,1,1.0
/home/z/zhangyon/.cache/kagglehub/datasets/hsankesara/flickr-image-dataset/versions/1/flickr30k_images/flickr30k_images/2281054343.jpg,A man is wearing a hat,0,1.0
/home/z/zhangyon/.cache/kagglehub/datasets/hsankesara/flickr-image-dataset/versions/1/flickr30k_images/flickr30k_images/2281054343.jpg,A person sunbathes near buildings with signs,2,1.0
/home/z/zhangyon/.cache/kagglehub/datasets/hsankesara/flickr-image-dataset/versions/1/flickr30k_images/flickr30k_images/2281054343.jpg,the man is going to work,1,1.0
/home/z/zhangyon/.cache/kagglehub/datasets/hsankesara/flickr-image-dataset/versions/1/flickr30k_images/flickr30k_images/4567003374.jpg,A man is playing an instrument,0,1.0
/home/z/zhangyon/.cache/kagglehub/datasets/hsankesara/flickr-image-dataset/versions/1/flickr30k_images/flickr30k_images/4567003374.jpg,A tractor spews black smoke,2,1.0
/home/z/zhangyon/.cache/kagglehub/datasets/hsankesara/flickr-image-dataset/versions/1/flickr30k_images/flickr30k_images/4567003374.jpg,They are playing jazz,1,1.0
/home/z/zhangyon/.cache/kagglehub/datasets/hsankesara/flickr-image-dataset/versions/1/flickr30k_images/flickr30k_images/59303979.jpg,The man is outside on the boat,1,1.0
/home/z/zhangyon/.cache/kagglehub/datasets/hsankesara/flickr-image-dataset/versions/1/flickr30k_images/flickr30k_images/59303979.jpg,A old man is talking to himself about the object he is seeing,1,1.0
/home/z/zhangyon/.cache/kagglehub/datasets/hsankesara/flickr-image-dataset/versions/1/flickr30k_images/flickr30k_images/59303979.jpg,The man is steering the boat,1,1.0
/home/z/zhangyon/.cache/kagglehub/datasets/hsankesara/flickr-image-dataset/versions/1/flickr30k_images/flickr30k_images/2113592981.jpg,A woman is outside,0,1.0
/home/z/zhangyon/.cache/kagglehub/datasets/hsankesara/flickr-image-dataset/versions/1/flickr30k_images/flickr30k_images/2113592981.jpg,A young naked Asian woman is jumping into the air in a crowded city,2,1.0
/home/z/zhangyon/.cache/kagglehub/datasets/hsankesara/flickr-image-dataset/versions/1/flickr30k_images/flickr30k_images/2113592981.jpg,An Asian woman is happy,0,1.0
/home/z/zhangyon/.cache/kagglehub/datasets/hsankesara/flickr-image-dataset/versions/1/flickr30k_images/flickr30k_images/3186527735.jpg,There is a man and a woman,0,1.0
/home/z/zhangyon/.cache/kagglehub/datasets/hsankesara/flickr-image-dataset/versions/1/flickr30k_images/flickr30k_images/3186527735.jpg,The woman is alone,2,1.0
/home/z/zhangyon/.cache/kagglehub/datasets/hsankesara/flickr-image-dataset/versions/1/flickr30k_images/flickr30k_images/3186527735.jpg,The woman is walking with her daughter,1,1.0
/home/z/zhangyon/.cache/kagglehub/datasets/hsankesara/flickr-image-dataset/versions/1/flickr30k_images/flickr30k_images/1872000955.jpg,People are standing near rocks,0,1.0
/home/z/zhangyon/.cache/kagglehub/datasets/hsankesara/flickr-image-dataset/versions/1/flickr30k_images/flickr30k_images/1872000955.jpg,The workers are working on water,2,1.0
/home/z/zhangyon/.cache/kagglehub/datasets/hsankesara/flickr-image-dataset/versions/1/flickr30k_images/flickr30k_images/1872000955.jpg,Men digging a grave,1,1.0
/home/z/zhangyon/.cache/kagglehub/datasets/hsankesara/flickr-image-dataset/versions/1/flickr30k_images/flickr30k_images/3477315700.jpg,A girl is bungee jumping,0,1.0
/home/z/zhangyon/.cache/kagglehub/datasets/hsankesara/flickr-image-dataset/versions/1/flickr30k_images/flickr30k_images/3477315700.jpg,A man is skydiving,2,1.0
/home/z/zhangyon/.cache/kagglehub/datasets/hsankesara/flickr-image-dataset/versions/1/flickr30k_images/flickr30k_images/3477315700.jpg,The jacket is warm,1,1.0
/home/z/zhangyon/.cache/kagglehub/datasets/hsankesara/flickr-image-dataset/versions/1/flickr30k_images/flickr30k_images/3043510721.jpg,The man is not wearing masculine clothes,2,1.0
/home/z/zhangyon/.cache/kagglehub/datasets/hsankesara/flickr-image-dataset/versions/1/flickr30k_images/flickr30k_images/3043510721.jpg,An old man plays music on the street,2,1.0
/home/z/zhangyon/.cache/kagglehub/datasets/hsankesara/flickr-image-dataset/versions/1/flickr30k_images/flickr30k_images/3043510721.jpg,He is playing the flute solo from Colour My World,1,1.0
/home/z/zhangyon/.cache/kagglehub/datasets/hsankesara/flickr-image-dataset/versions/1/flickr30k_images/flickr30k_images/2608623292.jpg,The mans buttocks are on the bench,0,1.0
/home/z/zhangyon/.cache/kagglehub/datasets/hsankesara/flickr-image-dataset/versions/1/flickr30k_images/flickr30k_images/2608623292.jpg,A man is walking to the store,2,1.0
/home/z/zhangyon/.cache/kagglehub/datasets/hsankesara/flickr-image-dataset/versions/1/flickr30k_images/flickr30k_images/2608623292.jpg,An elderly man is sitting in a park,1,1.0
/home/z/zhangyon/.cache/kagglehub/datasets/hsankesara/flickr-image-dataset/versions/1/flickr30k_images/flickr30k_images/3515451715.jpg,There are children at a park,0,1.0
/home/z/zhangyon/.cache/kagglehub/datasets/hsankesara/flickr-image-dataset/versions/1/flickr30k_images/flickr30k_images/3515451715.jpg,The mom and kids are in the kitchen,2,1.0
/home/z/zhangyon/.cache/kagglehub/datasets/hsankesara/flickr-image-dataset/versions/1/flickr30k_images/flickr30k_images/3515451715.jpg,a woman playing with her children,1,1.0
/home/z/zhangyon/.cache/kagglehub/datasets/hsankesara/flickr-image-dataset/versions/1/flickr30k_images/flickr30k_images/2230363312.jpg,An older fellow walks alone on a sidewalk,0,1.0
/home/z/zhangyon/.cache/kagglehub/datasets/hsankesara/flickr-image-dataset/versions/1/flickr30k_images/flickr30k_images/2230363312.jpg,A man wearing a red coat is running a race,2,1.0
/home/z/zhangyon/.cache/kagglehub/datasets/hsankesara/flickr-image-dataset/versions/1/flickr30k_images/flickr30k_images/2230363312.jpg,A man wearing a brown jacket has a hole in his jeans pocket,1,1.0
/home/z/zhangyon/.cache/kagglehub/datasets/hsankesara/flickr-image-dataset/versions/1/flickr30k_images/flickr30k_images/439171995.jpg,The man composes something,0,1.0
/home/z/zhangyon/.cache/kagglehub/datasets/hsankesara/flickr-image-dataset/versions/1/flickr30k_images/flickr30k_images/439171995.jpg,A woman in a blue shirt is typing on a laptop computer,2,1.0
/home/z/zhangyon/.cache/kagglehub/datasets/hsankesara/flickr-image-dataset/versions/1/flickr30k_images/flickr30k_images/439171995.jpg,A man plays video games online with his friends,1,1.0
/home/z/zhangyon/.cache/kagglehub/datasets/hsankesara/flickr-image-dataset/versions/1/flickr30k_images/flickr30k_images/118939364.jpg,The woman knows how to use a sewing machine,0,1.0
/home/z/zhangyon/.cache/kagglehub/datasets/hsankesara/flickr-image-dataset/versions/1/flickr30k_images/flickr30k_images/118939364.jpg,The woman doesnt have a sewing machine,2,1.0
/home/z/zhangyon/.cache/kagglehub/datasets/hsankesara/flickr-image-dataset/versions/1/flickr30k_images/flickr30k_images/118939364.jpg,The woman is sewing a dress,1,1.0
/home/z/zhangyon/.cache/kagglehub/datasets/hsankesara/flickr-image-dataset/versions/1/flickr30k_images/flickr30k_images/4704083135.jpg,A woman in a bluish white dress is dancing,0,1.0
/home/z/zhangyon/.cache/kagglehub/datasets/hsankesara/flickr-image-dataset/versions/1/flickr30k_images/flickr30k_images/4704083135.jpg,A woman crosses her legs,1,1.0
/home/z/zhangyon/.cache/kagglehub/datasets/hsankesara/flickr-image-dataset/versions/1/flickr30k_images/flickr30k_images/4704083135.jpg,A woman is dancing with a man,1,1.0
/home/z/zhangyon/.cache/kagglehub/datasets/hsankesara/flickr-image-dataset/versions/1/flickr30k_images/flickr30k_images/160566014.jpg,A woman and a man is sitting on the hood of the car with their backs turned to us,0,1.0
/home/z/zhangyon/.cache/kagglehub/datasets/hsankesara/flickr-image-dataset/versions/1/flickr30k_images/flickr30k_images/160566014.jpg,The man and woman look nervously at the stormy sky as their hot-air balloon careens out of control,2,1.0
/home/z/zhangyon/.cache/kagglehub/datasets/hsankesara/flickr-image-dataset/versions/1/flickr30k_images/flickr30k_images/160566014.jpg,Someone secretly photographs two people on a car,1,1.0
/home/z/zhangyon/.cache/kagglehub/datasets/hsankesara/flickr-image-dataset/versions/1/flickr30k_images/flickr30k_images/214166720.jpg,A man is sitting,0,1.0
/home/z/zhangyon/.cache/kagglehub/datasets/hsankesara/flickr-image-dataset/versions/1/flickr30k_images/flickr30k_images/214166720.jpg,A man is showing his bike to his friends,2,1.0
/home/z/zhangyon/.cache/kagglehub/datasets/hsankesara/flickr-image-dataset/versions/1/flickr30k_images/flickr30k_images/214166720.jpg,A man is giving a stuffed animal to a child,1,1.0
/home/z/zhangyon/.cache/kagglehub/datasets/hsankesara/flickr-image-dataset/versions/1/flickr30k_images/flickr30k_images/2806632713.jpg,The person is wearing clothes,0,1.0
/home/z/zhangyon/.cache/kagglehub/datasets/hsankesara/flickr-image-dataset/versions/1/flickr30k_images/flickr30k_images/2806632713.jpg,There is an entertainer that is trying something new at night,2,1.0
/home/z/zhangyon/.cache/kagglehub/datasets/hsankesara/flickr-image-dataset/versions/1/flickr30k_images/flickr30k_images/2806632713.jpg,A person is thrown gleefully screaming into the air by a bungee-jumping ride,1,1.0
/home/z/zhangyon/.cache/kagglehub/datasets/hsankesara/flickr-image-dataset/versions/1/flickr30k_images/flickr30k_images/5691210724.jpg,Two women are performing together,0,1.0
/home/z/zhangyon/.cache/kagglehub/datasets/hsankesara/flickr-image-dataset/versions/1/flickr30k_images/flickr30k_images/5691210724.jpg,Some girls are dancing in ballet class,2,1.0
/home/z/zhangyon/.cache/kagglehub/datasets/hsankesara/flickr-image-dataset/versions/1/flickr30k_images/flickr30k_images/5691210724.jpg,Two jazzwomen improvise together,1,1.0
/home/z/zhangyon/.cache/kagglehub/datasets/hsankesara/flickr-image-dataset/versions/1/flickr30k_images/flickr30k_images/3399284917.jpg,Someone is swinging,0,1.0
/home/z/zhangyon/.cache/kagglehub/datasets/hsankesara/flickr-image-dataset/versions/1/flickr30k_images/flickr30k_images/3399284917.jpg,The woman is driving a car,2,1.0
/home/z/zhangyon/.cache/kagglehub/datasets/hsankesara/flickr-image-dataset/versions/1/flickr30k_images/flickr30k_images/3399284917.jpg,A mother is pushing her child on a swing,1,1.0
/home/z/zhangyon/.cache/kagglehub/datasets/hsankesara/flickr-image-dataset/versions/1/flickr30k_images/flickr30k_images/2123995873.jpg,A construction worker is not currently working,0,1.0
/home/z/zhangyon/.cache/kagglehub/datasets/hsankesara/flickr-image-dataset/versions/1/flickr30k_images/flickr30k_images/2123995873.jpg,A woman is driving by a stop sign,2,1.0
/home/z/zhangyon/.cache/kagglehub/datasets/hsankesara/flickr-image-dataset/versions/1/flickr30k_images/flickr30k_images/2123995873.jpg,A construction worker leans up against a pole to take a smoke break,1,1.0
