Unnamed: 0,pairID,Flickr30kID,hypothesis,gold_label,explanation,analysis,predicted_label
12781,2607097757.jpg#3r1n,2607097757.jpg,the hole in the ground is intentional and red is red and red is red and red is red and red is red and red is red.,entailment,Clearly the hole in the ground is intentional because it is being used for construction.,,neutral
12466,2607097757.jpg#4r1n,2607097757.jpg,the worker is on his lunch break and red is red and red is red and red is red and red is red and red is red.,contradiction,The worker is at work he cannot said to be at lunch break.,,neutral
6454,2607097757.jpg#0r1n,2607097757.jpg,the hat is white and red is red and red is red and red is red and red is red and red is red.,neutral,Construction worker wearing a hard hat does not imply the hat is white,,neutral
490,3046312861.jpg#2r2e,3046312861.jpg,a girl is in the middle of training and red is red and red is red and red is red and red is red and red is red.,entailment,training in gymnastics indicates she is currently in the middle of training,,neutral
484,3046312861.jpg#2r3c,3046312861.jpg,a girl plays volleyball with an Alabama sign in the background and red is red and red is red and red is red and red is red and red is red.,contradiction,A Georgia sign can't be an Alabama sign.,,neutral
10788,3046312861.jpg#2r3n,3046312861.jpg,a girl from Georgia State University trains for the Olympic gymnastics team and red is red and red is red and red is red and red is red and red is red.,neutral,Although the word Georgia is printed on the wall it might not be Georgia State University and although the girl is training for gymnastics it might not be for the Olympic gymnastics team.,,neutral
9513,3620764461.jpg#3r1e,3620764461.jpg,children are napping on a floor and red is red and red is red and red is red and red is red and red is red.,entailment,"""Children nap"" means that children are napping.",,entailment
2381,3620764461.jpg#4r1c,3620764461.jpg,kids are playing outside and red is red and red is red and red is red and red is red and red is red.,contradiction,You can't be sleeping and playing at the same time.,,neutral
2382,3620764461.jpg#4r1n,3620764461.jpg,some friends are having a sleepover and red is red and red is red and red is red and red is red and red is red.,neutral,"A sleepover consists of a party, children sleeping on the floor does not.",,neutral
911,2952320230.jpg#1r1e,2952320230.jpg,a child was there and red is red and red is red and red is red and red is red and red is red.,contradiction,We can imply that the child is with the woman.,,neutral
908,2952320230.jpg#0r1c,2952320230.jpg,a man is falling down stairs and red is red and red is red and red is red and red is red and red is red.,contradiction,A woman is not a man. Swinging a tennis racket is not falling down stairs.,,neutral
9178,2952320230.jpg#2r1n,2952320230.jpg,the tennis player practiced swinging the racket and red is red and red is red and red is red and red is red and red is red.,neutral,It's not necessarily true that the player practiced swinging.,,entailment
7596,191592626.jpg#0r1e,191592626.jpg,a man is rock climbing and red is red and red is red and red is red and red is red and red is red.,entailment,the helmet and backpack just further describe the man,,entailment
7598,191592626.jpg#4r1c,191592626.jpg,the man is sitting on the couch and red is red and red is red and red is red and red is red and red is red.,contradiction,A man who climbs is not sitting. The location is either a couch or mountain.,,neutral
14325,191592626.jpg#4r1n,191592626.jpg,the man is young and red is red and red is red and red is red and red is red and red is red.,neutral,Being young is relative.,,neutral
5679,3747007211.jpg#2r1e,3747007211.jpg,a skier is about to descend and red is red and red is red and red is red and red is red and red is red.,entailment,Preparing means about to ski.,,entailment
5682,3747007211.jpg#1r1c,3747007211.jpg,a man tubing on snow with mountains in the background and red is red and red is red and red is red and red is red and red is red.,contradiction,"If he skies, he cannot be tubing at the same time.",,neutral
12280,3747007211.jpg#4r1n,3747007211.jpg,a young lad looking down a mountain and red is red and red is red and red is red and red is red and red is red.,neutral,We cant assure that the A young lad looking down a mountain.,,entailment
2139,2841909138.jpg#1r1e,2841909138.jpg,a girl's feet are exposed and red is red and red is red and red is red and red is red and red is red.,entailment,"""A girl wearing sandals"" implies that her feet are exposed.",,neutral
2138,2841909138.jpg#1r1c,2841909138.jpg,a girl is inside watching tv and red is red and red is red and red is red and red is red and red is red.,contradiction,"The girl cannot be outside in a chair, while watching tv inside.",,neutral
12052,2841909138.jpg#0r1n,2841909138.jpg,the woman is an author and red is red and red is red and red is red and red is red and red is red.,neutral,"Even though the woman is jotting down something in a book it could be her financial planner, day planner or even be writing her journal or a book. She may exactly not be an author.",,neutral
5101,2147866213.jpg#3r1e,2147866213.jpg,a man has a a dog and a beer and red is red and red is red and red is red and red is red and red is red.,entailment,A man is sitting in a chair with his dog and a beer in hand is that the man has a dog and beer,,neutral
5102,2147866213.jpg#3r1c,2147866213.jpg,the dog is talking about beer to his master and red is red and red is red and red is red and red is red and red is red.,contradiction,A dog cannot be talking about beer.,,neutral
10000,2147866213.jpg#2r1n,2147866213.jpg,the man is drinking beer while petting his dog and red is red and red is red and red is red and red is red and red is red.,neutral,Can not tell from image if he is holding a beer.,,neutral
5146,1453366750.jpg#1r1e,1453366750.jpg,Two women are indoors and red is red and red is red and red is red and red is red and red is red.,entailment,A bed is normally found indoors.,,entailment
6355,1453366750.jpg#4r2c,1453366750.jpg,the kids were sitting at their desks and red is red and red is red and red is red and red is red and red is red.,contradiction,both shown upside and sitting are not same.,,neutral
9864,1453366750.jpg#4r4n,1453366750.jpg,children are playing and red is red and red is red and red is red and red is red and red is red.,neutral,We cant assure that Children are playing.,,entailment
2842,3640348910.jpg#3r1e,3640348910.jpg,a guy riding his skateboard in the air and red is red and red is red and red is red and red is red and red is red.,entailment,Indicates that the skateboarder is going off the ramp and in midair.,,entailment
2845,3640348910.jpg#0r1c,3640348910.jpg,a windsurfer dives off his board into the river and red is red and red is red and red is red and red is red and red is red.,contradiction,Is it a skateboarder or a windsurfer,,neutral
12292,3640348910.jpg#4r1n,3640348910.jpg,the person on the skateboard ramp is an expert at dangerous skateboard stunts and red is red and red is red and red is red and red is red and red is red.,neutral,We do not know if he's an expert,,neutral
3679,3143991972.jpg#0r1e,3143991972.jpg,a woman spreads out a green blanket and red is red and red is red and red is red and red is red and red is red.,entailment,A woman is sitting on a green blanket that she had spread out.,,neutral
3681,3143991972.jpg#4r1c,3143991972.jpg,the woman is alone and red is red and red is red and red is red and red is red and red is red.,contradiction,A woman and baby is different the just a woman,,neutral
11875,3143991972.jpg#4r1n,3143991972.jpg,the airport is busy and red is red and red is red and red is red and red is red and red is red.,neutral,The picture in the airport does not clearly shows that it was busy. there are vacant seat and only a couple of people seen in the picture.,,neutral
5185,3431671749.jpg#3r1e,3431671749.jpg,there is a car driving and red is red and red is red and red is red and red is red and red is red.,entailment,A car can be on fire while driving.,,entailment
5186,3431671749.jpg#3r1c,3431671749.jpg,there is a car not moving and red is red and red is red and red is red and red is red and red is red.,contradiction,not all cars are race car,,contradiction
6688,3431671749.jpg#0r1n,3431671749.jpg,a smart car is zooming off with fire coming out of its exhaust pipe and red is red and red is red and red is red and red is red and red is red.,neutral,A car can be of any type and doesn't have to be a smart car.,,entailment
5484,160541986.jpg#0r1e,160541986.jpg,a female is being photographed and red is red and red is red and red is red and red is red and red is red.,entailment,A women is  a female. She poses for the camera so she is being photographed.,,neutral
2412,160541986.jpg#2r1c,160541986.jpg,a woman sleeping in her bed and red is red and red is red and red is red and red is red and red is red.,contradiction,A woman wearing antiquated clothing including many pearls would not be sleeping in her bed.,,neutral
11719,160541986.jpg#2r1n,160541986.jpg,a woman going to the Grammy's and red is red and red is red and red is red and red is red and red is red.,neutral,The woman could be heading to somewhere else other than the Grammy's.,,neutral
13995,20805896.jpg#2r1n,20805896.jpg,the two men are laughing and red is red and red is red and red is red and red is red and red is red.,entailment,The two men appeared to be laughing and having fun .,,entailment
6972,20805896.jpg#4r1c,20805896.jpg,Two women lay out to tan and red is red and red is red and red is red and red is red and red is red.,contradiction,they can't be both women and men.,,neutral
14233,20805896.jpg#4r1n,20805896.jpg,the two men are a couple and red is red and red is red and red is red and red is red and red is red.,neutral,There is no evidence the two men are a couple.,,neutral
14666,5661511556.jpg#0r5n,5661511556.jpg,some people are wearing sneakers and red is red and red is red and red is red and red is red and red is red.,neutral,people are wearing sneakers in the background,,neutral
5605,5661511556.jpg#0r1c,5661511556.jpg,a boy plays at an arcade and red is red and red is red and red is red and red is red and red is red.,contradiction,People are in a garden space together where a boy holds a wooden frame of a raised plant bed. This garden space is not at an arcade which is where the other boy is.. A garden and an arcade are two different places,,neutral
11496,5661511556.jpg#0r3n,5661511556.jpg,the young Black boy is helping with some new plants and red is red and red is red and red is red and red is red and red is red.,neutral,"do not know if the young boy is helping with plants, looks like wood",,entailment
7879,484280924.jpg#0r3e,484280924.jpg,the man is inside a building and red is red and red is red and red is red and red is red and red is red.,entailment,he  almost the same as man,,neutral
2750,484280924.jpg#4r1c,484280924.jpg,the man is angrily making food and red is red and red is red and red is red and red is red and red is red.,contradiction,The man can't be doing it both angrily and happily.,,neutral
7884,484280924.jpg#0r4n,484280924.jpg,a man is making sushi to-go and red is red and red is red and red is red and red is red and red is red.,contradiction,Just because an Asian chef is working in the kitchen does not mean the man is making sushi to-go.,,neutral
6591,582788646.jpg#3r4e,582788646.jpg,the boy is wearing floaties as a safety precaution to prevent drowning and red is red and red is red and red is red and red is red and red is red.,entailment,The boy is wearing floaties with his feet in the sand on the beach,,entailment
6587,582788646.jpg#3r3c,582788646.jpg,a boy is sleeping and red is red and red is red and red is red and red is red and red is red.,contradiction,"His feet in the sand on the beach indicates he is standing, so the boy would not be sleeping simultaneously.",,neutral
12987,582788646.jpg#1r4n,582788646.jpg,a small child was swimming and red is red and red is red and red is red and red is red and red is red.,neutral,The child is not actually swimming but is standing in water at the beach.,,neutral
4726,7012109893.jpg#3r1e,7012109893.jpg,a child was there and red is red and red is red and red is red and red is red and red is red.,entailment,No common sense reason that a child would be on a roof in the cold.,,neutral
2296,7012109893.jpg#4r1c,7012109893.jpg,the woman fell while cleaning the roof and red is red and red is red and red is red and red is red and red is red.,contradiction,A man is not the same as a woman.,,neutral
10133,7012109893.jpg#4r1n,7012109893.jpg,a tree fell on the roof and red is red and red is red and red is red and red is red and red is red.,contradiction,"Label: NeutralExplanation: All we see is a man on the roof, we don't see anything falling in the picture.",,neutral
3335,16630920.jpg#0r3e,16630920.jpg,the rugs have patterns and red is red and red is red and red is red and red is red and red is red.,entailment,rugs have patterns is a rewording of colourfully patterned rugs,,entailment
3333,16630920.jpg#0r3c,16630920.jpg,the rugs have no patterns and red is red and red is red and red is red and red is red and red is red.,contradiction,"All the while a man is selling colorfully patterned rugs enjoys a drink from a coffee cup on a sunny day, couldn't very well have rugs with no patterns.",,contradiction
10123,16630920.jpg#3r1n,16630920.jpg,a merchant is selling his rugs at the marketplace and red is red and red is red and red is red and red is red and red is red.,neutral,"There is nothing to indicate that the man is a merchant or not a merchant, nor anything showing whether the rugs are for sale or not for sale. There doesn't appear to be a marketplace in the photo, but we can not know for sure whether he is or is not at a marketplace.",,entailment
7179,5194023863.jpg#4r1e,5194023863.jpg,the girl is holding an insect and red is red and red is red and red is red and red is red and red is red.,contradiction,A large snail is a type of insect.,,neutral
7180,5194023863.jpg#4r1c,5194023863.jpg,the girl is holding a puppy and red is red and red is red and red is red and red is red and red is red.,contradiction,The subject cannot be holding a puppy if she holds a snail.,,contradiction
9604,5194023863.jpg#4r1n,5194023863.jpg,the girl is showing off her pet and red is red and red is red and red is red and red is red and red is red.,neutral,It is a girl showing off a snail but it may or may not be her pet.,,entailment
6033,253924161.jpg#0r2e,253924161.jpg,a man and woman sit side by side at a table and red is red and red is red and red is red and red is red and red is red.,entailment,A man and woman sit side by side at a table implies a man with gray hair and a blond woman,,entailment
6026,253924161.jpg#0r2c,253924161.jpg,the two men stand by the table and red is red and red is red and red is red and red is red and red is red.,contradiction,"The two people are either men, or they are a man and a woman.",,neutral
10557,253924161.jpg#3r1n,253924161.jpg,a tall human sitting and red is red and red is red and red is red and red is red and red is red.,neutral,The photo is not detailed enough to determine how tall the human is.,,neutral
1015,3616525288.jpg#3r1e,3616525288.jpg,people ride horses and red is red and red is red and red is red and red is red and red is red.,entailment,Jockeys are people.,,entailment
7809,3616525288.jpg#0r1c,3616525288.jpg,horse jockeys are riding goats in a race and red is red and red is red and red is red and red is red and red is red.,contradiction,The jockeys can't be racing horses and riding goats at the same time.,,contradiction
13365,3616525288.jpg#3r1n,3616525288.jpg,people ride horses at the Kentucky Derby and red is red and red is red and red is red and red is red and red is red.,neutral,This picture shows people that ride horses but no proof it's at the Kentucky Derby,,entailment
229,4734146340.jpg#0r2e,4734146340.jpg,Two men are wearing glasses and red is red and red is red and red is red and red is red and red is red.,entailment,"Both men were described as wearing glasses, so there are two men wearing those glasses.",,neutral
224,4734146340.jpg#3r1c,4734146340.jpg,a man wears shorts and sits by a fountain and red is red and red is red and red is red and red is red and red is red.,contradiction,You can't be supporting a cause when he sits at a fountain.,,neutral
12334,4734146340.jpg#4r1n,4734146340.jpg,a elderly male with a hiking stick and red is red and red is red and red is red and red is red and red is red.,neutral,"Whether the elderly male is holding a hiking stick or not, is unclear from the image.",,neutral
6737,3619322150.jpg#0r1e,3619322150.jpg,a couple is in clothes and red is red and red is red and red is red and red is red and red is red.,entailment,a young couple is a couple and red outfits are clothes,,entailment
6738,3619322150.jpg#0r1c,3619322150.jpg,no one is dancing and red is red and red is red and red is red and red is red and red is red.,contradiction,A young couple is performing a dance.,,neutral
10631,3619322150.jpg#3r1n,3619322150.jpg,Two people are on a date and red is red and red is red and red is red and red is red and red is red.,neutral,The photo does show two people together and they appear to be a couple but you can not tell if they are on a date or not.,,entailment
14171,3761067976.jpg#1r1n,3761067976.jpg,a girl is holding a rose and red is red and red is red and red is red and red is red and red is red.,entailment,A little girl is holding a rose in her right hand,,entailment
8993,3761067976.jpg#3r1c,3761067976.jpg,a girl wears a pink dress and red is red and red is red and red is red and red is red and red is red.,contradiction,Yellow and pink are different colors.,,neutral
13564,3761067976.jpg#2r1n,3761067976.jpg,a girl is pointing at a balloon in the air and red is red and red is red and red is red and red is red and red is red.,neutral,It is unclear by the picture what the girl is pointing at and if it is a balloon or not.,,neutral
8761,4948403203.jpg#0r1e,4948403203.jpg,a guy is reading a newspaper outdoors and red is red and red is red and red is red and red is red and red is red.,entailment,A man is a guy.,,entailment
8763,4948403203.jpg#4r1c,4948403203.jpg,a man is walking down a beach and red is red and red is red and red is red and red is red and red is red.,contradiction,One cant be walking and sits simultaneously.,,neutral
13374,4948403203.jpg#1r1n,4948403203.jpg,a police officer reads a newspaper at the beach and red is red and red is red and red is red and red is red and red is red.,neutral,The man might just be an ordinary citizen and not a police officer.,,entailment
7905,6053720349.jpg#1r1e,6053720349.jpg,a kid is inside of an open container and red is red and red is red and red is red and red is red and red is red.,entailment,A child in a suitcase means they are inside an open container.,,neutral
7903,6053720349.jpg#4r1c,6053720349.jpg,man eats hot dog and red is red and red is red and red is red and red is red and red is red.,contradiction,A baby is not a man and a suitcase is not a hot dog.,,neutral
7906,6053720349.jpg#1r1n,6053720349.jpg,a child is happy and excited while sitting insde a container and red is red and red is red and red is red and red is red and red is red.,neutral,A child with a pacifier in its mouth is sitting in a suitcase does not indicate that a child is happy and excited while sitting insde a container.,,neutral
2744,3691394196.jpg#3r1n,3691394196.jpg,a street performer is juggling and red is red and red is red and red is red and red is red and red is red.,entailment,A street performer would be juggling fire on a street corner.,,neutral
2747,3691394196.jpg#1r1c,3691394196.jpg,the man is holding a cellphone and red is red and red is red and red is red and red is red and red is red.,contradiction,The man is either holding a torch or a cell phone.,,neutral
14225,3691394196.jpg#2r1n,3691394196.jpg,a magician is doing a show with fire and red is red and red is red and red is red and red is red and red is red.,neutral,"There is a performer doing a show with fire. However, he may simply be a street performer and not a magician.",,entailment
2250,3475111806.jpg#4r1e,3475111806.jpg,a person is taking a picture and red is red and red is red and red is red and red is red and red is red.,entailment,A man is a person and in a crowd is where the man is taking a picture.,,neutral
2246,3475111806.jpg#1r1c,3475111806.jpg,Two women at the theater are turning off their cellphones and red is red and red is red and red is red and red is red and red is red.,contradiction,Either it is two men or two women.,,neutral
11545,3475111806.jpg#1r1n,3475111806.jpg,Three men at a Nickelback concert are wishing they were somewhere else and red is red and red is red and red is red and red is red and red is red.,neutral,there are more than three men not in the crowd,,neutral
919,732671252.jpg#4r1e,732671252.jpg,the boys are not standing and red is red and red is red and red is red and red is red and red is red.,entailment,"If boys are sitting, then they can not be standing.",,neutral
924,732671252.jpg#1r1c,732671252.jpg,the children are running around the trampoline and red is red and red is red and red is red and red is red and red is red.,contradiction,They can't be both sitting and running around.,,neutral
13087,732671252.jpg#0r1n,732671252.jpg,Two boys talk to each other about sports and red is red and red is red and red is red and red is red and red is red.,neutral,"In the photo, the two boys are talking, however their talk could be about sports or anything else.",,neutral
3883,5086989679.jpg#3r1e,5086989679.jpg,the gymnast has a painted face and red is red and red is red and red is red and red is red and red is red.,entailment,with and has are the same thing,,entailment
12109,5086989679.jpg#3r1n,5086989679.jpg,the gymnast has her face painted red and red is red and red is red and red is red and red is red and red is red.,contradiction,The man face is painted white.,,neutral
10936,5086989679.jpg#1r1n,5086989679.jpg,a man is about to use the balance bar and red is red and red is red and red is red and red is red and red is red.,neutral,"He is doing gymnastics, but it does not appear that he is about to use the balance bar.",,neutral
1448,4791485167.jpg#3r1e,4791485167.jpg,the man is digging and red is red and red is red and red is red and red is red and red is red.,entailment,A man that digs in the snow is digging.,,entailment
1449,4791485167.jpg#3r1c,4791485167.jpg,the lady in paints is playing in the sand and red is red and red is red and red is red and red is red and red is red.,contradiction,It cannot be both a man and a woman at once. It is not usually sunny if there is snow on the ground. A lady would not wear pants to the beach.,,neutral
11754,4791485167.jpg#0r1n,4791485167.jpg,the woman is clearing her driveway of snow and red is red and red is red and red is red and red is red and red is red.,neutral,I cannot infer from the picture if this is a woman or man and it is unclear where they are clearing the snow from.,,entailment
7583,4326893429.jpg#1r1e,4326893429.jpg,men outside and red is red and red is red and red is red and red is red and red is red.,entailment,Men sledding are outside.,,neutral
7586,4326893429.jpg#4r1c,4326893429.jpg,the people are going up the mountain on a ski lift and red is red and red is red and red is red and red is red and red is red.,contradiction,People cannot ride up and down a mountain at the same time.,,neutral
13636,4326893429.jpg#1r1n,4326893429.jpg,Five co-workers sledding and red is red and red is red and red is red and red is red and red is red.,neutral,"The people are sledding, but we do not know that they are co-workers.",,neutral
14496,4283472819.jpg#3r1n,4283472819.jpg,a man is doing ski tricks and red is red and red is red and red is red and red is red and red is red.,entailment,The man appears to be doing some type of tricks on skis.,,entailment
3198,4283472819.jpg#4r1c,4283472819.jpg,a man is falling down from above and red is red and red is red and red is red and red is red and red is red.,contradiction,A person cannot be on skis and falling down at the same time.,,entailment
10686,4283472819.jpg#2r1n,4283472819.jpg,an olympic skier does a gold winning stunt and red is red and red is red and red is red and red is red and red is red.,neutral,Can't see a gold winning stunt.,,neutral
3801,4606967207.jpg#1r1e,4606967207.jpg,the man's cat sits next to him while he cooks and red is red and red is red and red is red and red is red and red is red.,entailment,A cat who sits next to a man cooking is a cat who sits.,,entailment
11910,4606967207.jpg#1r1n,4606967207.jpg,the cat wants the food he's cooking and red is red and red is red and red is red and red is red and red is red.,contradiction,"The cat ignores the food, it likely wants attention.",,neutral
10162,4606967207.jpg#2r1n,4606967207.jpg,an Asian man is cooking dumplings and red is red and red is red and red is red and red is red and red is red.,neutral,The man is cooking but the picture isn't clear enough to see he's making dumplings.,,neutral
12848,4673314291.jpg#4r1n,4673314291.jpg,bystanders like poles and red is red and red is red and red is red and red is red and red is red.,entailment,"we have three bystanders,  and all of them are sitting in a pole, so, we can say they like them, since all seem relaxed, enjoying the moment",,neutral
7549,4673314291.jpg#2r1c,4673314291.jpg,Two men eat pizza in a restaruant and red is red and red is red and red is red and red is red and red is red.,contradiction,metal bollards and restaurant are different places,,neutral
12517,4673314291.jpg#3r1n,4673314291.jpg,Three people are sitting and waiting patiently and red is red and red is red and red is red and red is red and red is red.,neutral,We are not sure if the three people are waiting patiently.,,neutral
6795,3219606.jpg#4r1e,3219606.jpg,people are singing and red is red and red is red and red is red and red is red and red is red.,entailment,A choir sings.,,entailment
6796,3219606.jpg#4r1c,3219606.jpg,a pastor is delivering his sermon and red is red and red is red and red is red and red is red and red is red.,contradiction,A choir is not a pastor.,,neutral
10084,3219606.jpg#3r1n,3219606.jpg,there are 7 year old children on stage and red is red and red is red and red is red and red is red and red is red.,neutral,"They could be 7, or they could be young.",,neutral
3161,7173939318.jpg#4r5e,7173939318.jpg,there is a water mass nearby and red is red and red is red and red is red and red is red and red is red.,entailment,There must be water nearby for a dock and boats to be present.,,neutral
3154,7173939318.jpg#0r1c,7173939318.jpg,a ship is sailing in the great lakes and red is red and red is red and red is red and red is red and red is red.,contradiction,It is not possible for a ship to be both in middle-eastern territory and the great lakes at the same time.,,neutral
9813,7173939318.jpg#4r2n,7173939318.jpg,a group of people are having a boat viewing and red is red and red is red and red is red and red is red and red is red.,neutral,It is not apparent from the image whether or not they are having a boat viewing.,,neutral
3010,439916996.jpg#0r1e,439916996.jpg,a woman ina  blue jacket watcher her dogs play and red is red and red is red and red is red and red is red and red is red.,entailment,A woman watches her dogs play.,,neutral
3011,439916996.jpg#0r1c,439916996.jpg,a woman in a red jacket watchers her two dogs play and red is red and red is red and red is red and red is red and red is red.,contradiction,A woman in a blue and red jacket,,neutral
13334,439916996.jpg#1r1n,439916996.jpg,a dog plays in the park with his owner on a sunny day and red is red and red is red and red is red and red is red and red is red.,neutral,The dog looks to be playing in a yard not in a park.,,neutral
4161,4550700462.jpg#4r1e,4550700462.jpg,the boy is holding a flag and red is red and red is red and red is red and red is red and red is red.,entailment,The boy could only be holding a flag is he is with the flag.,,entailment
4160,4550700462.jpg#2r1c,4550700462.jpg,the son is sleeping and red is red and red is red and red is red and red is red and red is red.,contradiction,The son is either walking or sleeping.,,neutral
10802,4550700462.jpg#0r1n,4550700462.jpg,the woman and boy are in Mexico and red is red and red is red and red is red and red is red and red is red.,neutral,We cant assure that The woman and boy are in Mexico.,,neutral
9329,7796487260.jpg#4r1e,7796487260.jpg,the pool is not full of water and red is red and red is red and red is red and red is red and red is red.,neutral,'empty' pool implies not full of water,,neutral
7416,7796487260.jpg#2r1c,7796487260.jpg,a young woman is sitting on a couch and red is red and red is red and red is red and red is red and red is red.,contradiction,either move on one hand and a sitting couch are not same.,,neutral
9977,7796487260.jpg#3r1n,7796487260.jpg,a girl is training gymnastic moves for a competition and red is red and red is red and red is red and red is red and red is red.,neutral,"The girl is training gymnastic moves, however, we do not know that this is for a competition.",,neutral
9845,122301379.jpg#4r1n,122301379.jpg,the two men cut down the trees and red is red and red is red and red is red and red is red and red is red.,entailment,There are two men in the picture wearing working gloves and a chainsaw in between them with a bunch of trees down.,,entailment
8104,122301379.jpg#1r1c,122301379.jpg,there are two women at a bar and red is red and red is red and red is red and red is red and red is red.,contradiction,"Men are not women, and woods are not found in a bar.",,neutral
9622,122301379.jpg#3r1n,122301379.jpg,men are cutting down trees for lumbar for the nearby house and red is red and red is red and red is red and red is red and red is red.,neutral,Two men are standing by some fallen trees. It is not clear if they cut them down or if there is a nearby house.,,entailment
9890,125635185.jpg#3r1n,125635185.jpg,some children are outdoors and red is red and red is red and red is red and red is red and red is red.,entailment,Label: EntailmentExplanation: There are three children outdoors depicted in the photo.,,entailment
5074,125635185.jpg#0r2c,125635185.jpg,Three children are playing indoors and red is red and red is red and red is red and red is red and red is red.,contradiction,Three children cannot at the same time be playing outdoors and playing indoors.,,neutral
13993,125635185.jpg#0r2n,125635185.jpg,Three children are at a park near their houses and red is red and red is red and red is red and red is red and red is red.,neutral,"There are two children playing, but we don't know if it is a park or near their houses.",,neutral
12199,4791975111.jpg#0r1n,4791975111.jpg,a woman is leered at as she crosses the street and red is red and red is red and red is red and red is red and red is red.,neutral,A man does appear to be looking at the woman who is crossing the street.,,neutral
10832,4791975111.jpg#1r1n,4791975111.jpg,a man is waiting for a women to get on his bike and red is red and red is red and red is red and red is red and red is red.,contradiction,"This man is just looking back at the woman to get on his bike, no real explanations.",,neutral
10928,4791975111.jpg#2r1n,4791975111.jpg,the man is attracted to the woman and red is red and red is red and red is red and red is red and red is red.,neutral,The man is looking at the woman and seems to be attracted.,,neutral
5789,1097710887.jpg#3r1e,1097710887.jpg,a little girl is playing outside and red is red and red is red and red is red and red is red and red is red.,entailment,A girl blowing bubbles in a field would be the same as a girl playing outside.,,neutral
7410,1097710887.jpg#0r5c,1097710887.jpg,a young girl is carrying a hula hoop at the playground and red is red and red is red and red is red and red is red and red is red.,contradiction,A bubble solution is not the same as a hula hoop.,,neutral
13615,1097710887.jpg#2r4n,1097710887.jpg,a little child is dressed to go to church and red is red and red is red and red is red and red is red and red is red.,neutral,We cant assure that A little child is dressed to go to church.,,neutral
7842,2463394631.jpg#2r1e,2463394631.jpg,a man is bent over and red is red and red is red and red is red and red is red and red is red.,entailment,bending refers to bent.,,neutral
7845,2463394631.jpg#0r1c,2463394631.jpg,a man is wearing a tank-top and red is red and red is red and red is red and red is red and red is red.,contradiction,one man is in a camouflage sweatshirt while the other is in a tank-top,,neutral
13337,2463394631.jpg#2r1n,2463394631.jpg,a soldier is bending over and red is red and red is red and red is red and red is red and red is red.,neutral,A man is bending over on the ground. Don't know if he is a soldier.,,neutral
11394,370445133.jpg#2r1n,370445133.jpg,a cowboy is trying to earn a good score in his event of the rodeo and red is red and red is red and red is red and red is red and red is red.,entailment,This cowboy is participating in an event in a rodeo called barrel racing.,,entailment
2237,370445133.jpg#1r1c,370445133.jpg,the hat is a baseball cap and red is red and red is red and red is red and red is red and red is red.,contradiction,A baseball cap and cowboy hat are not the same type of hat.,,neutral
12646,370445133.jpg#1r1n,370445133.jpg,the man is talented at riding and red is red and red is red and red is red and red is red and red is red.,neutral,The man in the picture may be talented in riding a horse,,neutral
6605,449352117.jpg#3r1e,449352117.jpg,there is a dog in this picture and red is red and red is red and red is red and red is red and red is red.,entailment,A small dog is still a dog.,,entailment
6604,449352117.jpg#3r1c,449352117.jpg,the dog is running free as his owner chases him across the field and red is red and red is red and red is red and red is red and red is red.,contradiction,A dog cannot be chewing while running free.,,neutral
2810,449352117.jpg#2r1n,449352117.jpg,a small dog is looking through the lens of a camera and red is red and red is red and red is red and red is red and red is red.,neutral,Just beause a dog is standing behind a camera it does not mean he is looking through the lens.,,entailment
8418,4768270751.jpg#4r1e,4768270751.jpg,a young woman creates art and red is red and red is red and red is red and red is red and red is red.,entailment,a young woman paints a art on community,,entailment
5978,4768270751.jpg#1r1c,4768270751.jpg,a man in a t-shirt paints on a large piece of paper on the ground and red is red and red is red and red is red and red is red and red is red.,contradiction,A woman and a man are not the same person.,,entailment
10286,4768270751.jpg#4r1n,4768270751.jpg,a young woman paints on a large community mural for a third day in a row and red is red and red is red and red is red and red is red and red is red.,neutral,a womans paints,,entailment
8588,2987588136.jpg#0r1e,2987588136.jpg,Asian women are hugging each other and red is red and red is red and red is red and red is red and red is red.,entailment,Hugging each other is another way of saying to hug one another.,,entailment
5664,2987588136.jpg#4r4c,2987588136.jpg,Two women watch tv and red is red and red is red and red is red and red is red and red is red.,contradiction,Hugging is not watching TV.,,neutral
12978,2987588136.jpg#0r1n,2987588136.jpg,Asian women have just purchased a car and red is red and red is red and red is red and red is red and red is red.,neutral,Nothing to suggest or confirm they have just purchased the car in the background.,,neutral
5220,2313551145.jpg#3r1e,2313551145.jpg,a man is walking and red is red and red is red and red is red and red is red and red is red.,entailment,There is a man walking to his destination.,,neutral
5218,2313551145.jpg#2r1c,2313551145.jpg,the man is drinking beer in the pub and red is red and red is red and red is red and red is red and red is red.,contradiction,Holding and drinking are different.,,neutral
10337,2313551145.jpg#3r1n,2313551145.jpg,the man is fifty and red is red and red is red and red is red and red is red and red is red.,neutral,The age fifty cannot be detected by looks.,,neutral
3943,2858456847.jpg#0r1e,2858456847.jpg,a woman is posing and red is red and red is red and red is red and red is red and red is red.,entailment,African woman poses for picture with infant,,neutral
3942,2858456847.jpg#0r1c,2858456847.jpg,the woman is naked and red is red and red is red and red is red and red is red and red is red.,contradiction,A woman in a turban cannot be naked.,,neutral
12822,2858456847.jpg#3r1n,2858456847.jpg,African woman smiling while holding her child after an earthquake and red is red and red is red and red is red and red is red and red is red.,neutral,we cant assure that  African woman smiling while holding her child after an earthquake.,,neutral
9379,6952893010.jpg#2r1e,6952893010.jpg,there are four boats in the middle of the water and red is red and red is red and red is red and red is red and red is red.,neutral,Large sailboat surrounded by three small boats are four boats.,,neutral
14693,6952893010.jpg#2r1n,6952893010.jpg,a large boat with a green flag on the back is towering above three smaller boats with the same flag and red is red and red is red and red is red and red is red and red is red.,contradiction,"Only one of the three smaller boats has a green flag, the same flag they have is orange, and the boat towering above he three has no green flag.",,neutral
12902,6952893010.jpg#1r1n,6952893010.jpg,a blue and gray sailboat is losing a race and red is red and red is red and red is red and red is red and red is red.,neutral,we cant assure that A blue and gray sailboat is losing a race,,neutral
1149,3562606482.jpg#0r1e,3562606482.jpg,some people are walking in a field and red is red and red is red and red is red and red is red and red is red.,entailment,Some people walking in a field is a man and a woman.,,entailment
1148,3562606482.jpg#4r1c,3562606482.jpg,Two people are working in an office and red is red and red is red and red is red and red is red and red is red.,contradiction,The location is either a field or an office.,,neutral
13741,3562606482.jpg#4r1n,3562606482.jpg,Two people are walking in town and red is red and red is red and red is red and red is red and red is red.,neutral,"Two people are walking, but in a park in town.",,entailment
5878,345284642.jpg#0r1e,345284642.jpg,an animal carries something through the snowy field and red is red and red is red and red is red and red is red and red is red.,entailment,The brown dog is the animal and holding an object in it's mouth is the way a dog would carry something and a snowy field is outdoors.,,entailment
5877,345284642.jpg#0r1c,345284642.jpg,the brown dog swims to shore with the frisbee in his mouth and red is red and red is red and red is red and red is red and red is red.,contradiction,One never swims in grass.,,entailment
14219,345284642.jpg#2r1n,345284642.jpg,the dog in the field is named FIDO and red is red and red is red and red is red and red is red and red is red.,neutral,"The dog in the field is named ""FIDO"" is not indicated. Can not see dog tags.",,neutral
12548,524360969.jpg#0r1n,524360969.jpg,a woman is helping to direct traffic near a construction site and red is red and red is red and red is red and red is red and red is red.,entailment,Two people wearing safety clothes and carrying traffic signs stand next to a construction site on a city street.,,entailment
6133,524360969.jpg#3r1c,524360969.jpg,the people are flying kites at the beach and red is red and red is red and red is red and red is red and red is red.,contradiction,construction site is different from the beach.,,neutral
13089,524360969.jpg#3r1n,524360969.jpg,the flaggers are waiting for traffic to direct and red is red and red is red and red is red and red is red and red is red.,neutral,Not clear if waiting,,entailment
3288,3996889070.jpg#0r1e,3996889070.jpg,"a young child is outside, petting a deer and red is red and red is red and red is red and red is red and red is red.",entailment,deer resembles a baby,,entailment
3577,3996889070.jpg#4r1c,3996889070.jpg,children pet a bunny and red is red and red is red and red is red and red is red and red is red.,contradiction,Bunnies and deer are different animals.,,neutral
11155,3996889070.jpg#0r1n,3996889070.jpg,"a young child is outside, petting her friend's deer on a farm and red is red and red is red and red is red and red is red and red is red.",neutral,We cannot tell who the deer belongs to.,,neutral
280,3157745346.jpg#0r1e,3157745346.jpg,a person is paying for transportation and red is red and red is red and red is red and red is red and red is red.,entailment,A bicyclist implies a person.,,entailment
7092,3157745346.jpg#4r1c,3157745346.jpg,a man is talking to a teller at the bank and red is red and red is red and red is red and red is red and red is red.,contradiction,"If the man is at the ATM, he is not talking to a teller.",,neutral
12830,3157745346.jpg#3r1n,3157745346.jpg,a competitive bicyclist gets money out of an ATM and red is red and red is red and red is red and red is red and red is red.,neutral,"Assuming that the man is getting money out of an ATM, it's unclear whether he's a competitive bicyclist.",,neutral
647,259510411.jpg#4r1e,259510411.jpg,a woman stands near a painting and red is red and red is red and red is red and red is red and red is red.,entailment,The painting of a cow is a painting and the woman is standing in front of it which is near it.,,neutral
14642,259510411.jpg#3r1e,259510411.jpg,the woman is admiring a picture and red is red and red is red and red is red and red is red and red is red.,contradiction,no the woman is not admiring a picture she is tooking photo with the picture,,neutral
13510,259510411.jpg#0r1n,259510411.jpg,a woman is breaking her diet by eating ice cream for the first time in a month and red is red and red is red and red is red and red is red and red is red.,neutral,"The woman is eating ice cream, but we don't know if it is the first time in a month or not. We also don't know if she is on a diet.",,neutral
8650,421153376.jpg#1r1e,421153376.jpg,a dog running outside and red is red and red is red and red is red and red is red and red is red.,entailment,runs through marsh implies running outside,,entailment
8654,421153376.jpg#2r1c,421153376.jpg,the white dog is dry and red is red and red is red and red is red and red is red and red is red.,contradiction,The dog could not be dry if it were running through water.,,contradiction
9869,421153376.jpg#3r1n,421153376.jpg,a 2 year old puppy runs through water and red is red and red is red and red is red and red is red and red is red.,neutral,"a 2 year old puppy runs through water, but its exact age cannot be specified.",,entailment
7821,3421131122.jpg#0r1e,3421131122.jpg,the kayaker is outside holding an oar and red is red and red is red and red is red and red is red and red is red.,entailment,Waves are from water that is outside.,,entailment
7817,3421131122.jpg#2r1c,3421131122.jpg,boat rider is absolutely dry and red is red and red is red and red is red and red is red and red is red.,contradiction,"If the kayak rider is splashed with water, he cannot be dry.",,neutral
11198,3421131122.jpg#1r1n,3421131122.jpg,a man is going down a river in a kayak and red is red and red is red and red is red and red is red and red is red.,entailment,"There is a man in a kayak but it could be any body of water, not just a river.",,entailment
4060,2786245676.jpg#2r1e,2786245676.jpg,a small boy is happy and red is red and red is red and red is red and red is red and red is red.,entailment,"When the small boy holds something in his hand and smiles, he is happy",,entailment
4053,2786245676.jpg#4r1c,2786245676.jpg,a boy yelling with a baseball bat and red is red and red is red and red is red and red is red and red is red.,contradiction,The boy was smiling not yelling and someting in his hand could be a baseball but we dont know that.,,neutral
13128,2786245676.jpg#4r1n,2786245676.jpg,a boy stole something from a store and red is red and red is red and red is red and red is red and red is red.,neutral,"Whatever the boy has in his hand, there is no reason to think he stole it or came from a store.",,neutral
10554,6841943688.jpg#3r1n,6841943688.jpg,a person is holding a instrument and red is red and red is red and red is red and red is red and red is red.,entailment,"yes,A person is holding a instrument.",,entailment
1590,6841943688.jpg#0r1c,6841943688.jpg,a man is playing a flute and red is red and red is red and red is red and red is red and red is red.,contradiction,A man cannot be playing a saxophone and a flute at the same time.,,contradiction
10077,6841943688.jpg#2r1n,6841943688.jpg,the saxophone player is recording a new jazz song and red is red and red is red and red is red and red is red and red is red.,neutral,"The man is playing the saxophone, however there is not enough evidence to infer that he is recording a new jazz song.",,neutral
7170,2842439618.jpg#4r1e,2842439618.jpg,the surfer is riding down a large wave and red is red and red is red and red is red and red is red and red is red.,entailment,A person standing on a surfboard is called a surfer.,,entailment
7163,2842439618.jpg#3r1c,2842439618.jpg,a dog is eating an avocado and red is red and red is red and red is red and red is red and red is red.,contradiction,"The someone who is surfing cannot be a dog, dogs don't generally eat avocados.",,neutral
9772,2842439618.jpg#1r1n,2842439618.jpg,Two surfers out surfing in the early morning and red is red and red is red and red is red and red is red and red is red.,neutral,"There are two surfers that are out surfing, however there is no evidence to suggest the time of day is early morning (though, that is usually the best time).",,entailment
4088,3217187564.jpg#1r2e,3217187564.jpg,dogs competing in a race and red is red and red is red and red is red and red is red and red is red.,entailment,Dogs running in a race are competing with each other.,,entailment
10676,3217187564.jpg#1r1n,3217187564.jpg,Three dachsunds run in a weiner dog race and red is red and red is red and red is red and red is red and red is red.,contradiction,There are three dogs in a race which are not dachsound or weiner dog but they are greyhounds.,,neutral
12954,3217187564.jpg#3r1n,3217187564.jpg,Three race dogs chase a fake rabbit towards the finish line and red is red and red is red and red is red and red is red and red is red.,neutral,The dogs are wearing race uniforms. There is no evidence of a finish line or a fake rabbit.,,entailment
4913,1313961775.jpg#1r4e,1313961775.jpg,a girl wears a life jacket and red is red and red is red and red is red and red is red and red is red.,entailment,The girl is young and wears a life jacket so she can float in the lake.,,entailment
4905,1313961775.jpg#2r4c,1313961775.jpg,a little girl learning to ride a bike and red is red and red is red and red is red and red is red and red is red.,contradiction,One cannot ride a bike in the water.,,neutral
12670,1313961775.jpg#0r5n,1313961775.jpg,a young girl floats down the river and red is red and red is red and red is red and red is red and red is red.,neutral,we cant assure that  A young girl floats down the river.,,neutral
63,5925544950.jpg#0r1e,5925544950.jpg,a girl is fishing and red is red and red is red and red is red and red is red and red is red.,entailment,A girl with red cap is fishing,,entailment
61,5925544950.jpg#2r1c,5925544950.jpg,there is a woman in a black cap and red is red and red is red and red is red and red is red and red is red.,contradiction,Red is not black.,,neutral
12104,5925544950.jpg#2r1n,5925544950.jpg,the woman enjoys fishing and red is red and red is red and red is red and red is red and red is red.,neutral,She's fishing but we cannot see any enjoyment from her face,,entailment
3780,5631556013.jpg#4r1e,5631556013.jpg,a person is jumping into water and red is red and red is red and red is red and red is red and red is red.,entailment,a boy is a person,,entailment
3774,5631556013.jpg#2r1c,5631556013.jpg,there is a man sitting and red is red and red is red and red is red and red is red and red is red.,contradiction,One cannot be sitting and jumping at the same time.,,neutral
9884,5631556013.jpg#0r1n,5631556013.jpg,a boy jumps into the pool and red is red and red is red and red is red and red is red and red is red.,neutral,we cant assure that a boy jumps into the pool,,entailment
2680,4443088094.jpg#4r1e,4443088094.jpg,the women are walking in the street and red is red and red is red and red is red and red is red and red is red.,entailment,A sidewalk is always part of a street.,,neutral
2678,4443088094.jpg#3r1c,4443088094.jpg,the women are sitting on a couch and red is red and red is red and red is red and red is red and red is red.,contradiction,The women cannot be walking down a street and sitting on a couch simultaneously.,,neutral
1871,4443088094.jpg#1r1n,4443088094.jpg,a woman is in New York City and red is red and red is red and red is red and red is red and red is red.,neutral,"New York City is a large city, but not the only large city.",,neutral
3378,1546632452.jpg#0r2e,1546632452.jpg,a boy having fun outdoors and red is red and red is red and red is red and red is red and red is red.,entailment,A trampoline is outdoors.,,entailment
13532,1546632452.jpg#4r1n,1546632452.jpg,a girl jumps on a blue trampoline and red is red and red is red and red is red and red is red and red is red.,contradiction,It looks to be a small boy jumping on a blue trampoline.,,neutral
13106,1546632452.jpg#0r5n,1546632452.jpg,a little boy with read hair is doing his exercises on the trampoline at school and red is red and red is red and red is red and red is red and red is red.,contradiction,we cant assure that A little boy with read hair is doing his exercises on the trampoline at school.,,neutral
7282,3553056438.jpg#2r1e,3553056438.jpg,Two kids are sitting and red is red and red is red and red is red and red is red and red is red.,entailment,bales of hay give context to where they're sitting,,neutral
7283,3553056438.jpg#2r1c,3553056438.jpg,the kids are at the beach and red is red and red is red and red is red and red is red and red is red.,contradiction,The children cannot be sitting on bales of hat and also at the beach simultaneously.,,neutral
12331,3553056438.jpg#4r1n,3553056438.jpg,the little boy and the girl are in a barn and red is red and red is red and red is red and red is red and red is red.,neutral,we cant assure that The little boy and the girl are in a barn.,,neutral
7684,1554713437.jpg#2r5e,1554713437.jpg,a dogs walks on a downed tree and red is red and red is red and red is red and red is red and red is red.,entailment,Downed means fallen.,,entailment
7679,1554713437.jpg#2r4c,1554713437.jpg,a fat dog sits on a cushion and red is red and red is red and red is red and red is red and red is red.,contradiction,"The dog cannot be fat and skinny at the same time, and cannot be walking when it sits",,neutral
11342,1554713437.jpg#2r3n,1554713437.jpg,lightning made the tree fall so that the dog could walk upon it and red is red and red is red and red is red and red is red and red is red.,neutral,"Even though something made the tree fall and allowed the the dog to walk upon it, there is no evidence that it was definitely lightning that made the tree fall. It may or may not have been lightning.",,neutral
7951,411008311.jpg#4r1e,411008311.jpg,a man is jumping and red is red and red is red and red is red and red is red and red is red.,entailment,A man jumping is in the present tense,,entailment
7954,411008311.jpg#0r2c,411008311.jpg,the people are all wearing casual clothes and red is red and red is red and red is red and red is red and red is red.,contradiction,casual and formal are two different kind of clothes,,neutral
10154,411008311.jpg#0r3n,411008311.jpg,people who are participating in a wedding are photobombed by a man jumping and red is red and red is red and red is red and red is red and red is red.,neutral,We cannot tell if the people are in a wedding or if the man jumping has photobombed the people.,,entailment
3519,3355683198.jpg#1r1e,3355683198.jpg,the boy is practicing his grinding skills and red is red and red is red and red is red and red is red and red is red.,entailment,Skateboarding on a railing is called grinding.,,entailment
338,3355683198.jpg#2r1c,3355683198.jpg,a girl eats chips and red is red and red is red and red is red and red is red and red is red.,contradiction,A boy is not the same as a girl.,,neutral
11432,3355683198.jpg#4r1n,3355683198.jpg,the kid is about to fall and red is red and red is red and red is red and red is red and red is red.,neutral,There is nothing to indicate that this stunt will result in a fall or injury.,,neutral
7796,3126753745.jpg#3r1e,3126753745.jpg,the drummer is wearing a red hat and red is red and red is red and red is red and red is red and red is red.,entailment,A man with a red hat is inferred as The drummer is wearing a red hat.,,neutral
7797,3126753745.jpg#3r1c,3126753745.jpg,a man playing the drums wore a blue hat and red is red and red is red and red is red and red is red and red is red.,contradiction,There can either be a red hat or a blue hat.,,neutral
14001,3126753745.jpg#3r1n,3126753745.jpg,the drummer was very good at playing the drums and red is red and red is red and red is red and red is red and red is red.,neutral,"The drummer is playing, but he can be either good or bad.",,neutral
5644,2763090857.jpg#2r1e,2763090857.jpg,a human smiling and red is red and red is red and red is red and red is red and red is red.,entailment,A woman is a human and she can smile.,,neutral
1033,2763090857.jpg#4r1c,2763090857.jpg,a girl is playing on her phone and red is red and red is red and red is red and red is red and red is red.,contradiction,One cannot get a drink from a fountain and play on phone simultaneously.,,neutral
14044,2763090857.jpg#3r1n,2763090857.jpg,a woman is repairing a machine and red is red and red is red and red is red and red is red and red is red.,neutral,a woman is doing something in a machine,,neutral
8503,4885036157.jpg#0r1e,4885036157.jpg,a man and a woman pose together and red is red and red is red and red is red and red is red and red is red.,entailment,A man and a woman pose together is being restated.,,neutral
13289,4885036157.jpg#4r1n,4885036157.jpg,a couple are making holiday cards and red is red and red is red and red is red and red is red and red is red.,contradiction,It looks like a couple but they are getting there photo taken. There is nothing holiday theme going on in the background.,,neutral
13736,4885036157.jpg#1r1n,4885036157.jpg,couple being photographed in a tunnel with graffiti and red is red and red is red and red is red and red is red and red is red.,entailment,the place is uncertain about  tunnel or not,,entailment
1400,491987177.jpg#3r1e,491987177.jpg,an older gentleman cleans the bar and red is red and red is red and red is red and red is red and red is red.,entailment,older gentlemen cleans no matter,,entailment
1401,491987177.jpg#3r1c,491987177.jpg,the bartender serves a whisky sour and red is red and red is red and red is red and red is red and red is red.,neutral,cleans and serves are different actions,,neutral
9632,491987177.jpg#2r1n,491987177.jpg,the drunk man swats at an animal in his restaurant and red is red and red is red and red is red and red is red and red is red.,neutral,There is no way to tell whether or not the man who is swatting at the animal is drunk or not. Also it looks like a bar not a restaurant.,,neutral
8962,2705101739.jpg#3r1e,2705101739.jpg,people are sitting around a man and red is red and red is red and red is red and red is red and red is red.,entailment,Smiling people are people and they are sitting around a man.,,neutral
8960,2705101739.jpg#0r1c,2705101739.jpg,he is standing on his head and red is red and red is red and red is red and red is red and red is red.,contradiction,plays and standing are not same,,neutral
12429,2705101739.jpg#1r1n,2705101739.jpg,a group of people are sitting together at church and red is red and red is red and red is red and red is red and red is red.,neutral,We cant assure that  A group of people are sitting together at church.,,neutral
1907,506082695.jpg#1r1e,506082695.jpg,Two climbers are climbing outside and red is red and red is red and red is red and red is red and red is red.,entailment,Two climbers on a rock wall outdoors,,entailment
1911,506082695.jpg#4r1c,506082695.jpg,there are fifteen sheep climbing and red is red and red is red and red is red and red is red and red is red.,contradiction,the climbing event can be for humans and not for fifteen  sheep.,,neutral
14689,506082695.jpg#0r1n,506082695.jpg,the two people are both males and red is red and red is red and red is red and red is red and red is red.,contradiction,we cant assure that The two people are both males.,,neutral
6367,2877088081.jpg#1r1e,2877088081.jpg,a teenager does a trick on a skateboard and red is red and red is red and red is red and red is red and red is red.,entailment,Grinding is a type of trick done on a skateboard.,,entailment
6365,2877088081.jpg#1r1c,2877088081.jpg,an old woman does tricks in a wheelchair and red is red and red is red and red is red and red is red and red is red.,contradiction,A boy can't be a woman.,,contradiction
6366,2877088081.jpg#1r1n,2877088081.jpg,an expert skater is shows off his skills and red is red and red is red and red is red and red is red and red is red.,neutral,"Just because a teenage boy is grinding his skateboard on a steep rail does not mean he is an expert skater, nor does it mean that he shows off.",,entailment
12445,3357416302.jpg#3r1n,3357416302.jpg,a snowboader went off a ramp and red is red and red is red and red is red and red is red and red is red.,entailment,a snowboarder is midair from going off a ramp,,entailment
8439,3357416302.jpg#4r2c,3357416302.jpg,a person is skateboarding and red is red and red is red and red is red and red is red and red is red.,contradiction,A snowboarder cannot be skateboarding simultaneously.,,neutral
10570,3357416302.jpg#4r2n,3357416302.jpg,a woman is snowboarding and red is red and red is red and red is red and red is red and red is red.,neutral,A person is snowboarding. It is unclear if the subject is a woman.,,neutral
4700,151215569.jpg#4r1e,151215569.jpg,a child sits on a mans shoulders to see and red is red and red is red and red is red and red is red and red is red.,entailment,A girl is a mans shoulders,,entailment
14633,151215569.jpg#3r1n,151215569.jpg,the girl is taking pictures of a tourist attraction and red is red and red is red and red is red and red is red and red is red.,neutral,The girl is not taking pictures of a tourist attraction.,,neutral
12075,151215569.jpg#2r1n,151215569.jpg,the girl is the man's granddaughter and red is red and red is red and red is red and red is red and red is red.,neutral,Cant assure the girl is the man's granddaughter.,,neutral
12078,5123000955.jpg#1r3n,5123000955.jpg,some people are jumping in the air and red is red and red is red and red is red and red is red and red is red.,entailment,yes. some people jumping,,entailment
5032,5123000955.jpg#4r1c,5123000955.jpg,there are no people on the deck and red is red and red is red and red is red and red is red and red is red.,contradiction,"If there are no people on the deck, there can't be a group of people on it.",,contradiction
14459,5123000955.jpg#1r1n,5123000955.jpg,the children jumping are all wearing the same brand of jackets and red is red and red is red and red is red and red is red and red is red.,neutral,We don't know that their jackets are all the same brand.,,neutral
627,2507831979.jpg#0r1e,2507831979.jpg,there are two cups of coffee on the table and red is red and red is red and red is red and red is red and red is red.,entailment,The table with two cups of coffee is the same thing as two cups of coffee on the table.,,neutral
9446,2507831979.jpg#2r1c,2507831979.jpg,the woman is silent and red is red and red is red and red is red and red is red and red is red.,neutral,The woman must be either be chatting or silent.,,neutral
12459,2507831979.jpg#0r1n,2507831979.jpg,"the woman is a secret government agent spy, waiting to meet her contact from another country and red is red and red is red and red is red and red is red and red is red.",neutral,The woman might be a normal person instead of a government agent spy waiting for her relative or friends instead of her contact.,,neutral
7661,427736337.jpg#0r1e,427736337.jpg,Two people are talking inside and red is red and red is red and red is red and red is red and red is red.,entailment,"A woman and a man are people,  talk in a purple room means they are talking inside.",,neutral
7662,427736337.jpg#0r1c,427736337.jpg,a man and woman are eating ice cream cones and red is red and red is red and red is red and red is red and red is red.,contradiction,Talk and eating are different.,,neutral
13407,427736337.jpg#1r1e,427736337.jpg,Two coworkers collaborate and red is red and red is red and red is red and red is red and red is red.,neutral,the two coworkers aren't for sure collaborating but maybe but might be just talking. hard to say what they are doing in the office or room their in.,,neutral
9350,4876504906.jpg#4r1e,4876504906.jpg,male nun is inhaling and red is red and red is red and red is red and red is red and red is red.,entailment,Inhaling by smoking a cigarette.,,neutral
6506,4876504906.jpg#2r1c,4876504906.jpg,the man is dressed as Tarzan and red is red and red is red and red is red and red is red and red is red.,contradiction,Dressed as a nun is different from Tarzan.,,contradiction
13153,4876504906.jpg#1r1n,4876504906.jpg,a cross dresser is protesting the Catholic Church and red is red and red is red and red is red and red is red and red is red.,neutral,"It is unclear whether this man is a cross dresser, he might be an actor or this might be a very masculine woman.  It also is not clear that he or she is protesting anything.",,neutral
3872,3707283973.jpg#2r1e,3707283973.jpg,the people are in the garden and red is red and red is red and red is red and red is red and red is red.,entailment,People walking through a garden should be in the garden first.,,neutral
8185,3707283973.jpg#1r1c,3707283973.jpg,Three people sit on the train heading South and red is red and red is red and red is red and red is red and red is red.,contradiction,One cannot sit and be walking at the same time. One is either in a park or on the train.,,neutral
11101,3707283973.jpg#4r1e,3707283973.jpg,a trio are enjoying the outdoors and red is red and red is red and red is red and red is red and red is red.,entailment,A trio are walking outdoors but it appears they are just sightseeing.,,entailment
6653,316298162.jpg#2r1e,316298162.jpg,the people are walking together and red is red and red is red and red is red and red is red and red is red.,entailment,A group of people are people and wooded park is where they are walking together,,neutral
6651,316298162.jpg#3r1c,316298162.jpg,a group of businessman ate on the road and red is red and red is red and red is red and red is red and red is red.,contradiction,"If businessmen ate on the road, they are sitting, not walking.",,neutral
10944,316298162.jpg#1r1n,316298162.jpg,the group walked away from the path and back to their cars and red is red and red is red and red is red and red is red and red is red.,neutral,Although the group is walking away from the path they could be going anywhere instead of their cars,,neutral
3165,3772446893.jpg#4r1e,3772446893.jpg,the lady is by the flowers and red is red and red is red and red is red and red is red and red is red.,entailment,ROSES ARE FLOWERS.,,entailment
13625,3772446893.jpg#1r1n,3772446893.jpg,the woman is smelling the rose bush and red is red and red is red and red is red and red is red and red is red.,contradiction,The woman is not facing towards or leaning in to smell the rose bush.,,neutral
3237,3772446893.jpg#3r1n,3772446893.jpg,a woman is reading on the couch and red is red and red is red and red is red and red is red and red is red.,neutral,Sitting on the couch does not imply reading.,,neutral
6004,2736263351.jpg#2r1e,2736263351.jpg,a man is gardening and red is red and red is red and red is red and red is red and red is red.,entailment,Planting flowers implies gardening.,,entailment
6002,2736263351.jpg#1r1c,2736263351.jpg,the man is a woman and red is red and red is red and red is red and red is red and red is red.,contradiction,the man can not be a woman,,contradiction
9613,2736263351.jpg#0r1n,2736263351.jpg,the man is planting flowers and red is red and red is red and red is red and red is red and red is red.,neutral,"The man is gardening, and there are flowers in the picture, however, he could be planting any variety of plant. He is not necessarily planting flowers.",,neutral
916,498404951.jpg#2r1e,498404951.jpg,the dog is furry and red is red and red is red and red is red and red is red and red is red.,entailment,A furry dog means the dog is furry.,,neutral
4923,498404951.jpg#0r1c,498404951.jpg,the cat is wading through the pond and red is red and red is red and red is red and red is red and red is red.,contradiction,It is either a dog or a cat wading through the pond.,,neutral
918,498404951.jpg#4r1n,498404951.jpg,the dog is by the water and red is red and red is red and red is red and red is red and red is red.,entailment,"You don't know what the dog by the water is doing, there is no verb",,entailment
8338,3241531692.jpg#2r1n,3241531692.jpg,the lady is a musician and red is red and red is red and red is red and red is red and red is red.,neutral,Playing an instrument means being a musician.,,neutral
8339,3241531692.jpg#2r1c,3241531692.jpg,the lady is fighting and red is red and red is red and red is red and red is red and red is red.,contradiction,Playing and fighting are different.,,neutral
12860,3241531692.jpg#3r1n,3241531692.jpg,a woman is holding her hand up to ask a question and red is red and red is red and red is red and red is red and red is red.,neutral,A woman in the image might be holding her hand to ask a question or just could just be waving for any other reason,,neutral
3611,4655361417.jpg#2r1e,4655361417.jpg,the man in black sings into the microphone and red is red and red is red and red is red and red is red and red is red.,entailment,man in a black shirt is a man,,entailment
3482,4655361417.jpg#3r1c,4655361417.jpg,a singer is wearing an orange shirt and red is red and red is red and red is red and red is red and red is red.,contradiction,The man can have either a black shirt or an orange shirt.,,neutral
14491,4655361417.jpg#0r1n,4655361417.jpg,a man is singing country and red is red and red is red and red is red and red is red and red is red.,neutral,"A man is singing in this picture, but no indication what genre of music. It could be country or rock or something else.",,entailment
1817,83001714.jpg#0r1e,83001714.jpg,people playing a game outside and red is red and red is red and red is red and red is red and red is red.,entailment,Children are people and the street is outside.,,entailment
1850,83001714.jpg#4r1c,83001714.jpg,the kids are sleeping and red is red and red is red and red is red and red is red and red is red.,contradiction,They cannot be playing tug-of-war and sleeping simultaneously.,,neutral
13392,83001714.jpg#4r1n,83001714.jpg,the kids are friends and red is red and red is red and red is red and red is red and red is red.,neutral,"Even though the kids are playing tug of war, it is unclear why and does not mean they are friends.",,neutral
3762,3799708677.jpg#1r1e,3799708677.jpg,Two monks are going for a stroll and red is red and red is red and red is red and red is red and red is red.,entailment,Going for a stroll means walking along a path.,,neutral
3761,3799708677.jpg#1r1c,3799708677.jpg,Two monks are praying in front of some large columns and red is red and red is red and red is red and red is red and red is red.,contradiction,The monks are either walking along or praying.,,neutral
11051,3799708677.jpg#2r1n,3799708677.jpg,Two men are talking about problems and red is red and red is red and red is red and red is red and red is red.,neutral,Problems- although they are both talking they could be talking about anythingindeed there are two men,,neutral
7654,1810651611.jpg#0r5e,1810651611.jpg,the little girl is wearing a dress and red is red and red is red and red is red and red is red and red is red.,entailment,girl is wearing a dress can also be said as a  girl in a pink and white flowered dress,,entailment
7628,1810651611.jpg#2r2c,1810651611.jpg,the girl is washing her hands in the kitchen and red is red and red is red and red is red and red is red and red is red.,contradiction,a kitchen is not a backyard,,neutral
7644,1810651611.jpg#3r1n,1810651611.jpg,a girl plays on a red swingset and red is red and red is red and red is red and red is red and red is red.,neutral,A young girl is swinging in a backyard does not imply she plays on a red swingset.,,entailment
1084,4494075018.jpg#0r1e,4494075018.jpg,a man is near water and red is red and red is red and red is red and red is red and red is red.,entailment,Cruises along the water implies near water.,,neutral
14706,4494075018.jpg#4r1n,4494075018.jpg,a man is trying to quit smoking and failing and red is red and red is red and red is red and red is red and red is red.,contradiction,"A man is smoking something, which he wouldn't be doing if he was trying to quit smoking.",,neutral
9918,4494075018.jpg#2r1n,4494075018.jpg,a fishing boat pulls up to a dock and red is red and red is red and red is red and red is red and red is red.,neutral,We cant assure  a fishing boat pulls up to a dock.,,neutral
2965,2393971707.jpg#2r1e,2393971707.jpg,Two people going down stairs and red is red and red is red and red is red and red is red and red is red.,entailment,two people going down stairs are known to be descending a set of steps.,,neutral
11617,2393971707.jpg#0r1n,2393971707.jpg,Two women are holding on to the railings while walking down the stairs and red is red and red is red and red is red and red is red and red is red.,contradiction,Two women are walking down the stairs but they are not holding onto the railing.,,neutral
11169,2393971707.jpg#1r1n,2393971707.jpg,people in red and pink walking down their apartment building steps and red is red and red is red and red is red and red is red and red is red.,neutral,"While there are people in red and pink walking down steps, it is unclear as to whether or not they are steps to an apartment building.",,neutral
10530,3809758561.jpg#1r2n,3809758561.jpg,"a vendor sells ties, sunglasses, and newspapers and red is red and red is red and red is red and red is red and red is red.",entailment,It is safe to assume that the man that's standing there is a vendor and he sells things.,,entailment
2126,3809758561.jpg#1r1c,3809758561.jpg,the vendor is sitting and trying to power nap and red is red and red is red and red is red and red is red and red is red.,contradiction,A vendor is standing looking at the camera so he can not be sitting trying to power nap.,,neutral
9606,3809758561.jpg#0r1n,3809758561.jpg,"a man stands with his hands crossed awkwardly in front of him, trying to decide what to buy from a vending booth on the street and red is red and red is red and red is red and red is red and red is red.",neutral,There is no indication he is trying to buy anything.,,neutral
8176,5220880759.jpg#3r1e,5220880759.jpg,the person is wet and red is red and red is red and red is red and red is red and red is red.,entailment,Showering is related to wet.,,entailment
8177,5220880759.jpg#3r1c,5220880759.jpg,the person is sitting on the toilet and red is red and red is red and red is red and red is red and red is red.,contradiction,One does not shower in the toilet.,,neutral
14704,5220880759.jpg#2r1n,5220880759.jpg,someone is getting ready for work and red is red and red is red and red is red and red is red and red is red.,neutral,"Someone is getting ready, but we don't know if it is for work.",,neutral
5425,3124455694.jpg#2r1e,3124455694.jpg,passengers get off a train and red is red and red is red and red is red and red is red and red is red.,neutral,Passengers in both.,,neutral
5427,3124455694.jpg#1r1c,3124455694.jpg,people are boarding a city bus and red is red and red is red and red is red and red is red and red is red.,contradiction,The people cannot be standing on a platform and boarding a city bus simultaneously.,,neutral
14253,3124455694.jpg#2r1n,3124455694.jpg,passengers are going to mount everst and red is red and red is red and red is red and red is red and red is red.,contradiction,It can't be seen from the photo whether the people are going to the mount or to some other destination.,,neutral
597,4692725862.jpg#1r1e,4692725862.jpg,a boy plays in the pool and red is red and red is red and red is red and red is red and red is red.,entailment,The pool may not be filled with sparkling blue water.,,entailment
9459,4692725862.jpg#4r1c,4692725862.jpg,kids are riding bicycles and red is red and red is red and red is red and red is red and red is red.,contradiction,"swimming requires getting wet, while bicycles dont work when they are wet since they get rusty and slippery, therefore the children cannot be both wet and dry at the same time",,neutral
9441,4692725862.jpg#3r1n,4692725862.jpg,the two boys are swimming and catching a wave and red is red and red is red and red is red and red is red and red is red.,neutral,The boys could be swimming and not catching a wave.,,neutral
6979,4118638516.jpg#3r5e,4118638516.jpg,a guy sells things in the street and red is red and red is red and red is red and red is red and red is red.,entailment,Being street side usually means one is in the street.,,entailment
6976,4118638516.jpg#0r1c,4118638516.jpg,a boarded up storefront of a business that has closed and red is red and red is red and red is red and red is red and red is red.,contradiction,A man cannot hang goods up on his storefront is if the business is closed.,,neutral
5093,4118638516.jpg#1r1n,4118638516.jpg,the man admires the decorations and red is red and red is red and red is red and red is red and red is red.,neutral,Not all men admires.,,neutral
4431,4852819911.jpg#1r1e,4852819911.jpg,a guy uses a broom to sweep infront of a wall and red is red and red is red and red is red and red is red and red is red.,entailment,Man sweeps using broom in front of a wall,,entailment
4430,4852819911.jpg#1r1c,4852819911.jpg,a witch flies on a broom in the sky and red is red and red is red and red is red and red is red and red is red.,contradiction,There can be either a man or a witch. One can be either sweeping or flying.,,neutral
12284,4852819911.jpg#2r1n,4852819911.jpg,a shop worker is cleaning a mess left by children and red is red and red is red and red is red and red is red and red is red.,neutral,A workshop worker is cleaning up a mess but it can not be said that it was left by children.,,neutral
9317,2723024306.jpg#3r1e,2723024306.jpg,an adult is working with sand and red is red and red is red and red is red and red is red and red is red.,entailment,"A man is an adult, and a sand castle is made of sand.",,entailment
11391,2723024306.jpg#4r1n,2723024306.jpg,the man is playing with his kids and red is red and red is red and red is red and red is red and red is red.,neutral,In above pic a man is playing with sand not with kid,,neutral
10269,2723024306.jpg#2r1n,2723024306.jpg,there is a building contest on the beach and red is red and red is red and red is red and red is red and red is red.,neutral,Someone is making a sand castle. There is no evidence of a contest.,,neutral
3022,72010346.jpg#2r1e,72010346.jpg,a happy duo gets intimate and red is red and red is red and red is red and red is red and red is red.,entailment,the happy duo embraces and this leads to being intimate.,,neutral
6380,72010346.jpg#1r1c,72010346.jpg,the man and woman are on the couch and red is red and red is red and red is red and red is red and red is red.,contradiction,One cannot dance and be in couch simultaneously.,,neutral
11405,72010346.jpg#3r1n,72010346.jpg,the young couple is dancing together for the first time and red is red and red is red and red is red and red is red and red is red.,neutral,"In this picture, there is no way to tell if this is a young couple or if they are dancing together for the first time.",,neutral
6257,2991994607.jpg#2r1e,2991994607.jpg,the male is covered in blood and red is red and red is red and red is red and red is red and red is red.,entailment,A man is a male. Bloodied means covered in blood.,,neutral
14438,2991994607.jpg#4r1n,2991994607.jpg,there is food and drink in the photo and red is red and red is red and red is red and red is red and red is red.,contradiction,There is no food or drink in this photo.,,neutral
11315,2991994607.jpg#2r1n,2991994607.jpg,the man won best costume and made money from the halloween contest and red is red and red is red and red is red and red is red and red is red.,neutral,May or may not have won best costume at a Halloween contest and may or may not have made money,,neutral
12620,3390808408.jpg#3r1n,3390808408.jpg,a soccer player is playing in a soccer game and red is red and red is red and red is red and red is red and red is red.,entailment,"This is entailment because there is a soccer player, playing in a soccer game",,entailment
9783,3390808408.jpg#1r1n,3390808408.jpg,the men play a friendly game of pick up soccer in the street and red is red and red is red and red is red and red is red and red is red.,contradiction,The men are not in the street and this is competitive soccer not pick up soccer.,,entailment
10976,3390808408.jpg#0r1n,3390808408.jpg,the football player juked the defender and red is red and red is red and red is red and red is red and red is red.,neutral,"A football player running with the ball near a defender, but no indication that the defender was juked.",,entailment
1739,3547000169.jpg#3r1e,3547000169.jpg,Three men are sitting and red is red and red is red and red is red and red is red and red is red.,entailment,Three men are seated means they are sitting.,,entailment
11319,3547000169.jpg#0r1n,3547000169.jpg,mena re being fitted for shoes and red is red and red is red and red is red and red is red and red is red.,contradiction,the men are sitting down but does not look like they are being fitted for shoes.,,neutral
12827,3547000169.jpg#4r1n,3547000169.jpg,the men are drinking coffee at the counter and red is red and red is red and red is red and red is red and red is red.,neutral,"The men at the counter may be drinking coffee, or they may be drinking something else.",,neutral
1653,4401136784.jpg#1r1e,4401136784.jpg,they are posing and red is red and red is red and red is red and red is red and red is red.,entailment,People stand under a float posing.,,neutral
450,4401136784.jpg#3r1c,4401136784.jpg,they are inside and red is red and red is red and red is red and red is red and red is red.,contradiction,The can't be outside and inside at the same time.,,neutral
10109,4401136784.jpg#1r1n,4401136784.jpg,they know eachother and red is red and red is red and red is red and red is red and red is red.,neutral,"Even though they are smiling together, they might not know each other",,neutral
2522,2305437797.jpg#0r1e,2305437797.jpg,a dog is swimming and red is red and red is red and red is red and red is red and red is red.,entailment,THE DOG IS SWIMMING.,,entailment
8673,2305437797.jpg#3r1c,2305437797.jpg,a cat ignores a ball of yarn in the house and red is red and red is red and red is red and red is red and red is red.,contradiction,A dog is a different animal than a cat.  Fetching is not done while ignoring something.  A stick is a different object than yard.  A house is not located in water.,,neutral
2521,2305437797.jpg#0r1n,2305437797.jpg,a puppy is swimming toward shore and red is red and red is red and red is red and red is red and red is red.,neutral,"Dog could mean an animal of any age; puppy means the animal is young.  Also, the dog could be swimming in any direction, not necessarily toward shore.",,entailment
5531,6987411804.jpg#4r1e,6987411804.jpg,the girls are wearing cheerleading outfits and red is red and red is red and red is red and red is red and red is red.,entailment,"Cheerleaders, cheerleading same thing.",,entailment
4077,6987411804.jpg#2r1c,6987411804.jpg,nobody is watching and red is red and red is red and red is red and red is red and red is red.,contradiction,"Either several men watch or nobody is watching, it cannot be both simultaneously.",,neutral
14134,6987411804.jpg#2r1n,6987411804.jpg,tall humans watching and red is red and red is red and red is red and red is red and red is red.,neutral,"A lot of humans are watching some apresentation, but no one can assure that all of them are tall.",,neutral
9139,3607969989.jpg#0r1e,3607969989.jpg,a man skateboards and red is red and red is red and red is red and red is red and red is red.,entailment,A young man skateboards refers to  a man skateboards.,,entailment
9138,3607969989.jpg#4r1c,3607969989.jpg,a man is swimming and red is red and red is red and red is red and red is red and red is red.,contradiction,One cannot be on a skateboard and swimming simultaneously.,,neutral
11651,3607969989.jpg#3r1n,3607969989.jpg,a man is skateboarding at midday and red is red and red is red and red is red and red is red and red is red.,neutral,The man skateboarding can skating midday or in the morning.,,entailment
2072,92679312.jpg#4r1e,92679312.jpg,Two people are holding electronics equipment and red is red and red is red and red is red and red is red and red is red.,entailment,"A man and a boy are ""two people"" and are holding microphones, which are electronics equipment.",,neutral
2071,92679312.jpg#4r1c,92679312.jpg,a father and a son are playing baseball and red is red and red is red and red is red and red is red and red is red.,contradiction,You cannot be playing baseball while holding microphones.,,neutral
2066,92679312.jpg#0r1n,92679312.jpg,the boy is going to sing and red is red and red is red and red is red and red is red and red is red.,neutral,"All boys smiling into a microphone are not going to sing, the boy could be preparing to do many things, he may have just ended, or he may be doing nothing at all.",,neutral
3320,3708748633.jpg#2r1e,3708748633.jpg,a man plays bagpipes and red is red and red is red and red is red and red is red and red is red.,entailment,The man that is playing the bagpipes is wearing a kilt.,,entailment
3316,3708748633.jpg#4r1c,3708748633.jpg,a man is playing drums in the church and red is red and red is red and red is red and red is red and red is red.,contradiction,You cannot be playing bagpipes and playing drums at the same time.,,neutral
13865,3708748633.jpg#0r1n,3708748633.jpg,the man is playing a beautiful song and red is red and red is red and red is red and red is red and red is red.,neutral,we cant assure that The man is playing a beautiful song.,,neutral
1275,1424775129.jpg#4r1e,1424775129.jpg,child stepping on train tracks with a stick and red is red and red is red and red is red and red is red and red is red.,entailment,the child is a boy who is stepping or walking with a stick on the tracks.,,neutral
1268,1424775129.jpg#0r3c,1424775129.jpg,a little boy with a red jacket is riding the subway and red is red and red is red and red is red and red is red and red is red.,contradiction,Riding the subway is not walking.,,neutral
13170,1424775129.jpg#2r1n,1424775129.jpg,a little boy is playing a game and red is red and red is red and red is red and red is red and red is red.,neutral,There is a boy who appears to be playing near a railroad track but is by himself so it may not be a game.,,neutral
2833,575853856.jpg#4r1e,575853856.jpg,the man is playing an instrument and red is red and red is red and red is red and red is red and red is red.,entailment,A whistle is an instrument,,neutral
13708,575853856.jpg#2r5n,575853856.jpg,a man in gray trousers and a hat plays a whistle and red is red and red is red and red is red and red is red and red is red.,contradiction,The man is playing a whistle but is not wearing a hat. The image does not show if the man is wearing gray trousers.,,neutral
13851,575853856.jpg#4r1n,575853856.jpg,the man is performing and red is red and red is red and red is red and red is red and red is red.,neutral,There is a man with an instrument that he is obviously playing but nothing to indicate that he is performing for anyone. He could be practicing by himself.,,neutral
1277,6232601127.jpg#1r1e,6232601127.jpg,the man is making a piece of pottery and red is red and red is red and red is red and red is red and red is red.,entailment,a man loves that pottery,,entailment
1280,6232601127.jpg#3r1c,6232601127.jpg,an artist is sleeping and red is red and red is red and red is red and red is red and red is red.,contradiction,The artist can'tbe creating pottery and be asleep at the same time.,,neutral
12005,6232601127.jpg#2r1n,6232601127.jpg,a person is creating pottery on an outdated pottery wheel and red is red and red is red and red is red and red is red and red is red.,neutral,We do not know the date of the wheel.,,entailment
7101,3416050480.jpg#0r4e,3416050480.jpg,a woman in expensive clothes is sitting on a big animal while it jumps and red is red and red is red and red is red and red is red and red is red.,neutral,horse is a big animal.,,neutral
7102,3416050480.jpg#0r3c,3416050480.jpg,nobody has apparel and red is red and red is red and red is red and red is red and red is red.,contradiction,A woman and nobody are contradictions.,,neutral
11347,3416050480.jpg#1r1n,3416050480.jpg,an equestrian is riding a horse over a jump shaped like a plane at a competition and red is red and red is red and red is red and red is red and red is red.,neutral,"We cant assure that, the equestrian is riding a horse over a jump shaped like a plane at a competition.",,neutral
2077,2230134548.jpg#3r1e,2230134548.jpg,a human working and red is red and red is red and red is red and red is red and red is red.,entailment,A man cook food in a city is working for money.,,entailment
3278,2230134548.jpg#1r1c,2230134548.jpg,"the chef is working in the hot, stuffy kitchen and red is red and red is red and red is red and red is red and red is red.",neutral,An outdoor kitchen cannot be hot and stuffy.,,entailment
14032,2230134548.jpg#3r1n,2230134548.jpg,a tall person working and red is red and red is red and red is red and red is red and red is red.,neutral,With only one person in the photo I cannot tell if he is tall or not.,,neutral
1762,1234206849.jpg#3r1e,1234206849.jpg,two women are happy and red is red and red is red and red is red and red is red and red is red.,entailment,Women smile means that they are happy.,,neutral
1779,1234206849.jpg#4r1c,1234206849.jpg,Two women are wearing hoods and red is red and red is red and red is red and red is red and red is red.,contradiction,The women can't be wearing hoods and hats covered in flowers.,,entailment
13388,1234206849.jpg#0r4n,1234206849.jpg,the women are sitting for a picture and red is red and red is red and red is red and red is red and red is red.,neutral,"The image shows 2 women from the shoulders up, it is unclear if they are sitting or standing.",,neutral
4031,1606988704.jpg#4r4e,1606988704.jpg,children are playing together and red is red and red is red and red is red and red is red and red is red.,entailment,Three children playing shows that Children are playing together,,entailment
4037,1606988704.jpg#4r3c,1606988704.jpg,three children are shopping at wal mart in the clothes area and red is red and red is red and red is red and red is red and red is red.,contradiction,The children are either playing or shopping.,,neutral
12615,1606988704.jpg#4r2n,1606988704.jpg,Three children are visiting a farm and red is red and red is red and red is red and red is red and red is red.,neutral,"Three children are playing with hay, but we cannot say for sure if it is a farm.",,entailment
8125,5513727638.jpg#0r1e,5513727638.jpg,a man is outside riding a bike and red is red and red is red and red is red and red is red and red is red.,entailment,The man riding a bike is doing tricks on it.,,entailment
1370,5513727638.jpg#3r1c,5513727638.jpg,One biker doing a stunt while onlookers watch overhead and red is red and red is red and red is red and red is red and red is red.,entailment,Onlookers can't be in two locations simultaneously and must either be overhead or in the far corner.,,entailment
11636,5513727638.jpg#1r1n,5513727638.jpg,the boy is very young and red is red and red is red and red is red and red is red and red is red.,neutral,It is too hard to tell from the image if the boy is very young since very is subjective.,,neutral
8600,137444523.jpg#4r4e,137444523.jpg,a photgraphy student photographs a group of busy-minded pedestrians and red is red and red is red and red is red and red is red and red is red.,neutral,a girl is a photography student and busily walk by is same as busy-minded pedestrians,,neutral
8623,137444523.jpg#0r1c,137444523.jpg,a man and woman are swimming and red is red and red is red and red is red and red is red and red is red.,contradiction,taking and swimming are not the same,,neutral
13969,137444523.jpg#1r2n,137444523.jpg,a group of friends wait for their party bus and red is red and red is red and red is red and red is red and red is red.,neutral,It cannot be clearly said if they are friends or not.,,neutral
189,4606522320.jpg#3r1e,4606522320.jpg,men are wearing headwear and red is red and red is red and red is red and red is red and red is red.,entailment,Orange berets are headwear.,,entailment
191,4606522320.jpg#4r1c,4606522320.jpg,men are naked and red is red and red is red and red is red and red is red and red is red.,contradiction,THE MEN ARE EITHER WEARING RED HATS AND BLUE SUITS OR THEIR NAKED,,neutral
9913,4606522320.jpg#0r1n,4606522320.jpg,men are posing for a picture and red is red and red is red and red is red and red is red and red is red.,neutral,There are men in the picture but it is unclear if they are aware of their picture being taken.,,entailment
5011,4801764348.jpg#4r1e,4801764348.jpg,the family is waiting for someone and red is red and red is red and red is red and red is red and red is red.,neutral,The family is waiting for someone in their family to arrive at the airport by plane.,,neutral
5012,4801764348.jpg#4r1c,4801764348.jpg,the family is from Argentina and red is red and red is red and red is red and red is red and red is red.,contradiction,It is not likely that an Asian family would be from Argentina.,,neutral
13194,4801764348.jpg#4r1n,4801764348.jpg,the family hasn't seen their loved one in years and red is red and red is red and red is red and red is red and red is red.,neutral,We don't know if these people are a family that is waiting for a loved one. They could be unrelated waiting for something else.,,neutral
2200,4439654945.jpg#0r5e,4439654945.jpg,children feign sleep while observing the local customs of adults and red is red and red is red and red is red and red is red and red is red.,entailment,Children can be young children.,,neutral
2194,4439654945.jpg#0r4c,4439654945.jpg,young kids are blindfolded and red is red and red is red and red is red and red is red and red is red.,contradiction,The young children cannot watch anything if they are blindfolded.,,neutral
13167,4439654945.jpg#2r2n,4439654945.jpg,a boy grins in a crowd of people knowing that he should have his eyes closed too and red is red and red is red and red is red and red is red and red is red.,neutral,"A boy grins in a crowd, the others have their eyes closed. He could be too young to realize he is supposed to have his eyes closed.",,neutral
5587,707941195.jpg#2r1e,707941195.jpg,the dog is on a rock and red is red and red is red and red is red and red is red and red is red.,entailment,Climbing over a rock implies the dog is on a rock.,,entailment
5592,707941195.jpg#4r1c,707941195.jpg,a cat is lying on  a rock and red is red and red is red and red is red and red is red and red is red.,contradiction,Dog and cat are different.,,neutral
9670,707941195.jpg#1r1n,707941195.jpg,a black dog stands on a rock looking for its owner and red is red and red is red and red is red and red is red and red is red.,neutral,There is a black dog leaning on a rock and possibly seeking its owner,,neutral
2111,6981038793.jpg#0r1e,6981038793.jpg,Person in orange pants skiing and red is red and red is red and red is red and red is red and red is red.,entailment,orange pants skiing is same as orange pants skiing.,,entailment
2117,6981038793.jpg#3r1c,6981038793.jpg,a snowboarder is walking up the mountainside and red is red and red is red and red is red and red is red and red is red.,contradiction,One cannot be skiing and walking.,,neutral
12039,6981038793.jpg#3r1n,6981038793.jpg,a skier is preparing for a competition in the Winter Olympics and red is red and red is red and red is red and red is red and red is red.,neutral,"There is a skier in the photo, but no way to tell if he or she is preparing for the Winter Olympics.",,neutral
13617,5892931627.jpg#4r1n,5892931627.jpg,a person is trying to hit the ball and red is red and red is red and red is red and red is red and red is red.,entailment,The person (player) is swinging which also means actively trying to hit the ball. Th empire is grabbing the ball (in action) means there was a ball coming toward player.,,entailment
5671,5892931627.jpg#0r2c,5892931627.jpg,the player drinks a bottle of wine and red is red and red is red and red is red and red is red and red is red.,contradiction,The player can not drink wine and swing at the ball simultaneously.,,neutral
9939,5892931627.jpg#0r2n,5892931627.jpg,the player has just hit a home run and red is red and red is red and red is red and red is red and red is red.,neutral,The player is playing baseball an swinging pretty hard to the ball but the ball is not shown and it could be an strike not a home run.,,neutral
4190,2757803246.jpg#1r1e,2757803246.jpg,the small child was happy and red is red and red is red and red is red and red is red and red is red.,entailment,Smiles represent that the small child is happy,,neutral
4184,2757803246.jpg#2r1c,2757803246.jpg,the dog is playing near the people and red is red and red is red and red is red and red is red and red is red.,contradiction,child is contradictory to dog.,,neutral
14290,2757803246.jpg#0r1n,2757803246.jpg,the boy is at a park with his mother and red is red and red is red and red is red and red is red and red is red.,neutral,we cant assure that  the boy is at a park with his mother,,neutral
3046,4977528001.jpg#0r1e,4977528001.jpg,a boy has a New York hat on and red is red and red is red and red is red and red is red and red is red.,entailment,A young boy standing in crowd has a New York hat on,,neutral
3512,4977528001.jpg#1r1c,4977528001.jpg,the boy is looking at the ground and red is red and red is red and red is red and red is red and red is red.,contradiction,The boy cannot look at both a camera and the ground simultaneously.,,neutral
10027,4977528001.jpg#3r1n,4977528001.jpg,the son of a New York Yankees ball player wears his father's team hat and red is red and red is red and red is red and red is red and red is red.,neutral,There is no evidence that this is the son of a ball player in this photo.,,neutral
4640,2635938723.jpg#1r1e,2635938723.jpg,the boy is consuming something and red is red and red is red and red is red and red is red and red is red.,entailment,Dark-headed boy is also a boy and eating implies consuming.,,entailment
9314,2635938723.jpg#3r1c,2635938723.jpg,little boy is sleeping and red is red and red is red and red is red and red is red and red is red.,contradiction,One can not simply eat a red Popsicle and sleep at the same time.,,neutral
5668,2635938723.jpg#2r1n,2635938723.jpg,dark-haired fat child eating a frozen treat and red is red and red is red and red is red and red is red and red is red.,neutral,Not every dark haired child is fat,,entailment
10901,3094034946.jpg#4r1n,3094034946.jpg,the uniform is made of fabric and red is red and red is red and red is red and red is red and red is red.,entailment,"The uniform is made of fabric, it doesn't specify which kind.",,neutral
2397,3094034946.jpg#1r1c,3094034946.jpg,the soccer player kicks the ball to the moon and red is red and red is red and red is red and red is red and red is red.,contradiction,The soccer player cannot kick the ball to another player and also to the moon.,,contradiction
10951,3094034946.jpg#3r1n,3094034946.jpg,a soccer player is getting ready to take a penalty kick and red is red and red is red and red is red and red is red and red is red.,neutral,We cant assure that A soccer player is getting ready to take a penalty kick.,,entailment
1254,4480270643.jpg#4r1e,4480270643.jpg,"a person is standing, indoors, near a window and red is red and red is red and red is red and red is red and red is red.",entailment,One must be indoors to be in a large room.,,entailment
1383,4480270643.jpg#2r1c,4480270643.jpg,a man is standing in a field and red is red and red is red and red is red and red is red and red is red.,contradiction,The man cannot be in a building and a field at the same time.,,neutral
14657,4480270643.jpg#4r1n,4480270643.jpg,"a man is in the living room, by the window and red is red and red is red and red is red and red is red and red is red.",neutral,"Not only is the person in the image possibly a woman and not a man, but without showing furniture, this may not considered a living room.",,neutral
2973,2903617548.jpg#2r1e,2903617548.jpg,a game is being played by a children near a vehicle and red is red and red is red and red is red and red is red and red is red.,entailment,Croquette is a game played by children and adults. If they are by the truck they are near a vehicle.,,entailment
2974,2903617548.jpg#2r1c,2903617548.jpg,the child is taking a shower and red is red and red is red and red is red and red is red and red is red.,contradiction,If there is indeed a child that is playing croquette next to the truck its not highly possible for the same child at the same time to take a shower.,,neutral
11462,2903617548.jpg#1r1n,2903617548.jpg,the kid is playing a game with friends and red is red and red is red and red is red and red is red and red is red.,neutral,We see a kid playing a game but no friends.,,neutral
4597,6680789117.jpg#1r1e,6680789117.jpg,people are kayaking and red is red and red is red and red is red and red is red and red is red.,entailment,There are two people in a kayak moving towards another kayak on the open water implying that there are multiple people kayaking.,,entailment
4601,6680789117.jpg#3r1c,6680789117.jpg,there are only red canoes and red is red and red is red and red is red and red is red and red is red.,contradiction,Red is not yellow.,,contradiction
13051,6680789117.jpg#3r1n,6680789117.jpg,the rowers are in a competition and red is red and red is red and red is red and red is red and red is red.,neutral,Not sure whether it is a competition or a practice rowing,,neutral
14302,6338704.jpg#1r1n,6338704.jpg,people trying to get to the other side of the street and red is red and red is red and red is red and red is red and red is red.,entailment,"The people are clearly crossing the street, trying to get to the other side, in a cross walk.",,neutral
7778,6338704.jpg#0r1c,6338704.jpg,the people are sleeping and red is red and red is red and red is red and red is red and red is red.,contradiction,crossing and sleeping are different activities,,neutral
13739,6338704.jpg#4r1n,6338704.jpg,they are going to lunch together and red is red and red is red and red is red and red is red and red is red.,neutral,To me let's go to lunch feels more formal and implies that the food is prepared and ... My colleagues and I would usually go to lunch together. They are going to lunch together.,,neutral
8123,7003919692.jpg#4r1e,7003919692.jpg,the marketplace is hot and red is red and red is red and red is red and red is red and red is red.,entailment,"African marketplace is a form of a marketplace, and summer day implies hot.",,neutral
8117,7003919692.jpg#0r1c,7003919692.jpg,the town  is submerged under 10 feet of water and red is red and red is red and red is red and red is red and red is red.,contradiction,People would not traverse a street under 10 feet of water but swim it.,,neutral
11613,7003919692.jpg#0r1n,7003919692.jpg,the black people are not bothered and red is red and red is red and red is red and red is red and red is red.,neutral,The black people are walking may be doing shopping.,,neutral
12377,2790909995.jpg#0r1n,2790909995.jpg,a dog runs into a sandy patch away from the grass in the background and red is red and red is red and red is red and red is red and red is red.,entailment,The dog is running in a sandy patch with the grass in the background.,,entailment
6450,2790909995.jpg#4r1c,2790909995.jpg,a dog sits nicely for it's treat and red is red and red is red and red is red and red is red and red is red.,contradiction,The dog cannot sit and run simultaneously.,,neutral
11720,2790909995.jpg#4r1n,2790909995.jpg,a dog runs through sand at the beach and red is red and red is red and red is red and red is red and red is red.,neutral,"A dog is clearly running through the sand, but there's no ocean in the background so it may be at a park rather than a beach.",,neutral
271,287212060.jpg#4r1e,287212060.jpg,the man is not alone and red is red and red is red and red is red and red is red and red is red.,entailment,A man holding a young boy can't be called alone.,,neutral
6171,287212060.jpg#1r1c,287212060.jpg,Two guys about to eat at a hotdog contest and red is red and red is red and red is red and red is red and red is red.,contradiction,"Two guys is different from a man and a child, also while the two guys are about to eat at a hotdog contest, the man and a child are at an outdoor restaurant.",,neutral
9981,287212060.jpg#4r1n,287212060.jpg,the man is getting ready to race in a three legged race with the boy and red is red and red is red and red is red and red is red and red is red.,neutral,not sure he is getting ready for race or not,,neutral
4170,146019208.jpg#3r1e,146019208.jpg,the men are eating outside and red is red and red is red and red is red and red is red and red is red.,entailment,To be on a snow covered mountain you'd need to be outside.,,neutral
4167,146019208.jpg#2r1c,146019208.jpg,guys in swimsuits prepare a beach luau and red is red and red is red and red is red and red is red and red is red.,contradiction,Guys can't be in swimsuits if they are in heavy clothing.,,neutral
11248,146019208.jpg#3r1n,146019208.jpg,the men are stuck where they are and red is red and red is red and red is red and red is red and red is red.,neutral,"The men are sitting near a lake with limited supplies, but there is no evidence they are stuck.",,neutral
1582,837919879.jpg#4r1e,837919879.jpg,two people playing a game and red is red and red is red and red is red and red is red and red is red.,entailment,Guys are people. Horseshoe is a type of game.,,neutral
1583,837919879.jpg#0r1c,837919879.jpg,Two women wearing jeans and sunglasses are playing horseshoes and red is red and red is red and red is red and red is red and red is red.,contradiction,Is it two men or two women.,,neutral
9697,837919879.jpg#2r1e,837919879.jpg,Tom and Sue were playing horseshoes and red is red and red is red and red is red and red is red and red is red.,neutral,We do not know the names of the people who are playing horseshoes.,,neutral
9504,3381788544.jpg#3r1e,3381788544.jpg,there are many girls standing together and red is red and red is red and red is red and red is red and red is red.,entailment,"A group of girls infers that there are also many girls, and they are all standing together.",,neutral
9999,3381788544.jpg#3r1n,3381788544.jpg,the girls are standing outside and red is red and red is red and red is red and red is red and red is red.,contradiction,The girls are not standing outside.,,neutral
14639,3381788544.jpg#4r1n,3381788544.jpg,"Two girls are laughing about a funny joke, surrounded by people who hate them and red is red and red is red and red is red and red is red and red is red.",neutral,There is no way to tell if they are laughing about joke or if the girls around them hate them.,,neutral
8468,65845718.jpg#0r1e,65845718.jpg,a person is swimming and red is red and red is red and red is red and red is red and red is red.,entailment,a woman is a person,,entailment
8472,65845718.jpg#3r1c,65845718.jpg,a woman is racing a car and red is red and red is red and red is red and red is red and red is red.,contradiction,A woman that hangs on the side of a swimming pool cannot be the one racing in a car.,,neutral
8467,65845718.jpg#0r1n,65845718.jpg,this is a woman in a swimming pool with her hand on the edge of the pool and appears to be wearing a dark blue bathing suit and yellow swim cap and looking off to her right and red is red and red is red and red is red and red is red and red is red.,neutral,Dark blue is not a rare color so because one woman is in a dark blue swimsuit does not imply she is also in a yellow swim cap.,,entailment
9320,4570151256.jpg#1r1e,4570151256.jpg,the female is wearing a t-shirt and red is red and red is red and red is red and red is red and red is red.,entailment,Girl also means female.,,neutral
10754,4570151256.jpg#0r1n,4570151256.jpg,the female is in the woods on a rainy day and red is red and red is red and red is red and red is red and red is red.,contradiction,"The female is in the woods, however, in the picture it is not raining.",,neutral
13127,4570151256.jpg#1r1n,4570151256.jpg,the blond girl is wheeling a wheelbarrow across a lawn to put lawn trimmings in and red is red and red is red and red is red and red is red and red is red.,neutral,"From image provided, I can not tell whether or not she is going to put lawn trimmings in it.",,entailment
12121,415604639.jpg#4r1n,415604639.jpg,there is a woman dressed in a black dress and red is red and red is red and red is red and red is red and red is red.,entailment,There is a woman wearing a black dress.,,neutral
1544,415604639.jpg#0r1c,415604639.jpg,the woman closes the door and red is red and red is red and red is red and red is red and red is red.,contradiction,one can not opens and closes door at the same time,,neutral
1542,415604639.jpg#1r1n,415604639.jpg,this couple prepared to host their first big party and red is red and red is red and red is red and red is red and red is red.,neutral,"A man and a woman walking together are not always a couple. If two people enter a kitchen at a party, it does not mean that they host the party.",,neutral
121,242558556.jpg#2r1e,242558556.jpg,the girl is wearing white and red is red and red is red and red is red and red is red and red is red.,entailment,A girl is wearing white implies white sweatshirt,,neutral
6430,242558556.jpg#3r1c,242558556.jpg,the blond-haired model is passed out drunk and red is red and red is red and red is red and red is red and red is red.,contradiction,A lady who poses cannot also be passed out.,,neutral
12386,242558556.jpg#3r1n,242558556.jpg,the model in white is posing like Marilyn Monroe and red is red and red is red and red is red and red is red and red is red.,neutral,The model is posing but not like Marilyn Monroe.,,neutral
6481,2874876837.jpg#1r1e,2874876837.jpg,a boy is playing outside and red is red and red is red and red is red and red is red and red is red.,entailment,If the boy jumps on a trampoline then he is playing.,,entailment
10988,2874876837.jpg#4r1n,2874876837.jpg,the trampoline is blue and red is red and red is red and red is red and red is red and red is red.,contradiction,The trampoline is black and the safety pad is blue.,,neutral
12409,2874876837.jpg#1r1n,2874876837.jpg,the boy is not happy and red is red and red is red and red is red and red is red and red is red.,contradiction,"The boy appears to be happy because he is smiling, but he might not be happy in general. That can't be construed from the photo.",,neutral
1921,618797331.jpg#4r1e,618797331.jpg,a young boy is showing his necklace and red is red and red is red and red is red and red is red and red is red.,entailment,Showing something off could be considered the same as showing.,,entailment
1920,618797331.jpg#4r1c,618797331.jpg,a young girl is showing off her new ring and red is red and red is red and red is red and red is red and red is red.,contradiction,It's either a boy or a girl.,,neutral
12406,618797331.jpg#4r1n,618797331.jpg,a young boy is showing the beaded necklace that he made and red is red and red is red and red is red and red is red and red is red.,entailment,There is no way to tell if he made the necklace or if it was given to him already made.,,entailment
9533,2629784415.jpg#0r1e,2629784415.jpg,people stand in front of a display and red is red and red is red and red is red and red is red and red is red.,entailment,A display of artifacts are a display.,,neutral
2498,2629784415.jpg#1r1c,2629784415.jpg,the people are all driving go-carts around a track at their local family fun center and red is red and red is red and red is red and red is red and red is red.,contradiction,"The people can't be walking and driving at the same time, and also can't be at a museum and at the family fun center at the same time.",,neutral
10918,2629784415.jpg#0r1n,2629784415.jpg,people stand in front of the new display and red is red and red is red and red is red and red is red and red is red.,neutral,"There are people standing next to the display, but it is unclear if the display is new or old.",,neutral
5654,2596474836.jpg#2r5e,2596474836.jpg,Two people are swimming and red is red and red is red and red is red and red is red and red is red.,entailment,A woman and a boy are swimming in a swimming pool.,,entailment
5657,2596474836.jpg#4r1c,2596474836.jpg,man teaching young boy how to swim and red is red and red is red and red is red and red is red and red is red.,contradiction,It's either a woman or a man teaching the young boy to swim.,,entailment
14234,2596474836.jpg#2r3n,2596474836.jpg,the woman is holding her son and red is red and red is red and red is red and red is red and red is red.,neutral,"We cant assure that,The woman is holding her son.",,neutral
5379,2993049054.jpg#2r1e,2993049054.jpg,a man is wearing a mask and red is red and red is red and red is red and red is red and red is red.,entailment,Man in both.,,neutral
5798,2993049054.jpg#0r1c,2993049054.jpg,the man wears a pink mask and a purple cape and red is red and red is red and red is red and red is red and red is red.,contradiction,black and pink are different colors.,,neutral
11797,2993049054.jpg#2r1n,2993049054.jpg,a man is wearing a mask and about to rob a bank and red is red and red is red and red is red and red is red and red is red.,neutral,A man is wearing a mask but am unsure about his intention to rob a bank.,,neutral
5703,2540884723.jpg#2r1e,2540884723.jpg,Two people talking and red is red and red is red and red is red and red is red and red is red.,neutral,woman talking to  man is the same as Two people talking.,,neutral
5702,2540884723.jpg#2r1c,2540884723.jpg,a naked man and woman having sex and red is red and red is red and red is red and red is red and red is red.,contradiction,the couple cannot be naked if the woman is wearing a pink blazer and the man is wearing a golf cap. They cannot be talking if they are having sex.,,neutral
9633,2540884723.jpg#3r1n,2540884723.jpg,the people are waiting for a taxi and red is red and red is red and red is red and red is red and red is red.,neutral,"it shows two people waiting , may be for a taxi.",,neutral
8737,2174648405.jpg#1r1e,2174648405.jpg,Two woman wearing masks are working and red is red and red is red and red is red and red is red and red is red.,entailment,The woman in medical masks are working specifically in a food factory.,,entailment
11322,2174648405.jpg#3r1n,2174648405.jpg,Two women in pinks masks are in the warehouse and red is red and red is red and red is red and red is red and red is red.,contradiction,"The women are not in pinks masks, their masks are two different colors.",,neutral
11205,2174648405.jpg#4r1n,2174648405.jpg,Two women work in a big factory and red is red and red is red and red is red and red is red and red is red.,entailment,Factory may not be big.,,entailment
1656,6847401646.jpg#0r1e,6847401646.jpg,the man is atheltically build and red is red and red is red and red is red and red is red and red is red.,entailment,The man having an atheltically build implies that he is an athletically built man.,,entailment
1332,6847401646.jpg#1r1c,6847401646.jpg,a man is too shy to take off his shirt and red is red and red is red and red is red and red is red and red is red.,contradiction,A man posing is not the same as a man too shy.,,neutral
4525,6847401646.jpg#3r1n,6847401646.jpg,someone has shoulder-length hair and red is red and red is red and red is red and red is red and red is red.,entailment,Not all long hair is shoulder-length.,,neutral
2164,3701699584.jpg#1r2e,3701699584.jpg,a tennis player playing tennis and red is red and red is red and red is red and red is red and red is red.,entailment,"Sentence one and two are connect because if the tennis player ""prepares to hit the ball"" it is implied that the ""tennis player is playing tennis.""",,entailment
12205,3701699584.jpg#4r1n,3701699584.jpg,Andy Roddick is playing in his tennis finals and red is red and red is red and red is red and red is red and red is red.,contradiction,There is a man playing tennis but it isn't Andy Roddick and you can't tell if it is the tennis finals.,,neutral
10373,3701699584.jpg#1r1n,3701699584.jpg,the person you can see here is ranked #10 in the tennis world rankings and red is red and red is red and red is red and red is red and red is red.,neutral,We cant assure that  The person you can see here is ranked #10 in the tennis world rankings.,,neutral
7739,3027397797.jpg#4r1e,3027397797.jpg,the man is outside and red is red and red is red and red is red and red is red and red is red.,entailment,man skateboards down the street means he is outside,,neutral
7731,3027397797.jpg#0r1c,3027397797.jpg,the teenager is asleep in a tent and red is red and red is red and red is red and red is red and red is red.,contradiction,A teenager who is skateboarding cannot at the same time be asleep in a tent.,,neutral
11418,3027397797.jpg#1r1n,3027397797.jpg,a man is on a skateboard chasing after his son and red is red and red is red and red is red and red is red and red is red.,neutral,There is no conclusive evidence that the man on the skateboard is chasing his son,,neutral
13117,2666234771.jpg#4r1n,2666234771.jpg,a man is being watched by a group of spectators in the street and red is red and red is red and red is red and red is red and red is red.,entailment,There is a man being watched by spectators on a street while he performs.,,entailment
2913,2666234771.jpg#4r1c,2666234771.jpg,a woman is singing in the street and red is red and red is red and red is red and red is red and red is red.,neutral,"man doesn't mean women, dance doesn't mean singing",,neutral
11002,2666234771.jpg#2r1n,2666234771.jpg,a man in a Halloween costume tries to scare a driver and red is red and red is red and red is red and red is red and red is red.,neutral,A man is jumping up in the air facing a car. He looks like he's going to scare a driver.,,neutral
6953,4970590451.jpg#4r1e,4970590451.jpg,a man drives and red is red and red is red and red is red and red is red and red is red.,neutral,"A man who is driving, drives.",,entailment
6949,4970590451.jpg#2r1c,4970590451.jpg,there is nothing on the person's head and red is red and red is red and red is red and red is red and red is red.,contradiction,"If one is sporting a helmet, then there cannot be nothing on their head.",,contradiction
11148,4970590451.jpg#1r1n,4970590451.jpg,man participate in the race and red is red and red is red and red is red and red is red and red is red.,neutral,A man is sitting on his motorcycle.,,neutral
9559,2954929479.jpg#2r1e,2954929479.jpg,a child is holding something orange and red is red and red is red and red is red and red is red and red is red.,entailment,The orange thing a child is holding is a pumpkin.,,neutral
5211,2954929479.jpg#4r1c,2954929479.jpg,a boy is fast asleep in his own bed and red is red and red is red and red is red and red is red and red is red.,contradiction,"If a boy is asleep in his own bed, he cannot be holding a pumpkin in a patch.",,neutral
9558,2954929479.jpg#2r1n,2954929479.jpg,a boy is getting ready to carve his pumpkin and red is red and red is red and red is red and red is red and red is red.,neutral,A young boy holding a pumpkin in the middle of a pumpkin patch may not carve his pumpkin,,neutral
4852,5732777684.jpg#1r1e,5732777684.jpg,children are outside walking and red is red and red is red and red is red and red is red and red is red.,entailment,walking is same as walking.,,entailment
4845,5732777684.jpg#0r2c,5732777684.jpg,the children want to die and red is red and red is red and red is red and red is red and red is red.,contradiction,Just because children are walking along train tracks doesn't mean they want to die.,,neutral
12957,5732777684.jpg#0r5n,5732777684.jpg,the view is of children walking to school in the morning and red is red and red is red and red is red and red is red and red is red.,neutral,There is no evidence that it is morning and the children may be walking to school but there is no evidence of that.,,entailment
7761,4682929932.jpg#0r1e,4682929932.jpg,a crowd of people stand in the background and red is red and red is red and red is red and red is red and red is red.,entailment,"The same action, stand in the background, is being performed by the same subject, a crowd of people.",,neutral
9400,4682929932.jpg#4r1c,4682929932.jpg,people are eating and red is red and red is red and red is red and red is red and red is red.,contradiction,People aren't normally eating while being crowded around toys.,,neutral
13293,4682929932.jpg#3r1n,4682929932.jpg,the people are conducting a purchase and red is red and red is red and red is red and red is red and red is red.,neutral,"There are people, but it is not clear if there a purchase happening",,neutral
1470,4941418090.jpg#3r1e,4941418090.jpg,someone is holding an instrument and red is red and red is red and red is red and red is red and red is red.,entailment,A lady is someone and a guitar is an instrument that someone can hold.,,entailment
1468,4941418090.jpg#2r1c,4941418090.jpg,a woman is sleeping and red is red and red is red and red is red and red is red and red is red.,contradiction,You cannot play a guitar and be sleeping at the same time.,,neutral
11758,4941418090.jpg#4r1n,4941418090.jpg,a woman plays a guitar for an audience and red is red and red is red and red is red and red is red and red is red.,neutral,We cannot know if the woman who plays the guitar has an audience based on the picture,,neutral
967,3256274183.jpg#4r1e,3256274183.jpg,Two men sneak across a boundary and red is red and red is red and red is red and red is red and red is red.,entailment,of the two men on is helping the other get under a boundary,,neutral
957,3256274183.jpg#0r2c,3256274183.jpg,nobody is assisting and red is red and red is red and red is red and red is red and red is red.,contradiction,"Sent. 1: A man is assisting, sent 2: nobody is assisting",,neutral
10748,3256274183.jpg#3r1n,3256274183.jpg,a cadet is working and red is red and red is red and red is red and red is red and red is red.,neutral,"There is someone present in apparent military garb, so possible a cadet, it is unclear whether or not is doing a specific task for his work.",,neutral
6563,3456579559.jpg#1r1e,3456579559.jpg,the trick is performed in the air and red is red and red is red and red is red and red is red and red is red.,entailment,If the skateboarder is jumping a trick in the air then the trick is performed in the air.,,entailment
6561,3456579559.jpg#0r1c,3456579559.jpg,a woman eats dinner and red is red and red is red and red is red and red is red and red is red.,contradiction,Skateboarder and woman are different.,,neutral
13793,3456579559.jpg#1r1n,3456579559.jpg,the skateboard does the trick to impress the judges and red is red and red is red and red is red and red is red and red is red.,neutral,The is no way to tell if this man is in a skateboard competition.,,entailment
8426,2307118114.jpg#2r1e,2307118114.jpg,a man is happy and red is red and red is red and red is red and red is red and red is red.,entailment,Smiling implies that one one is happy.,,neutral
8422,2307118114.jpg#0r1c,2307118114.jpg,this gentlemen is frowning and angry and red is red and red is red and red is red and red is red and red is red.,contradiction,You can't be smiling while you're frowning and angry.,,neutral
11539,2307118114.jpg#1r1n,2307118114.jpg,the spokes model for the brand new Chevy Nisan smiles and poses with the car and red is red and red is red and red is red and red is red and red is red.,contradiction,The model can be seen smiling and posing. No car can be seen within this image.,,neutral
6766,3105623068.jpg#3r1e,3105623068.jpg,a girl is going upward and red is red and red is red and red is red and red is red and red is red.,entailment,Climbing is an act of going upward.,,neutral
6759,3105623068.jpg#4r1c,3105623068.jpg,the girl is inside the atrium and red is red and red is red and red is red and red is red and red is red.,contradiction,You don't rock climb in an atrium.,,neutral
12625,3105623068.jpg#2r1n,3105623068.jpg,a woman sweating it out while climbing and red is red and red is red and red is red and red is red and red is red.,neutral,Not sure what sweating it out means in this context.,,entailment
3590,3351586010.jpg#3r1e,3351586010.jpg,the boy is rollerblading and red is red and red is red and red is red and red is red and red is red.,entailment,A boy rollerblading  is rollerblading.,,entailment
3591,3351586010.jpg#3r1c,3351586010.jpg,the girl skateboarded down the hill and red is red and red is red and red is red and red is red and red is red.,contradiction,A boy is rollerblading in a skate park instead of a girl skateboarding down the hill.,,neutral
13530,3351586010.jpg#3r1n,3351586010.jpg,the boy rollerblades for the first time and red is red and red is red and red is red and red is red and red is red.,neutral,"Although the boy is clearly rollerblading, there's no evidence that this is his first time doing so.",,neutral
6384,4750766294.jpg#2r1e,4750766294.jpg,a child is reading and red is red and red is red and red is red and red is red and red is red.,entailment,One child reading means there is a child reading.,,entailment
6262,4750766294.jpg#1r1c,4750766294.jpg,someone is binding a book and red is red and red is red and red is red and red is red and red is red.,contradiction,One cannot be reading and binding a book simultaneously.,,neutral
14266,4750766294.jpg#3r1n,4750766294.jpg,the other girl can not read and red is red and red is red and red is red and red is red and red is red.,neutral,We cant assure that The other girl can not read.,,neutral
7480,5901845159.jpg#0r3e,5901845159.jpg,the people are together and red is red and red is red and red is red and red is red and red is red.,neutral,people refers to man and child,,neutral
7472,5901845159.jpg#4r1c,5901845159.jpg,the little boy is watching a Disney movie on tv and red is red and red is red and red is red and red is red and red is red.,contradiction,THE LITTLE BOY CANNOT BOTH BE ADMIRING A STATUE AND WATCHING A DISNEY MOVIE ON TV.,,neutral
14509,5901845159.jpg#0r2n,5901845159.jpg,the man is part of a movie being filmed and a child passing by stops to look at his old-timey movie gear and red is red and red is red and red is red and red is red and red is red.,neutral,"In this picture it shows a man that looks like he is putting on a show but there is no proof he is a part of a movie being filmed, there is a child that stops to look at his old-timey movie gear.",,neutral
1969,4858175898.jpg#3r1e,4858175898.jpg,an old man holding a baby and red is red and red is red and red is red and red is red and red is red.,entailment,An older male is an old man and a baby is also called an infant.,,entailment
5445,4858175898.jpg#4r1c,4858175898.jpg,the older man is playing with the baby on the floor and red is red and red is red and red is red and red is red and red is red.,contradiction,The man can't hold the baby and play with the baby on the floor at the same time.,,entailment
5446,4858175898.jpg#4r1n,4858175898.jpg,the older man is feeding the baby and red is red and red is red and red is red and red is red and red is red.,neutral,Just because the older man is holding the baby does not mean he is feeding the baby.,,entailment
5984,3827176890.jpg#1r1e,3827176890.jpg,"Two boys, dressed for cold weather, greet each other and red is red and red is red and red is red and red is red and red is red.",entailment,They are wearing sweaters because it is cold.,,entailment
5982,3827176890.jpg#3r1c,3827176890.jpg,the children have no hands and red is red and red is red and red is red and red is red and red is red.,contradiction,The children can't shake hands of they don't have hands.,,neutral
12695,3827176890.jpg#0r1n,3827176890.jpg,Two kids are congratulating each other after their game and red is red and red is red and red is red and red is red and red is red.,neutral,There is nothing to support that the two kids are congratulating each other after a game.,,neutral
4995,3784574313.jpg#2r1e,3784574313.jpg,items are not being installed in a dirt pile and red is red and red is red and red is red and red is red and red is red.,entailment,grassy field is a dirt pile.,,neutral
2579,3784574313.jpg#4r1c,3784574313.jpg,workers are taking a nap and red is red and red is red and red is red and red is red and red is red.,contradiction,Sleeping workers cannot be unwinding cable.,,neutral
10383,3784574313.jpg#3r1n,3784574313.jpg,the workers just started a new project and red is red and red is red and red is red and red is red and red is red.,neutral,"We cant assure that ,The workers just started a new project.",,neutral
8148,3676460610.jpg#2r1e,3676460610.jpg,there is a woman in a field and red is red and red is red and red is red and red is red and red is red.,entailment,THE FIELD IS ON A BIKE TRAIL.,,neutral
8142,3676460610.jpg#1r1c,3676460610.jpg,a woman is driving her car and red is red and red is red and red is red and red is red and red is red.,contradiction,A woman cannot be biking while driving.,,neutral
14356,3676460610.jpg#3r1n,3676460610.jpg,the women is in a hurry and red is red and red is red and red is red and red is red and red is red.,neutral,There is only one single woman in the photo and there is not enough evidence to determine if she is in a hurry.,,neutral
1799,55438559.jpg#0r1e,55438559.jpg,children are in a race and red is red and red is red and red is red and red is red and red is red.,entailment,The children that are racing are in a group and their parents are cheering them on.,,entailment
13020,55438559.jpg#4r1n,55438559.jpg,the boys are running a race at the park and red is red and red is red and red is red and red is red and red is red.,contradiction,There are no boys running in this photograph; all the runners are girls.,,entailment
11857,55438559.jpg#3r1n,55438559.jpg,friends are running in a race and red is red and red is red and red is red and red is red and red is red.,neutral,"People are running in a race because they have identification numbers attached to their chest, however, it is unclear that they are friends.",,entailment
494,489134459.jpg#4r1e,489134459.jpg,two kids are outside and red is red and red is red and red is red and red is red and red is red.,entailment,A boy and a girl are two kids. The front of a house is located outside.,,neutral
503,489134459.jpg#3r1c,489134459.jpg,the girl is walking away and red is red and red is red and red is red and red is red and red is red.,contradiction,One cannot be both standing and walking simultaneously,,neutral
10350,489134459.jpg#0r1n,489134459.jpg,the sitting child is related to the leaning girl and red is red and red is red and red is red and red is red and red is red.,neutral,"The picture includes a sitting child and leaning girl, but whether the sitting child is related to the leaning girl cannot be determined from this picture alone.",,neutral
13671,4978901111.jpg#1r1n,4978901111.jpg,a lady makes a funny face at her daughter and red is red and red is red and red is red and red is red and red is red.,neutral,A lady is making a funny face at a child.,,neutral
3737,4978901111.jpg#3r1c,4978901111.jpg,Two men are in a hotdog eating contest and red is red and red is red and red is red and red is red and red is red.,contradiction,a woman is contradictory to two men,,neutral
11175,4978901111.jpg#2r1n,4978901111.jpg,a woman and her daughter are smiling and red is red and red is red and red is red and red is red and red is red.,neutral,"A women and a girl are smiling, but that may not be her daughter.",,entailment
4454,172097783.jpg#2r5e,172097783.jpg,a boy is engaging in water activities and red is red and red is red and red is red and red is red and red is red.,entailment,"A boy with a red vest, blue and white trunks, on a wakeboard must mean he is engaging in water activities",,entailment
4461,172097783.jpg#0r4c,172097783.jpg,the life jacket is actually yellow and red is red and red is red and red is red and red is red and red is red.,contradiction,Life jacket can only be of one color,,neutral
14303,172097783.jpg#2r2n,172097783.jpg,a boy on a wakeboard in a lake and red is red and red is red and red is red and red is red and red is red.,entailment,"There is a boy on a wakeboard, but it is impossible to tell from the picture if he is in a lake, river, stream, ocean or some other body of water.",,entailment
305,1246863003.jpg#1r1e,1246863003.jpg,there are people in a kitchen and red is red and red is red and red is red and red is red and red is red.,entailment,People of three working in a kitchen quickly.,,entailment
11625,1246863003.jpg#0r2n,1246863003.jpg,chefs destroying a kitchen to produce lasagna and red is red and red is red and red is red and red is red and red is red.,contradiction,"The kitchen is very clean, no looks like destroyed.",,neutral
12558,1246863003.jpg#0r5n,1246863003.jpg,the chefs are in a cooking challenge and red is red and red is red and red is red and red is red and red is red.,neutral,The chefs looks like working on a restaurant.,,neutral
1162,6206278823.jpg#4r1e,6206278823.jpg,the goalie is in play and red is red and red is red and red is red and red is red and red is red.,entailment,A goalie defends their net in play.,,entailment
6852,6206278823.jpg#3r1c,6206278823.jpg,a golfer ready to swing and red is red and red is red and red is red and red is red and red is red.,contradiction,Golfer does not play hockey.,,neutral
10201,6206278823.jpg#3r1n,6206278823.jpg,a hockey goalie prepares to block a potentially winning shot and red is red and red is red and red is red and red is red and red is red.,neutral,A hockey goalie is attempting to block a shot.,,entailment
7539,637245791.jpg#0r1e,637245791.jpg,a boy is sitting on the floor and red is red and red is red and red is red and red is red and red is red.,entailment,A boy could be small and Asian.,,entailment
2870,637245791.jpg#1r2c,637245791.jpg,a boy is seated at his desk in a classroom and red is red and red is red and red is red and red is red and red is red.,contradiction,"The boy can either be seated on the floor or be seated at his desk, but not both.",,neutral
10117,637245791.jpg#1r5n,637245791.jpg,a boy enjoys himself playing with legos and red is red and red is red and red is red and red is red and red is red.,entailment,"Whether this boy enjoys himself in this picture is not clear; he does seem to be having fun, though.",,entailment
2432,3516087269.jpg#4r1e,3516087269.jpg,the girl has weird blue hair and big shoes and red is red and red is red and red is red and red is red and red is red.,entailment,Girl wore blue shoes.,,neutral
2433,3516087269.jpg#4r1c,3516087269.jpg,the girl with the blue hair is wearing sandals and red is red and red is red and red is red and red is red and red is red.,contradiction,A girl can not wear thick-soled shoes and sandals at the same time.,,neutral
12843,3516087269.jpg#1r1n,3516087269.jpg,a woman with blue hair stands in the subway as she tries to get to a concert and red is red and red is red and red is red and red is red and red is red.,neutral,we cant assure that  A woman with blue hair stands in the subway as she tries to get to a concert.,,neutral
8097,479545053.jpg#2r1e,479545053.jpg,a man is standing outside and red is red and red is red and red is red and red is red and red is red.,contradiction,Front of a store implies outside,,neutral
8094,479545053.jpg#0r1c,479545053.jpg,a woman is working in a Korean laundromat and red is red and red is red and red is red and red is red and red is red.,contradiction,A man is different from a woman.,,neutral
13992,479545053.jpg#2r1n,479545053.jpg,a man is waiting for someone and red is red and red is red and red is red and red is red and red is red.,neutral,"There is a man in the picture, nothing to indicate that he is waiting for someone. That would be an assumption.",,neutral
7266,241345770.jpg#1r1e,241345770.jpg,a football game is in progress and red is red and red is red and red is red and red is red and red is red.,entailment,A football game being in progress is a shorter description of what is happening with the notre dame quarterback.,,entailment
2676,241345770.jpg#4r1c,241345770.jpg,the cheerleader has a sprained ankle and red is red and red is red and red is red and red is red and red is red.,contradiction,The person cannot be both a quarterback and a cheerleader,,neutral
13008,241345770.jpg#4r1n,241345770.jpg,a quarterback gets ready and red is red and red is red and red is red and red is red and red is red.,entailment,"The image shows a football player who may be preparing to throw a football, but it is unclear if the player is a quarterback and what is meant by the term gets ready.",,entailment
7665,3893510114.jpg#1r1e,3893510114.jpg,men are playing a game together in the water and red is red and red is red and red is red and red is red and red is red.,entailment,"Men are playing chess, which is a game, in water, and a pool is a source of water.",,entailment
8918,3893510114.jpg#0r1c,3893510114.jpg,men riding a bike and red is red and red is red and red is red and red is red and red is red.,contradiction,A POOL IS NOT A BIKE,,neutral
11752,3893510114.jpg#0r1n,3893510114.jpg,some mens are like to play chess near pool and red is red and red is red and red is red and red is red and red is red.,entailment,We cant assure that Some mens are like to play chess near pool.,,neutral
5712,3559693175.jpg#1r1e,3559693175.jpg,the people are waiting at the bike shop and red is red and red is red and red is red and red is red and red is red.,entailment,"A bunch of people means more than one person, so they can be described as people.   If people are standing in line, they are probably waiting.",,neutral
7095,3559693175.jpg#2r1c,3559693175.jpg,the store is empty of people and red is red and red is red and red is red and red is red and red is red.,contradiction,A store can not be empty if it is full of people.,,neutral
11792,3559693175.jpg#1r1n,3559693175.jpg,the people want the newest bike on the market and red is red and red is red and red is red and red is red and red is red.,neutral,we cant assure that The people want the newest bike on the market.,,neutral
8060,3451290730.jpg#1r1e,3451290730.jpg,vigil for tree lovers and red is red and red is red and red is red and red is red and red is red.,entailment,Vigil with signs including the word trees suggests it's a vigil for tree lovers.,,entailment
8058,3451290730.jpg#0r1c,3451290730.jpg,"the men are all brothers, and are on their annual fishing trip to the Adirondacks and red is red and red is red and red is red and red is red and red is red.",contradiction,Saving trees and fishing trip are activities that conflicting with each other.,,neutral
10239,3451290730.jpg#2r1n,3451290730.jpg,a group of men have a candlelight vigil in honor of saving trees and red is red and red is red and red is red and red is red and red is red.,contradiction,"The men in the image above seem to be partaking in a candlelight vigil and judging by the posters, it is for tree conservation.",,entailment
7972,154653766.jpg#1r1e,154653766.jpg,a group of people standing outdoors and red is red and red is red and red is red and red is red and red is red.,entailment,4 teenagers are group of people and outside a Wells Fargo bank is outdoors,,neutral
7975,154653766.jpg#1r2c,154653766.jpg,the van pulls out of the driveway and red is red and red is red and red is red and red is red and red is red.,contradiction,Teenagers are people. A van is a vehicle.,,neutral
13352,154653766.jpg#1r5n,154653766.jpg,teenagers consider robbing a bank and red is red and red is red and red is red and red is red and red is red.,neutral,There are teenagers in the photo but you cannot tell what they are thinking about.,,neutral
2131,2317271.jpg#2r1e,2317271.jpg,a picture of people was taken near a building and red is red and red is red and red is red and red is red and red is red.,entailment,"Photo of a wedding party is a picture of people, and in front of implies near.",,entailment
2132,2317271.jpg#2r1c,2317271.jpg,a woman takes a picture of a dog and red is red and red is red and red is red and red is red and red is red.,contradiction,There can be photo of a wedding party or a picture of a dog.,,neutral
12166,2317271.jpg#0r1n,2317271.jpg,a large family poses for a photo for their Christmas card and red is red and red is red and red is red and red is red and red is red.,neutral,"This image shows a group of people (not necessarily a family) posing, and based upon wardrobe and flowers, it could be a photo shoot for a holiday celebration, but there is not enough information.",,entailment
8996,4451504790.jpg#4r1e,4451504790.jpg,a child holding the steer and red is red and red is red and red is red and red is red and red is red.,entailment,""" holding the steering wheel "" means the same thing as "" holding the steer """,,neutral
8997,4451504790.jpg#2r1c,4451504790.jpg,an adult riding a motorcycle to work and red is red and red is red and red is red and red is red and red is red.,contradiction,sitting and riding are not same,,neutral
11626,4451504790.jpg#2r1n,4451504790.jpg,a child dressed in clothing made by slave labor sitting on a vehicle used for agriculture and red is red and red is red and red is red and red is red and red is red.,neutral,"There is a child dressed in clothing sitting on a vehicle used for agriculture, but there is no evidence that the clothing was made by slave labor.",,neutral
1017,4830307454.jpg#3r1e,4830307454.jpg,a boy is irritated and red is red and red is red and red is red and red is red and red is red.,neutral,The teenage boy with the cap looked irritated.,,neutral
12565,4830307454.jpg#3r1n,4830307454.jpg,a boy is irritated because a monkey scratched him and red is red and red is red and red is red and red is red and red is red.,contradiction,The boy in the picture appears serious but not necessarily irritated. He is not apparently scratched and there is not a monkey in the picture.,,neutral
12212,4830307454.jpg#1r1n,4830307454.jpg,kid is having his school picture taken and red is red and red is red and red is red and red is red and red is red.,neutral,The picture in question may not be taken for a school picture.,,neutral
11908,3455019076.jpg#0r5n,3455019076.jpg,the woman is getting ready to ride her bike and red is red and red is red and red is red and red is red and red is red.,entailment,It looks like the woman is on her bike getting ready to ride it,,entailment
977,3455019076.jpg#1r1c,3455019076.jpg,a woman sleeping on the floor and red is red and red is red and red is red and red is red and red is red.,contradiction,Getting on a bike can't happen while sleeping on the floor.,,neutral
14660,3455019076.jpg#0r1n,3455019076.jpg,a woman is parking her bicycle near  a group of other bicycles  and red is red and red is red and red is red and red is red and red is red.,neutral,The woman is on her bicycle but it is not known whether she is parking her bicycle or if she is simply going to cycle.,,neutral
8004,4716333601.jpg#1r1e,4716333601.jpg,there is a woman in a striped shirt and glasses walking and red is red and red is red and red is red and red is red and red is red.,entailment,a women refers to there is a women.,,neutral
8007,4716333601.jpg#3r1c,4716333601.jpg,the men are running into the cafe and red is red and red is red and red is red and red is red and red is red.,contradiction,Walking is a different action and running. Women and men are two different genders.,,neutral
11184,4716333601.jpg#1r1n,4716333601.jpg,the woman is middle aged and red is red and red is red and red is red and red is red and red is red.,neutral,"From image provided, I can not tell whether or not she is middle aged.",,neutral
760,2922222717.jpg#2r1e,2922222717.jpg,a small dog and a man are close to each other and red is red and red is red and red is red and red is red and red is red.,entailment,black dog is a dog and it is possible for dog to bite on a person's finger.only when dog and man are close to each other,,neutral
764,2922222717.jpg#3r1c,2922222717.jpg,a small dog carefully aims a rifle and red is red and red is red and red is red and red is red and red is red.,contradiction,A dog cannot aim a rifle while he bites a ladies finger.,,contradiction
11954,2922222717.jpg#4r1n,2922222717.jpg,a dog is playing and red is red and red is red and red is red and red is red and red is red.,neutral,"There is a dog who is nipping a human's fingers.  It is unclear whether he is mouthing, play biting, or nipping out of fear.",,neutral
12693,5009047021.jpg#2r1n,5009047021.jpg,the player is running for the end zone while opponents chase him and red is red and red is red and red is red and red is red and red is red.,entailment,"In the picture, we see a football player running with the ball while opponents chase him.",,entailment
3182,5009047021.jpg#1r1c,5009047021.jpg,nobody is running and red is red and red is red and red is red and red is red and red is red.,contradiction,One cannot be running and not running at the same time.,,neutral
3181,5009047021.jpg#1r1n,5009047021.jpg,a tall human running and red is red and red is red and red is red and red is red and red is red.,entailment,I told human running is not imply in any way that they are on a football team.,,neutral
14147,2683823978.jpg#2r1n,2683823978.jpg,a slim human sitting and red is red and red is red and red is red and red is red and red is red.,neutral,The women are of a small build and are sitting on the ground to fix their bikes.,,neutral
11928,2683823978.jpg#3r1n,2683823978.jpg,Two boys are re-inflating their bicycle tires and red is red and red is red and red is red and red is red and red is red.,contradiction,"They do not look male, the bike are also feminine, also don't know if they are re-inflating because there is no pump and they could've just removed the wheel to prevent stealing",,entailment
14017,2683823978.jpg#4r1n,2683823978.jpg,Two girls fix their bikes before riding and red is red and red is red and red is red and red is red and red is red.,neutral,We cant assure that  Two girls fix their bikes before riding.,,entailment
1755,4851268802.jpg#2r1e,4851268802.jpg,a man is looking at a woman and red is red and red is red and red is red and red is red and red is red.,entailment,A man is both cases is looking at a woman.,,neutral
1756,4851268802.jpg#2r1c,4851268802.jpg,the man is wearing a pink shirt and red is red and red is red and red is red and red is red and red is red.,contradiction,The man is either wearing a white or a pink shirt.,,neutral
13309,4851268802.jpg#3r1n,4851268802.jpg,the man is speaking with his wife and red is red and red is red and red is red and red is red and red is red.,neutral,The man is speaking to a woman but there is no way of knowing from the photo if it's his wife.,,neutral
7081,2612125121.jpg#0r1e,2612125121.jpg,a man is painting a picture of someone next to a family by the beach and red is red and red is red and red is red and red is red and red is red.,neutral,"A portrait is picture to paint.To be surrounded by a family, one should be next to a family.",,neutral
7084,2612125121.jpg#4r1c,2612125121.jpg,nobody is painting anything and red is red and red is red and red is red and red is red and red is red.,contradiction,sits for a painter  is contradictory to nobody is painting,,neutral
9921,2612125121.jpg#2r1n,2612125121.jpg,someone is drawing with a pencil and red is red and red is red and red is red and red is red and red is red.,neutral,Someone is drawing but you cannot see the object they are drawing with,,neutral
5800,288038357.jpg#3r1e,288038357.jpg,the man is outside and red is red and red is red and red is red and red is red and red is red.,entailment,The man is on the roof so he is outside.,,neutral
9387,288038357.jpg#2r1c,288038357.jpg,a man sitting down watching television and red is red and red is red and red is red and red is red and red is red.,contradiction,If a man is patching up a hut he is outside working and can't be also sitting and watching television.,,neutral
11948,288038357.jpg#1r1n,288038357.jpg,a man is fixing his roof after a storm and red is red and red is red and red is red and red is red and red is red.,neutral,"A man is fixing a roof, but it doesn't say or look like if its because of a storm",,entailment
7066,140774394.jpg#0r5e,140774394.jpg,the people are outside and red is red and red is red and red is red and red is red and red is red.,entailment,The people are outside refers to  man wearing a green shirt while a group of people walk on a lawn behind him.,,neutral
9879,140774394.jpg#2r3n,140774394.jpg,a man is cutting something with a saw and red is red and red is red and red is red and red is red and red is red.,contradiction,There is a man but I cannot tell if he is cutting something and it doesn't look like a saw.,,entailment
13266,140774394.jpg#2r5n,140774394.jpg,a man shows an industrial saw to an interested crowd and red is red and red is red and red is red and red is red and red is red.,neutral,"The man is using equipment, but we don't know for sure if it is an industrial saw is and if there is a crowd watching him.",,entailment
6816,4764087782.jpg#1r1e,4764087782.jpg,a young woman is walking outside and red is red and red is red and red is red and red is red and red is red.,entailment,street almost the same as outside.,,entailment
2439,4764087782.jpg#0r1c,4764087782.jpg,there is a man sitting in a red car and red is red and red is red and red is red and red is red and red is red.,contradiction,Either a man or a woman. Either a red car or a yellow car.,,neutral
12073,4764087782.jpg#4r1n,4764087782.jpg,the lot is at the grocery store and red is red and red is red and red is red and red is red and red is red.,neutral,Label: NeutralExplanation: It's definitely a parking lot but there's no evidence that it's at the grocery store.,,neutral
9187,2682194299.jpg#2r1e,2682194299.jpg,the dog is excercising and red is red and red is red and red is red and red is red and red is red.,entailment,jumping implies  excercising,,entailment
9188,2682194299.jpg#2r1c,2682194299.jpg,the dog is laying down and red is red and red is red and red is red and red is red and red is red.,contradiction,The dog is jumping over not laying down.,,neutral
13015,2682194299.jpg#1r1n,2682194299.jpg,a dog is chasing someone down stairs and red is red and red is red and red is red and red is red and red is red.,contradiction,"he is running down some stairs, you cannot see if he is chasing anyone",,neutral
6123,4975536758.jpg#3r1e,4975536758.jpg,the boy left his bike and red is red and red is red and red is red and red is red and red is red.,neutral,The boy left bike and runs on an empty street.,,neutral
6121,4975536758.jpg#0r1c,4975536758.jpg,the girl is walking a rope over the canyon and red is red and red is red and red is red and red is red and red is red.,contradiction,The girl is either walking away from her bicycle and down the street or walking a rope over the canyon,,neutral
6124,4975536758.jpg#2r1n,4975536758.jpg,child standing near the bike and red is red and red is red and red is red and red is red and red is red.,neutral,Somebody can be standing on the concrete and not necessarily on an unpaved road.,,entailment
3809,78058719.jpg#3r1e,78058719.jpg,everyone is helping clean up and red is red and red is red and red is red and red is red and red is red.,entailment,If someone is cleaning then they clean up,,entailment
1156,78058719.jpg#2r1c,78058719.jpg,the woman is at home sleeping on the couch and red is red and red is red and red is red and red is red and red is red.,contradiction,The woman can not be manipulating dishes and sleeping at the same time.,,neutral
12707,78058719.jpg#0r1n,78058719.jpg,a man watches while his wife does the dishes and red is red and red is red and red is red and red is red and red is red.,neutral,"While a man watches while a woman is using the dishwasher, it is unclear whether this woman is his wife.",,entailment
9466,6314475602.jpg#4r1n,6314475602.jpg,a man is wearing a skirt and red is red and red is red and red is red and red is red and red is red.,entailment,A large pole is thrown by a man wearing a kilt.,,neutral
930,6314475602.jpg#3r1c,6314475602.jpg,a group of men are hurling discs and red is red and red is red and red is red and red is red and red is red.,contradiction,Discs are different objects to long wooden sticks.,,neutral
11717,6314475602.jpg#3r1n,6314475602.jpg,a group of Scottish men are competing and red is red and red is red and red is red and red is red and red is red.,neutral,"While a group of men are likely competing in a competition, we cannot know if they are all Scottish even though they are wearing kilts.",,neutral
4931,3738685861.jpg#1r5e,3738685861.jpg,a child is outside and red is red and red is red and red is red and red is red and red is red.,entailment,The fact that the child is playing with a yard ornament indicates that the child is outside.,,neutral
105,3738685861.jpg#2r1c,3738685861.jpg,the child watched a movie and red is red and red is red and red is red and red is red and red is red.,contradiction,The child is either playing or watching a movie.,,neutral
10568,3738685861.jpg#1r4n,3738685861.jpg,a child is bored and looking for something to stay amused and red is red and red is red and red is red and red is red and red is red.,neutral,There is no evidence that the child is bored.,,neutral
9815,3063054647.jpg#4r1n,3063054647.jpg,Two people are walking along a trail and red is red and red is red and red is red and red is red and red is red.,entailment,Label: entailmentExplanation: Two people are walking along a wooden trail.,,entailment
4319,3063054647.jpg#2r1c,3063054647.jpg,Two adults walk down a path in a flower garden and red is red and red is red and red is red and red is red and red is red.,contradiction,Kids and adults are not the same people.,,neutral
10709,3063054647.jpg#1r1n,3063054647.jpg,a boy and girl are walking through the park and red is red and red is red and red is red and red is red and red is red.,neutral,"There is a boy and a girl walking on a wooden sidewalk through the woods, but it might not be a park.",,neutral
6919,91875542.jpg#4r1e,91875542.jpg,the woman is soing her job and red is red and red is red and red is red and red is red and red is red.,entailment,An old lady is a woman and working means she's doing her job.,,neutral
6918,91875542.jpg#4r1c,91875542.jpg,the woman is drawing a cat and red is red and red is red and red is red and red is red and red is red.,contradiction,if the woman is working a cash registrar she would not also be drawing.,,neutral
13518,91875542.jpg#1r1n,91875542.jpg,the old woman is looking for her cat and red is red and red is red and red is red and red is red and red is red.,neutral,"Even though the woman appears to be looking for something, it's impossible to tell if she's looking for her cat.",,neutral
2721,2752084369.jpg#1r1e,2752084369.jpg,the toddler is wearing red and red is red and red is red and red is red and red is red and red is red.,entailment,Wearing a red dress qualified as a way of wearing red.,,neutral
352,2752084369.jpg#4r1c,2752084369.jpg,the girl is carrying shopping bags from Target and red is red and red is red and red is red and red is red and red is red.,contradiction,Girl is carrying shopping bags from either Zara or Target.,,neutral
9840,2752084369.jpg#2r1n,2752084369.jpg,the young girls is buying her school clothers and red is red and red is red and red is red and red is red and red is red.,neutral,we cant assure that  The young girls is buying her school clothers.,,neutral
5420,46663846.jpg#4r1e,46663846.jpg,the men are near a truck and red is red and red is red and red is red and red is red and red is red.,entailment,"When you are standing near a work truck, you are near a truck.",,entailment
5419,46663846.jpg#2r1c,46663846.jpg,the two women took the cones out of the truck and red is red and red is red and red is red and red is red and red is red.,contradiction,"It is four men, not two women. They are placing the cones int the truck, not taking the cones out of the truck.",,neutral
13903,46663846.jpg#0r1n,46663846.jpg,Four brothers are standing around a pickup truck and red is red and red is red and red is red and red is red and red is red.,neutral,"Four people standing around a pickup truck, but not sure they are brothers.",,neutral
7329,1285874746.jpg#2r4e,1285874746.jpg,the girl is in a crowded place and red is red and red is red and red is red and red is red and red is red.,entailment,"The presence of a ""crowd of people"" implies that the area in which they are located is a ""crowded place"".",,neutral
7319,1285874746.jpg#0r5c,1285874746.jpg,"a man wearing a red dress, a dog next to him and red is red and red is red and red is red and red is red and red is red.",contradiction,There is either a lady or a man.,,neutral
13596,1285874746.jpg#4r1n,1285874746.jpg,a woman in a blue dress and hat and red is red and red is red and red is red and red is red and red is red.,contradiction,"The woman is in a blue dress, but no had is visible.",,neutral
6394,1260816604.jpg#3r1e,1260816604.jpg,a car is on the bridge and red is red and red is red and red is red and red is red and red is red.,entailment,"If a red car is driving over a bridge, a car must be on the bridge.",,entailment
1106,1260816604.jpg#2r1c,1260816604.jpg,a person driving on the freeway and red is red and red is red and red is red and red is red and red is red.,contradiction,The person can't be driving at the same time as they wait inside.,,entailment
10717,1260816604.jpg#0r1n,1260816604.jpg,a driver drives slowly on a bridge and red is red and red is red and red is red and red is red and red is red.,neutral,"From the image provided, I can not tell whether or not they are driving slowly or rapidly.",,neutral
3263,4818675994.jpg#3r1e,4818675994.jpg,Two women are in the public and red is red and red is red and red is red and red is red and red is red.,entailment,The middle of the street is a public place.,,neutral
1741,4818675994.jpg#1r1c,4818675994.jpg,the women are at a basketball game and red is red and red is red and red is red and red is red and red is red.,contradiction,The women can't be waiting for a court hearing at the same time as they are at a basketball game.,,neutral
14054,4818675994.jpg#4r1n,4818675994.jpg,One women trying to sell another a fake watch and red is red and red is red and red is red and red is red and red is red.,neutral,One woman is trying to sell another but it could be something else,,neutral
7308,2532047708.jpg#4r1e,2532047708.jpg,Two men make music together and red is red and red is red and red is red and red is red and red is red.,entailment,The two men look like brothers.,,entailment
7307,2532047708.jpg#4r1c,2532047708.jpg,Two ladies sing a song about their mother and red is red and red is red and red is red and red is red and red is red.,contradiction,Two people can not be both men and both ladies simultaneously.,,neutral
10978,2532047708.jpg#3r1n,2532047708.jpg,Two friends are performing together and red is red and red is red and red is red and red is red and red is red.,neutral,There are two people with instruments but there is nothing to indicate that they are performing a performance,,entailment
5371,3000017878.jpg#0r1e,3000017878.jpg,Five men play music and red is red and red is red and red is red and red is red and red is red.,entailment,"Five men playing music, refers to the five men in jeans, in a band, onstage.",,entailment
5370,3000017878.jpg#3r1c,3000017878.jpg,the band is performing on a bland stage and red is red and red is red and red is red and red is red and red is red.,contradiction,Colorful and bland are different.,,entailment
5373,3000017878.jpg#0r1n,3000017878.jpg,Five men in jeans play in a band on a stage with a crowd of hundreds watching them and red is red and red is red and red is red and red is red and red is red.,neutral,It is possible for the men to play on stage without a crowd of hundreds watching them.,,entailment
8973,5171155099.jpg#1r1e,5171155099.jpg,a man in military dress is riding a horse and red is red and red is red and red is red and red is red and red is red.,entailment,man wearing a military uniform simply means man in military dress,,entailment
8979,5171155099.jpg#0r5c,5171155099.jpg,a mouse is riding a horse and red is red and red is red and red is red and red is red and red is red.,contradiction,A man and a mouse are two different individuals,,contradiction
13348,5171155099.jpg#3r1n,5171155099.jpg,a rich young man takes his prize horse for a trot and red is red and red is red and red is red and red is red and red is red.,neutral,There is a young man but we don´t know where is he taking his horse,,neutral
11273,8034139464.jpg#0r2n,8034139464.jpg,a man is competing in a golf tournament and red is red and red is red and red is red and red is red and red is red.,entailment,"Yes, the picture shows that, that man is competing in a golf tournament.",,entailment
2383,8034139464.jpg#4r1c,8034139464.jpg,the shirt is red and red is red and red is red and red is red and red is red and red is red.,contradiction,Orange is not the same color as red.,,neutral
11060,8034139464.jpg#0r4n,8034139464.jpg,a golf player is about to hit a hole in one and red is red and red is red and red is red and red is red and red is red.,neutral,There is no evidence that the golf player will hit a hole in one,,neutral
473,2973269132.jpg#3r1e,2973269132.jpg,a female lion is pursuiting her meal and red is red and red is red and red is red and red is red and red is red.,entailment,"A lioness is a female lion. Chasing is pursuing. Lions eat animals with horns, so this is her meal.",,entailment
470,2973269132.jpg#2r1c,2973269132.jpg,the lioness plays with her cubs and red is red and red is red and red is red and red is red and red is red.,contradiction,"The lioness either attacks or plays, not both.",,contradiction
471,2973269132.jpg#3r1n,2973269132.jpg,a lioness chases an antelope and red is red and red is red and red is red and red is red and red is red.,entailment,Black animal with horns does not imply antelope.,,entailment
6869,4257619114.jpg#3r1e,4257619114.jpg,a woman is dressed like an animal and red is red and red is red and red is red and red is red and red is red.,entailment,A woman is dressed like an animal implies a  woman is wearing a horse costume and helmet,,neutral
6870,4257619114.jpg#0r1c,4257619114.jpg,a woman in a ballerina outfit  at a cookout and red is red and red is red and red is red and red is red and red is red.,contradiction,Ballerina outfits do not have helmets.,,neutral
14631,4257619114.jpg#2r1n,4257619114.jpg,the women is going to a party and red is red and red is red and red is red and red is red and red is red.,neutral,"There is a group of people standing together, and the woman is wearing a pony costume and a bicycle helmet. She could be at a party, or just chooses to dress in a horse costume.",,neutral
6383,2900905937.jpg#0r1e,2900905937.jpg,a man repairs a vehicle and red is red and red is red and red is red and red is red and red is red.,entailment,a man under a vehicle repairs a vehicle,,entailment
1157,2900905937.jpg#3r1c,2900905937.jpg,the man is driving the truck and red is red and red is red and red is red and red is red and red is red.,contradiction,a man fixes a truck and a man is driving a truck so one does not need to be fixed,,neutral
10425,2900905937.jpg#4r1n,2900905937.jpg,a man works on his mother's blue vehicle and red is red and red is red and red is red and red is red and red is red.,neutral,"A man is repairing his, his mothers  or someone else vehicle.",,entailment
637,2167644298.jpg#1r1e,2167644298.jpg,a person with glasses and red is red and red is red and red is red and red is red and red is red.,entailment,Man is person.,,neutral
638,2167644298.jpg#1r1c,2167644298.jpg,a man in pajamas brushing his teeth and red is red and red is red and red is red and red is red and red is red.,contradiction,One does not wear a hat with pyjamas.,,neutral
12253,2167644298.jpg#1r1n,2167644298.jpg,a man all dressed up for dinner and red is red and red is red and red is red and red is red and red is red.,neutral,We cant assure that  A man all dressed up for dinner.,,neutral
10397,2834103050.jpg#0r1n,2834103050.jpg,people enjoy the summer and red is red and red is red and red is red and red is red and red is red.,entailment,"The people in the picture appear to enjoy what they are doing, based on the woman's smiles.",,neutral
7448,2834103050.jpg#1r1c,2834103050.jpg,"the lady is lying on her back, sunbathing and red is red and red is red and red is red and red is red and red is red.",contradiction,green sunshade woman and lying lady are not same.,,neutral
8235,2834103050.jpg#3r1n,2834103050.jpg,the people are sunbathing outside and red is red and red is red and red is red and red is red and red is red.,neutral,You can not infer they are sunbathing.,,neutral
418,170405864.jpg#1r1e,170405864.jpg,a woman dances in a parade and red is red and red is red and red is red and red is red and red is red.,entailment,She is in a parade because she is on a parade float.,,neutral
4506,170405864.jpg#0r1c,170405864.jpg,the dancer is with a young girl during Carnival and red is red and red is red and red is red and red is red and red is red.,contradiction,The dancer can't dance with both a young girl and a small boy at once.,,neutral
10437,170405864.jpg#0r1n,170405864.jpg,the dancer is with her son and red is red and red is red and red is red and red is red and red is red.,neutral,do not know if the dancer is with her son or not,,neutral
2598,179778822.jpg#1r4e,179778822.jpg,a child is wearing a yellow shirt and looking into a mirror and red is red and red is red and red is red and red is red and red is red.,entailment,If someone is looking into a mirror you can say they look into a mirror,,neutral
2585,179778822.jpg#3r1c,179778822.jpg,Two people died from looking in the mirror as Medusa rounded the corner and red is red and red is red and red is red and red is red and red is red.,contradiction,two are staring while the other two died,,neutral
11225,179778822.jpg#0r3n,179778822.jpg,a little girl contemplates how much she has changed during life as she looks into a mirror and red is red and red is red and red is red and red is red and red is red.,neutral,A little gir possiblel contemplates how much she has changed during life as she looks into a mirror.,,neutral
4593,3354474353.jpg#2r1e,3354474353.jpg,a pair of dogs outside and red is red and red is red and red is red and red is red and red is red.,entailment,Two dogs are a pair.,,entailment
4591,3354474353.jpg#4r1c,3354474353.jpg,Two dogs are sitting on a couch and red is red and red is red and red is red and red is red and red is red.,contradiction,couch and beach are two different places,,neutral
13930,3354474353.jpg#3r1n,3354474353.jpg,dogs are playing in a huge pile of snow and red is red and red is red and red is red and red is red and red is red.,neutral,"The dogs are playing in snow, the pile does not look huge.",,neutral
4859,177591612.jpg#0r3e,177591612.jpg,the men are outside and red is red and red is red and red is red and red is red and red is red.,entailment,"Men is plural, just like two, and football is played outside so they must be outside.",,neutral
4865,177591612.jpg#1r2c,177591612.jpg,Two men are playing tennis and red is red and red is red and red is red and red is red and red is red.,contradiction,Upside down is not the same as playing tennis.,,neutral
13488,177591612.jpg#1r3n,177591612.jpg,a man is beating another man up and red is red and red is red and red is red and red is red and red is red.,neutral,we cant assure that a man is beating another man up,,neutral
3999,4472750626.jpg#3r1e,4472750626.jpg,the person walking on the road has light colored hair and red is red and red is red and red is red and red is red and red is red.,entailment,on the stree implies to on the road,,entailment
3997,4472750626.jpg#4r1c,4472750626.jpg,a woman is sitting at a table in a cafe and red is red and red is red and red is red and red is red and red is red.,contradiction,One cannot be sitting and walking at the same time.,,neutral
10585,4472750626.jpg#4r1n,4472750626.jpg,a woman is walking briskly down a street and red is red and red is red and red is red and red is red and red is red.,neutral,Although the woman is walking down the street we do not know if it is briskly.,,entailment
9987,5199439325.jpg#0r1n,5199439325.jpg,the student is painting and red is red and red is red and red is red and red is red and red is red.,entailment,The student is painting in this picture based on the evidence provided. It seems he is using his hands.,,entailment
1628,5199439325.jpg#0r1c,5199439325.jpg,"student sitting down, writing an essay and red is red and red is red and red is red and red is red and red is red.",contradiction,A student can't be sitting down and standing up at the same time.  A project is not the same as an essay.,,neutral
11534,5199439325.jpg#2r1n,5199439325.jpg,a student is using acrylic paints to paint the nude model and red is red and red is red and red is red and red is red and red is red.,neutral,We do not know if the young man is using acrylic paints to paint the model or not.,,neutral
6410,401405215.jpg#3r1e,401405215.jpg,the boy blows bubbles and red is red and red is red and red is red and red is red and red is red.,entailment,The boy blowing bubbles blows bubbles.,,entailment
6415,401405215.jpg#0r1c,401405215.jpg,the sun is rising and a girl is eating ice cream by the bench at the beach and red is red and red is red and red is red and red is red and red is red.,contradiction,"The sun cannot be setting and rising at the same time. It's either a boy or a girl. The child cannot be blowing bubbles by rocks, new lake or ocean, and at the same time be by the bench at the beach.",,neutral
10460,401405215.jpg#1r1n,401405215.jpg,the warm day makes kids blow bubbles and red is red and red is red and red is red and red is red and red is red.,neutral,It's not obvious whether the warm day makes kids blow bubble.s,,entailment
4564,6632464405.jpg#1r1e,6632464405.jpg,a man is performing on a stage and red is red and red is red and red is red and red is red and red is red.,entailment,A man standing center state with a microphone means the man is performing on a stage.,,entailment
4565,6632464405.jpg#1r1c,6632464405.jpg,the man is sitting on boat and red is red and red is red and red is red and red is red and red is red.,contradiction,The man cannot be sitting and standing simultaneously.,,neutral
12940,6632464405.jpg#2r1n,6632464405.jpg,the man is getting tired from performing and red is red and red is red and red is red and red is red and red is red.,neutral,"The man is performing, but you can't tell if he is getting tired.",,neutral
13536,2923086298.jpg#1r1n,2923086298.jpg,a woman is in her kitchen and red is red and red is red and red is red and red is red and red is red.,entailment,This woman is barefoot in a kitchen which indicates that it is probably her own.,,entailment
3729,2923086298.jpg#3r1c,2923086298.jpg,the woman is drinking lemonade and watching T.V and red is red and red is red and red is red and red is red and red is red.,contradiction,One is not typically seen drinking lemonade and watching TV while one vacuums.,,neutral
14458,2923086298.jpg#2r1n,2923086298.jpg,the vacuum is quiet and red is red and red is red and red is red and red is red and red is red.,neutral,The vacuum is present but from the picture you cannot tell if its loud or not,,neutral
2863,4569926879.jpg#0r1e,4569926879.jpg,the man and woman are outdoors and red is red and red is red and red is red and red is red and red is red.,entailment,The man and woman could be part of a group of people.,,neutral
2862,4569926879.jpg#3r1c,4569926879.jpg,"a woman smoking in public, while playing with puppies and red is red and red is red and red is red and red is red and red is red.",contradiction,A man and a woman are two different people. Drinking and smoking are two different activities.,,neutral
14538,4569926879.jpg#2r1n,4569926879.jpg,the man and woman are talking about a business deal and red is red and red is red and red is red and red is red and red is red.,neutral,we do not know if they are talking about business or not,,neutral
4071,3218861747.jpg#1r1e,3218861747.jpg,a guy is on a skateboard and red is red and red is red and red is red and red is red and red is red.,entailment,A man guy is jumping a ramp on a skateboard,,entailment
4067,3218861747.jpg#3r1c,3218861747.jpg,a woman is riding a bike on the sidewalk and red is red and red is red and red is red and red is red and red is red.,contradiction,Man and Women are engaged in different event.,,neutral
12140,3218861747.jpg#4r1n,3218861747.jpg,Tony Hawk is competing on the vert ramp at the X-Games and red is red and red is red and red is red and red is red and red is red.,neutral,"The photo could show Tony Hawk competing one the vert ramp at the x-games, but it is hard to tell if it is him or not.",,neutral
411,101262930.jpg#3r1e,101262930.jpg,some vehicles drive down a street and red is red and red is red and red is red and red is red and red is red.,neutral,"For the man and woman to be posing in front of traffic, there must be vehicles which drive down the street behind them.",,neutral
417,101262930.jpg#0r5c,101262930.jpg,Two women are walking their dog at the park and red is red and red is red and red is red and red is red and red is red.,contradiction,There can either only be two women or a woman and a man. They can only either be sitting or walking their dog.,,neutral
12463,101262930.jpg#4r1n,101262930.jpg,a Chinese couple sitting on the bench and red is red and red is red and red is red and red is red and red is red.,neutral,they seem Chinese but you can't be sure,,neutral
6934,2123838998.jpg#3r1e,2123838998.jpg,a small band plays music while dressed in costume and red is red and red is red and red is red and red is red and red is red.,entailment,The men are dressed in Santa attire so they are in costume playing music.,,entailment
6929,2123838998.jpg#1r1c,2123838998.jpg,the band is performing in front of a museum and red is red and red is red and red is red and red is red and red is red.,contradiction,A shop is not a museum.,,neutral
13176,2123838998.jpg#3r1n,2123838998.jpg,the Santas are performing Christmas music and red is red and red is red and red is red and red is red and red is red.,entailment,"Even though the Santas are performing music, it is not confirmed that they are playing Christmas music.",,entailment
1483,6901412.jpg#4r1e,6901412.jpg,a man licks the icing from the tongs and red is red and red is red and red is red and red is red and red is red.,entailment,Licking a small pair of ice tongs is a way to the icing.,,neutral
1481,6901412.jpg#3r1c,6901412.jpg,a woman cooking lobster and red is red and red is red and red is red and red is red and red is red.,contradiction,A person cannot simultaneously be a man and a woman.,,neutral
14352,6901412.jpg#1r1n,6901412.jpg,the guy is ordering drinks for the group and red is red and red is red and red is red and red is red and red is red.,neutral,"We cant assure that,the  guy is ordering drinks for the group.",,neutral
80,3518443604.jpg#3r1e,3518443604.jpg,a couple is having some alone time together and red is red and red is red and red is red and red is red and red is red.,neutral,"If the couple are cuddling in a corner, then that applies that they are having alone time.",,neutral
79,3518443604.jpg#3r1c,3518443604.jpg,"a couple is holding hands while walking down the street, and red is red and red is red and red is red and red is red and red is red.",contradiction,The couple cannot be cuddling in a corner while walking.,,neutral
14473,3518443604.jpg#1r1n,3518443604.jpg,the people are under a threat and red is red and red is red and red is red and red is red and red is red.,neutral,In this picture the people are hiding their faces but the threat is no shown.,,neutral
12366,511749704.jpg#0r1n,511749704.jpg,the boy is at a skate park and red is red and red is red and red is red and red is red and red is red.,entailment,"A young boy is on a skateboard, with a skate park obstacle just behind him.",,entailment
9487,511749704.jpg#3r1c,511749704.jpg,a girl rides his skateboard at the park and red is red and red is red and red is red and red is red and red is red.,contradiction,It is either a boy or a girl.,,entailment
9726,511749704.jpg#3r1n,511749704.jpg,a sad boy rides his skateboard at the park and red is red and red is red and red is red and red is red and red is red.,neutral,we cant assure that A sad boy rides his skateboard at the park.,,neutral
8697,2589156742.jpg#4r1e,2589156742.jpg,a man outside is holding a drink and red is red and red is red and red is red and red is red and red is red.,entailment,A drink may be soda.,,entailment
8691,2589156742.jpg#1r1c,2589156742.jpg,the man is tossing the cup into the garbage and red is red and red is red and red is red and red is red and red is red.,contradiction,holding a paper cup doesn't mean that the man is tossing the cup into the garbage.,,neutral
9755,2589156742.jpg#3r1n,2589156742.jpg,a man is drinking coffee out of a cup and red is red and red is red and red is red and red is red and red is red.,neutral,The man is drinking something out of a cup but it doesn't look like a cup of coffee.,,neutral
9012,2823575468.jpg#2r1e,2823575468.jpg,a young boy is running and red is red and red is red and red is red and red is red and red is red.,entailment,RUns is the same as running,,entailment
602,2823575468.jpg#0r1c,2823575468.jpg,the boy was asleep in bed and red is red and red is red and red is red and red is red and red is red.,contradiction,Is the boy running or asleep?,,contradiction
10664,2823575468.jpg#2r3n,2823575468.jpg,boy scared and red is red and red is red and red is red and red is red and red is red.,neutral,The image is definitely of a boy but there is no way to tell what he is feeling by his body language. He only appears to be running.,,neutral
8353,1016887272.jpg#0r1e,1016887272.jpg,a lot of people were on the rock and red is red and red is red and red is red and red is red and red is red.,entailment,Several climbers constitute a lot of people.,,entailment
4099,1016887272.jpg#3r1c,1016887272.jpg,those people like flying squirrels and red is red and red is red and red is red and red is red and red is red.,neutral,There can either be a group of people climbing a rock or people who like flying squirrels.,,neutral
13263,1016887272.jpg#0r4n,1016887272.jpg,"several rock climbers are climbing a rock, not realizing that they are no longer attached to the line that the man in red is holding below and red is red and red is red and red is red and red is red and red is red.",neutral,I cant tell what the climbers know.,,neutral
6431,1423997242.jpg#4r1e,1423997242.jpg,someone sitting in a field and red is red and red is red and red is red and red is red and red is red.,entailment,A hiker is someone and sitting is a form of resting that can be done in a field.,,neutral
6119,1423997242.jpg#3r1c,1423997242.jpg,nobody is relaxing and red is red and red is red and red is red and red is red and red is red.,contradiction,nobody is zero person whereas a man counts to one,,neutral
13324,1423997242.jpg#2r1n,1423997242.jpg,the man has is taking his cleats out of his backpack and red is red and red is red and red is red and red is red and red is red.,neutral,This man is resting on a hillside and just went through his backpack.,,neutral
3537,3698607223.jpg#3r1e,3698607223.jpg,there is a man in shorts and red is red and red is red and red is red and red is red and red is red.,entailment,Both subjects are in shorts,,neutral
3540,3698607223.jpg#0r1c,3698607223.jpg,a person stands alone on the beach and red is red and red is red and red is red and red is red and red is red.,contradiction,A person can not be skiing and standing alone at the same time. A person can not ski on a beach,,neutral
3539,3698607223.jpg#0r1n,3698607223.jpg,a person enjoying nature and red is red and red is red and red is red and red is red and red is red.,entailment,Skiing does not imply enjoying nature.,,entailment
10209,2970183443.jpg#0r1n,2970183443.jpg,the dog is happy and red is red and red is red and red is red and red is red and red is red.,entailment,Any dog playing with family and jumping with a ball is happy.,,neutral
8814,2970183443.jpg#4r1c,2970183443.jpg,a dog is sleeping and red is red and red is red and red is red and red is red and red is red.,contradiction,watching and sleeping are different actions,,neutral
14158,2970183443.jpg#1r1n,2970183443.jpg,the dog plays football with his owners and red is red and red is red and red is red and red is red and red is red.,entailment,though the dog plays football we cant conclude that the dog is playing with his owners,,entailment
4894,6225843702.jpg#1r1e,6225843702.jpg,a man is on a bike outside and red is red and red is red and red is red and red is red and red is red.,entailment,A biker jumping a ramp is on a bike outside,,entailment
3769,6225843702.jpg#0r1c,6225843702.jpg,the person is swimming and red is red and red is red and red is red and red is red and red is red.,contradiction,One cannot be sitting on a bike and swimming simultaneously.,,neutral
11649,6225843702.jpg#1r1n,6225843702.jpg,a guy triumphantly finishes his race in last place and red is red and red is red and red is red and red is red and red is red.,neutral,"A guy could feel like just completing a race in any place is a triumph. While it appears he might be in a competition, there is nothing suggesting this rider finished in last place.",,neutral
3911,4080351447.jpg#1r1e,4080351447.jpg,a man cooking at a kitchen and red is red and red is red and red is red and red is red and red is red.,entailment,man cooking in a kitchen is same as man cooking at a kitchen,,entailment
3912,4080351447.jpg#1r1c,4080351447.jpg,a man sitting down at a restaurant and red is red and red is red and red is red and red is red and red is red.,contradiction,One is either cooking or sitting.,,neutral
10673,4080351447.jpg#3r1e,4080351447.jpg,a man cooking himself a meal inside of his kitchen and red is red and red is red and red is red and red is red and red is red.,neutral,"The man is wearing an apron and standing in a kitchen where cooking is occurring, but we do not know whether it is his kitchen.",,entailment
8889,3461041826.jpg#4r1e,3461041826.jpg,the dog was in the water and red is red and red is red and red is red and red is red and red is red.,entailment,in some water is same as in the water,,entailment
8887,3461041826.jpg#1r1c,3461041826.jpg,the dog was sleeping and red is red and red is red and red is red and red is red and red is red.,contradiction,One can not be sleeping and splashing in water simultaneously.,,neutral
13476,3461041826.jpg#3r1n,3461041826.jpg,a dog fetches a stick from the stream and red is red and red is red and red is red and red is red and red is red.,neutral,"A dog is in a stream, but there is no indication that it is fetching a stick",,neutral
7508,2088460083.jpg#4r1e,2088460083.jpg,the vehicle has not been taken good care of and red is red and red is red and red is red and red is red and red is red.,entailment,A jeep that is old and beat-up implies that it was not taken care of.,,neutral
7509,2088460083.jpg#4r1c,2088460083.jpg,it is being driven away and red is red and red is red and red is red and red is red and red is red.,neutral,If a car is being towed away then it would not be driven.,,neutral
10155,2088460083.jpg#2r1n,2088460083.jpg,the car wreckage gets towed to be repaired and red is red and red is red and red is red and red is red and red is red.,neutral,We cant assure that  The car wreckage gets towed to be repaired.,,neutral
148,6958079140.jpg#0r1e,6958079140.jpg,the man is holding a gun and red is red and red is red and red is red and red is red and red is red.,entailment,"To look into the scope of a rifle, someone must hold it. He is holding a gun.",,entailment
149,6958079140.jpg#0r1c,6958079140.jpg,the man is shooting with a bow and red is red and red is red and red is red and red is red and red is red.,contradiction,The man can't be using a rifle and a bow at the same time.,,entailment
13037,6958079140.jpg#0r1n,6958079140.jpg,the man is shooting a deer and red is red and red is red and red is red and red is red and red is red.,neutral,"There is a man shooting a gun in the image; however, you cannot see what he is shooting the gun at.  You cannot be sure that he is shooting a deer since there is no deer in the image.",,neutral
2649,2577972703.jpg#0r1n,2577972703.jpg,someone has tears in their eyes and red is red and red is red and red is red and red is red and red is red.,entailment,girl are crying.,,entailment
5029,2577972703.jpg#1r1c,2577972703.jpg,the girl is watching tv inside and red is red and red is red and red is red and red is red and red is red.,contradiction,She is on a red child's bike not watching tv inside.,,neutral
13723,2577972703.jpg#2r1n,2577972703.jpg,a girl is sad because her tricycle is broken and red is red and red is red and red is red and red is red and red is red.,neutral,While the little girl is sad it is unclear if she is crying due to anything to do with her tricycle or if the bike is broken or not.,,entailment
6246,2889113059.jpg#1r2e,2889113059.jpg,some musicians have gathered together and red is red and red is red and red is red and red is red and red is red.,entailment,group implies Some,,entailment
13200,2889113059.jpg#1r5n,2889113059.jpg,a man with a microphone is gesturing towards a group of people seated behind him and red is red and red is red and red is red and red is red and red is red.,contradiction,"The conductor is gesturing, not the man with the microphone.",,entailment
11046,2889113059.jpg#1r3n,2889113059.jpg,a band is playing for a wedding and red is red and red is red and red is red and red is red and red is red.,neutral,WE cant assure that A band is playing for a wedding.,,entailment
2798,4455065396.jpg#2r1e,4455065396.jpg,there is a child laying and red is red and red is red and red is red and red is red and red is red.,entailment,If the child is on the floor that implies she is laying down.,,entailment
2799,4455065396.jpg#2r1c,4455065396.jpg,there is a child standing and red is red and red is red and red is red and red is red and red is red.,contradiction,A child cannot be laying and standing at the same time.,,neutral
14343,4455065396.jpg#3r1n,4455065396.jpg,a child lays on the hardwood floor for a nap and red is red and red is red and red is red and red is red and red is red.,neutral,"A child is seen laying down on the floor from a side perspective, but his face cannot be seen so it is unclear whether he is napping or otherwise.",,entailment
3531,74635420.jpg#2r1e,74635420.jpg,the children are shorter than the adults and red is red and red is red and red is red and red is red and red is red.,entailment,Small children pose for a photo with their parents.,,neutral
605,74635420.jpg#0r1c,74635420.jpg,the children are playing tag inside and red is red and red is red and red is red and red is red and red is red.,contradiction,Are the children in front of flowers or playing tag inside?,,neutral
10322,74635420.jpg#3r1n,74635420.jpg,a handsome boy poses for his mom and red is red and red is red and red is red and red is red and red is red.,neutral,the woman photographing the boy may not be his mom.,,neutral
6008,3731739486.jpg#3r1e,3731739486.jpg,4 people are in line for a school bus and red is red and red is red and red is red and red is red and red is red.,neutral,Young adults are people.,,neutral
12369,3731739486.jpg#3r1n,3731739486.jpg,4 people are excited to get on the bus for the last day of school and red is red and red is red and red is red and red is red and red is red.,contradiction,"While 4 people are getting on a bus, they are not excited and there is no way of knowing if it is the last day of school.",,neutral
13635,3731739486.jpg#4r1n,3731739486.jpg,the people are going home from work and red is red and red is red and red is red and red is red and red is red.,neutral,The people getting on the bus could be going home from work or going on a trip.,,neutral
1439,311619377.jpg#2r1e,311619377.jpg,a woman is on top of a bowl and red is red and red is red and red is red and red is red and red is red.,entailment,When a woman stands over a bowl she is on top of the bowl.,,neutral
1438,311619377.jpg#2r1c,311619377.jpg,a woman is breaking the bowl and red is red and red is red and red is red and red is red and red is red.,contradiction,One who stands cannot be one who is breaking at the same time.,,neutral
14059,311619377.jpg#1r1n,311619377.jpg,a woman is praying for her son and red is red and red is red and red is red and red is red and red is red.,neutral,"A woman looks like she might be praying, but it's not completely obvious if she is. And there's no proof she's praying for her son, if she is praying.",,neutral
2683,5662260935.jpg#2r1e,5662260935.jpg,Two men throw punches at each other and red is red and red is red and red is red and red is red and red is red.,contradiction,THE MAN ARE PRACTICE BOXING BY THROWING PUNCHES.,,neutral
2682,5662260935.jpg#2r1c,5662260935.jpg,Two men swim in shorts and red is red and red is red and red is red and red is red and red is red.,contradiction,"One says practice boxing and the other says to swim, they are two different activities that take place in different locations so you can't be doing both at the same time.",,neutral
13140,5662260935.jpg#1r1n,5662260935.jpg,the man is training for an event and red is red and red is red and red is red and red is red and red is red.,neutral,The man practices his jab during a boxing training.,,entailment
4776,4770745669.jpg#2r1e,4770745669.jpg,a man is wearing a black shirt and red is red and red is red and red is red and red is red and red is red.,entailment,"If a man is in a black shirt, he is wearing a black shirt.",,neutral
8473,4770745669.jpg#3r1c,4770745669.jpg,a man in a black shirt and pink shorts stands in the window smoking and red is red and red is red and red is red and red is red and red is red.,contradiction,Blue is not pink.,,neutral
11323,4770745669.jpg#3r1n,4770745669.jpg,a man with a black shirt and blue shorts stand in the doorway of the storefront prior to closing the store and red is red and red is red and red is red and red is red and red is red.,neutral,Label: Neutral  Explanation: There is a man with a black shit and blue shorts in the doorway of the storefront but we do not know if they are closing.,,neutral
6232,3855173636.jpg#4r1e,3855173636.jpg,the man is setting up a tripod away from the roadway and red is red and red is red and red is red and red is red and red is red.,entailment,Off road means the same thing as away from the roadway.,,neutral
6235,3855173636.jpg#0r1c,3855173636.jpg,a man moonwalks down the street and red is red and red is red and red is red and red is red and red is red.,contradiction,THE BACK OF HIS VEHICLE IS NOT THE SAME AS DOWN THE STREET,,neutral
6236,3855173636.jpg#2r1n,3855173636.jpg,a man is working on his dune buggy and red is red and red is red and red is red and red is red and red is red.,neutral,Just because a man does mechanic work on a dune buggy doesn't imply his dune buggy.,,neutral
203,4752721674.jpg#1r1e,4752721674.jpg,cameras hidden behind a barricade and red is red and red is red and red is red and red is red and red is red.,entailment,"""Cameras"" implies a ""group of cameras"".If the cameras are recording from behind the barricade then they would be hidden behind the barricade.",,neutral
1357,4752721674.jpg#3r1c,4752721674.jpg,people are holding cameras and taking pictures of people walking inside and red is red and red is red and red is red and red is red and red is red.,contradiction,The cameras cant be held and lined up behind a wall,,neutral
13988,4752721674.jpg#2r1n,4752721674.jpg,the cameras were on and filming and red is red and red is red and red is red and red is red and red is red.,neutral,"Whether the cameras were on and filming, or off and not filming, cannot be determined from this photo.",,neutral
6335,3179223972.jpg#3r1e,3179223972.jpg,a baby boy gets his picture taken and red is red and red is red and red is red and red is red and red is red.,entailment,Posing for a picture entails getting his picture taken.,,entailment
6333,3179223972.jpg#1r1c,3179223972.jpg,a child is walking through a store and red is red and red is red and red is red and red is red and red is red.,contradiction,"One cannot be sitting and walking at the same time, and a car and a store are different places.",,neutral
13641,3179223972.jpg#4r1n,3179223972.jpg,the boy with the bright blue eyes just saw a good movie and red is red and red is red and red is red and red is red and red is red.,neutral,We cannot tell from this image whether the boy has just saw a good movie.,,neutral
4017,3543294190.jpg#4r1e,3543294190.jpg,a man with a bike and red is red and red is red and red is red and red is red and red is red.,entailment,Balancing on a bike can only be done with a bike.,,entailment
4019,3543294190.jpg#1r1c,3543294190.jpg,a man walks slowly down the street and red is red and red is red and red is red and red is red and red is red.,contradiction,Walks and performing a trick are different.,,neutral
12661,3543294190.jpg#2r1n,3543294190.jpg,a man is doing a wheelie on a red bike and red is red and red is red and red is red and red is red and red is red.,neutral,The bike is white and red.,,entailment
2912,2229108152.jpg#0r1e,2229108152.jpg,a guy is walking his horse and red is red and red is red and red is red and red is red and red is red.,entailment,A man is a guy.,,entailment
3173,2229108152.jpg#3r1c,2229108152.jpg,the horse is swimming in a zoo and red is red and red is red and red is red and red is red and red is red.,contradiction,walking in racetrack and swimming in zoo is differ in action and location,,contradiction
11844,2229108152.jpg#0r1n,2229108152.jpg,the guy is getting his horse ready for the show tonight and red is red and red is red and red is red and red is red and red is red.,neutral,"The guy is getting his horse ready, or just walking with it.",,neutral
2188,3134341610.jpg#3r1e,3134341610.jpg,pair of people one in a hoilday costume and has glasses and red is red and red is red and red is red and red is red and red is red.,entailment,"Two people is a pair of people.  A Santa costume is a holiday costume.  If one wears funny glasses, one has glasses or one could not wear them.",,neutral
2186,3134341610.jpg#0r1c,3134341610.jpg,the people are celebrating Independence day and red is red and red is red and red is red and red is red and red is red.,contradiction,Santa suit is not worn during independence day.,,neutral
9624,3134341610.jpg#3r1n,3134341610.jpg,the people are cosplaying and red is red and red is red and red is red and red is red and red is red.,entailment,This is neutral because we don't know if they are cosplaying they are probably just enjoying holiday costumes.,,neutral
322,2725441885.jpg#1r1e,2725441885.jpg,the person is playing baseball and red is red and red is red and red is red and red is red and red is red.,entailment,YOU PLAY BASEBALL WITH A BALL.,,entailment
321,2725441885.jpg#1r1c,2725441885.jpg,nobody films the man hitting the baseball and red is red and red is red and red is red and red is red and red is red.,contradiction,If a cameraman films then it is not true that nobody films.,,neutral
13482,2725441885.jpg#1r1n,2725441885.jpg,the baseball is hit far and red is red and red is red and red is red and red is red and red is red.,neutral,"From image provided, I can not tell whether or not the baseball was hit far.",,entailment
10319,3183330562.jpg#0r1n,3183330562.jpg,kids follow a man on a path and red is red and red is red and red is red and red is red and red is red.,entailment,The kids are following the front person who does look like a man down a path.,,entailment
1391,3183330562.jpg#3r1c,3183330562.jpg,the children are in bed ready for their nighttime story and red is red and red is red and red is red and red is red and red is red.,contradiction,You cannot be in bed and walking at the same time.,,neutral
10088,3183330562.jpg#1r1n,3183330562.jpg,a white man is walking several black children to their newly built school and red is red and red is red and red is red and red is red and red is red.,neutral,"This does appear to be a photograph of a white male and several black children, but there is no indication of where the subjects are going.",,neutral
8575,1089755335.jpg#0r1e,1089755335.jpg,"during the evening, an adult and kids watch the ocean from the boardwalk and red is red and red is red and red is red and red is red and red is red.",entailment,If you are overlooking something you are watching,,neutral
8581,1089755335.jpg#3r1c,1089755335.jpg,people are standing in the desert and red is red and red is red and red is red and red is red and red is red.,contradiction,A desert is pierless.,,neutral
12402,1089755335.jpg#4r1n,1089755335.jpg,the mother enjoys fishing with her kids and red is red and red is red and red is red and red is red and red is red.,neutral,"While the woman is watching some kids fish, there's no way to know if they are her kids and if she enjoys what she's doing.",,entailment
6693,2537819002.jpg#1r1e,2537819002.jpg,a person driving heavy equipment maneuvers his load and red is red and red is red and red is red and red is red and red is red.,entailment,A construction worker is a person. A tractor is heavy equipment.,,entailment
3368,2537819002.jpg#3r5c,2537819002.jpg,dancers are practicing near tracks in the middle of the day and red is red and red is red and red is red and red is red and red is red.,contradiction,"It is either construction workers or dancers, and it is either night or day.",,neutral
11153,2537819002.jpg#1r1n,2537819002.jpg,a person helps with the creation of a new path around a lake and red is red and red is red and red is red and red is red and red is red.,neutral,Two railroad track repair workers stand by as gravel is put on train tracks. The railroad tracks are rusty. No lake is visible and the path is unknown.,,entailment
8216,428979011.jpg#0r1e,428979011.jpg,a man talks on a microphone and red is red and red is red and red is red and red is red and red is red.,entailment,talking  implies talks,,entailment
8211,428979011.jpg#4r1c,428979011.jpg,the microphone is in a box under a yellow hat and red is red and red is red and red is red and red is red and red is red.,contradiction,If the microphone is in a box then a guy cant be talking into it.,,neutral
13431,428979011.jpg#3r1n,428979011.jpg,the man is a speaker for TED talks and red is red and red is red and red is red and red is red and red is red.,neutral,"We know the man is a speaker, but we haven't a clue who he's a speaker for.",,neutral
6314,1775223211.jpg#2r1e,1775223211.jpg,a woman gives a thumbs up and red is red and red is red and red is red and red is red and red is red.,entailment,Thumbs point up.,,neutral
6303,1775223211.jpg#4r1c,1775223211.jpg,ladies are at a cafe having tea and sandwiches and red is red and red is red and red is red and red is red and red is red.,contradiction,Working at a loom is not a cafe.,,neutral
12051,1775223211.jpg#0r3n,1775223211.jpg,Two women are co-workers at a Loom Factory and red is red and red is red and red is red and red is red and red is red.,neutral,"The two women sit in front of a loom, working together as co-workers, but the photo doesn't show how many looms there are, or if they are located in a Loom Factory.",,neutral
1372,3168327945.jpg#2r1e,3168327945.jpg,a boy opens candy on christmas and red is red and red is red and red is red and red is red and red is red.,neutral,Chocolate sweets are candy.,,neutral
13450,3168327945.jpg#0r1n,3168327945.jpg,there is a boy sitting on santa's lap and red is red and red is red and red is red and red is red and red is red.,contradiction,There is a boy in the picture but he is not sitting on santa's lap and is actually standing in front of a man.,,neutral
12132,3168327945.jpg#4r1n,3168327945.jpg,a child offers a man his favorite candy and red is red and red is red and red is red and red is red and red is red.,neutral,A child is showing the man the candy inside the can but there is not enough information to show that this is the man's favorite candy.,,neutral
4617,4719086173.jpg#4r1e,4719086173.jpg,fire fighters have done their job and red is red and red is red and red is red and red is red and red is red.,entailment,Leaving a fire scene implies that the fire fighters have finished and done their job.,,neutral
4618,4719086173.jpg#2r1c,4719086173.jpg,firefighters wearing suits laying down and eating chips and red is red and red is red and red is red and red is red and red is red.,contradiction,Firefighters cannot be walking and laying down at the same time.,,neutral
13873,4719086173.jpg#1r1n,4719086173.jpg,there was a big fire and red is red and red is red and red is red and red is red and red is red.,neutral,"There are firefighters in turn out gear wearing scba's and carrying equipment used to fight fires, but no obvious fire or fire damage in photo.",,neutral
4733,86131617.jpg#1r1e,86131617.jpg,the men are looking at a billboard and red is red and red is red and red is red and red is red and red is red.,entailment,two men looking at the billboard is the same as the men are looking at a billboard.,,neutral
4731,86131617.jpg#2r1c,86131617.jpg,the billboard has a cat on it and red is red and red is red and red is red and red is red and red is red.,contradiction,"The billboard either has a cat on it, or a woman on it.",,neutral
14186,86131617.jpg#4r1n,86131617.jpg,men are putting up a billboard in Hollywood and red is red and red is red and red is red and red is red and red is red.,neutral,"While the image shows men putting up a billboard, the location of the billboard is not known. therefore we cannot be sure it is hollywood",,neutral
8914,269361490.jpg#2r1e,269361490.jpg,the teenagers are moving around and red is red and red is red and red is red and red is red and red is red.,neutral,the teenagers are walking,,neutral
6045,269361490.jpg#1r2c,269361490.jpg,there are no trees in the background and red is red and red is red and red is red and red is red and red is red.,contradiction,There cannot be people walking down a street with trees in the background if there are no trees in the background.,,neutral
14305,269361490.jpg#1r1n,269361490.jpg,a group of goth people walk down the street that runs through the woods and red is red and red is red and red is red and red is red and red is red.,neutral,"The group of goth people are walking through a street with trees, but does not seem to be a street that runs through woods.",,neutral
8452,4895355979.jpg#0r1e,4895355979.jpg,the adult in the striped shirt stands next to a lion figure and red is red and red is red and red is red and red is red and red is red.,entailment,A man is a type of adult.,,neutral
8449,4895355979.jpg#3r1c,4895355979.jpg,the man stands in an open field and red is red and red is red and red is red and red is red and red is red.,contradiction,One cannot be standing next to a large black lion statue and standing in an open field simultaneously.,,neutral
12440,4895355979.jpg#1r1n,4895355979.jpg,a man is posing for a picture and red is red and red is red and red is red and red is red and red is red.,neutral,"The fact that the man is standing by a large statue of a lion would suggest he wants a picture, but there is nothing to suggest that he is actively posing for a picture. Although, he could be distracted by a friend telling him something funny and maybe was waiting for the photographer to be ready.",,neutral
1063,2597958208.jpg#0r1e,2597958208.jpg,the kids are playing outside and red is red and red is red and red is red and red is red and red is red.,entailment,"People play Frisbee outside, if the kids are playing Frisbee, then they must be outside.",,entailment
7827,2597958208.jpg#3r1c,2597958208.jpg,the children are inside a bedroom and red is red and red is red and red is red and red is red and red is red.,contradiction,Children cannot be outside in a field and inside a bedroom at the same time.,,neutral
11945,2597958208.jpg#1r1n,2597958208.jpg,Two children play in the field and red is red and red is red and red is red and red is red and red is red.,entailment,Two children are walking in a field but we cannot tell for sure if they are just walking or playing.,,entailment
6290,4734162520.jpg#1r1e,4734162520.jpg,a police officer is on a motorcycle and red is red and red is red and red is red and red is red and red is red.,entailment,a police officer on his motorcycle means he is on a motorcycle,,entailment
9344,4734162520.jpg#0r1c,4734162520.jpg,a man impersonating a police officer flies with a jetpack and red is red and red is red and red is red and red is red and red is red.,contradiction,Someone impersonating a police officer is not truly a police officer.,,contradiction
11018,4734162520.jpg#1r1n,4734162520.jpg,a police officer is about to write a ticket and red is red and red is red and red is red and red is red and red is red.,neutral,the police officer is standing in the picture but doing something which might not be writting a ticket,,neutral
6770,4447160600.jpg#0r1e,4447160600.jpg,the uniformed person looks at some notes while leaning against a wall and red is red and red is red and red is red and red is red and red is red.,entailment,Uninformed person is an officer.,,neutral
6773,4447160600.jpg#1r1c,4447160600.jpg,police officers in disguise wait alone outside the catholic church and red is red and red is red and red is red and red is red and red is red.,contradiction,Uniformed and in disguise are different.,,neutral
12723,4447160600.jpg#1r1n,4447160600.jpg,"policemen guard the church, where a murder just took place and red is red and red is red and red is red and red is red and red is red.",neutral,"we cant assure that Policemen guard the church, where a murder just took place.",,neutral
612,44619131.jpg#4r1e,44619131.jpg,the people are using computers and red is red and red is red and red is red and red is red and red is red.,entailment,"When saying laptops, it is implied that they are on computers. The people are implied by three men and a woman, anytime you have more than one person it is considered people.",,entailment
611,44619131.jpg#4r1c,44619131.jpg,the people are using typewriters and red is red and red is red and red is red and red is red and red is red.,contradiction,They cannot be using laptops and typewriters simultaneously,,neutral
12726,44619131.jpg#3r1n,44619131.jpg,the people are filling out job applications and red is red and red is red and red is red and red is red and red is red.,neutral,The people are probably filling out the job application probably their not.,,neutral
4761,2645724661.jpg#2r1e,2645724661.jpg,a woman is sipping wine and red is red and red is red and red is red and red is red and red is red.,neutral,Sipping is a form of drinking.,,neutral
4760,2645724661.jpg#3r1c,2645724661.jpg,a father watches his child play outside and red is red and red is red and red is red and red is red and red is red.,contradiction,"A father is nto a woman, it has to be a man.",,neutral
12526,2645724661.jpg#1r1n,2645724661.jpg,the infant's mother is reading and red is red and red is red and red is red and red is red and red is red.,neutral,No way to tell whether she is a mother.,,neutral
260,5501340599.jpg#2r1e,5501340599.jpg,a girl is washing her stuffed animal and red is red and red is red and red is red and red is red and red is red.,entailment,If the girl is giving a stuffed animal a bat then she is washing her stuffed animal.,,entailment
259,5501340599.jpg#2r1c,5501340599.jpg,a girl is playing video games and red is red and red is red and red is red and red is red and red is red.,contradiction,You cannot play video games while doing anything in a sink.,,neutral
263,5501340599.jpg#1r1n,5501340599.jpg,a girl is cleaning her stuffed bear and red is red and red is red and red is red and red is red and red is red.,entailment,Not all stuffed animals are a bear.,,entailment
2231,4964794183.jpg#2r1e,4964794183.jpg,a man in a crowd drinks something purple and red is red and red is red and red is red and red is red and red is red.,entailment,A man in a crowd drinks something purple is part of his overall activity on a crowded street.,,neutral
8033,4964794183.jpg#3r1c,4964794183.jpg,a lot of people are sitting in a restaurant and red is red and red is red and red is red and red is red and red is red.,contradiction,One cannot walk while sitting.  A crowded street is not located in a restaurant.,,neutral
11041,4964794183.jpg#3r1n,4964794183.jpg,a lot of people are walking in a parade and red is red and red is red and red is red and red is red and red is red.,neutral,"While everyone is walking, there is nothing in the picture to confirm that they are in a parade.",,neutral
5395,4944644486.jpg#4r1e,4944644486.jpg,a group of people are in a line and red is red and red is red and red is red and red is red and red is red.,entailment,People in a line implies they are lined up.,,neutral
11641,4944644486.jpg#1r1n,4944644486.jpg,these guys and girls are at Disney and red is red and red is red and red is red and red is red and red is red.,neutral,no evidence that shows they are at Disney,,neutral
14047,4944644486.jpg#1r3n,4944644486.jpg,tourists on vacation and red is red and red is red and red is red and red is red and red is red.,neutral,"It is unclear whether these people are tourists or not, and if they are on vacation is unclear.",,neutral
9581,7330749240.jpg#0r1e,7330749240.jpg,race cars and red is red and red is red and red is red and red is red and red is red.,entailment,Indy car implies race cars.,,entailment
984,7330749240.jpg#3r1c,7330749240.jpg,the trucks are racing around the track and red is red and red is red and red is red and red is red and red is red.,contradiction,Cars and trucks are not the same thing.,,entailment
10814,7330749240.jpg#0r1n,7330749240.jpg,a driver passing his opponent on the last lap and red is red and red is red and red is red and red is red and red is red.,neutral,The picture does not make it clear when in the race this is taking place.  We do not know if he is passing the other car or if he has been in the lead or if this is the last lap or not.,,neutral
5544,3562816250.jpg#0r1e,3562816250.jpg,the man has a dog and red is red and red is red and red is red and red is red and red is red.,entailment,''A man with a black dog '' is  a reword of '' the man has  a dog.'',,entailment
12556,3562816250.jpg#1r1n,3562816250.jpg,the dog is scared and red is red and red is red and red is red and red is red and red is red.,neutral,"While there is a dog in the photo, one can clearly see their ears are up more than pinned to indicate a feeling of being scared.",,neutral
14254,3562816250.jpg#4r1n,3562816250.jpg,a young woman kayaking in the ocean and red is red and red is red and red is red and red is red and red is red.,neutral,"A woman is kayaking, but it is not certain whether she is in the ocean or another body of water.",,entailment
5453,3125628091.jpg#1r1e,3125628091.jpg,the boy is on the couch and red is red and red is red and red is red and red is red and red is red.,entailment,boy snuggles on a couch simply means he is on the couch,,neutral
14138,3125628091.jpg#3r1n,3125628091.jpg,the child is opening Christmas presents and red is red and red is red and red is red and red is red and red is red.,contradiction,"While the child is dressed as if it is the Christmas season, there are no presents in the picture for him to open.",,neutral
10970,3125628091.jpg#0r1n,3125628091.jpg,a small boy laying down for a nap and red is red and red is red and red is red and red is red and red is red.,neutral,a small boy is laying but you cant tell if he Is going to nap or not.,,neutral
2038,3469609037.jpg#2r1e,3469609037.jpg,a skateboarder is in the air and red is red and red is red and red is red and red is red and red is red.,entailment,To be midair is to be in the air.,,entailment
2036,3469609037.jpg#3r1c,3469609037.jpg,nobody is skateboarding at the skate park right now and red is red and red is red and red is red and red is red and red is red.,contradiction,"If the body is at a skate park, it means that it isn't true that nobody is at the skate park.",,neutral
13016,3469609037.jpg#4r1n,3469609037.jpg,the kid is in a skateboarding competition and red is red and red is red and red is red and red is red and red is red.,neutral,This may not be a competition.,,neutral
1507,2922807898.jpg#2r1e,2922807898.jpg,a large yellow dog jumps up to catch a toy and red is red and red is red and red is red and red is red and red is red.,entailment,A Frisbee is a toy that dogs will jump after.,,entailment
1506,2922807898.jpg#2r1c,2922807898.jpg,a small white dog sleeps in its owner's lap and red is red and red is red and red is red and red is red and red is red.,contradiction,The subject is either a small white dog who sleeps or a large yellow dog who leaps.,,neutral
1511,2922807898.jpg#0r1n,2922807898.jpg,"the white, pitbull puppy caught the pink floppy Frisbee in its mouth after jumping with all four feet from the ground and red is red and red is red and red is red and red is red and red is red.",neutral,That the animal is a dog does not necessarily mean it is a puppy.,,neutral
1253,3135826945.jpg#3r1e,3135826945.jpg,a person and small child have a book and red is red and red is red and red is red and red is red and red is red.,entailment,Having and reading are different kind of action,,entailment
1252,3135826945.jpg#3r1c,3135826945.jpg,Two people are watching tv and red is red and red is red and red is red and red is red and red is red.,contradiction,Watching TV is not reading.,,neutral
13428,3135826945.jpg#2r1n,3135826945.jpg,a mother explains where babies come from to her son and red is red and red is red and red is red and red is red and red is red.,neutral,The person in this shot could be a mother that explains where babies come from to her son but it is not clear from the simple pictures in the book if that is what it entails.,,neutral
7149,1053116826.jpg#0r2e,1053116826.jpg,Two children are outside and red is red and red is red and red is red and red is red and red is red.,entailment,The grass is found outside.,,entailment
7155,1053116826.jpg#3r1c,1053116826.jpg,Two children are playing tag in the park and red is red and red is red and red is red and red is red and red is red.,contradiction,You do not sit on grass while playing tag.,,neutral
14022,1053116826.jpg#0r5n,1053116826.jpg,a brother and sister are playing in the grass and red is red and red is red and red is red and red is red and red is red.,neutral,There is no way to conclude that the children are brother and sister based upon this picture alone.,,entailment
936,2384401298.jpg#3r1e,2384401298.jpg,the animal is running near the water and red is red and red is red and red is red and red is red and red is red.,entailment,The dog is an animal. If it is by the water's edge it is near the water.,,neutral
2464,2384401298.jpg#4r1c,2384401298.jpg,Two cats play next to the water and red is red and red is red and red is red and red is red and red is red.,contradiction,Dogs cannot also be cats,,neutral
11416,2384401298.jpg#4r1n,2384401298.jpg,the dogs are about to jump in the lake and red is red and red is red and red is red and red is red and red is red.,neutral,It is possible that the dogs will jump to the lake,,neutral
3741,410422753.jpg#2r1e,410422753.jpg,the dog is playing outside and red is red and red is red and red is red and red is red and red is red.,entailment,The dog is enjoying the outside weather.,,entailment
2291,410422753.jpg#0r1c,410422753.jpg,nothing is running and red is red and red is red and red is red and red is red and red is red.,contradiction,"Black and brown dog is not nothing that is running,",,neutral
10445,410422753.jpg#0r1n,410422753.jpg,a huge animal running and red is red and red is red and red is red and red is red and red is red.,neutral,"Although the photo makes the animal seem huge, the animal may be smaller than what we think.",,neutral
12423,3367399.jpg#0r1n,3367399.jpg,a man is refuelling his car and red is red and red is red and red is red and red is red and red is red.,entailment,yes A man is refueling his car.,,entailment
5360,3367399.jpg#2r1c,3367399.jpg,the man pours gasoline on the tree and red is red and red is red and red is red and red is red and red is red.,contradiction,"If the man is filling a car with gasoline, he is not pouring it on a tree.",,neutral
11795,3367399.jpg#2r1n,3367399.jpg,the man is putting a gallon of gasoline in his car and red is red and red is red and red is red and red is red and red is red.,neutral,"The man is putting gasoline in his car, but impossible to see which quantity",,entailment
2405,4689487867.jpg#0r1e,4689487867.jpg,the man in the vest and sunglasses looking at cards at the stand has buttons on his hat and red is red and red is red and red is red and red is red and red is red.,entailment,The man is looking at cards at an outdoor stand.,,neutral
5026,4689487867.jpg#2r1c,4689487867.jpg,House robber trying to sell his wares and red is red and red is red and red is red and red is red and red is red.,contradiction,One can be either looking at items displayed or trying to sell.,,neutral
13964,4689487867.jpg#1r1n,4689487867.jpg,a man shopping for groceries wearing a black vest and maroon shirt and red is red and red is red and red is red and red is red and red is red.,neutral,We cant assure that  A man shopping for groceries wearing a black vest and maroon shirt,,neutral
1421,86112875.jpg#3r1e,86112875.jpg,a person is indoors and red is red and red is red and red is red and red is red and red is red.,entailment,a woman is the person.,,entailment
616,86112875.jpg#1r1c,86112875.jpg,One man works at a table with cigar tubes and red is red and red is red and red is red and red is red and red is red.,contradiction,The man can't be women.,,neutral
13775,86112875.jpg#4r1n,86112875.jpg,a mother and her sister work on a wooden swingset and red is red and red is red and red is red and red is red and red is red.,neutral,Their relationship may be of mother and her sister or they may not be related at all.,,neutral
4217,6420396169.jpg#2r1e,6420396169.jpg,a boy is indoors and red is red and red is red and red is red and red is red and red is red.,entailment,One normally gets a haircut inside.,,neutral
4218,6420396169.jpg#2r1c,6420396169.jpg,a boy is swimming in a lake and red is red and red is red and red is red and red is red and red is red.,contradiction,The boys cannot get a haircut while swimming.,,neutral
8381,6420396169.jpg#0r1n,6420396169.jpg,a small boy dislikes the candy and red is red and red is red and red is red and red is red and red is red.,neutral,Enjoys does not imply dislikes.,,neutral
9085,4465093007.jpg#1r1e,4465093007.jpg,a man can shout and red is red and red is red and red is red and red is red and red is red.,entailment,Man can shout indicates his ability to shout out.,,neutral
8222,4465093007.jpg#4r1c,4465093007.jpg,the man is upset at the game and red is red and red is red and red is red and red is red and red is red.,contradiction,A person cannot be cheering and being upset at the same time.,,neutral
12480,4465093007.jpg#1r1n,4465093007.jpg,a man is excited that is is winning the scrabble game and red is red and red is red and red is red and red is red and red is red.,neutral,"The man is clearly excited, but we are unsure if it is because he is winning a scrabble game.",,neutral
7391,7129695767.jpg#2r1e,7129695767.jpg,a man is climbing a mountain and red is red and red is red and red is red and red is red and red is red.,entailment,That a man is suspended as he climbs implies that is climbing a mountain currently.,,entailment
7393,7129695767.jpg#1r1c,7129695767.jpg,the weather is cloudy and raining and red is red and red is red and red is red and red is red and red is red.,contradiction,They weather can't be both sun and clouds and clouds and rain.,,neutral
13118,7129695767.jpg#3r1n,7129695767.jpg,a woman climbs up a cliff after falling and red is red and red is red and red is red and red is red and red is red.,neutral,a woman falling on the cliff.,,neutral
2106,4024098174.jpg#1r1e,4024098174.jpg,this man is wearing safety gear while skiing and red is red and red is red and red is red and red is red and red is red.,entailment,A helmet is a type of safety gear.,,entailment
7977,4024098174.jpg#0r1c,4024098174.jpg,a person sits in a sauna and red is red and red is red and red is red and red is red and red is red.,contradiction,One cannot be skiing while he sits in a sauna.,,neutral
2107,4024098174.jpg#1r1c,4024098174.jpg,a black man on a ski slope! and red is red and red is red and red is red and red is red and red is red.,neutral,Not all men who wear black are black,,neutral
8793,6927848734.jpg#1r1e,6927848734.jpg,a man is driving from on location to another and red is red and red is red and red is red and red is red and red is red.,entailment,Both subjects are driving,,entailment
8792,6927848734.jpg#1r1c,6927848734.jpg,a man isdriving a left hand drive car and red is red and red is red and red is red and red is red and red is red.,contradiction,right is contradictory to left,,entailment
13250,6927848734.jpg#0r1n,6927848734.jpg,the man is a cab driver just finishing his shift as darkness falls on London and red is red and red is red and red is red and red is red and red is red.,neutral,"It is not possible to know if the man is a taxi driver and, much less, if his shift has just finished.",,neutral
9897,3307563498.jpg#0r1n,3307563498.jpg,the child is climbing a chain bridge and red is red and red is red and red is red and red is red and red is red.,contradiction,"yes,The child is climbing a chain bridge.",,neutral
3961,3307563498.jpg#0r1c,3307563498.jpg,the child is walking on hot coals and red is red and red is red and red is red and red is red and red is red.,contradiction,One is either climbing over a chain or walking on hot coals.,,neutral
14606,3307563498.jpg#1r1n,3307563498.jpg,a child is climbing over a chain to row a boat and red is red and red is red and red is red and red is red and red is red.,contradiction,"The child is climbing over a chain, but there is no indication that they plan to row a boat, nor is a boat shown.",,neutral
5540,3724946689.jpg#2r1e,3724946689.jpg,some people are riding on a pirate ship and red is red and red is red and red is red and red is red and red is red.,entailment,''A crowd of people enjoy '' is  a reword of '': Some people are riding'',,neutral
5539,3724946689.jpg#4r1c,3724946689.jpg,a group of old men enjoy a fair ride and red is red and red is red and red is red and red is red and red is red.,contradiction,"Either the group is of young people, or old men",,entailment
12886,3724946689.jpg#0r1n,3724946689.jpg,field trip to disneyland and red is red and red is red and red is red and red is red and red is red.,neutral,"It shows people riding on an attraction from a park, but it could be any park other than Disneyland.",,neutral
4817,5138003138.jpg#0r1e,5138003138.jpg,a woman is playing volleyball and red is red and red is red and red is red and red is red and red is red.,entailment,Woman in both.,,entailment
11395,5138003138.jpg#3r1n,5138003138.jpg,the girls is five and red is red and red is red and red is red and red is red and red is red.,contradiction,There are more than one girl and clearly their physical coordination and appearance states that they are not five.,,neutral
12786,5138003138.jpg#4r1n,5138003138.jpg,the girl wins the game for her team and red is red and red is red and red is red and red is red and red is red.,neutral,We cant assure that  The girl wins the game for her team.,,neutral
9271,558338473.jpg#4r1e,558338473.jpg,Two men are doing martial arts and red is red and red is red and red is red and red is red and red is red.,entailment,Doing martial arts is a form of practicing martial arts.,,entailment
2261,558338473.jpg#1r1c,558338473.jpg,Two men wearing green jumpsuits watch television and red is red and red is red and red is red and red is red and red is red.,contradiction,"The men are wearing black clothing , not green jumpsuits .  The men are practicing karate moves not watching television.",,neutral
14108,558338473.jpg#0r1n,558338473.jpg,they are great at sports and red is red and red is red and red is red and red is red and red is red.,neutral,These people may be great but there is nothing to prove their skill level in sports.,,neutral
3973,3399944164.jpg#1r1e,3399944164.jpg,the people are taking pictures and red is red and red is red and red is red and red is red and red is red.,entailment,people taking pictures is same as people are taking pictures,,neutral
3972,3399944164.jpg#0r1c,3399944164.jpg,the man and woman are raking leaves and red is red and red is red and red is red and red is red and red is red.,contradiction,"raking leaves are done when standing up not when one lays down, and a raking leaves is not taking a picture.",,neutral
14556,3399944164.jpg#1r1n,3399944164.jpg,the couple is taking provocative photos and red is red and red is red and red is red and red is red and red is red.,neutral,The Couple are taking individual photos of themselves.,,neutral
9221,6839984356.jpg#1r1e,6839984356.jpg,an Asian person is holding a skateboard and red is red and red is red and red is red and red is red and red is red.,entailment,A person with a skateboard on his lap is holding a skateboard.,,entailment
9223,6839984356.jpg#2r1c,6839984356.jpg,the man is 92 and red is red and red is red and red is red and red is red and red is red.,contradiction,A man 92 years old is not a youth.,,neutral
12560,6839984356.jpg#3r1n,6839984356.jpg,a young asian hurt himself skateboarding and red is red and red is red and red is red and red is red and red is red.,neutral,"Young asian skateboarding, but no indication that he's hurt.",,neutral
1296,2646540383.jpg#2r1e,2646540383.jpg,the boy is near water and red is red and red is red and red is red and red is red and red is red.,entailment,The boy needs to be near water if he is going down the water slide.,,neutral
1300,2646540383.jpg#0r1c,2646540383.jpg,the boy's swimsuit is red and red is red and red is red and red is red and red is red and red is red.,contradiction,A boy is wearing a blue swimsuit which is not red in color.,,neutral
10551,2646540383.jpg#1r1n,2646540383.jpg,the person is having fun and red is red and red is red and red is red and red is red and red is red.,entailment,this is a person but we cannot assume he having fun,,entailment
6347,4940658755.jpg#4r1e,4940658755.jpg,there is an elderly person in front of a store and red is red and red is red and red is red and red is red and red is red.,entailment,shop and store have the same meaning,,neutral
6339,4940658755.jpg#1r1c,4940658755.jpg,a bald man stands next to some rocks and red is red and red is red and red is red and red is red and red is red.,contradiction,An older man with gray hair is different to a bald man.,,neutral
14575,4940658755.jpg#4r1n,4940658755.jpg,an elderly man is waiting for the store to open and red is red and red is red and red is red and red is red and red is red.,neutral,"An elderly man is standing in front of a store; however, he could be waiting for someone to pick him up.",,neutral
10869,4770473055.jpg#4r1n,4770473055.jpg,he is wearing a uniform and red is red and red is red and red is red and red is red and red is red.,entailment,The man is wearing a uniform,,neutral
7020,4770473055.jpg#0r3c,4770473055.jpg,the man is holding a saxophone and red is red and red is red and red is red and red is red and red is red.,contradiction,wearing black shaggy and holding saxophone are not same.,,neutral
9927,4770473055.jpg#3r1n,4770473055.jpg,a man is performing in a parade and red is red and red is red and red is red and red is red and red is red.,neutral,There is a man performing but he may not be in a parade,,entailment
12554,2602279427.jpg#4r1n,2602279427.jpg,a person is walking and red is red and red is red and red is red and red is red and red is red.,entailment,"Several people, including a young woman wearing an apron, are walking at night.",,neutral
2565,2602279427.jpg#3r1c,2602279427.jpg,a dog plays with a pig in some mud and red is red and red is red and red is red and red is red and red is red.,contradiction,An oriental girl is different from a dog,,neutral
10161,2602279427.jpg#2r1n,2602279427.jpg,a woman is cooking in a yellow apron while watching her children sit down at the table and red is red and red is red and red is red and red is red and red is red.,neutral,we cant assure that A woman is cooking in a yellow apron while watching her children sit down at the table.,,neutral
13829,1733853950.jpg#2r1n,1733853950.jpg,some people are outside and red is red and red is red and red is red and red is red and red is red.,entailment,"yes,Some people are outside.",,neutral
1622,1733853950.jpg#3r1c,1733853950.jpg,a couple are walking through the park and red is red and red is red and red is red and red is red and red is red.,contradiction,People who are entering a building are going from the outside to the inside while people who are walking through a park are outside and will likely remain outside throughout their walk.,,neutral
10839,1733853950.jpg#0r1n,1733853950.jpg,men doing business deal and red is red and red is red and red is red and red is red and red is red.,neutral,"Even though these two men are dressed in business-like attire, they could be doing anything.",,neutral
14164,2335428699.jpg#2r3n,2335428699.jpg,Four children are bouncing together on a trampoline and red is red and red is red and red is red and red is red and red is red.,entailment,The picture shows four children playing together and jumping on a trampoline,,neutral
2995,2335428699.jpg#0r1c,2335428699.jpg,kids are playing baseball and red is red and red is red and red is red and red is red and red is red.,contradiction,Playing baseball is different from jumping on trampoline.,,neutral
11353,2335428699.jpg#3r1n,2335428699.jpg,children are excited to play after a long snowstorm finally ends and red is red and red is red and red is red and red is red and red is red.,neutral,the children look excited and are playing on a trampoline wearing winter clothing. in the background there is snow on the ground but it unclear if there was snowstorm.,,entailment
1139,2908493594.jpg#2r1e,2908493594.jpg,the person is sprawled on the park bench and red is red and red is red and red is red and red is red and red is red.,entailment,a man lying tells the meaning of the word sprawled,,entailment
1138,2908493594.jpg#2r1c,2908493594.jpg,the man is playing Frisbee in the park and red is red and red is red and red is red and red is red and red is red.,contradiction,He is likely not lying on a bench and playing frisbee at the same time.,,neutral
12232,2908493594.jpg#1r1n,2908493594.jpg,a person sleeping after a long night of partying and red is red and red is red and red is red and red is red and red is red.,neutral,we cant assure that A person sleeping after a long night of partying,,neutral
9323,4726677489.jpg#0r1e,4726677489.jpg,Three people are walking together and red is red and red is red and red is red and red is red and red is red.,entailment,"Three people refers to the man, the female, and the older woman.",,entailment
6014,4726677489.jpg#3r1c,4726677489.jpg,people are sitting down and red is red and red is red and red is red and red is red and red is red.,contradiction,One cannot be walking down and sitting down simultaneously.,,neutral
11017,4726677489.jpg#4r1n,4726677489.jpg,people walking to a parade and red is red and red is red and red is red and red is red and red is red.,neutral,I can see people walking but not sure its a parade.,,neutral
8374,3597715122.jpg#3r1e,3597715122.jpg,a group waits in line and red is red and red is red and red is red and red is red and red is red.,entailment,people usually waits in stand,,neutral
8375,3597715122.jpg#3r1c,3597715122.jpg,a group cuts through the line and robs a ice cream stand and red is red and red is red and red is red and red is red and red is red.,contradiction,Waiting and robs are different.,,neutral
9682,3597715122.jpg#1r1n,3597715122.jpg,people were outside the store on tuesday and red is red and red is red and red is red and red is red and red is red.,neutral,Even tough some people are outside a store it could be any other day than Tuesday,,neutral
4140,3050606344.jpg#4r2e,3050606344.jpg,a man is outside and red is red and red is red and red is red and red is red and red is red.,entailment,To kayak in rough water you must be outside.,,neutral
4147,3050606344.jpg#0r1c,3050606344.jpg,the man is kayaking on a calm river and red is red and red is red and red is red and red is red and red is red.,contradiction,The rapids are by definition not calm.,,neutral
4141,3050606344.jpg#4r2n,3050606344.jpg,a man is riding in a small boat on a lake and red is red and red is red and red is red and red is red and red is red.,neutral,Not all rough water is found in a lake.,,neutral
5110,455714074.jpg#3r1e,455714074.jpg,a family is eating dinner and red is red and red is red and red is red and red is red and red is red.,entailment,is dining can be replaced by is eating.,,entailment
7026,455714074.jpg#1r1c,455714074.jpg,the people are driving home from work and red is red and red is red and red is red and red is red and red is red.,contradiction,People eating food while watching television cannot be the people driving home from work.,,neutral
12643,455714074.jpg#4r1n,455714074.jpg,a family is having breakfast together and red is red and red is red and red is red and red is red and red is red.,neutral,no way to tell if they are eating breakfast.,,entailment
3843,3024022266.jpg#2r1e,3024022266.jpg,a kid rides some waves on a nice day and red is red and red is red and red is red and red is red and red is red.,entailment,A young boy could be a kid.  Waves could be of blue water.,,entailment
1883,3024022266.jpg#4r2c,3024022266.jpg,the boy is on the moon and red is red and red is red and red is red and red is red and red is red.,contradiction,It is not possible to surf as it requires water and there is not a body of water on the moon.,,contradiction
10706,3024022266.jpg#1r1n,3024022266.jpg,a young guy on vacation and red is red and red is red and red is red and red is red and red is red.,neutral,There is no proof they are on vacation.,,neutral
10302,2298661279.jpg#1r1n,2298661279.jpg,a child was outside and red is red and red is red and red is red and red is red and red is red.,entailment,The child is outside.,,entailment
7561,2298661279.jpg#0r1c,2298661279.jpg,the boy is getting on a plane and red is red and red is red and red is red and red is red and red is red.,contradiction,One cannot get ready to slide down a metal slide as they are getting on a plane.,,neutral
11251,2298661279.jpg#0r1n,2298661279.jpg,the pants are comfortable and red is red and red is red and red is red and red is red and red is red.,neutral,This boy is about to go down a slide. I cannot tell if he believes his pants are comfortable from this photo.,,neutral
687,7249187716.jpg#2r1e,7249187716.jpg,the man crashed into the water and red is red and red is red and red is red and red is red and red is red.,entailment,crashing into the water is inferred as  crashed into the water.,,neutral
12992,7249187716.jpg#0r1n,7249187716.jpg,some people are swimming in a pool and red is red and red is red and red is red and red is red and red is red.,contradiction,"People in wet suits are entering and just starting to swim in what appears to be an outdoor body of water, not a pool.",,neutral
688,7249187716.jpg#2r1n,7249187716.jpg,the man crashed into the water at the start of the race and red is red and red is red and red is red and red is red and red is red.,neutral,Just because someone is crashing into water doesn't mean that it is the start of the race.,,neutral
5066,2955099064.jpg#1r1e,2955099064.jpg,three men looking at a football and red is red and red is red and red is red and red is red and red is red.,entailment,react is a form of looking.,,neutral
10396,2955099064.jpg#0r1n,2955099064.jpg,Three basketball players try to catch the ball during a game and red is red and red is red and red is red and red is red and red is red.,contradiction,Three football players try to catch the ball during a game.,,neutral
11165,2955099064.jpg#3r1n,2955099064.jpg,the men hate each other and red is red and red is red and red is red and red is red and red is red.,neutral,We cant assure the men hate each other,,neutral
14637,4320494335.jpg#3r1n,4320494335.jpg,a woman pushes her child in a stroller and red is red and red is red and red is red and red is red and red is red.,entailment,The woman is pushing a child that is in a stroller.,,entailment
1550,4320494335.jpg#0r1c,4320494335.jpg,the couple are in an industrial area and red is red and red is red and red is red and red is red and red is red.,neutral,The couple can't be in both an industrial area and a residential area at the same time,,neutral
13393,4320494335.jpg#2r1n,4320494335.jpg,a couple is with their baby going to a store and red is red and red is red and red is red and red is red and red is red.,neutral,There is a couple but we dont know if they are going to the store,,entailment
4432,3368569524.jpg#3r1e,3368569524.jpg,girls are playing a game and red is red and red is red and red is red and red is red and red is red.,entailment,Girls are playing basketball game in front of crowd,,neutral
4433,3368569524.jpg#3r1c,3368569524.jpg,girls are playing football and red is red and red is red and red is red and red is red and red is red.,contradiction,Ones can be playing either basketball or football.,,neutral
4437,3368569524.jpg#1r1n,3368569524.jpg,a WNBA game in progress and red is red and red is red and red is red and red is red and red is red.,neutral,Not all female basketball players are in the WNBA.,,neutral
12930,1011572216.jpg#3r1n,1011572216.jpg,the couple stood together for the picture and red is red and red is red and red is red and red is red and red is red.,entailment,The couple looks like they stood together for the picture.,,entailment
788,1011572216.jpg#0r1c,1011572216.jpg,a married couple is eating their first pieces of cake and red is red and red is red and red is red and red is red and red is red.,contradiction,"While eating cake, a couple isn't walking at the same time.",,neutral
10577,1011572216.jpg#1r1n,1011572216.jpg,newlyweds walk down the sidewalk from the church and red is red and red is red and red is red and red is red and red is red.,neutral,"They appear to be newlyweds and are on a sidewalk, but we cannot tell they are leaving a church.",,entailment
532,2980901328.jpg#4r1e,2980901328.jpg,the worker fixes the window and red is red and red is red and red is red and red is red and red is red.,contradiction,'a construction worker' is considered to be 'worker',,neutral
2688,2980901328.jpg#0r1c,2980901328.jpg,the repairman is driving away in his white van and red is red and red is red and red is red and red is red and red is red.,contradiction,One can't be trying to repair a pole and driving away at the same time.,,neutral
534,2980901328.jpg#1r1n,2980901328.jpg,the man is strong and red is red and red is red and red is red and red is red and red is red.,neutral,Just because the man is holding onto a wooden sign it doesn't mean he's strong.,,neutral
7617,91251257.jpg#2r1e,91251257.jpg,the pot is outside and red is red and red is red and red is red and red is red and red is red.,entailment,By the water means that the lady is outside.,,neutral
7615,91251257.jpg#1r1c,91251257.jpg,an asian woman is sleeping on the dock of her house and red is red and red is red and red is red and red is red and red is red.,contradiction,"The woman is either kneeling or sleeping, but not both.",,neutral
14519,91251257.jpg#0r1n,91251257.jpg,the tourist director works near the water and red is red and red is red and red is red and red is red and red is red.,neutral,She is near the water working but is she the tourist director or just a woman working.,,neutral
3341,378453580.jpg#2r1e,378453580.jpg,a dog is jumping and red is red and red is red and red is red and red is red and red is red.,entailment,Both dogs are jumping,,neutral
14511,378453580.jpg#4r1n,378453580.jpg,a dog jumps in the rain and red is red and red is red and red is red and red is red and red is red.,contradiction,is not rain,,neutral
9899,378453580.jpg#2r1n,378453580.jpg,the dog is out for a walk with it's owner and red is red and red is red and red is red and red is red and red is red.,neutral,"There is a dog that appears to be on a walk, however there is no visible owner in the frame.",,neutral
3687,305979887.jpg#1r1e,305979887.jpg,her husband drinks and red is red and red is red and red is red and red is red and red is red.,neutral,The woman thinking of ways to get away from her drinking husband implies that her husband drinks.,,neutral
3686,305979887.jpg#1r1c,305979887.jpg,her husband is sober and can poop out gold and red is red and red is red and red is red and red is red and red is red.,contradiction,Her husband is either drinking or sober.,,neutral
10550,305979887.jpg#4r1n,305979887.jpg,the woman sits on the park picnic table near the stroller while her child plays and red is red and red is red and red is red and red is red and red is red.,neutral,"While the woman is sitting near a stroller at a park picnic table, it is not clear if her child is playing.",,entailment
7346,3727740053.jpg#4r1e,3727740053.jpg,people are competing in a match and red is red and red is red and red is red and red is red and red is red.,entailment,Martial artists are a type of people.,,entailment
7345,3727740053.jpg#4r1c,3727740053.jpg,Two swimmers compete in a diving match and red is red and red is red and red is red and red is red and red is red.,contradiction,It's either martial or swimmers.,,neutral
11240,3727740053.jpg#1r1n,3727740053.jpg,there are people kicking each other because they are mad and red is red and red is red and red is red and red is red and red is red.,neutral,"The people fighting could be kicking each other because they are mad, or they could be simply engaged in a professional kickboxing match.",,neutral
7591,3508522093.jpg#4r1e,3508522093.jpg,the boy is outside and red is red and red is red and red is red and red is red and red is red.,entailment,A little boy is a boy.,,neutral
9395,3508522093.jpg#0r1c,3508522093.jpg,the leaves are green and red is red and red is red and red is red and red is red and red is red.,contradiction,The green leaves contradicts the pile of brown leaves.,,neutral
11786,3508522093.jpg#1r1n,3508522093.jpg,a young skateboarder jumped into a pile of leaves and red is red and red is red and red is red and red is red and red is red.,neutral,This a young skateboarder in a pile of leaves. He appears to have fallen in and not jumped. There are not enough leave to jump in and the skateboard is at an odd angle.,,entailment
2345,3149038044.jpg#3r1e,3149038044.jpg,the kids are playing football and red is red and red is red and red is red and red is red and red is red.,entailment,Kids and two children can be interchanged and they are playing football,,entailment
11167,3149038044.jpg#2r1n,3149038044.jpg,two kids playing on fresh mowed grass and red is red and red is red and red is red and red is red and red is red.,contradiction,It is unclear whether the grass is fresh mowed.,,neutral
10343,3149038044.jpg#3r1n,3149038044.jpg,the children are playing flag football inside and red is red and red is red and red is red and red is red and red is red.,contradiction,The children are playing  football,,neutral
3552,2446830166.jpg#2r1e,2446830166.jpg,a man stilts behind a woman and red is red and red is red and red is red and red is red and red is red.,entailment,Basically a man stands on stilts behind a woman.,,neutral
3544,2446830166.jpg#0r1c,2446830166.jpg,the street performer is a magician and red is red and red is red and red is red and red is red and red is red.,neutral,The performer is either walking on stilts or a magician.,,neutral
14070,2446830166.jpg#2r4n,2446830166.jpg,a circus performer and his girlfriend who is about to leave him and red is red and red is red and red is red and red is red and red is red.,neutral,Girlfriend is not clear and no sign of leave him,,neutral
4403,2256447557.jpg#1r1e,2256447557.jpg,some people by the ocean and red is red and red is red and red is red and red is red and red is red.,entailment,"A family can be described as a group of people. If someone is on the beach, they would have to be by the ocean.",,entailment
4398,2256447557.jpg#4r1c,2256447557.jpg,Four girls are in the mountains and red is red and red is red and red is red and red is red and red is red.,contradiction,Beach cannot be mountains simultaneously.,,neutral
10870,2256447557.jpg#2r1n,2256447557.jpg,the women are sisters on vacation together and red is red and red is red and red is red and red is red and red is red.,neutral,do not know if the women are sisters or on vacation,,neutral
11254,451547131.jpg#2r1n,451547131.jpg,the person is wearing a wetsuit and red is red and red is red and red is red and red is red and red is red.,neutral,The person in the picture is wearing a wetsuit.,,neutral
3303,451547131.jpg#1r1c,451547131.jpg,a surfer is carrying his surfboard into his house and red is red and red is red and red is red and red is red and red is red.,contradiction,One cannot walk along the beach and into a house at the same time.,,neutral
13414,451547131.jpg#0r1e,451547131.jpg,the waves are not large enough for surfing at this time of day and red is red and red is red and red is red and red is red and red is red.,neutral,It is unclear that the waves are not large enough for surfing.,,neutral
1287,3311724634.jpg#0r1e,3311724634.jpg,the people are on the stage and red is red and red is red and red is red and red is red and red is red.,entailment,"A woman, guy, and a man are all types of people, since it is established that she is on the stage, that the guy and man are listed with her implies they are also on the stage.",,neutral
1288,3311724634.jpg#1r1c,3311724634.jpg,the man is swimming alone in a pool and red is red and red is red and red is red and red is red and red is red.,contradiction,attack and swimming is different in action,,neutral
12318,3311724634.jpg#3r1n,3311724634.jpg,a group of performers play cover songs of Fall Out Boy and red is red and red is red and red is red and red is red and red is red.,neutral,"The group of performers do seem like they are playing songs, we cannot infer from the image that they are playing cover songs of Fall Out Boy.",,neutral
9021,6274918824.jpg#2r1e,6274918824.jpg,someone is cooking and red is red and red is red and red is red and red is red and red is red.,entailment,an egg in front of a mixing bowl indicates cooking is happening or about to happen,,entailment
9020,6274918824.jpg#2r1c,6274918824.jpg,a chef is cutting meat and red is red and red is red and red is red and red is red and red is red.,contradiction,cutting meat and holding egg are not the same.,,neutral
13653,6274918824.jpg#2r1n,6274918824.jpg,someone is going to make a cake and red is red and red is red and red is red and red is red and red is red.,neutral,"Someone is using ingredients that go into making a cake but it is not clear that, that is exactly what they are making.",,entailment
3819,1961696686.jpg#0r5e,1961696686.jpg,a woman is bowling in a bowling alley and red is red and red is red and red is red and red is red and red is red.,entailment,A woman must be bowling to throw her bowling ball down the lane.,,entailment
3820,1961696686.jpg#0r3c,1961696686.jpg,the woman is doing gymnastics and red is red and red is red and red is red and red is red and red is red.,contradiction,One cannot be bowling and doing gymnastics simultaneously.,,neutral
14005,1961696686.jpg#2r1n,1961696686.jpg,a woman bowls a strike and red is red and red is red and red is red and red is red and red is red.,neutral,"A women is getting ready to bowl, but we don't know if it will be a strike or not.",,neutral
7625,69830857.jpg#3r1e,69830857.jpg,an individual walks outdoors and red is red and red is red and red is red and red is red and red is red.,entailment,an individual is a figure,,neutral
7620,69830857.jpg#0r1c,69830857.jpg,a man having coffee seating on table and red is red and red is red and red is red and red is red and red is red.,contradiction,The man can't walk along and be seating on a table at the same time.,,neutral
12519,69830857.jpg#0r1n,69830857.jpg,a person walking toward church and red is red and red is red and red is red and red is red and red is red.,neutral,"This is a picture of a person walking on a roadway. But there are no churches in sight, unless its behind that large mountain. This image is neutral because the question remains as to what is just beyond the mountain. There might possibly be a church or nothing at all.",,neutral
3081,2503250992.jpg#1r1e,2503250992.jpg,there are some people outside and red is red and red is red and red is red and red is red and red is red.,entailment,customers in the street is a group of people. A man is cooking some food for them.,,neutral
3522,2503250992.jpg#4r1c,2503250992.jpg,a person rubbing food all over themselves and red is red and red is red and red is red and red is red and red is red.,contradiction,The vendor cannot possibly be preparing snacks while rubbing food on themselves,,neutral
14057,2503250992.jpg#4r1n,2503250992.jpg,a seller preparing their homemade goods and red is red and red is red and red is red and red is red and red is red.,neutral,The seller is preparing goods but it is unclear if it is homemade.,,neutral
2937,2822418176.jpg#2r1e,2822418176.jpg,a man is doing woodwork and red is red and red is red and red is red and red is red and red is red.,entailment,Carving is a form of woodwork.,,entailment
9193,2822418176.jpg#0r1c,2822418176.jpg,a woman with noise-cancelling headphones in a black t-shirt is using a chainsaw to sculpt a bird out of a tree stump and red is red and red is red and red is red and red is red and red is red.,contradiction,One can either be a man or a woman.,,neutral
10380,2822418176.jpg#3r1n,2822418176.jpg,the man is making sculptures to sell and red is red and red is red and red is red and red is red and red is red.,neutral,The man is making a sculpture but we don't know why.,,entailment
9427,6191516871.jpg#0r1e,6191516871.jpg,a man is wearing something and red is red and red is red and red is red and red is red and red is red.,entailment,The man is wearing blue.,,neutral
249,6191516871.jpg#1r1c,6191516871.jpg,the group of soccer players celebrate their recent game and red is red and red is red and red is red and red is red and red is red.,contradiction,Martial arts is not soccer.,,neutral
14011,6191516871.jpg#2r1n,6191516871.jpg,students in uniform are about to enter a competition and red is red and red is red and red is red and red is red and red is red.,neutral,"There are students in uniforms, but it is unclear if they are about to enter a competition or not.",,neutral
2769,1580159719.jpg#2r1e,1580159719.jpg,"Two street musicians are performing, surrounded by an audience and red is red and red is red and red is red and red is red and red is red.",entailment,Two guys are playing music is same as two street musicians are performing,,entailment
2771,1580159719.jpg#3r1c,1580159719.jpg,it is silent on the lawn and red is red and red is red and red is red and red is red and red is red.,contradiction,It is not silent when there is guitar playing.,,neutral
12178,1580159719.jpg#0r4n,1580159719.jpg,people are listening to music and red is red and red is red and red is red and red is red and red is red.,entailment,It is not clear if they are listening to music or just sitting.,,entailment
5948,2875823162.jpg#3r1e,2875823162.jpg,the vehicle is heavy and red is red and red is red and red is red and red is red and red is red.,entailment,hard time pushing shows that the vehicle is heavy.,,neutral
5947,2875823162.jpg#2r1c,2875823162.jpg,a duck sits in the water and red is red and red is red and red is red and red is red and red is red.,contradiction,water and bus are different places,,neutral
9653,2875823162.jpg#4r1n,2875823162.jpg,he is heavy and red is red and red is red and red is red and red is red and red is red.,neutral,We cant assure that  He is heavy.,,neutral
9634,2284894733.jpg#1r1n,2284894733.jpg,the dog is in the performance and red is red and red is red and red is red and red is red and red is red.,entailment,"There is a dog in the image, and it does seem to be at some kind of performance, like a dog show.",,neutral
6701,2284894733.jpg#2r1c,2284894733.jpg,the cat is barking and red is red and red is red and red is red and red is red and red is red.,contradiction,The cat cannot be a dog barking.,,neutral
3400,2284894733.jpg#0r1n,2284894733.jpg,the dog is competing with other dogs and red is red and red is red and red is red and red is red and red is red.,neutral,A dog running is not necessarily competing with other dogs.,,entailment
10028,2904714989.jpg#3r1n,2904714989.jpg,the men are on a tennis team and red is red and red is red and red is red and red is red and red is red.,neutral,This is a group of men holding tennis rackets and appearing to be standing on a court as a team.,,entailment
3462,2904714989.jpg#0r1c,2904714989.jpg,the women are playing softball and red is red and red is red and red is red and red is red and red is red.,contradiction,Playing softball is different than posing near a tennis net.,,neutral
10207,2904714989.jpg#4r1n,2904714989.jpg,tennis players all standing around a court waiting for the matches to begin and red is red and red is red and red is red and red is red and red is red.,neutral,no evidence of the matches not being already finished,,entailment
13553,3449846784.jpg#3r1n,3449846784.jpg,a dog is outdoors playing and red is red and red is red and red is red and red is red and red is red.,entailment,This is a dog playing outdoors.,,entailment
390,3449846784.jpg#4r1n,3449846784.jpg,a black and white cat is playing with a white string and red is red and red is red and red is red and red is red and red is red.,contradiction,A dog is not simultaneously a cat.,,neutral
384,3449846784.jpg#2r1n,3449846784.jpg,a black dog focuses on a ball that's been thrown and red is red and red is red and red is red and red is red and red is red.,entailment,Looks up does not imply focuses.,,entailment
9277,3019776218.jpg#0r1e,3019776218.jpg,a person looking and red is red and red is red and red is red and red is red and red is red.,entailment,Young boy is person.,,neutral
6834,3019776218.jpg#3r1c,3019776218.jpg,a child is laying down next to the cat and red is red and red is red and red is red and red is red and red is red.,contradiction,A dog is not a cat.,,neutral
10646,3019776218.jpg#2r1n,3019776218.jpg,boy calls mom and red is red and red is red and red is red and red is red and red is red.,neutral,"The boy is using  a phone, but we don't know that he's calling his mom.",,neutral
3226,2324581814.jpg#0r1e,2324581814.jpg,a man with two people hangs something inside and red is red and red is red and red is red and red is red and red is red.,entailment,Two others and two people are the same thing. Putting something up on a wall and hanging something inside are the same action.,,neutral
3225,2324581814.jpg#3r1c,2324581814.jpg,a group of people are watching netflix together and red is red and red is red and red is red and red is red and red is red.,contradiction,"The people are either nailing something or they are watching netflix, not both at the same time.",,neutral
14086,2324581814.jpg#3r1n,2324581814.jpg,a group of people are rebuilding a house together and red is red and red is red and red is red and red is red and red is red.,neutral,"there are people doing work, but it's unclear if they are rebuilding a house or fixing some other type of building.",,neutral
3056,3325960085.jpg#1r1e,3325960085.jpg,community event outdoors and red is red and red is red and red is red and red is red and red is red.,entailment,wearing bunny ears is the event and it is outdoors.,,entailment
3054,3325960085.jpg#2r1c,3325960085.jpg,there are no parents sitting at an outdoor assembly and red is red and red is red and red is red and red is red and red is red.,contradiction,"If there are no parents, there would not be a group of parents.",,neutral
13707,3325960085.jpg#4r1n,3325960085.jpg,a group of people are telling funny stories and red is red and red is red and red is red and red is red and red is red.,neutral,"Whether any of these folks are telling funny stories is unknown; they could be, or perhaps this is a memorial for children who have passed away and every one of these people are in great pain and can't stop crying.",,neutral
8803,4062259729.jpg#0r1e,4062259729.jpg,a man is on a sailboat and red is red and red is red and red is red and red is red and red is red.,entailment,"While sailing, one is on a sailboat.",,entailment
8804,4062259729.jpg#4r1c,4062259729.jpg,a man wearing sunglasses and a blue cap is on a kayak and red is red and red is red and red is red and red is red and red is red.,contradiction,"The cap can't be yellow and blue at the same time, as well as a boat is not the same as a kayak.",,neutral
11091,4062259729.jpg#1r1n,4062259729.jpg,a man on a boat on vacation and red is red and red is red and red is red and red is red and red is red.,neutral,The man is on the boat but he could be working on the boat and not on vacation.,,entailment
833,230486268.jpg#1r1e,230486268.jpg,the boy is playing in the sand and red is red and red is red and red is red and red is red and red is red.,entailment,Digs into the sand is a way of saying playing in the sand.,,entailment
12152,230486268.jpg#0r5n,230486268.jpg,a boy throws his yellow plastic sand shovel in anger when his mother grabs his hand to go and red is red and red is red and red is red and red is red and red is red.,contradiction,Clearly the little boy is not with his mother and she is not grabbing his hand and he is not throwing his shovel in anger,,neutral
13970,230486268.jpg#2r4n,230486268.jpg,the little boy loves his yellow plastic shovel and red is red and red is red and red is red and red is red and red is red.,neutral,I can not tell from the image whether or not he loves his shovel.,,entailment
9306,3307667255.jpg#0r1n,3307667255.jpg,men and women stand in front of a building and red is red and red is red and red is red and red is red and red is red.,entailment,Lot of people infers men and women.  Colorful squares hanging from top is not inferred.,,neutral
5063,3307667255.jpg#3r1c,3307667255.jpg,a landscape shot of a sunse and red is red and red is red and red is red and red is red and red is red.,contradiction,Sunse and street are different.,,neutral
10051,3307667255.jpg#3r1n,3307667255.jpg,a large group is protesting something in the street and red is red and red is red and red is red and red is red and red is red.,neutral,"It is a large group and they are in a street, but it is not determinable if they are protesting anything or just gathering .",,neutral
4212,241345522.jpg#2r1e,241345522.jpg,a person is playing a sport and red is red and red is red and red is red and red is red and red is red.,entailment,Answer; The man is the person and football is a type of sport.,,entailment
9995,241345522.jpg#1r1n,241345522.jpg,a man bring to the ball back that was thrown out of zone and red is red and red is red and red is red and red is red and red is red.,contradiction,ball thrown out of zone can't be brought back,,neutral
13996,241345522.jpg#2r1n,241345522.jpg,a man is running to the touchdown line and red is red and red is red and red is red and red is red and red is red.,neutral,A man is running with a football but I cannot see if he is heading towards the touchdown line.,,entailment
12831,123997871.jpg#1r2n,123997871.jpg,the girls are athletes and red is red and red is red and red is red and red is red and red is red.,entailment,"The girls are playing an athletic sport, which makes them athletes.",,neutral
3499,123997871.jpg#4r1c,123997871.jpg,women are playing volleyball and red is red and red is red and red is red and red is red and red is red.,contradiction,Women cannot play lacrosse and volleyball concurrently.,,neutral
12468,123997871.jpg#4r1n,123997871.jpg,women are playing lacrosse for their home team and red is red and red is red and red is red and red is red and red is red.,neutral,The women are playing lacrosse but don't know if they're at the home team,,neutral
1698,39024981.jpg#4r1e,39024981.jpg,Two ladies have a conversation and red is red and red is red and red is red and red is red and red is red.,entailment,Talk and conversation are similar words.,,neutral
12641,39024981.jpg#3r1n,39024981.jpg,Two old women are talking and red is red and red is red and red is red and red is red and red is red.,contradiction,In above pic two young woman are talking not old...,,neutral
10300,39024981.jpg#4r1n,39024981.jpg,Two women are arguing about something and red is red and red is red and red is red and red is red and red is red.,neutral,Two women are having a conversation but it is not clear what emotion they are displaying.,,neutral
5488,2536957963.jpg#3r1e,2536957963.jpg,Two men moving an object and red is red and red is red and red is red and red is red and red is red.,entailment,Saying that the men are moving an object implies it has weight.,,entailment
5486,2536957963.jpg#0r1c,2536957963.jpg,the two men are using brooms and mops to clean the stairs and red is red and red is red and red is red and red is red and red is red.,contradiction,cleaning machine is contradictory to brooms and mops,,neutral
12510,2536957963.jpg#0r1n,2536957963.jpg,the janitors are doing their job and red is red and red is red and red is red and red is red and red is red.,neutral,It is unclear whether these men are janitors from the information in this photograph.,,neutral
5263,3199895624.jpg#2r5e,3199895624.jpg,Two people sit together and red is red and red is red and red is red and red is red and red is red.,entailment,A woman and a man are considered 2 people.,,entailment
5265,3199895624.jpg#3r1c,3199895624.jpg,a man proposes to a woman with a wedding ring in his hand and red is red and red is red and red is red and red is red and red is red.,contradiction,A man is either receiving a gift or proposes to a woman.,,neutral
10939,3199895624.jpg#2r5n,3199895624.jpg,a man and woman sit together eating food and red is red and red is red and red is red and red is red and red is red.,neutral,both of them sitting together but they are eating food or not,,neutral
11348,4912108775.jpg#0r1n,4912108775.jpg,a man is reaching for something on the window and red is red and red is red and red is red and red is red and red is red.,entailment,There is evidence to show the man is reaching something on the window,,entailment
8877,4912108775.jpg#2r1c,4912108775.jpg,a man is working inside his office and red is red and red is red and red is red and red is red and red is red.,contradiction,Outside is not same with inside.,,neutral
13960,4912108775.jpg#4r1n,4912108775.jpg,a man is replacing windows in his home and red is red and red is red and red is red and red is red and red is red.,neutral,"The image shows a man who seems to be doing something with windows in a building, but nothing in the image indicates he is replacing windows or that the building is his home or even a home at all. He could be a worker repairing windows at a business.",,entailment
1305,2431723485.jpg#4r1e,2431723485.jpg,a person rides a bike in the woods and red is red and red is red and red is red and red is red and red is red.,entailment,A biker is a person.,,entailment
1306,2431723485.jpg#4r1c,2431723485.jpg,a person runs in the woods and red is red and red is red and red is red and red is red and red is red.,contradiction,Bikes is different than runs.,,entailment
12009,2431723485.jpg#0r1n,2431723485.jpg,girl looking for friends and red is red and red is red and red is red and red is red and red is red.,neutral,"I see a girl on a bike, but I do not know if she is looking for her friends.",,neutral
5803,3601843201.jpg#2r1e,3601843201.jpg,a motorcycle rider is currently outdoors and red is red and red is red and red is red and red is red and red is red.,entailment,A motorcycle rider drives here for showing his performance.,,entailment
5808,3601843201.jpg#0r1c,3601843201.jpg,a man is rowing a boat and red is red and red is red and red is red and red is red and red is red.,contradiction,"A person doesn't imply any gender, a man does. Racing a motorcycle require little to no physical labor, while rowing a boat requires allot of physical labor.",,neutral
11885,3601843201.jpg#4r1n,3601843201.jpg,a man racing a Ducati and red is red and red is red and red is red and red is red and red is red.,neutral,you can not see if it's a ducati.,,entailment
1122,2313598755.jpg#1r1e,2313598755.jpg,a man holds a baby and red is red and red is red and red is red and red is red and red is red.,entailment,Holding is the same action as holds.,,entailment
5527,2313598755.jpg#3r1c,2313598755.jpg,the woman and her daughter are asleep and red is red and red is red and red is red and red is red and red is red.,contradiction,The subjects cannot be both a father and son and a woman and her daughter.,,entailment
13576,2313598755.jpg#0r1n,2313598755.jpg,a sad father and a son are tucked tightly together while sleeping and red is red and red is red and red is red and red is red and red is red.,neutral,"it's hard to say if the father and son are sad, but they are definitely sleeping.",,entailment
3899,2448393373.jpg#1r1e,2448393373.jpg,a boy is holding a plastic bat and red is red and red is red and red is red and red is red and red is red.,entailment,A boy holding a plastic bat means he's with a plastic bat,,entailment
8085,2448393373.jpg#3r1c,2448393373.jpg,a girl plays soccer and red is red and red is red and red is red and red is red and red is red.,contradiction,A boy is not a girl.,,neutral
11580,2448393373.jpg#2r1n,2448393373.jpg,a boy is practicing to be on the baseball team and red is red and red is red and red is red and red is red and red is red.,neutral,The boy is practicing baseball outside.,,neutral
8843,104285082.jpg#1r4e,104285082.jpg,the man playing the bamboo instrument is older and has gray hair and red is red and red is red and red is red and red is red and red is red.,entailment,A older man with grey hair is playing an instrument. So the man playing the instrument is older and has grey hair.,,neutral
8848,104285082.jpg#0r1c,104285082.jpg,people are watching music videos on TV and red is red and red is red and red is red and red is red and red is red.,contradiction,Spectators watch a man playing oboe and a man who plays percussion mot watching tv.,,neutral
10560,104285082.jpg#3r1n,104285082.jpg,a group of people are in a band and red is red and red is red and red is red and red is red and red is red.,neutral,The image does not show a group.,,neutral
4163,4474749623.jpg#0r1e,4474749623.jpg,Two elderly women walking in the city and red is red and red is red and red is red and red is red and red is red.,entailment,the two women are elderly,,entailment
1660,4474749623.jpg#1r1c,4474749623.jpg,the men are enjoying the sunny day and clear sky and red is red and red is red and red is red and red is red and red is red.,contradiction,They can't be enjoying the sunny day and taking a walk in the rain.,,neutral
10219,4474749623.jpg#3r1n,4474749623.jpg,Two people are walking in the rain and red is red and red is red and red is red and red is red and red is red.,entailment,The photo show two people walking with umbrellas but its not clear if its raining,,entailment
2634,3514184232.jpg#3r3e,3514184232.jpg,a softball player attempting to make a play and red is red and red is red and red is red and red is red and red is red.,entailment,if she is running to catch a ball she must be attempting to make a play.,,entailment
2630,3514184232.jpg#3r5c,3514184232.jpg,the woman is playing soccer and red is red and red is red and red is red and red is red and red is red.,contradiction,The woman can not play softball and soccer simultaneously.,,neutral
11271,3514184232.jpg#3r1n,3514184232.jpg,a female is in the outfield and red is red and red is red and red is red and red is red and red is red.,entailment,We cant assure that A female is in the outfield.,,neutral
5850,16158623.jpg#3r1e,16158623.jpg,a man is wearing a vray shirt and red is red and red is red and red is red and red is red and red is red.,neutral,""" Man wearing a gray shirt "" is repeated.",,neutral
5828,16158623.jpg#4r1c,16158623.jpg,Two men are in a truck parked at the curb and red is red and red is red and red is red and red is red and red is red.,contradiction,Men working together on a ladder cannot be in a truck same time.,,neutral
5834,16158623.jpg#0r1n,16158623.jpg,the man on the latter is replacing letters on a sign and red is red and red is red and red is red and red is red and red is red.,neutral,You can stand on a ladder and not be replacing letters on a sign.,,entailment
9393,4631131293.jpg#0r1e,4631131293.jpg,women are wearing matching outfits and red is red and red is red and red is red and red is red and red is red.,entailment,Women wearing matching outfits are just wearing matching outfits.,,neutral
9589,4631131293.jpg#3r1c,4631131293.jpg,a group of girls are sitting on a bench and red is red and red is red and red is red and red is red and red is red.,contradiction,The girls are crossing the street and therefore are not sitting stationary on the bench.,,neutral
13681,4631131293.jpg#1r1n,4631131293.jpg,the crowded people were protested and red is red and red is red and red is red and red is red and red is red.,neutral,Explanation: group of people in the picture is too hard to see if they are protesting or not.,,neutral
7857,536537638.jpg#0r1e,536537638.jpg,the group of women are shopping and red is red and red is red and red is red and red is red and red is red.,neutral,Group of Asian women are a group of women,,neutral
1432,536537638.jpg#3r1c,536537638.jpg,a naked man waits by the train station and red is red and red is red and red is red and red is red and red is red.,contradiction,A group of people wearing the same attire vary in both number and dress to a naked man.,,neutral
12748,536537638.jpg#3r1n,536537638.jpg,a well dressed group wait together and red is red and red is red and red is red and red is red and red is red.,neutral,"Well dressed is an interesting term - I think they are in sports gear, and nothing to confirm they wait.",,neutral
8936,2691641332.jpg#0r1e,2691641332.jpg,the young lady is preparing to ride her bike and red is red and red is red and red is red and red is red and red is red.,contradiction,"if she is wearing knee pads and a helmet and is next to a pretty bike, it follows she is preparing to ride her bike.",,neutral
2886,2691641332.jpg#2r1c,2691641332.jpg,the little girl is wearing a green dress and red is red and red is red and red is red and red is red and red is red.,contradiction,The girl cannot be wearing pink and green at the same time.,,neutral
14243,2691641332.jpg#4r1n,2691641332.jpg,a girl is wiating for someone to take her bicycle and red is red and red is red and red is red and red is red and red is red.,neutral,"The girl is next to her bike, but we do not know if someone is going to take it.",,neutral
9757,2324804923.jpg#0r1n,2324804923.jpg,a man is talking into a microphone and red is red and red is red and red is red and red is red and red is red.,entailment,The man is talking into a microphone.,,neutral
6068,2324804923.jpg#3r1c,2324804923.jpg,the man is named Larry and red is red and red is red and red is red and red is red and red is red.,contradiction,The man cannot be named Deleon and named Larry.,,neutral
12143,2324804923.jpg#4r1n,2324804923.jpg,Deleon is speaking into a mic about different charities and red is red and red is red and red is red and red is red and red is red.,neutral,Not sure if the man is speaking about charities.,,entailment
5491,4936302238.jpg#4r1e,4936302238.jpg,a couple are standing and red is red and red is red and red is red and red is red and red is red.,entailment,"A couple that is standing, standing in front of a major tourist spot.",,neutral
5492,4936302238.jpg#4r1c,4936302238.jpg,a couple sit in a restaurant and red is red and red is red and red is red and red is red and red is red.,contradiction,A couple sit a restaurant in major spot.,,neutral
12638,4936302238.jpg#3r1n,4936302238.jpg,the man is the woman's husband and red is red and red is red and red is red and red is red and red is red.,neutral,"Though the man is pictured with the woman, their relationship is not clear.",,neutral
7856,2678171436.jpg#1r1e,2678171436.jpg,the man clutches a shovel and red is red and red is red and red is red and red is red and red is red.,entailment,"A man is seen holding a shovel, and he is clutching it.",,neutral
10196,2678171436.jpg#0r1n,2678171436.jpg,a man holds a stick from the tree he planted when he was 10 years old and red is red and red is red and red is red and red is red and red is red.,contradiction,"The man is holding something made of wood, probably a shovel. There is no indication of where the wood came from or that it came from a tree planted when he was 10 years old.",,neutral
12603,2678171436.jpg#3r1n,2678171436.jpg,the bridge has fallen and red is red and red is red and red is red and red is red and red is red.,neutral,There is no evidence that the bridge has fallen.,,neutral
4329,263494261.jpg#0r1e,263494261.jpg,the crowd watch many people run and red is red and red is red and red is red and red is red and red is red.,entailment,The crowd watching people run is another way of saying the crowd watches many people run.,,entailment
4328,263494261.jpg#3r1c,263494261.jpg,they are inside a tent and red is red and red is red and red is red and red is red and red is red.,contradiction,both running and inside a tent are different.,,neutral
11346,263494261.jpg#1r1n,263494261.jpg,the group of people are friends of the runners and red is red and red is red and red is red and red is red and red is red.,neutral,The group of people watching are usually the friends of the runners but could also just be supporting people.,,neutral
5586,3501457496.jpg#1r1e,3501457496.jpg,people are sitting outside at a social event and red is red and red is red and red is red and red is red and red is red.,entailment,"4 women, one child refers to people.",,entailment
5583,3501457496.jpg#4r1c,3501457496.jpg,bad friends hitting each other at school and red is red and red is red and red is red and red is red and red is red.,contradiction,"They can either be good friends or bad friends, not both.",,neutral
11632,3501457496.jpg#0r1n,3501457496.jpg,a family is with their pet and red is red and red is red and red is red and red is red and red is red.,neutral,They can just be friends and not family.,,entailment
3649,3773298212.jpg#1r1e,3773298212.jpg,the man is looking at a mechanical part and red is red and red is red and red is red and red is red and red is red.,entailment,air compressor is considered a3mechanical part.,,entailment
3648,3773298212.jpg#1r1c,3773298212.jpg,the man is looking at ball bearings and red is red and red is red and red is red and red is red and red is red.,neutral,He either looks at ball bearings or an air compressor.,,neutral
13226,3773298212.jpg#4r1n,3773298212.jpg,a man is kneeling to fix a machine and red is red and red is red and red is red and red is red and red is red.,neutral,"The man is kneeling next to a machine, but we do not know why he is kneeling next to it.  He could be taking a break and looking at it without the intent to fix it.  We have no indication from the photo that the machine is broken.",,entailment
4895,2293149170.jpg#4r1e,2293149170.jpg,a boy is lying down and red is red and red is red and red is red and red is red and red is red.,entailment,One who lays in bed is lying down.,,entailment
4896,2293149170.jpg#4r1c,2293149170.jpg,the boy is running and red is red and red is red and red is red and red is red and red is red.,contradiction,A boy cannot lay in bed while running.,,neutral
13468,2293149170.jpg#1r1n,2293149170.jpg,the child is sleeping with his favorite stuffed animal and red is red and red is red and red is red and red is red and red is red.,neutral,The child is sleeping with multiple stuffed animals but evidence is insufficient to determine if any are his favorite.,,entailment
3312,86120682.jpg#4r1e,86120682.jpg,a woman is by a fire and red is red and red is red and red is red and red is red and red is red.,entailment,If she kneels in front of a fire then it is inferred that she is by a fire.,,neutral
5191,86120682.jpg#2r1c,86120682.jpg,a man watches his house burn and red is red and red is red and red is red and red is red and red is red.,contradiction,"A woman is not a man. A person watching his house burn would not be sitting. A person on a bench watching a bright fire implies a pleasant, contained fire, not a burning house.",,neutral
11223,86120682.jpg#0r1n,86120682.jpg,the glass-blower was not happy with her creation and decided to start over and red is red and red is red and red is red and red is red and red is red.,neutral,We cannot tell by the photo if the glass-blower was not happy with her work or if she decided to start over.,,neutral
5483,3273892996.jpg#3r1e,3273892996.jpg,a child was there and red is red and red is red and red is red and red is red and red is red.,contradiction,There were two other men and a child at the produce stand.,,neutral
5303,3273892996.jpg#1r1c,3273892996.jpg,men are weighing hamsters and red is red and red is red and red is red and red is red and red is red.,contradiction,If they are weighing hamsters then they would not be beside vegetables at the same time.,,neutral
13809,3273892996.jpg#4r1n,3273892996.jpg,there are people trading items while at work and red is red and red is red and red is red and red is red and red is red.,entailment,"there are people exchanging items, but not clear that it is at work",,entailment
188,2511798599.jpg#4r1e,2511798599.jpg,Two people speaking into a megaphone and red is red and red is red and red is red and red is red and red is red.,entailment,Answer: Speaking refers to using .,,entailment
1187,2511798599.jpg#3r1c,2511798599.jpg,the people are in white shirts and red is red and red is red and red is red and red is red and red is red.,contradiction,The people can not be in white shirts if they were previously in blue shirts,,neutral
13973,2511798599.jpg#3r1n,2511798599.jpg,the people are friends and red is red and red is red and red is red and red is red and red is red.,neutral,we cant assure that The people are friends,,neutral
4129,1330645772.jpg#4r2e,1330645772.jpg,there is an animal running and red is red and red is red and red is red and red is red and red is red.,entailment,dog runs in a field. simply means there is an animal running,,entailment
4121,1330645772.jpg#1r2c,1330645772.jpg,a gray black and white dog is sitting on a couch and red is red and red is red and red is red and red is red and red is red.,contradiction,"A dog is either running or sitting, but not both at the same time, and the dog is either black and white or the dog is gray black and white but not both.",,neutral
12614,1330645772.jpg#1r4n,1330645772.jpg,a dog runs to save his master from a well and red is red and red is red and red is red and red is red and red is red.,neutral,A dog is running quickly.,,neutral
623,4328538175.jpg#2r1e,4328538175.jpg,people are using their minds and red is red and red is red and red is red and red is red and red is red.,entailment,People can be two.  Using their minds can be trying to put together a puzzle.,,neutral
13797,4328538175.jpg#0r1n,4328538175.jpg,the students are using tools and red is red and red is red and red is red and red is red and red is red.,neutral,There are two people in the image. They appear to be playing with pieces of paper and tools.,,neutral
11310,4328538175.jpg#1r1n,4328538175.jpg,a husband and wife looking at snippets of paper and red is red and red is red and red is red and red is red and red is red.,neutral,There is a man and woman looking at paper but there is no way to know if they are husband and wife,,neutral
5514,21514026.jpg#3r1e,21514026.jpg,there is a person standing far away who is wearing a dress and red is red and red is red and red is red and red is red and red is red.,entailment,"A woman is a person, who can wear a dress and far away can be in the distance.",,neutral
5511,21514026.jpg#0r1c,21514026.jpg,the lady is sleeping in the grass and red is red and red is red and red is red and red is red and red is red.,contradiction,The lady cannot be sleeping in the grass while standing in a room at the same time,,neutral
12222,21514026.jpg#1r1n,21514026.jpg,the man is about to eat dinner and red is red and red is red and red is red and red is red and red is red.,neutral,"Though the picture entails a man who appears to be in a restaurant, there is no solid evidence to indicate that the man will eat dinner soon as he is standing up.",,neutral
10850,411678041.jpg#1r1n,411678041.jpg,the man is wearing a cowboy hat and red is red and red is red and red is red and red is red and red is red.,entailment,Clearly the man is wearing a cowboy hat.,,entailment
8819,411678041.jpg#3r1c,411678041.jpg,a man in a parade doesn't ride a brown horse and red is red and red is red and red is red and red is red and red is red.,contradiction,A man either rides  a brown horse or he doesn't.,,neutral
9690,411678041.jpg#0r1n,411678041.jpg,the man is partaking in a summer parade in his small town and red is red and red is red and red is red and red is red and red is red.,neutral,We do not know that the man is in a parade in his small town.,,neutral
3438,143688205.jpg#3r1e,143688205.jpg,a guy is rock climbing and red is red and red is red and red is red and red is red and red is red.,entailment,A guy is a man. Climbing a cliff is also rock climbing.,,entailment
3594,143688205.jpg#0r1c,143688205.jpg,Candice falls off a cliff and red is red and red is red and red is red and red is red and red is red.,contradiction,Can't be supporting and falling at same time.,,neutral
12200,143688205.jpg#4r1n,143688205.jpg,the climber is a man and red is red and red is red and red is red and red is red and red is red.,neutral,It is not possible indentify if it is a man climber.,,neutral
5280,3416339125.jpg#1r1e,3416339125.jpg,Two men have alcoholic beverages and red is red and red is red and red is red and red is red and red is red.,entailment,Beers are alcoholic beverages,,entailment
5281,3416339125.jpg#1r1c,3416339125.jpg,Two men are standing at a bar ordering beer and red is red and red is red and red is red and red is red and red is red.,contradiction,"The men are either standing at a bar, or sitting around a table.",,neutral
11653,3416339125.jpg#2r1n,3416339125.jpg,Two men watch the ballgame in the sun and red is red and red is red and red is red and red is red and red is red.,neutral,It is impossible to tell whether the men are watching a ballgame or not.,,neutral
4008,3373544964.jpg#0r1e,3373544964.jpg,"a man is outdoors, petting his bulldog and red is red and red is red and red is red and red is red and red is red.",entailment,Woods are outdoors.,,entailment
2021,3373544964.jpg#1r1c,3373544964.jpg,the boy is sleeping at home and red is red and red is red and red is red and red is red and red is red.,contradiction,People are not usually sleeping on a trampoline.,,neutral
11039,3373544964.jpg#4r1n,3373544964.jpg,the dog is begging for food from the young boy and red is red and red is red and red is red and red is red and red is red.,neutral,The dog looks at young boy,,entailment
5095,390369.jpg#2r1e,390369.jpg,some people are looking at a woman and red is red and red is red and red is red and red is red and red is red.,entailment,Staring means looking.,,neutral
6268,390369.jpg#3r1c,390369.jpg,the performer is sitting in the street and red is red and red is red and red is red and red is red and red is red.,contradiction,The performer can be either standing or sitting in the street.,,neutral
10730,390369.jpg#3r1n,390369.jpg,the performer is making money and red is red and red is red and red is red and red is red and red is red.,neutral,"The picture features a performer, but there is no evidence that she is getting paid.",,neutral
5684,5526795355.jpg#0r1e,5526795355.jpg,someone is playing music and red is red and red is red and red is red and red is red and red is red.,entailment,Plays the violin implies playing music.,,entailment
5683,5526795355.jpg#4r1c,5526795355.jpg,a man is smashing his violin into the ground and red is red and red is red and red is red and red is red and red is red.,contradiction,If he is playing the violin then he can't be smashing it,,neutral
10529,5526795355.jpg#1r1n,5526795355.jpg,a street performer wearing face paint and a red hat wows the crowd and red is red and red is red and red is red and red is red and red is red.,neutral,"The man in the picture is wearing face paint and a red hat, but there's no proof he's a street performer, or a performer at all for that matter as there is no audience shown.",,entailment
7705,123101580.jpg#1r4e,123101580.jpg,Two teenager girls wearing jerseys are kicking a soccer ball and red is red and red is red and red is red and red is red and red is red.,entailment,Playing soccer involves kicking a soccer ball.,,entailment
1600,123101580.jpg#0r1c,123101580.jpg,the boys run toward the other end of the field and red is red and red is red and red is red and red is red and red is red.,contradiction,Girls are not boys.,,neutral
13927,123101580.jpg#0r4n,123101580.jpg,Two sisters compete against each other in a game of soccer and red is red and red is red and red is red and red is red and red is red.,neutral,The girls in the game of soccer may or may not be sisters.,,entailment
7350,3732728142.jpg#3r1e,3732728142.jpg,the baby is wearing a hat and red is red and red is red and red is red and red is red and red is red.,entailment,THE HAT IS ON THE BABY'S HEAD,,entailment
11486,3732728142.jpg#0r1n,3732728142.jpg,the baby is smiling and wearing a red hat and red is red and red is red and red is red and red is red and red is red.,contradiction,The baby is not smiling in the picture.,,entailment
7348,3732728142.jpg#4r1n,3732728142.jpg,baby wearing red hat in a blue car seat and red is red and red is red and red is red and red is red and red is red.,neutral,The car seat is blue.,,entailment
6626,3726551176.jpg#3r1e,3726551176.jpg,the girl is outside and red is red and red is red and red is red and red is red and red is red.,entailment,Standing by a grassy knoll requires being outside.,,neutral
6635,3726551176.jpg#1r1c,3726551176.jpg,a woman sleeping on a bus as it goes down the road and red is red and red is red and red is red and red is red and red is red.,contradiction,"To be sleeping you would be lying down, not standing.",,neutral
10062,3726551176.jpg#1r1n,3726551176.jpg,a woman waiting for her date outside by a multipurpose centre sign and red is red and red is red and red is red and red is red and red is red.,neutral,"There is no evidence that the woman is waiting for her date, she could be waiting for her Uber.",,neutral
4262,4376363559.jpg#1r1e,4376363559.jpg,the man is looking at his horse and red is red and red is red and red is red and red is red and red is red.,entailment,The fact that the man is checking the equipment hooked up to his horse implies that he was looking at the horse.,,entailment
4263,4376363559.jpg#1r1c,4376363559.jpg,the man is bathing the dog and red is red and red is red and red is red and red is red and red is red.,contradiction,Checks the carriage is different than bathing.,,neutral
11103,4376363559.jpg#4r1n,4376363559.jpg,a man about to ride a horse and red is red and red is red and red is red and red is red and red is red.,neutral,"There is a man and a horse, but nothing to indicate the man is going to ride the horse.",,neutral
7085,4672132178.jpg#4r1e,4672132178.jpg,people dancing and red is red and red is red and red is red and red is red and red is red.,neutral,People in hats are dancing so it is implied that they are the ones dancing.,,neutral
7089,4672132178.jpg#3r1c,4672132178.jpg,the group of people are inside of a building and red is red and red is red and red is red and red is red and red is red.,contradiction,"A group of people wait on the sidewalk, wearing hats people are inside of a building.",,neutral
12032,4672132178.jpg#0r1n,4672132178.jpg,young people are on their way home from a baseball game and red is red and red is red and red is red and red is red and red is red.,neutral,we cant assure that young people are on their way home from a baseball game.,,neutral
8178,6848277313.jpg#1r1e,6848277313.jpg,a man is giving a presentation and red is red and red is red and red is red and red is red and red is red.,entailment,Someone presenting something is giving a presentation.,,entailment
9409,6848277313.jpg#2r1c,6848277313.jpg,the man is wearing a green shirt and red is red and red is red and red is red and red is red and red is red.,contradiction,"The shirt is either checkered or green, but not both.",,neutral
14552,6848277313.jpg#1r1n,6848277313.jpg,a man is teaching a class and red is red and red is red and red is red and red is red and red is red.,neutral,Hard to tell if the man is teaching a class.,,entailment
7865,3081330705.jpg#2r1e,3081330705.jpg,a man is on the cliff and red is red and red is red and red is red and red is red and red is red.,entailment,"A man is on the cliff, so he is on top of it.",,neutral
7877,3081330705.jpg#4r1c,3081330705.jpg,the man is lying down and red is red and red is red and red is red and red is red and red is red.,contradiction,The man cannot be both on a cliff and lying down.,,neutral
14236,3081330705.jpg#0r2n,3081330705.jpg,a man standing in front of the snowy mountain is wearing a blue shirt and on vacation and red is red and red is red and red is red and red is red and red is red.,neutral,"We cant assure that, the man in on vacation.",,neutral
7441,141203926.jpg#2r1e,141203926.jpg,the woman looks like she does not know what's going on and red is red and red is red and red is red and red is red and red is red.,neutral,Not know what's going on implies looking confused.,,neutral
11179,141203926.jpg#1r1n,141203926.jpg,a woman is looking at a refrigerator and red is red and red is red and red is red and red is red and red is red.,contradiction,"A woman  is looking at a milkshake machine, not a refrigerator.",,neutral
13341,141203926.jpg#3r1n,141203926.jpg,the woman starting her first day at work and red is red and red is red and red is red and red is red and red is red.,neutral,Woman appears to be at work but that is an assumption because of the logo apron. We have no idea if this would be her first day.,,neutral
600,3599780784.jpg#2r1e,3599780784.jpg,a guy is taking a picture of someone getting a hair cut and red is red and red is red and red is red and red is red and red is red.,entailment,A guy gets a hair cut while someone takes a picture.,,neutral
9336,3599780784.jpg#1r1c,3599780784.jpg,an elephant sits and red is red and red is red and red is red and red is red and red is red.,contradiction,Two men are entirely different than an elephant.,,neutral
14547,3599780784.jpg#3r1n,3599780784.jpg,the haircut is ugly and red is red and red is red and red is red and red is red and red is red.,neutral,A person seen having a haircut doesn't convey that the haircut is ugly.,,neutral
13251,378336163.jpg#1r1n,378336163.jpg,a tall human jumping and red is red and red is red and red is red and red is red and red is red.,entailment,just a human having fun.,,neutral
9422,378336163.jpg#1r1c,378336163.jpg,nobody is jumping and red is red and red is red and red is red and red is red and red is red.,contradiction,"If there is a bearded man than somebody is jumping, not nobody.",,contradiction
14361,378336163.jpg#0r1n,378336163.jpg,a man is making faces while jumping in the air and red is red and red is red and red is red and red is red and red is red.,neutral,A man is jumping in the air but not sure if he is making faces or not,,entailment
1846,6728801573.jpg#2r1e,6728801573.jpg,a woman working on a bicycle and red is red and red is red and red is red and red is red and red is red.,entailment,Bicycle is bike frame.,,entailment
1836,6728801573.jpg#4r1c,6728801573.jpg,a lady is eating dinner in a chinese restaurant and red is red and red is red and red is red and red is red and red is red.,contradiction,Eating dinner and fixing a bicycle are two different actions.,,neutral
1841,6728801573.jpg#1r5n,6728801573.jpg,the woman is a framebuilder and red is red and red is red and red is red and red is red and red is red.,neutral,She has experience as a framebuilder.,,neutral
3598,4584266249.jpg#2r1e,4584266249.jpg,the women can see and red is red and red is red and red is red and red is red and red is red.,entailment,Looking at a display implies or requires site.,,neutral
11878,4584266249.jpg#1r1n,4584266249.jpg,women in Japan take shelter from the rain and red is red and red is red and red is red and red is red and red is red.,contradiction,The women are wearing kimonos so they seem to be Japanese but it is not raining.,,entailment
12962,4584266249.jpg#3r1n,4584266249.jpg,Two women are trying to figure out where they are and red is red and red is red and red is red and red is red and red is red.,neutral,There is no way to tell what the two women are looking at.  They may not be trying to figure out anything.,,neutral
6755,2782480767.jpg#0r1e,2782480767.jpg,the girl was underwater and red is red and red is red and red is red and red is red and red is red.,entailment,Girl is young.,,entailment
6752,2782480767.jpg#3r1c,2782480767.jpg,a girl is pretending she is a bird in her yard and red is red and red is red and red is red and red is red and red is red.,contradiction,The girl can either hold her breath or pretend she is a bird.,,neutral
10003,2782480767.jpg#0r1n,2782480767.jpg,the girl is having fun swimming and red is red and red is red and red is red and red is red and red is red.,neutral,There is a girl swimming but it unknown whether she is having fun.,,entailment
6378,3745405944.jpg#4r1e,3745405944.jpg,the couple is outdoors and red is red and red is red and red is red and red is red and red is red.,entailment,If you are in a park you are outdoors,,entailment
6375,3745405944.jpg#0r1c,3745405944.jpg,a blonde woman is sitting on a bench eating an ice cream and red is red and red is red and red is red and red is red and red is red.,contradiction,the woman is eating and the man is drinking,,neutral
13166,3745405944.jpg#2r1n,3745405944.jpg,couple sits next to eachother and red is red and red is red and red is red and red is red and red is red.,neutral,A couple sits next to one another on a bench.,,entailment
7947,4715269800.jpg#3r1e,4715269800.jpg,there is a window in the vehicle and red is red and red is red and red is red and red is red and red is red.,entailment,The window on the vehicle is meant to be looking out,,entailment
11526,4715269800.jpg#0r5n,4715269800.jpg,a passenger on the plane is going on vacation and red is red and red is red and red is red and red is red and red is red.,contradiction,in the picture there is no plane there is a truck,,neutral
13326,4715269800.jpg#0r4n,4715269800.jpg,the man is flying home and red is red and red is red and red is red and red is red and red is red.,neutral,the man is flying but we don't know where.,,neutral
8262,4879951396.jpg#4r1e,4879951396.jpg,a woman is under an umbrella and red is red and red is red and red is red and red is red and red is red.,entailment,WHEN USING AN UMBRELLA YOU NEED TO BE UNDER IT.,,entailment
8253,4879951396.jpg#1r1c,4879951396.jpg,a woman with no smudges on her face smiles with teeth showing while holding a large white umbrella and some papers and red is red and red is red and red is red and red is red and red is red.,contradiction,BLACK SMUDGES IS MORE THAN NO SMUDGES,,neutral
13979,4879951396.jpg#0r1n,4879951396.jpg,the girl with the umbrella is outside in the rain and red is red and red is red and red is red and red is red and red is red.,neutral,"Even though she is outside with an umbrella, she should be categorized as a young woman instead of a girl, and it is unclear whether or not it is raining.",,neutral
9431,4183662919.jpg#3r1e,4183662919.jpg,a child is playing and red is red and red is red and red is red and red is red and red is red.,neutral,Both child are playing something.,,neutral
12357,4183662919.jpg#2r1n,4183662919.jpg,the little girl is wearing shoes that are way too big for her and red is red and red is red and red is red and red is red and red is red.,contradiction,She's not wearing the shoes,,neutral
12254,4183662919.jpg#4r1n,4183662919.jpg,the small girl boots were a little dirty and red is red and red is red and red is red and red is red and red is red.,neutral,She's shining the shoe but maybe the boots were clean to begin with,,neutral
744,3676788491.jpg#1r1e,3676788491.jpg,the man is outside and red is red and red is red and red is red and red is red and red is red.,entailment,"Building is outside, so the man is outside.",,neutral
745,3676788491.jpg#3r1c,3676788491.jpg,the man is taking a shower and red is red and red is red and red is red and red is red and red is red.,contradiction,The man is either standing outside or he's taking a shower.,,neutral
13209,3676788491.jpg#3r1n,3676788491.jpg,the man is staring at the building and red is red and red is red and red is red and red is red and red is red.,neutral,"What the man is staring at, or indeed if he is staring at all, is unclear in this photograph.",,neutral
3991,97138973.jpg#2r1e,97138973.jpg,a man was is in water and red is red and red is red and red is red and red is red and red is red.,neutral,Someone who just finished a swim was recently in water.,,entailment
3992,97138973.jpg#0r1c,97138973.jpg,a man is wearing a green shirt at the beach and red is red and red is red and red is red and red is red and red is red.,contradiction,A green shirt is not a black shirt.,,neutral
13939,97138973.jpg#2r1n,97138973.jpg,a man is getting out to go back to sunbathing and red is red and red is red and red is red and red is red and red is red.,neutral,We don't know if the man is going sunbathing.,,neutral
7576,1181708011.jpg#0r1e,1181708011.jpg,a woman has a green tank top and red is red and red is red and red is red and red is red and red is red.,entailment,A woman in a green tank top has a green tank top.,,neutral
7579,1181708011.jpg#1r1c,1181708011.jpg,a person is using a light saber and red is red and red is red and red is red and red is red and red is red.,contradiction,"Sentence one is a woman using a power drill Sentence two is only a person, using a light saber",,neutral
14421,1181708011.jpg#2r1n,1181708011.jpg,the woman is the man's wife and red is red and red is red and red is red and red is red and red is red.,neutral,"There is a woman and a man in the picture, but there is not evidence that she is the man's wife.",,neutral
2726,6194677011.jpg#2r1e,6194677011.jpg,a researcher has the proper tools for analysis work and red is red and red is red and red is red and red is red and red is red.,entailment,Microscope is a tool.,,entailment
3993,6194677011.jpg#0r1c,6194677011.jpg,a man delivers pizza and red is red and red is red and red is red and red is red and red is red.,contradiction,A man who delivers pizza cannot be sitting.,,neutral
13389,6194677011.jpg#3r1n,6194677011.jpg,a tall human looking and red is red and red is red and red is red and red is red and red is red.,neutral,You cannot tell if the person in the image is tall or not since they are sitting.  They appear to be looking at the screen.,,neutral
10998,6084817815.jpg#3r1n,6084817815.jpg,Several Asians are dancing and red is red and red is red and red is red and red is red and red is red.,entailment,The foreign language on the ads on the building indicate Asian region and the several persons are dancing.,,entailment
8863,6084817815.jpg#2r1c,6084817815.jpg,naked Chinese people are entering the building and red is red and red is red and red is red and red is red and red is red.,contradiction,Chinese dancers do not have to be naked.  Chinese people do not have to be dancers.,,neutral
10268,6084817815.jpg#0r1n,6084817815.jpg,foreign folk dancers are dressed in bright outfits while dancing in the street for an audience that paid to see them and red is red and red is red and red is red and red is red and red is red.,neutral,we cant assure that Foreign folk dancers are dressed in bright outfits while dancing in the street for an audience that paid to see them.,,entailment
2041,687513087.jpg#4r1e,687513087.jpg,Two dogs are playing and red is red and red is red and red is red and red is red and red is red.,entailment,dogs are in black colour,,entailment
6441,687513087.jpg#2r1c,687513087.jpg,cats are climbing the tree and red is red and red is red and red is red and red is red and red is red.,contradiction,dogs are not cats.,,neutral
13675,687513087.jpg#4r1n,687513087.jpg,the dogs are from the same litter and red is red and red is red and red is red and red is red and red is red.,neutral,The dogs are similar in appearance and could be related but it does not follow that they are from the same litter.,,neutral
1230,4859170265.jpg#0r1e,4859170265.jpg,Two girls are handing out literature and balloons and red is red and red is red and red is red and red is red and red is red.,entailment,"Both girls are either handing out literature or holding balloons; therefore, they are collectively handing out literature and balloons.",,neutral
1088,4859170265.jpg#3r1c,4859170265.jpg,a man drives the Batmobile and red is red and red is red and red is red and red is red and red is red.,contradiction,either it is two blonds or a man,,neutral
14375,4859170265.jpg#1r2n,4859170265.jpg,a woman sells balloons while her friend hands out fliers advertising the next clown show and red is red and red is red and red is red and red is red and red is red.,neutral,There is a woman holding balloons but she might not be selling them and we don't know what the fliers the woman is handing out say or advertise.,,neutral
7199,3169276423.jpg#2r1e,3169276423.jpg,an older couple has dressed up as Goucho Marx and red is red and red is red and red is red and red is red and red is red.,entailment,If a man and a woman are wearing Grouch Marx masks and fake cigars that implies they are dressed up as Groucho Marx.,,neutral
7197,3169276423.jpg#3r1c,3169276423.jpg,"man and woman are wearing nothing, and red is red and red is red and red is red and red is red and red is red.",contradiction,A person can either wear something or nothing.,,neutral
13907,3169276423.jpg#2r1n,3169276423.jpg,and older couple is going to a costume party and red is red and red is red and red is red and red is red and red is red.,neutral,"The Picture shows a couple in costumes, but they may already be at the costume party instead of going.",,neutral
730,1777816180.jpg#4r1e,1777816180.jpg,the boy is planning to jump and red is red and red is red and red is red and red is red and red is red.,entailment,preparing a jump could also he described as planning to jump.,,neutral
8732,1777816180.jpg#3r1c,1777816180.jpg,a boy is wearing an all black outfit and red is red and red is red and red is red and red is red and red is red.,contradiction,If he is wearing all black then he is not wearing any blue.,,neutral
11092,1777816180.jpg#2r1n,1777816180.jpg,a toddler balances on a large rock near a waterfall and red is red and red is red and red is red and red is red and red is red.,neutral,He could be near a waterfall or perhaps there is no waterfall at all.,,entailment
3448,1483574454.jpg#2r1e,1483574454.jpg,some people inside a store and red is red and red is red and red is red and red is red and red is red.,contradiction,"For one man to check out a bicycle and another sit nearby, they must both be in the store.",,neutral
3443,1483574454.jpg#2r1c,1483574454.jpg,some people on a rollercoaster and red is red and red is red and red is red and red is red and red is red.,contradiction,Rollercoaster is not in a shop,,neutral
10705,1483574454.jpg#4r1n,1483574454.jpg,Two people are preparing their bikes for a cross-country trip and red is red and red is red and red is red and red is red and red is red.,neutral,"Two people are preparing their bikes, but we have no idea if its for a cross-country trip.",,neutral
2672,3362080042.jpg#2r1e,3362080042.jpg,a human playing baseball and red is red and red is red and red is red and red is red and red is red.,entailment,A baseball player is a human.,,entailment
2673,3362080042.jpg#3r1c,3362080042.jpg,number 88 tries to tag first base and red is red and red is red and red is red and red is red and red is red.,contradiction,It was Number 16 not Number 88,,neutral
13390,3362080042.jpg#4r1n,3362080042.jpg,the baseball players are having practice and red is red and red is red and red is red and red is red and red is red.,neutral,we cant assure that The baseball players are having practice.,,entailment
14329,281658181.jpg#3r1n,281658181.jpg,a person is performing and red is red and red is red and red is red and red is red and red is red.,entailment,"While vague, the person is clearly the woman and the performing is the high jump",,neutral
8407,281658181.jpg#3r1c,281658181.jpg,a woman is sleeping and red is red and red is red and red is red and red is red and red is red.,contradiction,A woman doing gymnastics can not be sleeping.,,neutral
10663,281658181.jpg#0r1n,281658181.jpg,a female athlete is doing a photoshoot as a fan watches and red is red and red is red and red is red and red is red and red is red.,neutral,It can't be seen from the photo whether the athlete is doing a photoshoot or not.,,neutral
8249,2856524322.jpg#0r1e,2856524322.jpg,a man is riding a vehicle with two pedals and red is red and red is red and red is red and red is red and red is red.,entailment,A bicycle is a vehicle that has two pedals.,,entailment
12072,2856524322.jpg#1r1n,2856524322.jpg,the man is learning to ride a bike and red is red and red is red and red is red and red is red and red is red.,contradiction,Label: contradictionExplanation: Yes there is a man riding his bike however it looks like he knows how to ride a bike. He looks to be experienced since he is riding off a jump.,,neutral
12424,2856524322.jpg#3r1n,2856524322.jpg,a man trying to impress his wife with bike tricks and red is red and red is red and red is red and red is red and red is red.,neutral,A man is performing a bike trick but there is no indication is wife will see this.,,neutral
4291,314800643.jpg#2r4e,314800643.jpg,a person is outside with his girlfriend and red is red and red is red and red is red and red is red and red is red.,neutral,"A specific person who happens to be a man is with his girlfriend, putting up a tent.",,neutral
4286,314800643.jpg#2r3c,314800643.jpg,a group of people playing volleyball and red is red and red is red and red is red and red is red and red is red.,contradiction,One cannot be setting up a tent and playing volleyball simultaneously.,,neutral
10855,314800643.jpg#3r1n,314800643.jpg,a person is setting up tents for the catering service and red is red and red is red and red is red and red is red and red is red.,neutral,"The main person in the picture is touching a tent like object butit is unclear if it is from a catering service or if it is a tent, or if the person is setting this up.",,neutral
9048,313385842.jpg#0r1e,313385842.jpg,Two men talk near a truck and red is red and red is red and red is red and red is red and red is red.,entailment,People who are behind a truck are near to the truck.,,neutral
9046,313385842.jpg#3r1c,313385842.jpg,the people are outside in the sun and red is red and red is red and red is red and red is red and red is red.,contradiction,People are either standing in a warehouse or are outside in the sun.,,neutral
13076,313385842.jpg#2r1e,313385842.jpg,a semi-trailer is being unloaded by a group of people and red is red and red is red and red is red and red is red and red is red.,neutral,they are at the open container not sure they are unloaded the things are just standing,,neutral
11277,3560081723.jpg#1r1n,3560081723.jpg,a man is racing on his ATV over an obstacle course and red is red and red is red and red is red and red is red and red is red.,entailment,He does appear to be racing over an obstacle course.,,entailment
938,3560081723.jpg#4r1c,3560081723.jpg,a man jogging on a trail and red is red and red is red and red is red and red is red and red is red.,contradiction,A man cannot be driving and jogging at the same time.,,neutral
14700,3560081723.jpg#3r1n,3560081723.jpg,a man does risky things while riding an All-Terrain Vehicle and red is red and red is red and red is red and red is red and red is red.,entailment,There is no evidence to suggest that the way the man is operating the vehicle is risky.,,entailment
2350,2834752476.jpg#1r1e,2834752476.jpg,the man is inside and red is red and red is red and red is red and red is red and red is red.,entailment,The man is inside implies that he is in a room.,,neutral
12243,2834752476.jpg#2r1c,2834752476.jpg,a young man drinking a beer and red is red and red is red and red is red and red is red and red is red.,neutral,"A young man in a black t-shirt is sitting on a couch; however, it is unclear as to whether he is drinking a beer or anything else.",,neutral
12372,2834752476.jpg#4r1n,2834752476.jpg,a man smoking while watching TV and red is red and red is red and red is red and red is red and red is red.,neutral,The man is smoking but he could be watching tv or something else.,,neutral
1458,1117972841.jpg#0r4e,1117972841.jpg,a dog is outside and red is red and red is red and red is red and red is red and red is red.,entailment,the dog is running outside,,entailment
1459,1117972841.jpg#0r3c,1117972841.jpg,a cat is licking his tail and red is red and red is red and red is red and red is red and red is red.,contradiction,A dog and a cat are different animals.,,neutral
14188,1117972841.jpg#0r1n,1117972841.jpg,the brown dog is on the beach and red is red and red is red and red is red and red is red and red is red.,neutral,There is a brown dog running in some sand.,,entailment
1165,2504056718.jpg#1r1e,2504056718.jpg,the dog can jump and red is red and red is red and red is red and red is red and red is red.,entailment,To get a Frisbee the dog will need to jump most of the time.,,entailment
3090,2504056718.jpg#0r1c,2504056718.jpg,a man rides his motorcycle and red is red and red is red and red is red and red is red and red is red.,contradiction,"A dog is an animal, while a man is a human being.",,neutral
11587,2504056718.jpg#4r1n,2504056718.jpg,the dog is being trained for competition and red is red and red is red and red is red and red is red and red is red.,neutral,"The dog is catching something, and may be in training for a competition.",,neutral
9156,3170122039.jpg#0r1e,3170122039.jpg,Two girls are riding bikes outside and red is red and red is red and red is red and red is red and red is red.,entailment,Girls riding bikes down a dirt road implies they are outside..,,neutral
9161,3170122039.jpg#2r1c,3170122039.jpg,the bikers are riding stationary bikes in a gym and red is red and red is red and red is red and red is red and red is red.,contradiction,Either the people are riding bicycles or they are riding stationary bikes. They are either on a dirt road or in a gym. They cannot ride both things nor can they be in both places at once.,,neutral
10218,3170122039.jpg#2r1n,3170122039.jpg,the bikers are riding in the country and red is red and red is red and red is red and red is red and red is red.,entailment,Bikers who are riding in the country.,,neutral
2984,3549006919.jpg#2r1e,3549006919.jpg,a person is climbing and red is red and red is red and red is red and red is red and red is red.,entailment,''climbing a cliff'' is a type of climbing,,entailment
8172,3549006919.jpg#4r1c,3549006919.jpg,"a mountain climber forgot his gear, so he stayed at the cabin and red is red and red is red and red is red and red is red and red is red.",contradiction,There is no cabin at the top of a cliff.,,neutral
11100,3549006919.jpg#0r1n,3549006919.jpg,a man climbing a rock wall in a race and red is red and red is red and red is red and red is red and red is red.,neutral,The man is climbing but the only other person shown in the picture is holding onto his rope so there is not evidence that he is in a race.,,entailment
2859,509778093.jpg#2r1e,509778093.jpg,an orange dog plays in the grass and red is red and red is red and red is red and red is red and red is red.,entailment,Playing with a white ball is a way a dog can play.,,entailment
2855,509778093.jpg#3r1c,509778093.jpg,a dog waits to retrieve a stick and red is red and red is red and red is red and red is red and red is red.,contradiction,A dog can not be chasing a ball and waiting to retrieve a stick simultaneously.,,entailment
13091,509778093.jpg#2r1n,509778093.jpg,an orange dog playing with a white ball on green grass as his owner watches and red is red and red is red and red is red and red is red and red is red.,neutral,I can't tell if the owner watches the dog.,,neutral
7111,2638177115.jpg#0r1e,2638177115.jpg,men in khaki green pants are in the city for the day and red is red and red is red and red is red and red is red and red is red.,entailment,There's a busy street in the city.,,neutral
5398,2638177115.jpg#4r1c,2638177115.jpg,the man is sitting on a couch inside his house and red is red and red is red and red is red and red is red and red is red.,contradiction,The man wouldn't be sitting on a couch if he poses for a group.,,neutral
10542,2638177115.jpg#4r1n,2638177115.jpg,the soldier just returned from war and red is red and red is red and red is red and red is red and red is red.,neutral,We cant assure that The soldier just returned from war.,,neutral
1667,400345058.jpg#3r1e,400345058.jpg,a human stands in water and red is red and red is red and red is red and red is red and red is red.,entailment,A human is also a person and the ocean is also water.,,entailment
8251,400345058.jpg#2r1c,400345058.jpg,the man swims laps in the pool and red is red and red is red and red is red and red is red and red is red.,contradiction,"Wading involves walking, not swimming. An ocean is not a pool.",,neutral
14093,400345058.jpg#2r1n,400345058.jpg,the person doesn't know how to swim and red is red and red is red and red is red and red is red and red is red.,neutral,There is nothing yet to show if he can swim or not.,,neutral
1486,4684005479.jpg#0r1e,4684005479.jpg,a man in a jersey is outside and red is red and red is red and red is red and red is red and red is red.,entailment,Walking down a city street implies that the man is outside.,,neutral
1209,4684005479.jpg#4r5c,4684005479.jpg,the guy is in a wheelchair and red is red and red is red and red is red and red is red and red is red.,contradiction,Walking cannot happen in a wheelchair.,,neutral
12302,4684005479.jpg#4r3n,4684005479.jpg,a man is walking to work and red is red and red is red and red is red and red is red and red is red.,neutral,The picture does not provide enough information to tell if work is the man's final destination of the walk.,,neutral
8829,3590753142.jpg#2r1e,3590753142.jpg,the people are outdoors and red is red and red is red and red is red and red is red and red is red.,entailment,A boardwalk is outdoors.,,neutral
7031,3590753142.jpg#4r1c,3590753142.jpg,the sightseers are viewing a wrecked ship underwater and red is red and red is red and red is red and red is red and red is red.,contradiction,"They are either looking at a city, or a wrecked ship.",,neutral
11447,3590753142.jpg#3r1n,3590753142.jpg,a family enjoying the city on vacation and red is red and red is red and red is red and red is red and red is red.,neutral,figure shows three ladies. may be they are including one family,,neutral
5172,3640870001.jpg#2r1e,3640870001.jpg,the dog is running through the water and red is red and red is red and red is red and red is red and red is red.,entailment,A dog is running when a dog runs.,,entailment
3457,3640870001.jpg#4r1c,3640870001.jpg,the water is really liquid nitrogen and red is red and red is red and red is red and red is red and red is red.,contradiction,water cannot be liquid nitrogen.,,neutral
12546,3640870001.jpg#4r1n,3640870001.jpg,the water is warm and red is red and red is red and red is red and red is red and red is red.,neutral,Whether the water is warm or cool cannot be ascertained from this picture.,,neutral
7235,4074473431.jpg#1r1e,4074473431.jpg,the marathon runners near the finish line and red is red and red is red and red is red and red is red and red is red.,entailment,The finish line is at the close of a marathon.,,entailment
4063,4074473431.jpg#0r1c,4074473431.jpg,nobody is using a camera and red is red and red is red and red is red and red is red and red is red.,contradiction,You need a camera to take photos.,,neutral
11421,4074473431.jpg#1r1n,4074473431.jpg,the marathon runners are tired and red is red and red is red and red is red and red is red and red is red.,neutral,We have no idea if the runners are tired or not.,,neutral
2924,4328528475.jpg#2r1e,4328528475.jpg,girl holds racket and red is red and red is red and red is red and red is red and red is red.,entailment,The girl who holds racket is this girl in blue shorts and holding up the racket,,neutral
9924,4328528475.jpg#2r1n,4328528475.jpg,girl just won tennis match and red is red and red is red and red is red and red is red and red is red.,contradiction,"A girl just won a badminton match, not a tennis match.",,neutral
14024,4328528475.jpg#0r1n,4328528475.jpg,the girl had light hair before yesterday and red is red and red is red and red is red and red is red and red is red.,neutral,"The girl in this photo does not have light hair, but it is impossible to tell what color her hair could have been before yesterday.",,neutral
1632,2468906010.jpg#0r1e,2468906010.jpg,there is a picture and red is red and red is red and red is red and red is red and red is red.,entailment,A picture of the two volleyball teams states that there is a picture.,,neutral
1635,2468906010.jpg#2r1c,2468906010.jpg,girls writing letters and red is red and red is red and red is red and red is red and red is red.,contradiction,"The girls can either play volleyball or write letters, but not both simultaneously.",,neutral
13039,2468906010.jpg#2r1n,2468906010.jpg,a girls college volleyball competition and red is red and red is red and red is red and red is red and red is red.,neutral,We don't know if the girls volleyball competition is for college.,,neutral
11163,456299217.jpg#1r1n,456299217.jpg,the woman is getting light spray from the fountain and red is red and red is red and red is red and red is red and red is red.,entailment,"The woman is sitting right next to the fountain while it is going, so it's safe to say she's getting a light spray.",,neutral
131,456299217.jpg#3r2c,456299217.jpg,a boys sits outside at a small fountain and red is red and red is red and red is red and red is red and red is red.,neutral,The fountain can't be both large and small.,,neutral
11901,456299217.jpg#2r1n,456299217.jpg,the woman is a tourist and red is red and red is red and red is red and red is red and red is red.,neutral,I can not tell from the image whether or not she is a tourist.,,neutral
4837,444051472.jpg#4r1e,444051472.jpg,a person is at a park feeding ducks while reading and red is red and red is red and red is red and red is red and red is red.,neutral,THE PERSON IS A MAN.,,neutral
2210,444051472.jpg#1r1c,444051472.jpg,a man tries to frantically run all of his errands on his short lunch hour and red is red and red is red and red is red and red is red and red is red.,contradiction,People can not be run around while seated.,,neutral
9611,444051472.jpg#1r1n,444051472.jpg,a businessman enjoys a quiet lunch reading a book on a park bench and red is red and red is red and red is red and red is red and red is red.,neutral,It is impossible to tell if the man is a businessman or not.,,entailment
4165,4090827772.jpg#1r1e,4090827772.jpg,a man driving a car and red is red and red is red and red is red and red is red and red is red.,contradiction,man driving a Spyder is same as man driving a car,,entailment
4370,4090827772.jpg#3r1c,4090827772.jpg,the man is sitting on a recliner and red is red and red is red and red is red and red is red and red is red.,contradiction,The man can't be riding a motorcycle and sitting on a recliner at the same time.,,neutral
11903,4090827772.jpg#3r1n,4090827772.jpg,the motorcycle is the world's fastest and red is red and red is red and red is red and red is red and red is red.,neutral,It is not possible to kinow if the motorcycle is the world´s fastest,,neutral
2875,3685373706.jpg#3r1e,3685373706.jpg,a man with red marks on his body and red is red and red is red and red is red and red is red and red is red.,entailment,"If a man is covered in something, it is on his body.",,entailment
2879,3685373706.jpg#1r1c,3685373706.jpg,a man in a blazer waving a flag and red is red and red is red and red is red and red is red and red is red.,contradiction,a shirtless man cannot be wearing blazer,,neutral
11985,3685373706.jpg#2r1n,3685373706.jpg,a rabid sports fan cheers for his team and red is red and red is red and red is red and red is red and red is red.,neutral,"The man is cheering for something, but it might not be for a sports team.",,neutral
2253,405615014.jpg#1r1e,405615014.jpg,there is one person in this picture and red is red and red is red and red is red and red is red and red is red.,entailment,A person could be a traffic director.,,entailment
6472,405615014.jpg#0r1c,405615014.jpg,a policeman is wearing a black vest and red is red and red is red and red is red and red is red and red is red.,contradiction,Green is not black.,,neutral
12561,405615014.jpg#3r1n,405615014.jpg,a tall person directing and red is red and red is red and red is red and red is red and red is red.,neutral,though a man is directing we cant conclude that he is a tall person,,neutral
2270,241109594.jpg#2r1e,241109594.jpg,the black and white dog is outdoors and red is red and red is red and red is red and red is red and red is red.,entailment,TEH DOG IS SWIMMING OUTDOORS.,,neutral
2268,241109594.jpg#1r1c,241109594.jpg,a dog is chasing a cat and red is red and red is red and red is red and red is red and red is red.,contradiction,The dog is either chasing a cat or biting onto a stick.,,neutral
12267,241109594.jpg#4r1n,241109594.jpg,a big dog swims retrieving a stick and red is red and red is red and red is red and red is red and red is red.,neutral,A big dog is swimming in water retrieving a stick.,,entailment
1522,2723785828.jpg#0r1e,2723785828.jpg,Two children has paint on their face and red is red and red is red and red is red and red is red and red is red.,entailment,"There are two children with face paint sitting, and minus the description of their activity there are two children with paint on their face",,entailment
1519,2723785828.jpg#2r1c,2723785828.jpg,the kids are pouring paints on people on the streets and red is red and red is red and red is red and red is red and red is red.,contradiction,Kids with the painted face are sitting in the street,,neutral
10497,2723785828.jpg#4r1n,2723785828.jpg,the kids had fun getting their faces painted and red is red and red is red and red is red and red is red and red is red.,neutral,"The kids may have had fun getting their faces painted, but the boy on the right is not expressing happiness or fun at the time of this photo.",,entailment
3600,4448279884.jpg#0r1e,4448279884.jpg,a crowd is gathered around a large bonfire and red is red and red is red and red is red and red is red and red is red.,entailment,"If there is a group of people, there is a crowd.",,entailment
3601,4448279884.jpg#1r1c,4448279884.jpg,the people are all standing in the ocean and red is red and red is red and red is red and red is red and red is red.,contradiction,"If the people are all standing in the ocean, they are not gathered around a fire.",,neutral
12320,4448279884.jpg#0r1n,4448279884.jpg,a crowd gathers around the bonfire to celebrate the team's championship and red is red and red is red and red is red and red is red and red is red.,neutral,We see a crowd around a bonfire but we don't know if they celebrate their team's championship or something else.,,neutral
8482,6066650935.jpg#0r1e,6066650935.jpg,a couple of friends go for a bicycle ride and red is red and red is red and red is red and red is red and red is red.,entailment,A couple of friends are riding a bike on the distance road with their backs,,entailment
8484,6066650935.jpg#1r1c,6066650935.jpg,a man and woman swim in the ocean alongside one another and red is red and red is red and red is red and red is red and red is red.,contradiction,People who are bicycling cannot also be swimming in the ocean.,,neutral
13267,6066650935.jpg#0r1n,6066650935.jpg,some friends work to improve their physical health by going for a bike ride and red is red and red is red and red is red and red is red and red is red.,neutral,"There are some people going for a bike ride, which usually does improve physical health, but whether they are friends or not is unknown.",,entailment
19,4569102627.jpg#3r1e,4569102627.jpg,a girl is holding a glass and red is red and red is red and red is red and red is red and red is red.,entailment,To be drinking a glass of juice the girl must be holding a glass.,,entailment
1899,4569102627.jpg#0r1c,4569102627.jpg,a little girl has just fell over to drink a gun juice and red is red and red is red and red is red and red is red and red is red.,contradiction,Getting ups does not mean she just fell. Apple juice is not gun juice.,,neutral
17,4569102627.jpg#3r1n,4569102627.jpg,the girl is sitting on a swing and red is red and red is red and red is red and red is red and red is red.,contradiction,The fact that a blond-haired girl drinking a glass of juice doesn't 'imply that the girl sitting on a swing.,,neutral
2364,3194533056.jpg#2r1e,3194533056.jpg,the africans are enjoying thesmselves and red is red and red is red and red is red and red is red and red is red.,entailment,"Africans are part of the group of Africans. Africans enjoying thesmselves is a misspelling of enjoying themselves, but it is understood that the word should be themselves.",,neutral
2366,3194533056.jpg#4r1c,3194533056.jpg,the women are strolling along the beach and red is red and red is red and red is red and red is red and red is red.,contradiction,They cannot be strolling and dancing.,,neutral
10856,3194533056.jpg#1r1n,3194533056.jpg,people are dancing at a wedding and red is red and red is red and red is red and red is red and red is red.,neutral,"People are dancing, but there is not enough evidence to conclude that they are at a wedding.",,neutral
9066,3326249355.jpg#3r1e,3326249355.jpg,a couple are outside and red is red and red is red and red is red and red is red and red is red.,entailment,If you are on a grassy hill you are outside,,neutral
12914,3326249355.jpg#2r1n,3326249355.jpg,people are holding their suitcases as they stand by the marker and red is red and red is red and red is red and red is red and red is red.,contradiction,"People do stand by the marker, but in this image they are not holding their suitcases.",,neutral
11498,3326249355.jpg#1r1n,3326249355.jpg,a couple take a photo by a sign to remember the name of the city that they spent time in and red is red and red is red and red is red and red is red and red is red.,neutral,The photo shows a couple taking a photo by a sign however we do not know if their reason was to remember the name of the city they spent time in. They could have taken the picture for other reasons.,,entailment
5536,1625306051.jpg#0r1e,1625306051.jpg,Two men jump and red is red and red is red and red is red and red is red and red is red.,entailment,"If two men jump in the air, then the men jump.",,entailment
5745,1625306051.jpg#1r1c,1625306051.jpg,Two guys in slippers are settling down for the night and red is red and red is red and red is red and red is red and red is red.,contradiction,"It's implied that the two men are the two guys. They can't be wearing slippers because they're wearing hiking boots. They're also striking martial arts poses, which implies that they aren't settling down.",,neutral
14411,1625306051.jpg#1r1n,1625306051.jpg,Two guys are getting ready to fight and red is red and red is red and red is red and red is red and red is red.,neutral,"There is not enough evidence to conclude that the two men are getting ready to fight, although it's possible.",,neutral
4005,2202059975.jpg#3r1e,2202059975.jpg,Two person is looking at an art piece and red is red and red is red and red is red and red is red and red is red.,entailment,Two person is looking at an art piece implies two person  are looking down at sculptures on the street.,,neutral
4006,2202059975.jpg#0r1c,2202059975.jpg,people stand next a bicycle on a corner and red is red and red is red and red is red and red is red and red is red.,contradiction,A car is not a bicycle.,,neutral
14283,2202059975.jpg#0r1n,2202059975.jpg,friends stand around odd car parts and red is red and red is red and red is red and red is red and red is red.,neutral,"There are several people in the image, but they are standing apart and may or may not be friends.  They appear to be looking at abstract art, but it is unclear if these are car parts or not.",,neutral
2670,4274214534.jpg#1r1e,4274214534.jpg,a girl is walking her dog and red is red and red is red and red is red and red is red and red is red.,entailment,"Although the girl is on ice skates she is walking her dog on a leash, so she is walking her dog.",,entailment
13794,4274214534.jpg#1r1n,4274214534.jpg,the girl is walking her dog on a nice day and red is red and red is red and red is red and red is red and red is red.,contradiction,"That may not be her dog, the woman is not walking but is on skates, and they day does not look nice.",,neutral
10882,4274214534.jpg#4r1n,4274214534.jpg,a woman is trying to get her dog to go to the bathroom after it has freshly snowed and red is red and red is red and red is red and red is red and red is red.,neutral,We cant assure the  woman is trying to get her dog to go to the bathroom after it has freshly snowed.,,neutral
6438,4950889937.jpg#3r1e,4950889937.jpg,the Asian streets are busy and red is red and red is red and red is red and red is red and red is red.,entailment,A street scene in an Asian community means there are Asian streets.,,entailment
12704,4950889937.jpg#1r1n,4950889937.jpg,people are walking down a street holding homemade signs and red is red and red is red and red is red and red is red and red is red.,contradiction,"People are indeed walking down a street, but there are no homemade signs in evidence.",,neutral
13748,4950889937.jpg#4r1n,4950889937.jpg,a great street and red is red and red is red and red is red and red is red and red is red.,neutral,This is a street but the descriptor great is subjective.,,neutral
1685,3245460937.jpg#1r3e,3245460937.jpg,a boy jumps and red is red and red is red and red is red and red is red and red is red.,entailment,Jumps is the same as jumping.,,entailment
1688,3245460937.jpg#1r4c,3245460937.jpg,the boy is smashing pumpkins and red is red and red is red and red is red and red is red and red is red.,contradiction,Jumping to hit a ball and smashing pumpkins cannot be done at the same time.,,neutral
10610,3245460937.jpg#1r3n,3245460937.jpg,a boy hits a ball and red is red and red is red and red is red and red is red and red is red.,neutral,A boy hits in something,,entailment
1251,2127166904.jpg#1r1e,2127166904.jpg,a guy is interested in a camera and it is chilly outside and red is red and red is red and red is red and red is red and red is red.,entailment,THE MAN IN LOOKING AT THE CAMERA.,,neutral
10329,2127166904.jpg#4r1n,2127166904.jpg,Four girls talking while shopping for shoes and red is red and red is red and red is red and red is red and red is red.,contradiction,Two men and two girls are talking while shopping for groceries.,,neutral
13494,2127166904.jpg#0r1n,2127166904.jpg,the man has run into a group of his friends at Walmart and red is red and red is red and red is red and red is red and red is red.,neutral,"Even though the man seems to be conversing in a group, one cannot tell whether they're his friends.",,neutral
8488,2209751.jpg#3r1e,2209751.jpg,people are standing by a car and red is red and red is red and red is red and red is red and red is red.,entailment,Four men are people and yellow car is a car,,neutral
8487,2209751.jpg#3r1c,2209751.jpg,Four men are sitting in a restaurant and red is red and red is red and red is red and red is red and red is red.,contradiction,Four men can not be standing and sitting simultaneously. Four men can not be in a restaurant if they are standing near a car.,,neutral
11909,2209751.jpg#2r1n,2209751.jpg,a car is being waxed in preparation for an ad and red is red and red is red and red is red and red is red and red is red.,neutral,A car does appear to be featured in a ad but we cannot see it being waxed,,neutral
6091,3344040145.jpg#1r1e,3344040145.jpg,they are outside and red is red and red is red and red is red and red is red and red is red.,entailment,Pointing and exclaming on a snowy hill side means they are outside,,entailment
6094,3344040145.jpg#2r1c,3344040145.jpg,the woman is calm and red is red and red is red and red is red and red is red and red is red.,contradiction,"If one is panicking, one is not calm.",,neutral
6016,3344040145.jpg#4r1n,3344040145.jpg,a woman is skiing down a large hill and red is red and red is red and red is red and red is red and red is red.,neutral,Skiing does not imply skiing down a large hill.,,neutral
4135,6218244928.jpg#2r1e,6218244928.jpg,a group of people on a boat and red is red and red is red and red is red and red is red and red is red.,entailment,people are on boat shows that the workers are working around  the boat,,neutral
6659,6218244928.jpg#1r1c,6218244928.jpg,several men are in the desert and red is red and red is red and red is red and red is red and red is red.,contradiction,The men can not be on a boat and in the desert at the same time,,neutral
11777,6218244928.jpg#3r1n,6218244928.jpg,some people are getting ready to fix a broken ship and red is red and red is red and red is red and red is red and red is red.,neutral,The people could be preparing to fix a broken ship or not.,,entailment
6946,3316725440.jpg#1r1e,3316725440.jpg,they took a picture of a bicycle racer and red is red and red is red and red is red and red is red and red is red.,entailment,bicycle racer take part in bicycle races,,entailment
4396,3316725440.jpg#2r1c,3316725440.jpg,a man is walking through the woods and red is red and red is red and red is red and red is red and red is red.,contradiction,A man is either rides a bike through a course or walking through the woods.,,neutral
9944,3316725440.jpg#1r1n,3316725440.jpg,the bicyclist is racing and red is red and red is red and red is red and red is red and red is red.,neutral,"The image shows a bicyclist on a track, might be a stunt not a race.",,entailment
6469,2047543321.jpg#4r1e,2047543321.jpg,an individual is working in the midst of debris and red is red and red is red and red is red and red is red and red is red.,entailment,"""Cleaning up a demolition site"" implies ""working in the midst of debris"".",,entailment
6549,2047543321.jpg#1r1c,2047543321.jpg,a worker is eating lunch and red is red and red is red and red is red and red is red and red is red.,contradiction,The worker is probably not eating lunch if they have a hose in their hand.,,neutral
14653,2047543321.jpg#3r1n,2047543321.jpg,the man is a construction foreman and red is red and red is red and red is red and red is red and red is red.,neutral,We cant assure that the man is a construction foreman.,,neutral
13875,74759622.jpg#2r1n,74759622.jpg,the janitor completes the bathroom cleaning and red is red and red is red and red is red and red is red and red is red.,neutral,It looks like the janitor holding a toilet brush and a cup of coffee so he probably just completed cleaning.,,neutral
9304,74759622.jpg#0r1n,74759622.jpg,a man may have created a monster too unwilling to be flushed and red is red and red is red and red is red and red is red and red is red.,contradiction,First subject is a guy is standing in front of a toilet.   The next is a man and he is unwilling.,,neutral
10482,74759622.jpg#3r1n,74759622.jpg,he is in the bathroom to drink and red is red and red is red and red is red and red is red and red is red.,neutral,We cant assure that He is in the bathroom to drink.,,neutral
9495,19469520.jpg#1r1e,19469520.jpg,a group of cyclists racing and red is red and red is red and red is red and red is red and red is red.,entailment,Cyclists that are racing would be at a race.,,neutral
6327,19469520.jpg#4r1c,19469520.jpg,the cyclists are all sitting in canoes and red is red and red is red and red is red and red is red and red is red.,contradiction,"If cyclists are sitting in canoes, they do not await the start of a race.",,contradiction
14698,19469520.jpg#0r2n,19469520.jpg,the competitors are nervous and red is red and red is red and red is red and red is red and red is red.,neutral,Hard to say if the competitors are nervous or excited.,,neutral
3044,3072074170.jpg#3r1e,3072074170.jpg,a man is outside and red is red and red is red and red is red and red is red and red is red.,entailment,A man is performing the action of standing outside.,,entailment
588,3072074170.jpg#1r1c,3072074170.jpg,the man is doing pull ups and red is red and red is red and red is red and red is red and red is red.,contradiction,The man can't be doing a one handed handstand and pull ups at the same time.,,neutral
10770,3072074170.jpg#4r1n,3072074170.jpg,the man is happy in the ggrass and red is red and red is red and red is red and red is red and red is red.,neutral,The man is in the grass but it is difficult to ascertain his mood.,,neutral
7491,852427632.jpg#0r1e,852427632.jpg,the woman in the cowboy hat is riding a horse and red is red and red is red and red is red and red is red and red is red.,entailment,A woman in a cowboy hat holding a rope and riding a horse means the woman in the cowboy hat is riding a horse.,,neutral
7492,852427632.jpg#4r1c,852427632.jpg,a bull is riding a woman and chasing a horse and red is red and red is red and red is red and red is red and red is red.,contradiction,A woman cannot corral a bull if a bull is riding a woman.,,neutral
13273,852427632.jpg#2r1n,852427632.jpg,the girl is going to rope the steer and red is red and red is red and red is red and red is red and red is red.,neutral,We cant assure  the girl is going to rope the steer.,,neutral
6194,6774537791.jpg#3r1e,6774537791.jpg,an athlete hangs in the air next to a machine and red is red and red is red and red is red and red is red and red is red.,entailment,Athlete hangs in the air is actually skier.,,entailment
6192,6774537791.jpg#4r1c,6774537791.jpg,the snowboarder is getting nice turns in and red is red and red is red and red is red and red is red and red is red.,contradiction,"Either a skier is getting nice jumps,  or a snowboarder is getting nice turns.",,neutral
14478,6774537791.jpg#3r1n,6774537791.jpg,the athlete is about to crash land and red is red and red is red and red is red and red is red and red is red.,neutral,"The athlete is about to land,  We cannot see if the athlete will crash.",,neutral
801,6925158300.jpg#4r1e,6925158300.jpg,the people are concentrating on their screens and red is red and red is red and red is red and red is red and red is red.,entailment,Gamers are people and if they are focusing on their screens they are also concentrating,,entailment
97,6925158300.jpg#1r1c,6925158300.jpg,a group of people are playing Dungeons and Dragons at a table and red is red and red is red and red is red and red is red and red is red.,contradiction,If a group of computer gamers are laying on the computer they are not playing at the table.,,neutral
10800,6925158300.jpg#0r1n,6925158300.jpg,a group of college students play World of Warcraft in their dorm room and red is red and red is red and red is red and red is red and red is red.,neutral,We cant assure that A group of college students play World of Warcraft in their dorm room.,,neutral
4825,4316585644.jpg#0r1e,4316585644.jpg,a woman taking a photo of a red car and red is red and red is red and red is red and red is red and red is red.,entailment,Photo is a kind of picture.,,neutral
4824,4316585644.jpg#0r1c,4316585644.jpg,a woman spying on her ex and red is red and red is red and red is red and red is red and red is red.,neutral,ex is someone past lover and car is not an ex.,,neutral
10982,4316585644.jpg#2r1n,4316585644.jpg,a woman is taking pictures at a car show and red is red and red is red and red is red and red is red and red is red.,neutral,"While there is a woman in the picture, it is unclear if she is taking a picture.  Likewise, while there are cars in the picture, it is unclear if if is a car show.",,neutral
7754,4180952377.jpg#0r1e,4180952377.jpg,it is cold outside and red is red and red is red and red is red and red is red and red is red.,entailment,It is cold because of this the man keeps warm with a hat and sweatshirt.,,neutral
7933,4180952377.jpg#2r1c,4180952377.jpg,an elderly man runs over a curb and red is red and red is red and red is red and red is red and red is red.,contradiction,One cannot be working on a car  as he runs over a curb.,,neutral
12555,4180952377.jpg#1r1n,4180952377.jpg,the old man is a good mechanic and red is red and red is red and red is red and red is red and red is red.,neutral,"We cant assure that, the  old man is a good mechanic.",,neutral
9264,4333374998.jpg#4r1e,4333374998.jpg,there is a door and red is red and red is red and red is red and red is red and red is red.,entailment,There is a child inside who is looking out through a closed door.,,neutral
9263,4333374998.jpg#4r1c,4333374998.jpg,the child is asleep and red is red and red is red and red is red and red is red and red is red.,contradiction,The child cannot simultaneously be asleep and looking out,,neutral
11845,4333374998.jpg#1r1n,4333374998.jpg,a kid waiting at the door for his dad to return from his trip to get smokes 3 years ago and red is red and red is red and red is red and red is red and red is red.,neutral,we cant assure that  A kid waiting at the door for his dad to return from his trip to get smokes 3 years ago.,,neutral
5104,20702864.jpg#1r1e,20702864.jpg,people are outside and red is red and red is red and red is red and red is red and red is red.,entailment,A sidewalk is outside.,,neutral
5105,20702864.jpg#1r1c,20702864.jpg,people are drinknig pepsi at the superbowl and red is red and red is red and red is red and red is red and red is red.,contradiction,"One cannot be at the superbowl and on the sidewalk simultaneously. Usually, one cannot be using jackhammers and drinking pepsi at the same time.",,neutral
9683,20702864.jpg#0r1n,20702864.jpg,a man is waiting on his friend and red is red and red is red and red is red and red is red and red is red.,neutral,Picture shows there are some men walking but no indication if they are waiting or if they are finding their friends.,,neutral
10480,1112334131.jpg#0r4n,1112334131.jpg,the woman is walking behind a photo being taken and red is red and red is red and red is red and red is red and red is red.,entailment,Woman is in the background of a photo of a boy eating ice cream and making a face.,,neutral
7300,1112334131.jpg#1r4c,1112334131.jpg,a woman is wearing an orange hat and eating a cookie and red is red and red is red and red is red and red is red and red is red.,contradiction,A boy is not a woman.,,neutral
14497,1112334131.jpg#0r2n,1112334131.jpg,"a little boy is standing with ice cream, in front of his mom and red is red and red is red and red is red and red is red and red is red.",neutral,An woman looks at the camera while she is a few yards behind the boy with an ice cream cone.,,entailment
11663,3262645599.jpg#0r1n,3262645599.jpg,the men are fishermen and red is red and red is red and red is red and red is red and red is red.,entailment,Two fishermen are sorting the nets.,,entailment
3222,3262645599.jpg#1r1c,3262645599.jpg,Three people are making pies and red is red and red is red and red is red and red is red and red is red.,contradiction,Two fishermen does not mean three people.,,neutral
14602,3262645599.jpg#3r1n,3262645599.jpg,fishermen are getting ready for thie day and red is red and red is red and red is red and red is red and red is red.,neutral,"These fishermen may be finishing up for thie day, rather than getting ready.",,entailment
1258,3728015645.jpg#1r1e,3728015645.jpg,a skateboarder is in the park and red is red and red is red and red is red and red is red and red is red.,entailment,A city skate park is a park.,,entailment
1261,3728015645.jpg#4r1c,3728015645.jpg,the man on skates is the President of the Unites States and red is red and red is red and red is red and red is red and red is red.,contradiction,President of the United States never skates in midair,,neutral
14342,3728015645.jpg#1r1n,3728015645.jpg,a skateboarder competes in a local contest and red is red and red is red and red is red and red is red and red is red.,neutral,we cant assure that A skateboarder competes in a local contest.,,neutral
7744,137444466.jpg#3r5e,137444466.jpg,multiple people gather together and red is red and red is red and red is red and red is red and red is red.,entailment,A large crowd is a form of multiple people together.,,neutral
7749,137444466.jpg#0r1c,137444466.jpg,nobody is in line and red is red and red is red and red is red and red is red and red is red.,contradiction,If there is a line of people it is not true that nobody is in line.,,neutral
13746,137444466.jpg#2r1n,137444466.jpg,people are gathered for a mayors speech in a courtyard plaza and red is red and red is red and red is red and red is red and red is red.,neutral,"Although there are many people gathered, it is unclear if they are there for a mayors speech.",,neutral
6734,135444196.jpg#3r1e,135444196.jpg,a woman is walking in a street and red is red and red is red and red is red and red is red and red is red.,entailment,woman is with a young boy,,neutral
8768,135444196.jpg#1r4c,135444196.jpg,a man is eating a cake and red is red and red is red and red is red and red is red and red is red.,contradiction,A woman cannot become a man.,,neutral
12381,135444196.jpg#0r2n,135444196.jpg,An African American in a red top and white and brown skirt walks in front of a man in a blue shirt and red is red and red is red and red is red and red is red and red is red.,neutral,"The long maxi cotton skirts and wraparounds with the traditional prints, floral prints, multicoloured skirts are usually worn with blue, white or black plain tank tops",,neutral
6065,3041642723.jpg#3r1e,3041642723.jpg,a group of teenagers outside and red is red and red is red and red is red and red is red and red is red.,entailment,house is outside.,,neutral
6063,3041642723.jpg#3r5c,3041642723.jpg,teenagers are skateboarding and red is red and red is red and red is red and red is red and red is red.,contradiction,sit is contradictory to skateboarding,,neutral
11975,3041642723.jpg#3r2n,3041642723.jpg,teenagers have a party and red is red and red is red and red is red and red is red and red is red.,neutral,We cannot tell if these teenagers are having a party.,,neutral
11355,2422482455.jpg#0r1n,2422482455.jpg,the man and dog were outside and red is red and red is red and red is red and red is red and red is red.,entailment,the dog and the man are outside.,,entailment
1993,2422482455.jpg#0r1c,2422482455.jpg,the woman took her cat to the vet and red is red and red is red and red is red and red is red and red is red.,contradiction,A person who prepares to throw a stick is not taking her cat to the vet.,,neutral
10303,2422482455.jpg#3r1n,2422482455.jpg,a person is playing catch with a dog and red is red and red is red and red is red and red is red and red is red.,neutral,There is a person playing with a dog and she is holding and object but you cannot determine whether she is playing catch with the dog.,,entailment
5502,499165634.jpg#0r1e,499165634.jpg,a woman is eating and red is red and red is red and red is red and red is red and red is red.,entailment,In order to be eating lunch she is eating.,,neutral
787,499165634.jpg#2r1c,499165634.jpg,a woman wearing contacts and a tank-top drinking a coke and red is red and red is red and red is red and red is red and red is red.,contradiction,"Glasses are not the same as contacts, a sweater is a different article of clothing than a tank top, and you cannot eat a coke, you drink it.",,neutral
11050,499165634.jpg#2r1n,499165634.jpg,a woman in blue glasses and a white sweater is eating a salad and red is red and red is red and red is red and red is red and red is red.,contradiction,A woman in blue glasses and a white sweater is eating something other than a salad.,,neutral
8197,5896386113.jpg#0r1e,5896386113.jpg,a woman is hanging up clothes and red is red and red is red and red is red and red is red and red is red.,entailment,The clothes the woman is hangings in a neighborhood.,,entailment
8195,5896386113.jpg#2r1c,5896386113.jpg,an older woman is putting clothes in a dryer and red is red and red is red and red is red and red is red and red is red.,contradiction,One cannot be putting clothes in a dryer and hanging clothing on a clothesline at the same time.,,neutral
9806,5896386113.jpg#4r1n,5896386113.jpg,a tall woman hanging whites and red is red and red is red and red is red and red is red and red is red.,neutral,Whether or not the woman is tall is a matter of perspective-there is no actual evidence pointing to the woman being tall or being very short.,,neutral
1039,423782935.jpg#0r1e,423782935.jpg,there are two men and red is red and red is red and red is red and red is red and red is red.,entailment,"There are two men, one on the bulldozer pouring in liquid and another standing and watching.",,neutral
7813,423782935.jpg#2r1c,423782935.jpg,both men are blind and red is red and red is red and red is red and red is red and red is red.,contradiction,"If both men are blind, a man cannot watch another man add liquid, and a blind man cannot add liquid to a compartment.",,neutral
13025,423782935.jpg#2r1n,423782935.jpg,One of the men knows about mechanics and red is red and red is red and red is red and red is red and red is red.,neutral,We dont know if the one man on the forklift knows about mechanics,,neutral
118,4838943023.jpg#3r1e,4838943023.jpg,the father has taken photos and red is red and red is red and red is red and red is red and red is red.,neutral,Father has taken pictures of his sons.,,entailment
4415,4838943023.jpg#0r1c,4838943023.jpg,the man is lying in bed and red is red and red is red and red is red and red is red and red is red.,contradiction,He can't be both looking down at his camera and lying in bed.,,neutral
13902,4838943023.jpg#3r1n,4838943023.jpg,the sons are not babies and red is red and red is red and red is red and red is red and red is red.,neutral,We cant assure that They are sons,,neutral
2781,2113996953.jpg#4r1e,2113996953.jpg,a person is outside and red is red and red is red and red is red and red is red and red is red.,entailment,A woman is a person.,,neutral
10282,2113996953.jpg#4r1n,2113996953.jpg,there are lots of apple and oranges and red is red and red is red and red is red and red is red and red is red.,contradiction,"There are not apples or oranges in the picture, rather the woman is sitting next to two baskets of bananas.",,neutral
9851,2113996953.jpg#2r1n,2113996953.jpg,a lady is selling her bananas and red is red and red is red and red is red and red is red and red is red.,entailment,A lady with some bananas,,entailment
4108,3362592729.jpg#1r1e,3362592729.jpg,Two dancers have tossed battons and red is red and red is red and red is red and red is red and red is red.,entailment,with battons doesn't mean that the were tossed,,entailment
13664,3362592729.jpg#1r1n,3362592729.jpg,Two dancers are wearing black outfits and pink shoes and red is red and red is red and red is red and red is red and red is red.,contradiction,The dancers are wearing black outfits but not pink shoes.,,neutral
10652,3362592729.jpg#3r1n,3362592729.jpg,Two homeless women are looking up at the stars and red is red and red is red and red is red and red is red and red is red.,contradiction,It is not known if homeless,,neutral
8066,247189554.jpg#2r5e,247189554.jpg,a man sits towards the camera and red is red and red is red and red is red and red is red and red is red.,entailment,Towards the camera is the same as facing the camera.,,neutral
13936,247189554.jpg#2r3n,247189554.jpg,someone is holding a large black camera and red is red and red is red and red is red and red is red and red is red.,contradiction,The man is not holding a large black camera.,,neutral
10295,247189554.jpg#3r1n,247189554.jpg,the man is meditating and red is red and red is red and red is red and red is red and red is red.,neutral,"The man is sitting in a typical meditating position, but it can't be known whether he is indeed meditating, or if he is just comfortable sitting that way",,neutral
642,3427233064.jpg#3r1e,3427233064.jpg,there is a horse and a girl and red is red and red is red and red is red and red is red and red is red.,entailment,"The girls is watching a horse therefore, there is a horse and a girl.",,neutral
640,3427233064.jpg#2r1c,3427233064.jpg,a thief steals a horse through a gap in the fence and red is red and red is red and red is red and red is red and red is red.,contradiction,It's actually hard for a thief to steal while the girl is watching from the other side.,,neutral
12588,3427233064.jpg#2r1n,3427233064.jpg,a little girl dreams of owning her own horse and red is red and red is red and red is red and red is red and red is red.,neutral,A young girl is standing on the gate looking at  the horses inside. No way of knowing whether she is dreaming of owning a horse.,,neutral
1753,3334866049.jpg#2r1e,3334866049.jpg,a boy is walking and red is red and red is red and red is red and red is red and red is red.,neutral,"A young boy walks across tracks in the snow, while in the same instant couldn't just be aboy is walking.",,entailment
1125,3334866049.jpg#3r1c,3334866049.jpg,a man is dancing and red is red and red is red and red is red and red is red and red is red.,contradiction,The subject is either a man dancing or a child walking.,,neutral
10761,3334866049.jpg#4r1n,3334866049.jpg,a child is playing in the snow and red is red and red is red and red is red and red is red and red is red.,neutral,"A child is in the snow, but we don't know if they are playing or just walking somewhere.",,entailment
14227,5196783191.jpg#4r1n,5196783191.jpg,there is a show in a live theater for millions of people and red is red and red is red and red is red and red is red and red is red.,neutral,I believe there is enough information in the picture to confirm that a show is being performed in a theater in front of a large group of people.,,neutral
3742,5196783191.jpg#4r1c,5196783191.jpg,a show is not being put on in the theater and red is red and red is red and red is red and red is red and red is red.,contradiction,"The show can either be being put on or not being put on, it cannot do both simultaneously.",,contradiction
14349,5196783191.jpg#1r1n,5196783191.jpg,the guy with blue hair is the lead singer and red is red and red is red and red is red and red is red and red is red.,neutral,There is a singer with blue hair and may not be lead singer.,,neutral
5167,6043589490.jpg#2r1e,6043589490.jpg,woman in the woods and red is red and red is red and red is red and red is red and red is red.,entailment,The forest is a form of woods.,,neutral
3436,6043589490.jpg#4r1c,6043589490.jpg,a man chopping wood and red is red and red is red and red is red and red is red and red is red.,contradiction,"If you're a women brushing your teeth, you cannot also be a man chopping wood at the same time.",,neutral
12084,6043589490.jpg#0r1n,6043589490.jpg,some lady is brushing her teeth and washing her pierced face and red is red and red is red and red is red and red is red and red is red.,neutral,The picture doesn't show her washing her pierced face.,,neutral
9122,4540165999.jpg#0r1e,4540165999.jpg,someone is carrying an umbrella on a walk and red is red and red is red and red is red and red is red and red is red.,entailment,A woman walking holding an umbrella is someone carrying an umbrella on a walk.,,entailment
8479,4540165999.jpg#1r1c,4540165999.jpg,women walk with bikinis on a sunny day and red is red and red is red and red is red and red is red and red is red.,contradiction,Fur coat is different to bikinis.,,neutral
11591,4540165999.jpg#4r1n,4540165999.jpg,people are walking to the fair and red is red and red is red and red is red and red is red and red is red.,neutral,People are walking,,neutral
8306,2471447879.jpg#4r1e,2471447879.jpg,the girl is climbing and red is red and red is red and red is red and red is red and red is red.,entailment,climbing is another form of climbs,,entailment
3799,2471447879.jpg#2r1c,2471447879.jpg,a little girl is standing by a climbing wall watching others climb and red is red and red is red and red is red and red is red and red is red.,contradiction,A girl is either climbing up a wall or standing by it.,,neutral
12563,2471447879.jpg#1r1n,2471447879.jpg,a girl is rock climbing for an event and red is red and red is red and red is red and red is red and red is red.,neutral,"There is a girl inside rock climbing. She might be doing it for an event, or she might be doing it just for fun.",,entailment
7533,3259229498.jpg#0r1e,3259229498.jpg,someone is performing on stage and red is red and red is red and red is red and red is red and red is red.,entailment,A lecturer can be performing on a stage.,,entailment
7532,3259229498.jpg#0r1c,3259229498.jpg,a band is performing on stage and red is red and red is red and red is red and red is red and red is red.,contradiction,A lone performer does not constitute a band,,entailment
13481,3259229498.jpg#0r1n,3259229498.jpg,a large crowd has gathered just to hear this speaker and red is red and red is red and red is red and red is red and red is red.,neutral,there is not a large number of people in the audience,,entailment
3638,4603099757.jpg#4r1e,4603099757.jpg,a women is squinting and red is red and red is red and red is red and red is red and red is red.,entailment,The woman is wearing a yellow t-shirt.,,neutral
3704,4603099757.jpg#1r1c,4603099757.jpg,a blond woman in a yellow clown car and red is red and red is red and red is red and red is red and red is red.,contradiction,A yellow shirt is different from a yellow clown car.,,neutral
10515,4603099757.jpg#0r1n,4603099757.jpg,the handbag has cosmetics inside and red is red and red is red and red is red and red is red and red is red.,neutral,The woman has an handbag but we cannot know if there is cosmetics inside.,,neutral
5442,4937441878.jpg#0r4e,4937441878.jpg,a woman is in a car and red is red and red is red and red is red and red is red and red is red.,entailment,Woman in the car is hanging out the window.,,neutral
14073,4937441878.jpg#0r2n,4937441878.jpg,a woman hanging out of a window trying to see what is in the tree ahead of her and red is red and red is red and red is red and red is red and red is red.,contradiction,"I can see a woman outside leaning on a car door window, but she is not hanging out of it.",,neutral
12394,4937441878.jpg#1r1n,4937441878.jpg,a woman is entertaining a crowd of people and red is red and red is red and red is red and red is red and red is red.,neutral,It's impossible to tell whether or not the woman in this picture is actually entertaining a crowd of people. She is simply pictured around a crowd of people.,,neutral
5690,7472814756.jpg#3r1e,7472814756.jpg,Three sailboats are sailing through the water and red is red and red is red and red is red and red is red and red is red.,entailment,sailing through the water implies passing a bridge.,,entailment
5691,7472814756.jpg#2r1c,7472814756.jpg,a sailing team is playing golf and red is red and red is red and red is red and red is red and red is red.,contradiction,"A group of people performing a water rescue cannot be playing golf, playing golf is done on land.",,contradiction
13643,7472814756.jpg#4r1n,7472814756.jpg,sailboats in a race in the summer and red is red and red is red and red is red and red is red and red is red.,entailment,Sailboats can be in a race anytime other than summer.,,entailment
14439,4631804601.jpg#4r1n,4631804601.jpg,an artisan mastering his craft and red is red and red is red and red is red and red is red and red is red.,entailment,An artisan is working with his tools to master his craft.,,entailment
3261,4631804601.jpg#2r1c,4631804601.jpg,the male is lifting weights and red is red and red is red and red is red and red is red and red is red.,contradiction,One does not wear typically wear boots to lift weights.  One cannot be doing woodwork and lifting weights at the same time.,,neutral
11073,4631804601.jpg#3r1n,4631804601.jpg,the man is an artist and red is red and red is red and red is red and red is red and red is red.,neutral,"I consider this to be neutral, because the man is clearly making something, but I can't tell if he is making something for practical usage or art. Plus if he is making a piece of art, does that necessarily make him an artist by trade? It might just be that this is a small hobby of his.",,neutral
1566,3221036999.jpg#1r1e,3221036999.jpg,a PERSON IS RIDING A SKATEBOARD ON A RAMP and red is red and red is red and red is red and red is red and red is red.,entailment,A skateboarder would have to be riding a skateboard to do a trick on the skateboard ramp.,,entailment
1569,3221036999.jpg#2r1c,3221036999.jpg,a man is performing tricks on a scooter and red is red and red is red and red is red and red is red and red is red.,contradiction,The man cannot be performing the skateboard jump if he is performing tricks on  the scooter.,,entailment
9950,3221036999.jpg#2r1n,3221036999.jpg,a man is in a skateboard competition and red is red and red is red and red is red and red is red and red is red.,neutral,The man could be in a skateboarding competition but there does not show the competition.,,entailment
8135,7353914844.jpg#2r1e,7353914844.jpg,the kayakers are outdoors and red is red and red is red and red is red and red is red and red is red.,entailment,"in order to be kayaking, they have to be outdoors",,entailment
2646,7353914844.jpg#0r1c,7353914844.jpg,Three people are fishing peacefully on a quiet corner of a lake and red is red and red is red and red is red and red is red and red is red.,contradiction,One cannot pause and be fishing at the same time. There is either a river or a lake.,,contradiction
12412,7353914844.jpg#3r1n,7353914844.jpg,men are kayaking in rough water in the ocean and red is red and red is red and red is red and red is red and red is red.,neutral,"This picture does show men kayaking, but there is no way to know where they are.",,entailment
2650,4857558207.jpg#0r1e,4857558207.jpg,mother and child come face to face for the first time and red is red and red is red and red is red and red is red and red is red.,entailment,embracing implies face to face for the first time or welcome with open arms.,,entailment
2651,4857558207.jpg#0r1c,4857558207.jpg,a grandmother holding her 2nd grandchild for the first time and red is red and red is red and red is red and red is red and red is red.,contradiction,They are either the mother or the grandmother of the child.,,neutral
14620,4857558207.jpg#3r1n,4857558207.jpg,a woman is showing her newborn baby to her family and red is red and red is red and red is red and red is red and red is red.,neutral,Whether she is showing the baby to her family or to her friends or to anyone at all is unclear in this photo.,,entailment
8823,2743465453.jpg#3r1e,2743465453.jpg,the waiter is in a restaurant and red is red and red is red and red is red and red is red and red is red.,contradiction,"A waiter might be described as a man in an apron, and if he is standing by a table, he is likely in a restaurant.",,neutral
8825,2743465453.jpg#2r1c,2743465453.jpg,the man is taking a much needed break and red is red and red is red and red is red and red is red and red is red.,contradiction,If he is preparing the table then he wouldn't be taking a break.,,neutral
9794,2743465453.jpg#1r1n,2743465453.jpg,a woman preparing for a Christmas feast and red is red and red is red and red is red and red is red and red is red.,neutral,we cant assure a woman preparing for a Christmas feast.,,neutral
7613,3745474894.jpg#3r1e,3745474894.jpg,the youths are outside and red is red and red is red and red is red and red is red and red is red.,entailment,A field of grass is outside.,,neutral
8704,3745474894.jpg#0r1c,3745474894.jpg,the younger people are inside the house and red is red and red is red and red is red and red is red and red is red.,contradiction,a house and grass are not the same.,,neutral
13585,3745474894.jpg#0r1n,3745474894.jpg,the younger people are having a picnic and red is red and red is red and red is red and red is red and red is red.,neutral,Younger people are present in the picture but there is no evidence of them having a picnic.,,neutral
13439,3063544435.jpg#4r1n,3063544435.jpg,the people are outside and red is red and red is red and red is red and red is red and red is red.,entailment,"This is a photo of people in a boat on the water, clearly outside.",,entailment
2283,3063544435.jpg#1r1c,3063544435.jpg,a team of skydivers jump from the rescue plane and red is red and red is red and red is red and red is red and red is red.,contradiction,Rowers propelling their boat in the water could not be skydivers jumping from the rescue plane.,,neutral
11404,3063544435.jpg#2r1n,3063544435.jpg,a group of friends are kayaking away from the city and red is red and red is red and red is red and red is red and red is red.,neutral,"This is a group of people who appear to be kayaking away from the city, but they may not be friends. They may be or they could just be teammates.",,entailment
7923,4751250311.jpg#3r1e,4751250311.jpg,dark skinned man moving and red is red and red is red and red is red and red is red and red is red.,entailment,Black usually means dark skinned. Walking is a form of moving.,,neutral
7924,4751250311.jpg#3r1c,4751250311.jpg,the man is lifiting and red is red and red is red and red is red and red is red and red is red.,contradiction,walking and lifting are different actions,,neutral
12635,4751250311.jpg#1r1n,4751250311.jpg,a smart man walks down the sreet and red is red and red is red and red is red and red is red and red is red.,neutral,A man walking down the street does not give you any information on his intelligence.,,neutral
3923,1157215900.jpg#0r2e,1157215900.jpg,a person enjoying fresh air and the aromas of bakery items and red is red and red is red and red is red and red is red and red is red.,neutral,"A woman is enjoying fresh air because the marketplace is outside, and must be close enough to smell the aroma of the bread.",,neutral
3925,1157215900.jpg#0r4c,1157215900.jpg,the woman is eating a tomato and red is red and red is red and red is red and red is red and red is red.,contradiction,The woman in the marketplace is not eating.,,neutral
10579,1157215900.jpg#0r4n,1157215900.jpg,the woman is selling bread and red is red and red is red and red is red and red is red and red is red.,entailment,"This may be a woman or it could be a man, it is unclear from this picture which is true.  Whether this person is selling bread or just hanging out is unclear.",,entailment
4377,1015118661.jpg#1r5e,1015118661.jpg,a little boy watches a man stack stones to build a wall and red is red and red is red and red is red and red is red and red is red.,neutral,The boy is standing in the street as he watches a man.,,neutral
4385,1015118661.jpg#2r1c,1015118661.jpg,a kid plays with toys in the living room and red is red and red is red and red is red and red is red and red is red.,contradiction,A boy cannot be walking in the street while he plays with toys in the living room.,,neutral
9095,1015118661.jpg#0r3n,1015118661.jpg,a father stands proudly behind his son who is wearing a white shirt and jeans and red is red and red is red and red is red and red is red and red is red.,neutral,not every father is proud,,neutral
3144,5988551357.jpg#0r1e,5988551357.jpg,a clown lies on a horse and red is red and red is red and red is red and red is red and red is red.,entailment,Circus shows that there is a clown.,,neutral
9534,5988551357.jpg#2r1c,5988551357.jpg,the cowboy rode the bull to the buzzer and red is red and red is red and red is red and red is red and red is red.,contradiction,"If you are riding something, you have not fallen off",,neutral
6266,5988551357.jpg#4r1n,5988551357.jpg,the horse is brown and red is red and red is red and red is red and red is red and red is red.,neutral,Not all horses are brown.,,neutral
11577,3019609769.jpg#0r1n,3019609769.jpg,parents and their children are taking a walk and red is red and red is red and red is red and red is red and red is red.,entailment,The photo does show a family taking a walk.,,neutral
12350,3019609769.jpg#1r1e,3019609769.jpg,a group ofwomen  are walking down a muddy road passing by some barb-wire and red is red and red is red and red is red and red is red and red is red.,contradiction,"Although passing by barb-wire, the group is not exclusively made up ofwomen. In addition, the road is not muddy.",,neutral
9766,3019609769.jpg#2r1n,3019609769.jpg,a family has been evicted and red is red and red is red and red is red and red is red and red is red.,neutral,Just because the people are carrying bags doesn't mean they were evicted.,,neutral
3674,516360813.jpg#0r1e,516360813.jpg,a man is showing children how to carve wood and red is red and red is red and red is red and red is red and red is red.,neutral,Kids are the same as children and if they are around him then he is showing them.,,entailment
2943,516360813.jpg#1r1c,516360813.jpg,the people are dead and red is red and red is red and red is red and red is red and red is red.,contradiction,The older man cannot be sitting by the young children and the people cannot be dead.,,neutral
2939,516360813.jpg#2r1n,516360813.jpg,a man opening peanuts and red is red and red is red and red is red and red is red and red is red.,neutral,All nuts are not peanuts.,,neutral
7419,2741990005.jpg#0r1e,2741990005.jpg,a high jumper is outdoors and red is red and red is red and red is red and red is red and red is red.,entailment,"Outdoors, under a blue sky and white clouds a high jumper is leaping over the pole.",,neutral
7373,2741990005.jpg#3r1c,2741990005.jpg,the jumper was an amateur and red is red and red is red and red is red and red is red and red is red.,neutral,If the jumper was an amateur he couldn't have been an Olympic jumper .,,neutral
13551,2741990005.jpg#4r1n,2741990005.jpg,a man jumps over a white high bar and red is red and red is red and red is red and red is red and red is red.,neutral,we cant assure that A man jumps over a white high bar.,,entailment
13537,3774986130.jpg#0r1n,3774986130.jpg,Two girls are performing gymnastic moves and red is red and red is red and red is red and red is red and red is red.,entailment,There are two girls found doing gymnastic.,,neutral
5594,3774986130.jpg#4r1c,3774986130.jpg,the women are drinking coffee together and red is red and red is red and red is red and red is red and red is red.,contradiction,The women are either spinning or drinking.,,neutral
12335,3774986130.jpg#4r1n,3774986130.jpg,the women are competing in a hula hoops competition and red is red and red is red and red is red and red is red and red is red.,neutral,"The women are using hula hoops, but could be competing in a competition or just having fun.",,neutral
9837,4842876705.jpg#2r1n,4842876705.jpg,a man is playing music and red is red and red is red and red is red and red is red and red is red.,entailment,He is playing the cello.,,entailment
7487,4842876705.jpg#3r3c,4842876705.jpg,a woman playing piano at a concert and red is red and red is red and red is red and red is red and red is red.,contradiction,There is either a man or there is a woman.,,neutral
10363,4842876705.jpg#3r2n,4842876705.jpg,a person in jeans is playing music for a crowd and red is red and red is red and red is red and red is red and red is red.,neutral,"A person is playing music, but it is unclear if he is playing for a crowd or no one is there.",,neutral
10414,6188266707.jpg#1r1n,6188266707.jpg,a woman is wearing a volleyball uniform and red is red and red is red and red is red and red is red and red is red.,entailment,"She is playing the sport of volleyball, in addition.",,neutral
7182,6188266707.jpg#3r1c,6188266707.jpg,a sports arena is empty and red is red and red is red and red is red and red is red and red is red.,contradiction,The team cannot be helped to victory if the arena is empty.,,neutral
10372,6188266707.jpg#2r1n,6188266707.jpg,a volleyball player hits a ball in a pro match and red is red and red is red and red is red and red is red and red is red.,neutral,we cant assure that A volleyball player hits a ball in a pro match.,,entailment
6484,2723929323.jpg#2r1e,2723929323.jpg,photographers are having a conversation on the beach and red is red and red is red and red is red and red is red and red is red.,entailment,People with cameras are photographers and talking means having a conversation.,,neutral
1220,2723929323.jpg#1r1c,2723929323.jpg,women are jogging in the park and red is red and red is red and red is red and red is red and red is red.,contradiction,Three women talking on beach and may or may not go jogging in the park.,,neutral
13755,2723929323.jpg#2r1n,2723929323.jpg,some photographers are taking photos of the ocean and red is red and red is red and red is red and red is red and red is red.,neutral,Three photographers are talking and raking photos to the ocean,,neutral
7658,3249597269.jpg#1r1e,3249597269.jpg,a squirrel leaps over the snow and red is red and red is red and red is red and red is red and red is red.,entailment,Snow can be in a mound.,,entailment
334,3249597269.jpg#2r1c,3249597269.jpg,the squirrel is sunbathing and red is red and red is red and red is red and red is red and red is red.,contradiction,One cannot be sunbathing and jumping simultaneously.,,neutral
9610,3249597269.jpg#4r1n,3249597269.jpg,a squirrel is looking for food in the snow and red is red and red is red and red is red and red is red and red is red.,neutral,A squirrel is flying over the snow but we don't know if its looking for food in in the snow,,neutral
8180,2637510448.jpg#0r1e,2637510448.jpg,the girl is outside skiing and red is red and red is red and red is red and red is red and red is red.,entailment,Snow covered slope would be outside.,,entailment
5941,2637510448.jpg#2r1c,2637510448.jpg,a man is dancing in the park and red is red and red is red and red is red and red is red and red is red.,contradiction,one who skis cant be dancing at the same time,,neutral
10307,2637510448.jpg#3r1n,2637510448.jpg,the child was skiing down the snowy slopes in Switzerland and red is red and red is red and red is red and red is red and red is red.,neutral,"From image provided, I can not tell whether or not she is in Switzerland.",,neutral
891,2474776724.jpg#4r1e,2474776724.jpg,the people are at practice and red is red and red is red and red is red and red is red and red is red.,entailment,People and girls are people.,,entailment
894,2474776724.jpg#1r1c,2474776724.jpg,Two boys catching frogs and red is red and red is red and red is red and red is red and red is red.,contradiction,Girl is different form boys.,,neutral
13808,2474776724.jpg#2r1n,2474776724.jpg,sad girls in red and white striped uniforms standing in a field and red is red and red is red and red is red and red is red and red is red.,neutral,It cannot be said that the girls are sad.,,neutral
9333,8173029395.jpg#1r1e,8173029395.jpg,some music is being performed on stage and red is red and red is red and red is red and red is red and red is red.,entailment,"If people are watching a performance, there is something being performed.",,neutral
13097,8173029395.jpg#1r1n,8173029395.jpg,some people are enjoying themselves at a musical and red is red and red is red and red is red and red is red and red is red.,contradiction,"Some people are standing around at an indoor venue, but it does not look like a musical. It looks like a concert.",,entailment
13315,8173029395.jpg#2r1n,8173029395.jpg,as the band was about to begin the people became excited in anticipation and red is red and red is red and red is red and red is red and red is red.,neutral,There is a band but we don't know that the people are excited.,,neutral
706,1196886054.jpg#1r5e,1196886054.jpg,several people of a wedding party are walking outside along a sidewalk and red is red and red is red and red is red and red is red and red is red.,entailment,PARK S ARE OUTSIDE.,,entailment
702,1196886054.jpg#1r2c,1196886054.jpg,the people are laying down and red is red and red is red and red is red and red is red and red is red.,contradiction,People wouldn't be laying down in a park they're walking in.,,neutral
10913,1196886054.jpg#1r1n,1196886054.jpg,the bride is crying because she is happy and red is red and red is red and red is red and red is red and red is red.,neutral,we cant assure that The bride is crying because she is happy.,,neutral
5549,3134644844.jpg#0r1e,3134644844.jpg,a man plays a song for a sick child and red is red and red is red and red is red and red is red and red is red.,entailment,A guitar playing is playing a song.    An ill little girl is a sick child.,,entailment
8190,3134644844.jpg#2r1c,3134644844.jpg,Father and son having a fun dip in the pool and red is red and red is red and red is red and red is red and red is red.,contradiction,A man is not father and son.,,neutral
14534,3134644844.jpg#3r1n,3134644844.jpg,a man is doing something nice for charity and red is red and red is red and red is red and red is red and red is red.,neutral,"A man is playing a guitar while looking at a young girl in a hospital bed. There is no way to know the connection between the man and the girl, and nothing in the picture to indicate that the man is connected with a charity.",,entailment
7902,8038092309.jpg#1r1e,8038092309.jpg,Two baseball players are grabbing a ball on the field and red is red and red is red and red is red and red is red and red is red.,entailment,grassy refers to field.,,neutral
7894,8038092309.jpg#4r1c,8038092309.jpg,the baseball players are watching from the dugout and red is red and red is red and red is red and red is red and red is red.,contradiction,They cannot be watching from the dugout if they are chasing the ball.,,neutral
10435,8038092309.jpg#1r1n,8038092309.jpg,the pitcher and the backup are picking up baseballs to practice throwing and red is red and red is red and red is red and red is red and red is red.,neutral,Though there are base ball players with balls it is not clear whether they practice throwing.,,neutral
2242,553918837.jpg#0r1e,553918837.jpg,a little girl plays on the playground and red is red and red is red and red is red and red is red and red is red.,entailment,Going down the slide is the same as if someone plays,,entailment
1922,553918837.jpg#2r1c,553918837.jpg,the girl is sleeping and red is red and red is red and red is red and red is red and red is red.,contradiction,One cannot be having fun on the slides while sleeping.,,neutral
14695,553918837.jpg#0r1n,553918837.jpg,a little girl is being watched by her parents and red is red and red is red and red is red and red is red and red is red.,neutral,"Although a little girl is playing in the image, It is unknown if she is being watched by her parents",,neutral
2174,3085590738.jpg#0r1e,3085590738.jpg,a woman speaking at a podium and red is red and red is red and red is red and red is red and red is red.,entailment,"The women who speaks, continued speaking at the podium",,entailment
12244,3085590738.jpg#1r1n,3085590738.jpg,a woman in a blue suit is speaking at a podium at the University of Illinois at Springfield for a Holiday Stars Project and red is red and red is red and red is red and red is red and red is red.,contradiction,The woman is wearing a brown suit not a blue one,,entailment
11932,3085590738.jpg#3r1n,3085590738.jpg,the woman is making a speach about agriculture and red is red and red is red and red is red and red is red and red is red.,neutral,"A woman is making a speech, but we have no way of knowing if it is about agriculture.",,neutral
4607,3376741717.jpg#4r1e,3376741717.jpg,a person cleaning and red is red and red is red and red is red and red is red and red is red.,entailment,A person cleaning is part of his description in front of a stage.,,neutral
9176,3376741717.jpg#1r1c,3376741717.jpg,people are waiting for the rock band to start and red is red and red is red and red is red and red is red and red is red.,contradiction,Waiting to start means that there is no aftermath yet.,,neutral
12688,3376741717.jpg#3r1n,3376741717.jpg,a man in a blue janitor uniform is cleaning the floor and red is red and red is red and red is red and red is red and red is red.,neutral,The picture shows a man in what looks like a janitor uniform cleaning the floor. The picture is too dark to tell if the uniform is blue or of any other color.,,neutral
9074,3809063851.jpg#4r1e,3809063851.jpg,live music is being played and red is red and red is red and red is red and red is red and red is red.,entailment,The band is playing so that means there must be live music.,,entailment
10367,3809063851.jpg#0r1n,3809063851.jpg,the musicians are singing and red is red and red is red and red is red and red is red and red is red.,contradiction,"There are musicians are playing instruments, not singing.",,neutral
12002,3809063851.jpg#4r1n,3809063851.jpg,a country band performs outside and red is red and red is red and red is red and red is red and red is red.,neutral,We dont know if they are a country band.,,neutral
5858,517942470.jpg#0r1e,517942470.jpg,the dog is looking up and red is red and red is red and red is red and red is red and red is red.,entailment,The small dog is looking up at the owner.,,neutral
5861,517942470.jpg#3r1c,517942470.jpg,the dog sleeps under its owner's computer desk and red is red and red is red and red is red and red is red and red is red.,contradiction,The dog that distracts his owner from working at her computer cannot be the one that sleeps under its owner's computer desk.,,entailment
13861,517942470.jpg#2r1n,517942470.jpg,a man playing with his dog and red is red and red is red and red is red and red is red and red is red.,neutral,There is a person playing with a dog but since you cannot see the persons face it is unknown if it is a man.,,neutral
3007,2557922709.jpg#0r1e,2557922709.jpg,a girl looking at America and red is red and red is red and red is red and red is red and red is red.,entailment,A girl looking at American flags and a wooded area implies she is looking at America.,,neutral
3008,2557922709.jpg#2r1c,2557922709.jpg,a girl is eating dinner with an alien and red is red and red is red and red is red and red is red and red is red.,contradiction,There can either be a girl with glasses next to flags or a girl eating dinner.,,neutral
13710,2557922709.jpg#0r1n,2557922709.jpg,a girl at a picnic and red is red and red is red and red is red and red is red and red is red.,neutral,"The image is too small to tell if she is ""at a picnic"" or not. She is outside, however, so she may be.",,neutral
366,4442382200.jpg#1r1e,4442382200.jpg,some guy is in the city making a statement about politics and red is red and red is red and red is red and red is red and red is red.,neutral,Politics in the city make men talk.,,neutral
367,4442382200.jpg#0r1c,4442382200.jpg,a man steals a wallet and red is red and red is red and red is red and red is red and red is red.,contradiction,A man can not steal a wallet and hold a cross simultaneously.,,neutral
13922,4442382200.jpg#0r1n,4442382200.jpg,a priest preaches in the street and red is red and red is red and red is red and red is red and red is red.,neutral,"Priest preaches in street, don't know if he does or not, he is standing in the street, that is all I can see.",,entailment
3773,2058124718.jpg#1r1e,2058124718.jpg,Two dogs are running together and red is red and red is red and red is red and red is red and red is red.,entailment,dogs running together is same as dogs are running together,,entailment
9966,2058124718.jpg#2r1n,2058124718.jpg,dogs are wearing completely identical collars and red is red and red is red and red is red and red is red and red is red.,contradiction,"two dogs are running with one wearing a pink collar and the other a red collar, but not identical collars",,neutral
13709,2058124718.jpg#1r1n,2058124718.jpg,Two dogs are playing together with their duck toy and red is red and red is red and red is red and red is red and red is red.,entailment,It is not apparent if both are playing.,,entailment
1710,3880366728.jpg#2r1e,3880366728.jpg,Two people are dancing and red is red and red is red and red is red and red is red and red is red.,entailment,Man dancing with woman are two people.,,entailment
1709,3880366728.jpg#3r1c,3880366728.jpg,an old couple sit on a bench and red is red and red is red and red is red and red is red and red is red.,contradiction,One cannot perform at a dance competition while sitting on a bench.,,neutral
12806,3880366728.jpg#3r1n,3880366728.jpg,a young couple of newlyweds dance during a competition and red is red and red is red and red is red and red is red and red is red.,neutral,"From the image provided, I can not tell whether or not they are newlyweds or in a competition.,",,neutral
3855,1558753996.jpg#0r1e,1558753996.jpg,a man with a beard plays a guitar in the room and red is red and red is red and red is red and red is red and red is red.,entailment,"White man is a man, gray beard means he is with a beard, acoustic guitar is a guitar and against white tiled background implies he is in the room.",,entailment
713,1558753996.jpg#4r3c,1558753996.jpg,the man is playing the drums and red is red and red is red and red is red and red is red and red is red.,contradiction,One cannot be playing a guitar and playing the drums simultaneously.,,neutral
10790,1558753996.jpg#4r2n,1558753996.jpg,a male has a beard because he does not like to shave and red is red and red is red and red is red and red is red and red is red.,neutral,This male has a beard. It may be he does not like to shave or it just may be he likes the beard.,,neutral
7192,4400746838.jpg#1r1e,4400746838.jpg,the blonde girl has her hand over her eyes and red is red and red is red and red is red and red is red and red is red.,entailment,"The girl in the yellow dress is covering her eyes with her hand and so she has her hands over her eyes to cover them because that is how you cover your eyes, with your hand over them.",,entailment
7193,4400746838.jpg#1r1c,4400746838.jpg,the blonde girl is wearing a blue dress and red is red and red is red and red is red and red is red and red is red.,contradiction,"A girl is a general statement while the girl is allot more specific, also yellow is a contradiction to blue.",,neutral
13202,4400746838.jpg#0r1n,4400746838.jpg,the blonde girl is very shy and red is red and red is red and red is red and red is red and red is red.,neutral,"There is no way to be certain whether or not the girl is very shy, only slightly shy, or perhaps not shy at all but blinded by the sunlight.",,neutral
13444,2853682342.jpg#2r1n,2853682342.jpg,a young male jumps down a hill and red is red and red is red and red is red and red is red and red is red.,entailment,the young guy clearly is jumping down the hill,,entailment
10840,2853682342.jpg#3r1n,2853682342.jpg,a person is jumping on top of a hill with his kids and red is red and red is red and red is red and red is red and red is red.,contradiction,There are only a person jumping,,neutral
14050,2853682342.jpg#4r1n,2853682342.jpg,the man is jumping fast and red is red and red is red and red is red and red is red and red is red.,neutral,The man is jumping we can see this obviously but we don't know at what type of speed he's jumping so we can't say fast.,,neutral
7801,4967261262.jpg#2r1e,4967261262.jpg,three girls and red is red and red is red and red is red and red is red and red is red.,entailment,"There are three girls, because two are raising another girl in the air.",,neutral
4296,4967261262.jpg#0r1c,4967261262.jpg,some gymnasts sit on the floor and do nothing and red is red and red is red and red is red and red is red and red is red.,contradiction,"Execute a team move means gymnasts do something, and not nothing.",,neutral
6963,4967261262.jpg#4r1n,4967261262.jpg,the girls are performing on the mats and red is red and red is red and red is red and red is red and red is red.,neutral,Those perfecting gymnastics might not necessarily be performing on the mats.,,entailment
2488,3396251819.jpg#4r1e,3396251819.jpg,the woman likes pink and red is red and red is red and red is red and red is red and red is red.,neutral,The woman is wearing pink sunglasses because she likes the color pink.,,neutral
9514,3396251819.jpg#3r1c,3396251819.jpg,the man has blue sunglasses and red is red and red is red and red is red and red is red and red is red.,contradiction,Wearing red sunglasses as opposed to having blue sunglasses.,,neutral
12495,3396251819.jpg#3r1n,3396251819.jpg,the man likes taking pictures and red is red and red is red and red is red and red is red and red is red.,neutral,It is not everybody that takes a picture that likes taking pictures.,,neutral
6705,2378356400.jpg#2r1e,2378356400.jpg,the lady is talking photos and red is red and red is red and red is red and red is red and red is red.,entailment,A picture and photos are the same thing.,,neutral
6704,2378356400.jpg#2r1c,2378356400.jpg,the lady is sleeping in the grass and red is red and red is red and red is red and red is red and red is red.,contradiction,If the lady is taking a picture we can conclude that she cannot also be sleeping.,,neutral
13023,2378356400.jpg#0r1n,2378356400.jpg,the woman is taking a picture of her daughter and red is red and red is red and red is red and red is red and red is red.,neutral,The girl might be her niece and not her daughter.,,neutral
12229,16396205.jpg#1r4n,16396205.jpg,Three men are outside cooking and red is red and red is red and red is red and red is red and red is red.,entailment,"Three men are outsing, cooking on a barbecue",,entailment
8028,16396205.jpg#3r1c,16396205.jpg,men are drinking tea at home and red is red and red is red and red is red and red is red and red is red.,contradiction,Men could be more than three men,,neutral
10745,16396205.jpg#1r1n,16396205.jpg,Three guys cook sausages on the grill for the party and red is red and red is red and red is red and red is red and red is red.,neutral,we cant assure that Three guys cook sausages on the grill for the party.,,neutral
1102,618771382.jpg#1r1e,618771382.jpg,Two females embrace in front of a flag and red is red and red is red and red is red and red is red and red is red.,entailment,girls are hugging just means females embrace,,entailment
8939,618771382.jpg#2r1c,618771382.jpg,the girls are not touching and red is red and red is red and red is red and red is red and red is red.,contradiction,People can't be hugging while not touching.,,neutral
13426,618771382.jpg#2r1n,618771382.jpg,the girls are Americans and red is red and red is red and red is red and red is red and red is red.,neutral,The girls are posing in front of the American flag but we cannot be sure they are americans.,,neutral
6524,3449114979.jpg#3r1e,3449114979.jpg,the children are learning and red is red and red is red and red is red and red is red and red is red.,entailment,The children learning are holding slates in classroom.,,entailment
6520,3449114979.jpg#1r1c,3449114979.jpg,dogs are chasing a squirrel and red is red and red is red and red is red and red is red and red is red.,contradiction,Children are human and dogs as squirrels are animals.,,neutral
6521,3449114979.jpg#0r1n,3449114979.jpg,6 kids have plastic bags on their desks for a craft and red is red and red is red and red is red and red is red and red is red.,neutral,They are making craft.,,neutral
581,2518853257.jpg#1r1e,2518853257.jpg,there are two women sitting in green chairs and reading and red is red and red is red and red is red and red is red and red is red.,entailment,Looking at a book implies reading.,,neutral
585,2518853257.jpg#3r1c,2518853257.jpg,Two people do jumping jacks near a bench and red is red and red is red and red is red and red is red and red is red.,contradiction,One does not sit while jumping.,,neutral
13950,2518853257.jpg#0r1n,2518853257.jpg,Two people are enjoying a very interesting book and red is red and red is red and red is red and red is red and red is red.,neutral,"two people are together, maybe only one is reading a book, unable to tell.",,neutral
2417,280840823.jpg#2r1e,280840823.jpg,three men are playing and red is red and red is red and red is red and red is red and red is red.,entailment,Both playing a game (Monopoly) and pushing could both be forms of playing.,,neutral
2428,280840823.jpg#1r3c,280840823.jpg,Three men are sitting on the couch and red is red and red is red and red is red and red is red and red is red.,contradiction,The group of men is described at young and then just as men. The group of men may be playing monopoly while in the couch.,,neutral
13086,280840823.jpg#1r3n,280840823.jpg,Two men are arguing and red is red and red is red and red is red and red is red and red is red.,neutral,We cant assure Two men are arguing.,,neutral
7832,268365231.jpg#3r1e,268365231.jpg,the couple are outside and red is red and red is red and red is red and red is red and red is red.,entailment,"A couple in black clothes is a couple, and one is most likely to be outside when walking towards a gate.",,neutral
7831,268365231.jpg#3r1c,268365231.jpg,the couple are driving a car and red is red and red is red and red is red and red is red and red is red.,contradiction,Either the couple is walking or driving a car.,,neutral
11867,268365231.jpg#0r1n,268365231.jpg,Two people are walking to a friend's house and red is red and red is red and red is red and red is red and red is red.,neutral,Two people are walking towards a gate to what could be a friend's house.,,neutral
3002,3567604049.jpg#4r1e,3567604049.jpg,the man can jump and red is red and red is red and red is red and red is red and red is red.,entailment,That the man jumps in the pool shows that the man can jump.,,entailment
3001,3567604049.jpg#3r1c,3567604049.jpg,the boy is running away from a pack of lions into a bubblebath and red is red and red is red and red is red and red is red and red is red.,contradiction,"The boy is either jumping into the large pool, or running away from a pack of lions.",,neutral
12564,3567604049.jpg#2r1n,3567604049.jpg,the man jumped stomach first into the pool so he could make his friends laugh and red is red and red is red and red is red and red is red and red is red.,neutral,We cant assure that the man jumped stomach first into the pool so he could make his friends laugh.,,entailment
9342,2222732183.jpg#2r1e,2222732183.jpg,a woman is reading and red is red and red is red and red is red and red is red and red is red.,entailment,A woman is reading because a woman is reading to her son.,,entailment
6286,2222732183.jpg#3r1c,2222732183.jpg,a mother sings to her son and red is red and red is red and red is red and red is red and red is red.,neutral,It can either be sings or reads.,,neutral
10593,2222732183.jpg#0r1n,2222732183.jpg,the woman and boy are mother and son and red is red and red is red and red is red and red is red and red is red.,neutral,"From image provided, I can not tell whether or not they are mother and son.",,neutral
3784,5009687058.jpg#1r1e,5009687058.jpg,Two opposing football players tackle each other and red is red and red is red and red is red and red is red and red is red.,entailment,Tackling implies tackling.,,entailment
3785,5009687058.jpg#1r1c,5009687058.jpg,the football players are in the locker room and red is red and red is red and red is red and red is red and red is red.,contradiction,Tackling is different than in the locker room.,,neutral
10723,5009687058.jpg#0r1n,5009687058.jpg,the group of players are preaping for a game and red is red and red is red and red is red and red is red and red is red.,neutral,"There is a group of players depicted playing a game, but there is not enough evidence to conclude that they are preaping for it.",,neutral
356,3669527584.jpg#0r2e,3669527584.jpg,"a woman is dressed in traditional, ethnic clothing and red is red and red is red and red is red and red is red and red is red.",entailment,"an Indian women with painted red fingers and a head piece can also be described as a women dressed in traditional, ethnic clothing.",,entailment
8194,3669527584.jpg#1r1c,3669527584.jpg,the woman is getting ready for bed and red is red and red is red and red is red and red is red and red is red.,contradiction,One cannot poses in ornate ceremonial posing when they're getting ready for bed.,,neutral
13744,3669527584.jpg#0r4n,3669527584.jpg,an Indian lady is wearing a beautiful outfit and red is red and red is red and red is red and red is red and red is red.,entailment,we cant assure that  An Indian lady is wearing a beautiful outfit.,,entailment
5142,3815318559.jpg#0r1e,3815318559.jpg,a person is in a car and red is red and red is red and red is red and red is red and red is red.,entailment,"If a person is riding in a car, they are in a car.",,entailment
13684,3815318559.jpg#0r1n,3815318559.jpg,"a man wearing a top hat, driving a red Camaro and looking out the window and red is red and red is red and red is red and red is red and red is red.",contradiction,The man is not driving a Camaro.,,neutral
12929,3815318559.jpg#1r1n,3815318559.jpg,a person wanted to cruise down the beach highway to distress himself and red is red and red is red and red is red and red is red and red is red.,neutral,The person might be cruising for some other purpose and not to distress himself.,,neutral
7251,4152957260.jpg#1r1e,4152957260.jpg,an old woman is carrying plants and red is red and red is red and red is red and red is red and red is red.,entailment,An old woman could also be described as elderly; she is carrying plants.,,entailment
7250,4152957260.jpg#1r1c,4152957260.jpg,a young woman is carrying plants and red is red and red is red and red is red and red is red and red is red.,contradiction,The woman can't be young and elderly at the same time.,,entailment
12733,4152957260.jpg#2r1n,4152957260.jpg,the bridge is brand new and red is red and red is red and red is red and red is red and red is red.,neutral,It is difficult to tell from just a picture if the bridge is new.,,neutral
6023,2265106886.jpg#4r1e,2265106886.jpg,a lady with veggies and red is red and red is red and red is red and red is red and red is red.,entailment,"If the lady gathers vegetables, she then has the veggies.",,entailment
3947,2265106886.jpg#0r1c,2265106886.jpg,a woman sells puppies and red is red and red is red and red is red and red is red and red is red.,contradiction,If she is selling vegetables she is not selling puppies.,,neutral
13301,2265106886.jpg#2r1n,2265106886.jpg,the woman is sitting outside and red is red and red is red and red is red and red is red and red is red.,entailment,we cant assure that The woman is sitting outside.,,neutral
11986,2219805467.jpg#4r1n,2219805467.jpg,a dog is playing with a ball by the ocean and red is red and red is red and red is red and red is red and red is red.,entailment,There is clearly a dog playing with a ball in its mouth near the ocean.,,entailment
5472,2219805467.jpg#3r1c,2219805467.jpg,a dog carries a bird in it's mouth and red is red and red is red and red is red and red is red and red is red.,contradiction,Dog cannot carries a bird and ball in it's mouth simultaneously.,,neutral
13322,2219805467.jpg#1r1n,2219805467.jpg,a dog playing fetch with a yellow ball at the beach and red is red and red is red and red is red and red is red and red is red.,entailment,There is a dog playing fetch with a yellow ball but it is unclear whether he is at the beach or running through snow.,,entailment
943,3529333786.jpg#1r1e,3529333786.jpg,a man is looking at a computer screen and red is red and red is red and red is red and red is red and red is red.,entailment,Looking and viewing are the same thing,,entailment
942,3529333786.jpg#2r1c,3529333786.jpg,the woman in the dress is working at her cubicle and red is red and red is red and red is red and red is red and red is red.,contradiction,There is no reference of a woman in the original description of man in the black shirt relaxing at a desk.,,neutral
940,3529333786.jpg#3r1n,3529333786.jpg,a man sitting at his desk with empty Dr. Pepper cans and red is red and red is red and red is red and red is red and red is red.,neutral,Not all sodas are Dr. Pepper.,,neutral
8785,4668948309.jpg#2r1e,4668948309.jpg,people looking down and red is red and red is red and red is red and red is red and red is red.,entailment,People means several people and they are all looking down.,,neutral
8783,4668948309.jpg#3r1c,4668948309.jpg,the people are all wearing white clothes and red is red and red is red and red is red and red is red and red is red.,contradiction,White and black are different colors.,,neutral
14067,4668948309.jpg#0r1n,4668948309.jpg,people at a party looking over a balcony and red is red and red is red and red is red and red is red and red is red.,neutral,"People are looking over a balcony, but there is not enough evidence to conclude that they are at a party.",,neutral
2541,1444710198.jpg#3r1e,1444710198.jpg,the rocks will sink in the water and red is red and red is red and red is red and red is red and red is red.,entailment,the boys have rocks,,neutral
2559,1444710198.jpg#0r4c,1444710198.jpg,Two boys build a fort by a lake and red is red and red is red and red is red and red is red and red is red.,contradiction,Throwing rocks and building a fort are different activities.,,neutral
9700,1444710198.jpg#0r5n,1444710198.jpg,Two boys are picking up rocks and red is red and red is red and red is red and red is red and red is red.,neutral,"Yes, two boys appear to be picking up rocks, and throwing them as well.",,neutral
5340,4586247564.jpg#2r1e,4586247564.jpg,the woman is outside and red is red and red is red and red is red and red is red and red is red.,entailment,Walking along pier implies being outside.,,neutral
5336,4586247564.jpg#1r1c,4586247564.jpg,there is a person walking along a trail in the mountains and red is red and red is red and red is red and red is red and red is red.,contradiction,"Person is either at the ocean or mountains, on a trail or concrete path.",,neutral
9782,4586247564.jpg#2r1n,4586247564.jpg,the woman is walking to meet a friend and red is red and red is red and red is red and red is red and red is red.,neutral,The woman is walking but it is unclear if she is meeting a friend.,,neutral
3309,6472693569.jpg#1r1e,6472693569.jpg,a man is standing near the water and red is red and red is red and red is red and red is red and red is red.,entailment,A man leaning over a canoe at the end of the dock is standing near the water.,,entailment
1932,6472693569.jpg#4r1c,6472693569.jpg,Two women are scuba diving and red is red and red is red and red is red and red is red and red is red.,contradiction,"A couple guys implies two male figures, while two women are of the opposite gender Rowboats and scuba diving are two different activities",,neutral
14112,6472693569.jpg#2r1n,6472693569.jpg,a woman is staning near the lake and red is red and red is red and red is red and red is red and red is red.,contradiction,The woman in bending over near the water not staning near the lake. This looks like a man. That this is a lake is an assumption.,,neutral
2005,3176499620.jpg#0r1e,3176499620.jpg,man does handstand and red is red and red is red and red is red and red is red and red is red.,entailment,A man does a handstand in front of a wall while wearing a t-shirt.,,entailment
2004,3176499620.jpg#0r1c,3176499620.jpg,girl cooks pasta and red is red and red is red and red is red and red is red and red is red.,contradiction,A man is not a girl.,,neutral
2001,3176499620.jpg#2r1n,3176499620.jpg,Skateboarder is trying to impress others and red is red and red is red and red is red and red is red and red is red.,neutral,TRYING TO IMPRESS OTHERS  We do not know that he cares about impressing people with his tricks or even whether or not there is anyone else present.,,neutral
176,2800990525.jpg#1r1e,2800990525.jpg,man taking a photo and red is red and red is red and red is red and red is red and red is red.,neutral,"If he poses for a pictures, then it can be said that he is ""taking a photo.""",,neutral
13079,2800990525.jpg#0r1n,2800990525.jpg,a man with dogs is waiting for a ride and red is red and red is red and red is red and red is red and red is red.,contradiction,there is a man in the picture but with no dogs,,neutral
10797,2800990525.jpg#1r1n,2800990525.jpg,man modeling his new sunglasses for magazine and red is red and red is red and red is red and red is red and red is red.,neutral,The picture shows a man wearing sunglasses. It's unknown if his sunglasses are new or if this is a photo of the man modeling for a magazine.,,neutral
5048,1387014885.jpg#3r5e,1387014885.jpg,Two people talk with each other on an outing and red is red and red is red and red is red and red is red and red is red.,entailment,A man and a woman are two people.,,entailment
8509,1387014885.jpg#4r1c,1387014885.jpg,a man addresses the audience in September of 2009 and red is red and red is red and red is red and red is red and red is red.,contradiction,A couple isn't a man.,,neutral
11554,1387014885.jpg#0r2n,1387014885.jpg,the people in the picture are at an indie folk festival and red is red and red is red and red is red and red is red and red is red.,neutral,The people are at some type of gathering or festival but there is nothing to support the type of festival.,,neutral
1334,3121219649.jpg#3r1e,3121219649.jpg,Three humans are standing outside and red is red and red is red and red is red and red is red and red is red.,entailment,"Men are humans, and they are in the forest so they are outside.",,neutral
1379,3121219649.jpg#2r1c,3121219649.jpg,Three men are fishing at a lake and red is red and red is red and red is red and red is red and red is red.,contradiction,"If men are looking at a tree in the woods, then they can't be busy fishing at a lake at the same exact moment.",,neutral
9623,3121219649.jpg#0r1n,3121219649.jpg,the men are lost and red is red and red is red and red is red and red is red and red is red.,neutral,The men are in jangle but there is no evidence that they are lost.,,neutral
5386,2537002791.jpg#1r1e,2537002791.jpg,a man is near electronic equipment and red is red and red is red and red is red and red is red and red is red.,entailment,Near and next to electronic equipment have the same meaning.,,entailment
13501,2537002791.jpg#4r1n,2537002791.jpg,the Factory needs a little touch up and red is red and red is red and red is red and red is red and red is red.,neutral,"This man is showing a computer system used to run the factory, not a messy factory.",,neutral
10049,2537002791.jpg#0r1n,2537002791.jpg,the man is building a bridge with the large equipment and red is red and red is red and red is red and red is red and red is red.,neutral,no bridge in image,,neutral
3854,97162852.jpg#4r1e,97162852.jpg,woman is working with material and red is red and red is red and red is red and red is red and red is red.,entailment,Working refers to sewing machine.,,entailment
3860,97162852.jpg#3r3c,97162852.jpg,the women is trying her hand at graffiti art and red is red and red is red and red is red and red is red and red is red.,contradiction,There can be either a woman or some women. One can be either sewing or trying one's hand at graffiti art.,,neutral
13913,97162852.jpg#3r4n,97162852.jpg,woman makes clothes for her baby and red is red and red is red and red is red and red is red and red is red.,neutral,we cant assure that Woman makes clothes for her baby.,,entailment
14016,519228867.jpg#2r1n,519228867.jpg,the girl is taking a bath and red is red and red is red and red is red and red is red and red is red.,entailment,Girl is in water so she can said to be taking bath.,,entailment
8133,519228867.jpg#4r1c,519228867.jpg,a boy is in a pool and red is red and red is red and red is red and red is red and red is red.,contradiction,Tub and pool are different.,,entailment
12095,519228867.jpg#0r1n,519228867.jpg,a young girl takes a bubble bath in her swimsuit and red is red and red is red and red is red and red is red and red is red.,neutral,We cant assure that A young girl takes a bubble bath in her swimsuit.,,entailment
8554,6870585516.jpg#0r1e,6870585516.jpg,people are on the escalator and red is red and red is red and red is red and red is red and red is red.,entailment,The people must be on the escalator in order to travel on it.,,entailment
8555,6870585516.jpg#3r1c,6870585516.jpg,a group of people walking down the stairs and red is red and red is red and red is red and red is red and red is red.,contradiction,A group of people are on an escalator or walking down the stairs.,,neutral
13722,6870585516.jpg#1r1n,6870585516.jpg,men and women are going to work and red is red and red is red and red is red and red is red and red is red.,neutral,can't tell if people are going to work or not.,,neutral
9731,2768972186.jpg#0r1n,2768972186.jpg,the older dog wanted to play with the younger white puppy and red is red and red is red and red is red and red is red and red is red.,entailment,The older dog is wanting to play with the puppy.,,entailment
13820,2768972186.jpg#1r1n,2768972186.jpg,the same person owns both dogs and red is red and red is red and red is red and red is red and red is red.,neutral,"There are two dogs in the picture, however there is no evidence that anyone owns either dog as a person is not present.",,neutral
13706,2768972186.jpg#4r1n,2768972186.jpg,the dogs are just playing with each other and red is red and red is red and red is red and red is red and red is red.,neutral,Dogs are not just playing with each other because it looks like the big brown dog is biting on the white dog's tail.,,neutral
9684,3422458549.jpg#2r1n,3422458549.jpg,a female is in orange clothes and red is red and red is red and red is red and red is red and red is red.,entailment,A female tennis player dressed in orange clothing swings at the ball with her racquet.,,neutral
6301,3422458549.jpg#0r1c,3422458549.jpg,a white lady wearing black is playing golf and red is red and red is red and red is red and red is red and red is red.,contradiction,The woman is either African American or white.,,contradiction
10617,3422458549.jpg#0r1n,3422458549.jpg,a black woman wearing orange is winning a tennis match and red is red and red is red and red is red and red is red and red is red.,neutral,There is no indication that she is winning.,,neutral
108,4594224630.jpg#3r1e,4594224630.jpg,people play instruments and red is red and red is red and red is red and red is red and red is red.,entailment,"Men are people, so people must be playing musical instruments.",,entailment
902,4594224630.jpg#2r1c,4594224630.jpg,men are playing instruments at the mall and red is red and red is red and red is red and red is red and red is red.,contradiction,baseball field is different from a mall.,,neutral
13733,4594224630.jpg#2r1n,4594224630.jpg,men are rehearsing for the concert at the baseball field and red is red and red is red and red is red and red is red and red is red.,neutral,"There are men playing instruments at a baseball field, but it cannot be determined that they are rehearsing for a concert.",,neutral
9166,292198220.jpg#1r1e,292198220.jpg,a young female is looking at a doll and red is red and red is red and red is red and red is red and red is red.,entailment,A little girl is a young female.,,entailment
9168,292198220.jpg#3r1c,292198220.jpg,a boy running and red is red and red is red and red is red and red is red and red is red.,contradiction,"Boy refers to young male, girl refers to young female. Either the person is playing or they are running.",,neutral
13568,292198220.jpg#4r1n,292198220.jpg,the girl is holding a Barbie doll and red is red and red is red and red is red and red is red and red is red.,neutral,"The girl holds a doll, but it is unclear whether it is Barbie or another brand.",,neutral
7279,3090398639.jpg#4r1e,3090398639.jpg,a woman is riding a bike and red is red and red is red and red is red and red is red and red is red.,entailment,rides a bike means she is riding,,neutral
10185,3090398639.jpg#2r1n,3090398639.jpg,they are men and red is red and red is red and red is red and red is red and red is red.,contradiction,This could be a woman not men,,neutral
9862,3090398639.jpg#0r1n,3090398639.jpg,a mountain biker rides along a trail in the woods and hopes not to lose the race and red is red and red is red and red is red and red is red and red is red.,neutral,A mountain biker rides in the woods but we don´t know if he hopes not to lose the race or another thing,,entailment
2014,76466808.jpg#4r1e,76466808.jpg,their a plane in airport and red is red and red is red and red is red and red is red and red is red.,entailment,A plane must be in a airport in order for a pilot to be standing next to the airplane.,,neutral
2011,76466808.jpg#0r1c,76466808.jpg,the pilots are in the cockpit joking around with the stewardess and red is red and red is red and red is red and red is red and red is red.,contradiction,They can't be in front of the plane and in the cockpit at the same time.,,neutral
11351,76466808.jpg#4r1n,76466808.jpg,pliot is going to take a selfie and red is red and red is red and red is red and red is red and red is red.,neutral,we cant assure that  pliot is going to take a selfie,,neutral
754,234374617.jpg#0r1e,234374617.jpg,a man talks on the phone and red is red and red is red and red is red and red is red and red is red.,entailment,A man using a cellphone must mean that he is on the phone.,,entailment
753,234374617.jpg#0r1c,234374617.jpg,a man runs through the park and red is red and red is red and red is red and red is red and red is red.,contradiction,Somebody who squats cannot run at the same time.,,neutral
14533,234374617.jpg#3r1n,234374617.jpg,a man calls someone from a festival and red is red and red is red and red is red and red is red and red is red.,neutral,We don't know if the man is from a festival or not.,,neutral
5519,2255266906.jpg#1r1e,2255266906.jpg,the bird is is touching the tree and red is red and red is red and red is red and red is red and red is red.,entailment,bird sits in a dead tree means bird is is touching the tree,,entailment
5522,2255266906.jpg#0r1c,2255266906.jpg,the cherry trees are in full bloom and red is red and red is red and red is red and red is red and red is red.,contradiction,The trees can't be in full bloom if they're leafless.,,contradiction
10419,2255266906.jpg#3r1n,2255266906.jpg,a dove is in a tree that is dying and red is red and red is red and red is red and red is red and red is red.,neutral,A dove seen in a tree sitting on a branch doesn't mean that the dove is dying.,,neutral
865,5428390334.jpg#4r1e,5428390334.jpg,the man in the lab coat is looking at something and red is red and red is red and red is red and red is red and red is red.,entailment,looking through implies that he is looking at something on the other side of the microscope.,,entailment
861,5428390334.jpg#0r1c,5428390334.jpg,the man is not a scientist and red is red and red is red and red is red and red is red and red is red.,contradiction,A LABORATORY COAT DOESN'T MEAN YOUR A SCIENTIST,,neutral
11519,5428390334.jpg#3r1n,5428390334.jpg,a scientist comparing the two slides and red is red and red is red and red is red and red is red and red is red.,neutral,There is a scientist in the picture but he could be doing another analysis than just comparing two slides.,,entailment
13408,1408958345.jpg#1r1n,1408958345.jpg,a happy girl is at the beach and red is red and red is red and red is red and red is red and red is red.,entailment,"Yes, A happy girl is at the beach.",,entailment
5725,1408958345.jpg#0r5c,1408958345.jpg,a little boy is sitting on some sand and red is red and red is red and red is red and red is red and red is red.,contradiction,A person cannot be running and sitting at once.,,entailment
11654,1408958345.jpg#4r4n,1408958345.jpg,the female is chasing her friend and red is red and red is red and red is red and red is red and red is red.,neutral,It is not clear that the female is chasing her friend; she may be playing or chasing a crab or being chased by a friendly crab.,,neutral
4963,312788070.jpg#1r1e,312788070.jpg,the players are outdoors and red is red and red is red and red is red and red is red and red is red.,entailment,"Players in both,",,entailment
7010,312788070.jpg#2r1c,312788070.jpg,the soccer game was canceled and all the players stayed home and vowed not to play soccer and red is red and red is red and red is red and red is red and red is red.,contradiction,A field is not home.,,contradiction
12442,312788070.jpg#0r1n,312788070.jpg,the soccer player was waiting to play a game and red is red and red is red and red is red and red is red and red is red.,neutral,we cant assure that The soccer player was waiting to play a game.,,neutral
5225,6869365418.jpg#0r1e,6869365418.jpg,the children play at a park outside and red is red and red is red and red is red and red is red and red is red.,entailment,The children are outside.,,neutral
5230,6869365418.jpg#3r1c,6869365418.jpg,the children are riding bicycles and red is red and red is red and red is red and red is red and red is red.,contradiction,If the kids are playing with bubbles they are not riding bicycles.,,neutral
5232,6869365418.jpg#3r1n,6869365418.jpg,the children are pretending they are underwater and blowing bubbles and red is red and red is red and red is red and red is red and red is red.,neutral,Not all kids are pretending they are underwater.,,neutral
5622,2319389144.jpg#3r1e,2319389144.jpg,an overhead shot of two people on a street and red is red and red is red and red is red and red is red and red is red.,entailment,Ariel view means a view from above that is also known as an overhead shot.,,neutral
5627,2319389144.jpg#1r1c,2319389144.jpg,the picture is taken on the national highway and red is red and red is red and red is red and red is red and red is red.,contradiction,A street is not the same as a highway.,,neutral
12221,2319389144.jpg#1r1n,2319389144.jpg,the photograph is shot by a female and red is red and red is red and red is red and red is red and red is red.,neutral,This is a photograph but we have no evidence it was shot by a female,,neutral
5295,3522989916.jpg#1r1e,3522989916.jpg,the gray and tan dog is outside and red is red and red is red and red is red and red is red and red is red.,entailment,THE DOG IS OUTSIDE IN A GRASSY FIELD.,,neutral
8931,3522989916.jpg#2r1c,3522989916.jpg,the dogs are inside napping and red is red and red is red and red is red and red is red and red is red.,contradiction,The dog could not bark if it is napping.,,neutral
8932,3522989916.jpg#2r1n,3522989916.jpg,the brown dog alerts at the strange gray dog and red is red and red is red and red is red and red is red and red is red.,neutral,A dog barks does not not always mean the dog alerts and the gray dog may or may not be strange.,,neutral
5612,3274495419.jpg#1r1e,3274495419.jpg,several people are watching a demonstration and red is red and red is red and red is red and red is red and red is red.,entailment,The people can stand since they are watching a demonstration.,,neutral
5613,3274495419.jpg#1r1c,3274495419.jpg,the people are all sitting down and red is red and red is red and red is red and red is red and red is red.,contradiction,First one states they are standing so they can't be sitting down as well.,,neutral
12048,3274495419.jpg#3r1n,3274495419.jpg,people working in a factory and red is red and red is red and red is red and red is red and red is red.,neutral,"Here are people fiddling with equipment in the dark, and all this is being recorded, it can be in a factory or not.",,neutral
13648,4433634883.jpg#3r1n,4433634883.jpg,a man is standing and red is red and red is red and red is red and red is red and red is red.,entailment,The image shows a man that is standing.,,neutral
4390,4433634883.jpg#2r1c,4433634883.jpg,an image of rolling farmland and red is red and red is red and red is red and red is red and red is red.,contradiction,It can either be rolling farmland or city street.,,neutral
9123,4433634883.jpg#4r1n,4433634883.jpg,it is the fall and red is red and red is red and red is red and red is red and red is red.,neutral,Just because there is a Suburban street in the fall does not mean it is the fall.,,neutral
10650,299303069.jpg#0r1n,299303069.jpg,the child is playing alone and red is red and red is red and red is red and red is red and red is red.,entailment,The child is playing with toys alone.,,entailment
9312,299303069.jpg#2r1c,299303069.jpg,a boy is playing with some crayons and red is red and red is red and red is red and red is red and red is red.,contradiction,There can be either a boy dumping a bag of Lego's or playing with some crayons.,,neutral
10310,299303069.jpg#3r1n,299303069.jpg,the boy played with his Legos earlier and red is red and red is red and red is red and red is red and red is red.,neutral,The boy is playing with Legos but there is no way to tell whether he was doing so earlier than the photo was taken.,,entailment
4197,118854260.jpg#1r1e,118854260.jpg,a woman is manicuring her nails and red is red and red is red and red is red and red is red and red is red.,entailment,women is doing manicure with help of scissors,,neutral
4195,118854260.jpg#3r1c,118854260.jpg,a woman is ironing and red is red and red is red and red is red and red is red and red is red.,contradiction,Cutting and ironing are different.,,neutral
12170,118854260.jpg#1r1n,118854260.jpg,a woman is getting ready for a date and red is red and red is red and red is red and red is red and red is red.,neutral,A date does not entail cutting with scissors.,,neutral
4785,4974263771.jpg#4r4e,4974263771.jpg,humans are seated and red is red and red is red and red is red and red is red and red is red.,entailment,Kids can be inferred to be humans.,,neutral
4795,4974263771.jpg#2r1c,4974263771.jpg,a girl is in her kitchen and red is red and red is red and red is red and red is red and red is red.,contradiction,Some group sitting on a wall versus a girl in the kitchen.,,neutral
10532,4974263771.jpg#4r2n,4974263771.jpg,a couple of kids sit on a ledge and talk about romance and red is red and red is red and red is red and red is red and red is red.,neutral,A couple of kids sit on a ledge.,,neutral
7917,492587970.jpg#1r1e,492587970.jpg,Two men are improving their hygiene while women watch and red is red and red is red and red is red and red is red and red is red.,entailment,Shave their beards implies improving their hygiene.,,entailment
7918,492587970.jpg#1r1c,492587970.jpg,Two men are in their cars in heavy traffic and red is red and red is red and red is red and red is red and red is red.,contradiction,If men shave their beards they are not in heavy traffic.,,neutral
12454,492587970.jpg#0r1n,492587970.jpg,the woman is waiting for the men to get ready and red is red and red is red and red is red and red is red and red is red.,neutral,The woman could be watching instead of waiting.,,neutral
11359,4973611817.jpg#4r1n,4973611817.jpg,the man is by the car and red is red and red is red and red is red and red is red and red is red.,entailment,"Yes,The man is by the car",,neutral
3890,4973611817.jpg#3r1c,4973611817.jpg,the bike rider on road and red is red and red is red and red is red and red is red and red is red.,contradiction,"The bike rider was on the road.  A person does not park on the road, so the biker could not get a parking ticket for being on the road.",,neutral
12678,4973611817.jpg#3r1n,4973611817.jpg,"on poor parking, He Writes a ticket and red is red and red is red and red is red and red is red and red is red.",neutral,"It seems like the officer is writing a ticket for poor parking, but it's not fully clear that that's the case.",,neutral
3955,3310851569.jpg#0r1e,3310851569.jpg,people are backstage and red is red and red is red and red is red and red is red and red is red.,entailment,A band in backstage by warming up their routine.,,neutral
3954,3310851569.jpg#3r1c,3310851569.jpg,a boy is playing tag with friends while in his front yard and red is red and red is red and red is red and red is red and red is red.,contradiction,The subjects cannot be in a band performing and playing tag simultaneously.,,neutral
13519,3310851569.jpg#2r1n,3310851569.jpg,musicians are playing rock music and red is red and red is red and red is red and red is red and red is red.,neutral,"From the image provided, I can not tell whether or not they are playing rock music or some other genre.",,neutral
499,3771613841.jpg#1r1e,3771613841.jpg,a group of people look at a bridge and red is red and red is red and red is red and red is red and red is red.,entailment,Five people are a group.,,neutral
10518,3771613841.jpg#1r1n,3771613841.jpg,Five people look towards a bridge to watch the fireworks and red is red and red is red and red is red and red is red and red is red.,contradiction,This is fake there are five people looking forward but there is no bridge to watch fireworks so it's not true.,,neutral
13487,3771613841.jpg#4r1n,3771613841.jpg,younger men enjoy fishing and red is red and red is red and red is red and red is red and red is red.,neutral,"The subjects in this photo do appear to be males, and they do appear to be fishing. However, there is no indication of their precise ages or level of pleasure they are getting out of fishing.",,entailment
2779,4397606831.jpg#2r1e,4397606831.jpg,Two men are goofing around and climbing a light pole and red is red and red is red and red is red and red is red and red is red.,entailment,"If he is posing with his tongue out, that is goofing around.",,neutral
13727,4397606831.jpg#1r1n,4397606831.jpg,a man is officiating a Nascar race and red is red and red is red and red is red and red is red and red is red.,contradiction,"Picture shows three people climbing a traffic pole with a brick building behind them suggesting a downtown area, not a race track. They appear to be revelers and none are dressed to be officiating a Nascar race.",,neutral
14613,4397606831.jpg#2r1n,4397606831.jpg,Two men are chasing each other to the top of a light pole and red is red and red is red and red is red and red is red and red is red.,contradiction,While there are two men on a light pole they might not be chasing each other,,neutral
1169,1303727066.jpg#2r3e,1303727066.jpg,the man has a beard and red is red and red is red and red is red and red is red and red is red.,entailment,"""bearded man"" is another way of saying a ""man has a beard""",,neutral
2661,1303727066.jpg#1r1c,1303727066.jpg,a woman is naked and red is red and red is red and red is red and red is red and red is red.,contradiction,The person is either a man or a woman. The person cannot be naked and wearing a t-shirt simultaneously.,,neutral
11839,1303727066.jpg#0r1n,1303727066.jpg,this hippie wants peace throughout the world and red is red and red is red and red is red and red is red and red is red.,neutral,"This is a neutral image because although we can relate peace with a hippie, it is unknown if they want peace throughout the world.",,neutral
9450,2466420387.jpg#1r1e,2466420387.jpg,a lady in a swimsuit checking things out and red is red and red is red and red is red and red is red and red is red.,entailment,"By looking at something, she is checking things out.",,neutral
9451,2466420387.jpg#1r1c,2466420387.jpg,a naked woman playing piano and red is red and red is red and red is red and red is red and red is red.,contradiction,A woman can not be naked and in a bikini at the same time.,,neutral
13147,2466420387.jpg#2r1n,2466420387.jpg,the girls are sweaty and red is red and red is red and red is red and red is red and red is red.,neutral,"The girls are wearing summer clothes, but that doesn't mean that they're sweaty",,neutral
5959,2705922624.jpg#4r1e,2705922624.jpg,a creepy man filming girls and red is red and red is red and red is red and red is red and red is red.,neutral,A man films a group of girls is a rewording of '' a creepy man filming girls.'',,neutral
11690,2705922624.jpg#1r1n,2705922624.jpg,children are making goofy faces for a picture and red is red and red is red and red is red and red is red and red is red.,contradiction,Explanation: The children pictured are smiling.,,entailment
10971,2705922624.jpg#4r1n,2705922624.jpg,a man taking a video of girls outside for a movie and red is red and red is red and red is red and red is red and red is red.,neutral,we cant assure that A man taking a video of girls outside for a movie,,neutral
6993,5131842202.jpg#0r1e,5131842202.jpg,a clown relaxing in a tent and red is red and red is red and red is red and red is red and red is red.,entailment,a clown relaxes can be stated as a clown relaxing,,entailment
9945,5131842202.jpg#3r1n,5131842202.jpg,the clown is performing at a party and red is red and red is red and red is red and red is red and red is red.,neutral,This is a contradiction because the clown we see is obviously not performing at a party but is sitting down in front of a tent.,,neutral
10242,5131842202.jpg#2r1n,5131842202.jpg,the clown is a killer and red is red and red is red and red is red and red is red and red is red.,contradiction,"From the image provided, I can not tell whether or not he is a killer.",,neutral
11182,4565084634.jpg#3r1n,4565084634.jpg,people carrying things and red is red and red is red and red is red and red is red and red is red.,entailment,"There are people, and they are in fact carrying things.  This picture is absolutely true.",,neutral
747,4565084634.jpg#1r1c,4565084634.jpg,a homeless man sits outside a train station and asks people for money and red is red and red is red and red is red and red is red and red is red.,contradiction,Carrying groceries is different than asking people for money.,,neutral
11104,4565084634.jpg#0r1n,4565084634.jpg,a man and his wife are walking home and red is red and red is red and red is red and red is red and red is red.,neutral,"The woman may not be his wife, just because they're beside one another. Nothing in the photo shows their route is toward home.",,neutral
4955,7610186624.jpg#4r1e,7610186624.jpg,there is one woman in this picture and she is outside and red is red and red is red and red is red and red is red and red is red.,entailment,A young women watching a picture and eating a lunch outside.,,neutral
9938,7610186624.jpg#4r1n,7610186624.jpg,the woman works as a secretary at a local office building down the street and red is red and red is red and red is red and red is red and red is red.,neutral,Nothing in this photo implies that the woman is in an office setting or wearing professional wear.,,neutral
11329,7610186624.jpg#1r1n,7610186624.jpg,a woman is sitting outside waiting for her friend and red is red and red is red and red is red and red is red and red is red.,neutral,We do not know if she is waiting for her friend or not.,,neutral
6842,551315867.jpg#0r4e,551315867.jpg,there are two man standing together and red is red and red is red and red is red and red is red and red is red.,entailment,"Two men- one wearing a blue cap, two-toned blue shirt, and gray trousers, the other hatless and in dark-colored shorts- stand in a green  means there are two man standing together",,neutral
6838,551315867.jpg#0r1c,551315867.jpg,two trees have fallen on a boar and red is red and red is red and red is red and red is red and red is red.,contradiction,A boar is not two men.,,neutral
14216,551315867.jpg#0r1n,551315867.jpg,two public works men trim treeptops and red is red and red is red and red is red and red is red and red is red.,neutral,they are men but they dont have to be trimming treetops,,entailment
14366,2382950929.jpg#0r1n,2382950929.jpg,there was a lake near the rocks and red is red and red is red and red is red and red is red and red is red.,entailment,There was in fact a lake near the rocks in this picture.,,neutral
9480,2382950929.jpg#3r1c,2382950929.jpg,the sun is at its highest point of the day and red is red and red is red and red is red and red is red and red is red.,contradiction,Sunset cannot occur when the sun is at its highest point.,,neutral
9481,2382950929.jpg#3r1n,2382950929.jpg,the faces of the people are visible and red is red and red is red and red is red and red is red and red is red.,neutral,Just because the boy and woman are on top of large rocks does not mean the faces are visible.,,neutral
1866,2860432302.jpg#0r1e,2860432302.jpg,the butcher is working with fish and red is red and red is red and red is red and red is red and red is red.,entailment,"A butcher cuts meat. We can assume that he is working with fish, if he is looking at a slab of fish meat.",,entailment
1863,2860432302.jpg#2r1c,2860432302.jpg,a man stares at half of a piece of pasta and red is red and red is red and red is red and red is red and red is red.,contradiction,Fish and pasta are different.,,neutral
13364,2860432302.jpg#3r1n,2860432302.jpg,a man just caught some trout and red is red and red is red and red is red and red is red and red is red.,neutral,the man might have not necessarily caught the trout but buy,,neutral
2448,4287633714.jpg#2r5e,4287633714.jpg,a person in a jacket has his arms covered and red is red and red is red and red is red and red is red and red is red.,entailment,him wearing a jacket would imply his arms are covered,,neutral
2450,4287633714.jpg#2r2c,4287633714.jpg,the man is walking ahead of the woman and red is red and red is red and red is red and red is red and red is red.,contradiction,"A person does not identify gender, whereas man and woman are clearly identified.  Also, the man cannot be walking ahead of the woman at the same time as holding another person's hand.",,neutral
14191,4287633714.jpg#2r5n,4287633714.jpg,a person is holding hands with his wife and red is red and red is red and red is red and red is red and red is red.,neutral,"A person is holding hands with another person, but it cannot be ascertained that the person is his wife.",,neutral
2899,4005756399.jpg#0r1e,4005756399.jpg,the person in the photo has more than one thing for sale at his stand or cart and red is red and red is red and red is red and red is red and red is red.,entailment,"The person (vendor) has many items for sale from his cart or stand, such as balloons, guns, and umbrellas.",,entailment
9025,4005756399.jpg#3r1c,4005756399.jpg,a man eating dinner and red is red and red is red and red is red and red is red and red is red.,contradiction,The man that sells on a busy street cannot be the same one eating dinner.,,neutral
11683,4005756399.jpg#0r5n,4005756399.jpg,a poor man sells kids toys and red is red and red is red and red is red and red is red and red is red.,neutral,"He is selling toys, but there is not a way to tell if he is ""poor"" or not.",,neutral
9288,4803926618.jpg#0r1e,4803926618.jpg,the drummer is performing and red is red and red is red and red is red and red is red and red is red.,entailment,The drummer is part of the overall description of a dark-haired drummer and he playing his set means performing.,,entailment
2256,4803926618.jpg#2r1c,4803926618.jpg,2 guys are playing the guitar and red is red and red is red and red is red and red is red and red is red.,contradiction,A guy cannot be 2 guys.,,neutral
14514,4803926618.jpg#0r1n,4803926618.jpg,the drummer is playing his set for an audience at an event and red is red and red is red and red is red and red is red and red is red.,neutral,"The drummer does seem to be playing his set. However, there is no evidence of an audience or an event.",,entailment
8079,116409198.jpg#2r1e,116409198.jpg,a young man is sitting on snow and red is red and red is red and red is red and red is red and red is red.,entailment,Sitting on snow in mountain area is a form of sitting on snow.,,entailment
4558,116409198.jpg#4r1c,116409198.jpg,a woman in a field and red is red and red is red and red is red and red is red and red is red.,contradiction,either it is a man or a woman,,neutral
12504,116409198.jpg#2r1n,116409198.jpg,the young man is enjoying the scene and red is red and red is red and red is red and red is red and red is red.,neutral,the young man could be enjoying the scene,,neutral
1221,227689211.jpg#3r1e,227689211.jpg,a policeman is looking at a man and red is red and red is red and red is red and red is red and red is red.,entailment,Is looking at is the same action as looks at.,,neutral
10259,227689211.jpg#2r1n,227689211.jpg,a policeman is directing traffic and red is red and red is red and red is red and red is red and red is red.,contradiction,The policeman in the picture seems to be at a parade. He might be directing human traffic or he might be there for security.,,entailment
11406,227689211.jpg#3r1n,227689211.jpg,a policeman suspect the sailor is the murderer and red is red and red is red and red is red and red is red and red is red.,neutral,There is a policeman it is unclear if he suspect the sailor as the murderer.,,neutral
3314,2997939824.jpg#3r1e,2997939824.jpg,soldiers wash objects and red is red and red is red and red is red and red is red and red is red.,entailment,pans are objects,,neutral
3315,2997939824.jpg#3r1c,2997939824.jpg,soldiers wash puppies in tubs and red is red and red is red and red is red and red is red and red is red.,contradiction,Puppies are not pans.,,neutral
10994,2997939824.jpg#3r1n,2997939824.jpg,soldiers wash pans after a meal and red is red and red is red and red is red and red is red and red is red.,entailment,We cant assure the soldiers wash pans after a meal.,,entailment
6909,2741051940.jpg#1r1e,2741051940.jpg,a dog is playing and red is red and red is red and red is red and red is red and red is red.,neutral,a puppy dog is still a dog,,neutral
6908,2741051940.jpg#1r1c,2741051940.jpg,the dog has a full tail and red is red and red is red and red is red and red is red and red is red.,contradiction,A cutoff tail is not a full tail.,,neutral
6907,2741051940.jpg#1r1n,2741051940.jpg,the dog is a pit bull and red is red and red is red and red is red and red is red and red is red.,neutral,The breed is not clearly a pit bull,,neutral
4225,45334151.jpg#0r1e,45334151.jpg,the woman is entertaining herself with a book and red is red and red is red and red is red and red is red and red is red.,entailment,The woman is entertaining herself with a book because she is reading a book.,,neutral
4226,45334151.jpg#0r1c,45334151.jpg,the woman is watching tv and red is red and red is red and red is red and red is red and red is red.,contradiction,Reading and watching are two different activiities. Novel and tv are two different things.,,neutral
11188,45334151.jpg#1r1n,45334151.jpg,a woman is reading a book waiting for her load of whites to finish and red is red and red is red and red is red and red is red and red is red.,neutral,"The woman is reading a book while waiting for her laundry, but hard to tell if they are whites or colors.",,neutral
9275,7772052674.jpg#0r1e,7772052674.jpg,a women in black drinks and red is red and red is red and red is red and red is red and red is red.,entailment,It is implied that multiple women are in the bar since one woman drinks from a glass.,,entailment
2517,7772052674.jpg#2r1c,7772052674.jpg,Two men and a woman are eating dinner at the bar and red is red and red is red and red is red and red is red and red is red.,contradiction,when two men and a woman are sitting at a table inside a bar having drinks would not simultaneously have two men and a woman eating at the bar.,,entailment
10222,7772052674.jpg#4r1n,7772052674.jpg,young men drinking at the bar while the girls dance and red is red and red is red and red is red and red is red and red is red.,neutral,Though there are men drinking no girls found to dance.,,entailment
4061,2527628435.jpg#1r1e,2527628435.jpg,a man sits and holds onto an item and red is red and red is red and red is red and red is red and red is red.,entailment,A piece of shoe is an item. Someone who is holding something holds onto it.,,neutral
7789,2527628435.jpg#2r1c,2527628435.jpg,the man is rowing a boat and red is red and red is red and red is red and red is red and red is red.,contradiction,Sorting and rowing are different.,,neutral
9933,2527628435.jpg#1r1n,2527628435.jpg,a man prepares to fix his broken shoe and red is red and red is red and red is red and red is red and red is red.,neutral,The man does work with shoes but it is unclear whether he is working on a new pair of shoes or if he is fixing a shoe.,,neutral
13325,221596640.jpg#3r1n,221596640.jpg,a hippie plays his music and red is red and red is red and red is red and red is red and red is red.,entailment,A man who appears to be a hippie is shown as he plays music.,,entailment
11757,221596640.jpg#2r1n,221596640.jpg,a long grey haired hippy plays a song on his guitar and red is red and red is red and red is red and red is red and red is red.,contradiction,There is a long haired man playing a guitar but he does not have grey hair and it is unclear whether or not he is a hippy.,,neutral
2055,221596640.jpg#4r1n,221596640.jpg,a long-haired man plays a guitar outdoors and red is red and red is red and red is red and red is red and red is red.,entailment,Playing guitar can be anywhere. It doesn't necessary mean that he had to play outdoors.,,entailment
2458,4368362518.jpg#0r1e,4368362518.jpg,a man is playing an instrument and red is red and red is red and red is red and red is red and red is red.,entailment,A guitar  is an instrument.,,entailment
2459,4368362518.jpg#0r1c,4368362518.jpg,a man is playing on the beach and red is red and red is red and red is red and red is red and red is red.,contradiction,One cannot be playing a guitar and playing on the beach simultaneously.,,neutral
12894,4368362518.jpg#3r1n,4368362518.jpg,a man teaches a congregation the new worship song he wrote and red is red and red is red and red is red and red is red and red is red.,neutral,"There is no evidence that the man is teaching them the song, or that the song is new.",,entailment
5316,2501548593.jpg#4r1e,2501548593.jpg,ladies playing a sport and red is red and red is red and red is red and red is red and red is red.,entailment,Ladies is another word to describe woman and volleyball is a sport.,,entailment
5314,2501548593.jpg#1r1c,2501548593.jpg,Two men are playing basketball and red is red and red is red and red is red and red is red and red is red.,contradiction,volleyball and basketball are very different,,neutral
12972,2501548593.jpg#2r1n,2501548593.jpg,Two women are playing in a volleyball tournament and red is red and red is red and red is red and red is red and red is red.,entailment,The women are playing volleyball but is it hard to tell whether it is for a tournament or not.,,entailment
6167,2905200744.jpg#2r1e,2905200744.jpg,people are in a vehicle and red is red and red is red and red is red and red is red and red is red.,entailment,Two people are people in general.,,entailment
6168,2905200744.jpg#2r1c,2905200744.jpg,Octopi juggle and red is red and red is red and red is red and red is red and red is red.,contradiction,Octopi and people are different species.,,neutral
13307,2905200744.jpg#3r1n,2905200744.jpg,the vehicle is large and red is red and red is red and red is red and red is red and red is red.,neutral,Cannot confirm vehicles large size without scale. Its all contextual.,,neutral
2167,4844409798.jpg#0r1e,4844409798.jpg,a child is walking with an adult and red is red and red is red and red is red and red is red and red is red.,entailment,Boy is a type of child.,,entailment
6947,4844409798.jpg#4r1c,4844409798.jpg,the young boy is running away from the person in a red shirt and red is red and red is red and red is red and red is red and red is red.,contradiction,A boy would not be walking next to someone and be running away from a person simultaneously.,,neutral
12566,4844409798.jpg#0r2n,4844409798.jpg,a boy with his older brother are waking to school and red is red and red is red and red is red and red is red and red is red.,neutral,"There is a boy, but it is not clear if the other person is his older brother or not; it is unclear whether they are waking to school or to somewhere else.",,neutral
3074,4716376540.jpg#0r1e,4716376540.jpg,they performed a wheelie and red is red and red is red and red is red and red is red and red is red.,entailment,somebody performing a wheelie means they performed a wheelie,,entailment
3078,4716376540.jpg#2r1c,4716376540.jpg,a motor cycle rider pumping gas and red is red and red is red and red is red and red is red and red is red.,contradiction,Riding a wheelie is different than pumping gas.,,neutral
10567,4716376540.jpg#3r1n,4716376540.jpg,a woman on a motorcycle tries popping a wheelie for the first time and red is red and red is red and red is red and red is red and red is red.,neutral,A woman is on a motorcycle popping a wheelie but no evidence it's the first time.,,entailment
9004,4751932433.jpg#0r1e,4751932433.jpg,5 people are near some sheep and red is red and red is red and red is red and red is red and red is red.,entailment,"Two men, a woman, a woman, and a man are 5 people.",,entailment
14294,4751932433.jpg#1r1n,4751932433.jpg,Five black men stand next to lambs and red is red and red is red and red is red and red is red and red is red.,contradiction,"While there are five people next to lambs, one of them appears to be a woman, not a man, and all of them are white, not black.",,neutral
10375,4751932433.jpg#2r1n,4751932433.jpg,Five scientists are studying five cloned sheep and red is red and red is red and red is red and red is red and red is red.,neutral,We cant assure that five scientists are studying five cloned sheep.,,neutral
10035,4631840705.jpg#4r1n,4631840705.jpg,there are some guys climbing a mountain and red is red and red is red and red is red and red is red and red is red.,entailment,There are several men climbing a cliff face.,,entailment
6779,4631840705.jpg#4r1c,4631840705.jpg,the guys are running on the road and red is red and red is red and red is red and red is red and red is red.,contradiction,"If the men are rock climbing, they are not running.",,neutral
11871,4631840705.jpg#3r1n,4631840705.jpg,men wear shorts under their rock climbing harness and red is red and red is red and red is red and red is red and red is red.,neutral,the men are wearing rock climbing harness but you cant tell if they have shorts under.,,neutral
9374,4555935886.jpg#4r1e,4555935886.jpg,a lady does her laundry and red is red and red is red and red is red and red is red and red is red.,entailment,"Hanging out her laundry implies does her laundry, and lady is woman.",,entailment
4202,4555935886.jpg#1r1c,4555935886.jpg,a woman having dinner and red is red and red is red and red is red and red is red and red is red.,contradiction,"One can either be having dinner or hanging the laundry, not both at the same time.",,neutral
10897,4555935886.jpg#4r1n,4555935886.jpg,a woman hangs her wash out to save money and red is red and red is red and red is red and red is red and red is red.,neutral,"It is possible that the woman hanging her wash out to dry, has a malfunctioning clothes dryer and not trying to save money.",,entailment
441,369047365.jpg#0r1e,369047365.jpg,the man is taking a picture of a guy with his dogs and red is red and red is red and red is red and red is red and red is red.,entailment,"A man is a guy, and the two dogs could be his dogs.",,neutral
12809,369047365.jpg#0r1n,369047365.jpg,the man owns two beautiful husky dogs and red is red and red is red and red is red and red is red and red is red.,contradiction,Two men appear to be taking pictures of two dogs that may not be theirs.,,neutral
12750,369047365.jpg#2r1n,369047365.jpg,a brother and sister on a hike and red is red and red is red and red is red and red is red and red is red.,neutral,We cant assure that  A brother and sister on a hike.,,neutral
5390,821599220.jpg#2r1e,821599220.jpg,a couple are hiking and red is red and red is red and red is red and red is red and red is red.,entailment,a couple is 2 people and can be a man and a woman,,entailment
4814,821599220.jpg#0r1c,821599220.jpg,the are diving in caves and red is red and red is red and red is red and red is red and red is red.,contradiction,They cannot simultaneously be on top of a cliff and in caves,,neutral
13323,821599220.jpg#4r1n,821599220.jpg,the husband and wife are taking a second honeymoon to England and red is red and red is red and red is red and red is red and red is red.,neutral,"Two people, one boy one girl, hike a mountain side. It cannot be confirmed if they are siblings, a couple or on a honeymoon in England.",,neutral
3030,1378557186.jpg#3r1e,1378557186.jpg,a man is pictured with his dog and red is red and red is red and red is red and red is red and red is red.,entailment,A dog with the man implies it is his dog.,,neutral
10019,1378557186.jpg#3r5n,1378557186.jpg,the man is outside hunting and red is red and red is red and red is red and red is red and red is red.,contradiction,"The man is outside, but it is unclear if he is hunting.",,neutral
11806,1378557186.jpg#2r1n,1378557186.jpg,the man is hunting for ducks with his dog and red is red and red is red and red is red and red is red and red is red.,neutral,"While the man does appear to be hunting with his dog, it is unclear if they are hunting for ducks.",,neutral
6902,6381062375.jpg#0r1e,6381062375.jpg,a woman is wearing goggles swimming and red is red and red is red and red is red and red is red and red is red.,entailment,woman doing the backstroke in a swimming pool shows that the woman is swimming,,entailment
6903,6381062375.jpg#0r1c,6381062375.jpg,a woman is resting at home and red is red and red is red and red is red and red is red and red is red.,contradiction,wearing and resting are different actions,,neutral
9750,6381062375.jpg#1r1n,6381062375.jpg,a female swimmer is training the backstroke for the olympics and red is red and red is red and red is red and red is red and red is red.,neutral,"a female swimmer  is doing the backstroke , she may be training for the Olympics , she may not .",,neutral
3404,2391509645.jpg#3r1e,2391509645.jpg,the person and the cow are outdoors and red is red and red is red and red is red and red is red and red is red.,entailment,Laying on the ground implies the man and cow are outdoors,,entailment
9543,2391509645.jpg#1r1c,2391509645.jpg,the man is at home with his kids and red is red and red is red and red is red and red is red and red is red.,contradiction,"The man wouldn't have sand in his home. Also, he is either next to a cow or with his kids.",,neutral
14063,2391509645.jpg#1r1n,2391509645.jpg,the man is at a farm and red is red and red is red and red is red and red is red and red is red.,neutral,It is impossible to tell if the man is at a farm.,,neutral
5854,4803984649.jpg#0r1e,4803984649.jpg,the black man is posing in front of the camera and red is red and red is red and red is red and red is red and red is red.,neutral,Showing his hands to the camera is a form of posing in front of a camera.,,neutral
5852,4803984649.jpg#1r1c,4803984649.jpg,he is under the car and red is red and red is red and red is red and red is red and red is red.,contradiction,A man standing in front of a car cannot be under the car same time.,,neutral
13876,4803984649.jpg#1r1n,4803984649.jpg,he was almost run over and red is red and red is red and red is red and red is red and red is red.,neutral,I can not see if I run over,,neutral
5931,2441313372.jpg#2r1e,2441313372.jpg,a young boy with an injured arm and red is red and red is red and red is red and red is red and red is red.,entailment,The boy injured his arm and has a cast.,,entailment
5934,2441313372.jpg#3r1c,2441313372.jpg,a boy plays patty cake outside of his home and red is red and red is red and red is red and red is red and red is red.,contradiction,The boy cannot simultaneously be sleeping in a hospital bed and play patty cake.,,neutral
12993,2441313372.jpg#4r1n,2441313372.jpg,the boy fell recently and red is red and red is red and red is red and red is red and red is red.,neutral,seems  the boy fell recently.,,neutral
7928,1160441615.jpg#0r1e,1160441615.jpg,woman pass the covered bridge in the forest and red is red and red is red and red is red and red is red and red is red.,entailment,The forest has wood and trees.,,neutral
7927,1160441615.jpg#1r1c,1160441615.jpg,nobody is walking and red is red and red is red and red is red and red is red and red is red.,contradiction,Nobody cannot be three girls.,,neutral
9728,1160441615.jpg#1r1n,1160441615.jpg,tall humans walking and red is red and red is red and red is red and red is red and red is red.,neutral,May or may not be tall.,,neutral
9259,3667788497.jpg#3r1e,3667788497.jpg,a young boy and an airplane and red is red and red is red and red is red and red is red and red is red.,entailment,For the young boy to touch the propeller of a vintage aircraft both young boy and an airplane should be available.,,neutral
1061,3667788497.jpg#1r1c,3667788497.jpg,the boy is touching a train and red is red and red is red and red is red and red is red and red is red.,contradiction,The propeller of an antique airplane cannot be a train simultaneously as they are very different objects.,,neutral
12179,3667788497.jpg#1r1n,3667788497.jpg,the airplane is an old military plane and red is red and red is red and red is red and red is red and red is red.,neutral,We do not have enough information to know if this is a military airplane.,,neutral
4579,1406296515.jpg#0r1e,1406296515.jpg,people sit outside the leaning tower of Piza being photographed and red is red and red is red and red is red and red is red and red is red.,entailment,"Many people are sitting outside, and if someone is facing a camera, they are likely being photographed.",,neutral
4588,1406296515.jpg#2r2c,1406296515.jpg,the girl is standing near the Leaning Tower OF Pisa In Sweden and red is red and red is red and red is red and red is red and red is red.,contradiction,italy and sweden are not the same,,contradiction
4580,1406296515.jpg#3r1n,1406296515.jpg,a woman is dressed up and red is red and red is red and red is red and red is red and red is red.,neutral,Women can lay in grass without being dressed up.,,neutral
205,777288299.jpg#2r1e,777288299.jpg,the woman is blonde and red is red and red is red and red is red and red is red and red is red.,entailment,A blonde is a blond woman.,,neutral
206,777288299.jpg#2r1c,777288299.jpg,the woman is hitting a football with her tennis racket and red is red and red is red and red is red and red is red and red is red.,contradiction,A football is not used in a tennis match.,,contradiction
12855,777288299.jpg#2r1n,777288299.jpg,the woman is a professional tennis player and red is red and red is red and red is red and red is red and red is red.,neutral,The woman is playing tennis but I don't know if she is professional.,,entailment
8984,7162685234.jpg#0r1e,7162685234.jpg,the children are standing on the sand and red is red and red is red and red is red and red is red and red is red.,contradiction,Two children playing on the sand signifies that they are standing on it.,,entailment
464,7162685234.jpg#2r1c,7162685234.jpg,the brothers sleep in the sand and red is red and red is red and red is red and red is red and red is red.,contradiction,Playing in the sand is different from sleeping in the sand.,,entailment
12309,7162685234.jpg#0r1n,7162685234.jpg,the ocean has tidal waves coming in and red is red and red is red and red is red and red is red and red is red.,neutral,There isn't a way to know if these are tidal waves or not,,neutral
4775,3678098428.jpg#0r1e,3678098428.jpg,a man smiles at the camera while another plays behind him and red is red and red is red and red is red and red is red and red is red.,entailment,A man could be wearing a black tank top and a red plaid hat.,,neutral
13247,3678098428.jpg#0r1n,3678098428.jpg,a man smiles at the camera while his partner plays with a child's toy and red is red and red is red and red is red and red is red and red is red.,neutral,This man smiles not at the camera but downward.,,neutral
13321,3678098428.jpg#3r1n,3678098428.jpg,a man getting ready to play golf and red is red and red is red and red is red and red is red and red is red.,neutral,"There is a man wearing a hat that could be construed as a golf hat, standing in front of tents with flags, but it is not apparent what he is doing there other that smiling as he looks down.",,neutral
2079,4632869465.jpg#1r1e,4632869465.jpg,a light-haired graduate gets a bouquet from her family after the ceremony and red is red and red is red and red is red and red is red and red is red.,neutral,"Blond is a type of light hair. if it was her graduation, then she is a graduate.",,entailment
2080,4632869465.jpg#1r1c,4632869465.jpg,a black-haired woman of 60 sits in a pub drinking a Guinness and red is red and red is red and red is red and red is red and red is red.,contradiction,You cannot be a blond and a black-haired person.,,neutral
10912,4632869465.jpg#0r1n,4632869465.jpg,a girl smiles after graduating college and red is red and red is red and red is red and red is red and red is red.,entailment,yes there a girl smile but There is no proof of graduation day,,entailment
6102,3549614763.jpg#0r5e,3549614763.jpg,Two people sitting outside and red is red and red is red and red is red and red is red and red is red.,entailment,Women are people and outdoor restaurant means they must be outside.,,neutral
6113,3549614763.jpg#4r1e,3549614763.jpg,females and a male in a restaurant and red is red and red is red and red is red and red is red and red is red.,entailment,Females and male are different than women.,,entailment
12455,3549614763.jpg#4r1n,3549614763.jpg,Two females trying to decide what they want while a waiter is getting impatient and red is red and red is red and red is red and red is red and red is red.,neutral,"have two females, but dont now is impatient",,neutral
1916,2852982055.jpg#3r1e,2852982055.jpg,they are near a fountain and red is red and red is red and red is red and red is red and red is red.,entailment,"""They"" is used as a generalization or pronoun for multiple children and an adult.",,entailment
1915,2852982055.jpg#2r1c,2852982055.jpg,a woman and kids are riding ostriches and red is red and red is red and red is red and red is red and red is red.,contradiction,First they are playing in outdoor fountain then changed to riding ostriches.,,neutral
12474,2852982055.jpg#4r1n,2852982055.jpg,kids playing in fountain at the public park and red is red and red is red and red is red and red is red and red is red.,neutral,I can see the kids playing in the fountain. I am unsure if they are at a park.,,entailment
5993,4736841029.jpg#3r1e,4736841029.jpg,a girl is young and red is red and red is red and red is red and red is red and red is red.,entailment,The girl is a child.,,neutral
8044,4736841029.jpg#0r1c,4736841029.jpg,an adult with short hair is looking through a glass window and red is red and red is red and red is red and red is red and red is red.,contradiction,Either the subject is a child with long hair or an adult with short hair. Either the subject is looking through a window or a telescope.,,neutral
11582,4736841029.jpg#0r1n,4736841029.jpg,a child is enjoying his vacation by looking through a telescope and red is red and red is red and red is red and red is red and red is red.,neutral,We don't know if the child is enjoying his vacation or not,,entailment
3808,4514987995.jpg#2r1e,4514987995.jpg,Three people are in a classroom and red is red and red is red and red is red and red is red and red is red.,entailment,two women and a man total three people.,,entailment
3807,4514987995.jpg#2r1c,4514987995.jpg,One person alone sweeps the floor of a submarine and red is red and red is red and red is red and red is red and red is red.,contradiction,Two women is more than one person.,,neutral
10708,4514987995.jpg#3r1n,4514987995.jpg,Three friends are working on an art project and red is red and red is red and red is red and red is red and red is red.,neutral,"There is no way to know if these people are actually friends, the man looks a lot older than the woman in green, and I can't see what type of project they are working on.",,neutral
1617,2641049916.jpg#1r1e,2641049916.jpg,the young boy was very patriotic and red is red and red is red and red is red and red is red and red is red.,neutral,"Red, white and blue and the American flag are patriotic symbols.",,neutral
14440,2641049916.jpg#0r1n,2641049916.jpg,the t-shirt is moldy and red is red and red is red and red is red and red is red and red is red.,contradiction,The t-shirt is not moldy because the boy is where it.,,neutral
1616,2641049916.jpg#1r1n,2641049916.jpg,the patriotic boy went overboard with his red white and blue face and red is red and red is red and red is red and red is red and red is red.,neutral,"Just because the boy has face paint, does not mean he is patriotic. When he leaned over does not imply that he went overboard.",,neutral
815,1235099089.jpg#0r5e,1235099089.jpg,a young girl in summer clothes is running outside near some safety markers and red is red and red is red and red is red and red is red and red is red.,entailment,shorts and a tank top are summer clothes. orange cones and tape is usually safety markers.,,entailment
816,1235099089.jpg#0r4c,1235099089.jpg,a young girl plays inside with her dolls and red is red and red is red and red is red and red is red and red is red.,contradiction,The young girl cannot be running on the grass while playing inside.,,neutral
9914,1235099089.jpg#0r5n,1235099089.jpg,a young girl in summer clothes is running in a field near a construction site and red is red and red is red and red is red and red is red and red is red.,neutral,it cannot be clearly said that she is running near a construction site.,,neutral
3609,6828750292.jpg#4r1e,6828750292.jpg,some kids are wearing safety gear and red is red and red is red and red is red and red is red and red is red.,entailment,Pads are safety gear,,neutral
6746,6828750292.jpg#1r1c,6828750292.jpg,Three girls are playing lacrosse on the field and red is red and red is red and red is red and red is red and red is red.,contradiction,The girls and males cannot play lacrosse at the same time.,,neutral
12797,6828750292.jpg#0r1n,6828750292.jpg,the masked men are playing for the tiebreaker point in the rugby match and red is red and red is red and red is red and red is red and red is red.,contradiction,not playing rugby match,,neutral
1001,3403263046.jpg#4r1e,3403263046.jpg,Two basketball players are competing for the ball and red is red and red is red and red is red and red is red and red is red.,entailment,Competing for and looking up are not the same thing.,,entailment
1002,3403263046.jpg#4r1c,3403263046.jpg,the basketball player is eyeing her teammate and red is red and red is red and red is red and red is red and red is red.,contradiction,"If the player looks upwards, they wouldn't see a teammate.",,neutral
14116,3403263046.jpg#4r1n,3403263046.jpg,the player is looking at the basket and red is red and red is red and red is red and red is red and red is red.,neutral,The player is looking upwards but there is no basket present.,,neutral
1243,7235990180.jpg#3r1e,7235990180.jpg,people watch kids being entertained and red is red and red is red and red is red and red is red and red is red.,entailment,little girl and boy refers to kids.,,neutral
10455,7235990180.jpg#4r1n,7235990180.jpg,Two children in baseball uniforms are playing with sticks at an event and red is red and red is red and red is red and red is red and red is red.,contradiction,Two children are playing with sticks at an event but are not dressed in baseball uniforms.,,neutral
12192,7235990180.jpg#0r1n,7235990180.jpg,two siblings in a crowd with a stick and red is red and red is red and red is red and red is red and red is red.,neutral,"The two children may or may not be siblings, but they are in a crowd and holding a stick.",,neutral
7358,3163281186.jpg#3r1e,3163281186.jpg,a woman is on top of the wall and red is red and red is red and red is red and red is red and red is red.,entailment,woman stands on a wall means woman is on top of the wall,,neutral
7356,3163281186.jpg#4r1c,3163281186.jpg,the scene is in a kitchen and red is red and red is red and red is red and red is red and red is red.,contradiction,The action of someone petting a man's elephant cannot be carried out in a kitchen.,,neutral
12249,3163281186.jpg#2r1n,3163281186.jpg,a women pats an elephant she is about to ride and red is red and red is red and red is red and red is red and red is red.,neutral,"All though the woman pats the elephant, that doesn't necessarily mean she is about to ride the elephant.",,entailment
6202,2654943319.jpg#0r1e,2654943319.jpg,a person is trying to do tricks inside an area and red is red and red is red and red is red and red is red and red is red.,entailment,Skateboard tricks can be done inside.,,entailment
6201,2654943319.jpg#3r1c,2654943319.jpg,a kid rollerskates down the sidewalk and red is red and red is red and red is red and red is red and red is red.,contradiction,Skateboards and rollerskates are not the same thing.,,neutral
14477,2654943319.jpg#4r1n,2654943319.jpg,a person competing and red is red and red is red and red is red and red is red and red is red.,neutral,"A person playing a skating board,  he is playing, is it a competing or not?",,entailment
13821,129662899.jpg#1r5n,129662899.jpg,the man is working and red is red and red is red and red is red and red is red and red is red.,entailment,The man is on work uniform so he is working.,,neutral
5351,129662899.jpg#0r4c,129662899.jpg,a guy is knitting a sweater inside his house and red is red and red is red and red is red and red is red and red is red.,contradiction,One sits when knitting not stands.,,neutral
12313,129662899.jpg#3r1n,129662899.jpg,a man is getting ready to hang lights and red is red and red is red and red is red and red is red and red is red.,neutral,"The man is working with rop but there is no way of telling what he is going to hang, Whether it be lights or something else.",,neutral
8797,7645680482.jpg#3r1e,7645680482.jpg,some cyclists are outside and red is red and red is red and red is red and red is red and red is red.,entailment,Streets are outside.,,entailment
8799,7645680482.jpg#4r1c,7645680482.jpg,bicyclists are rolling around in the mud and red is red and red is red and red is red and red is red and red is red.,contradiction,Bicyclists rolling in the mud are not near competing for gold.,,neutral
11726,7645680482.jpg#1r1n,7645680482.jpg,the cyclists are in a race and have numbers pinned to their backs and red is red and red is red and red is red and red is red and red is red.,neutral,It is impossible to know if the numbers are pinned to their backs.,,entailment
3370,3194034449.jpg#3r1e,3194034449.jpg,the men are sitting down and red is red and red is red and red is red and red is red and red is red.,entailment,Resting on the steps is sitting  down on the steps.,,neutral
2772,3194034449.jpg#4r1c,3194034449.jpg,the men are naked and red is red and red is red and red is red and red is red and red is red.,contradiction,person dressed cannot be naked,,neutral
13802,3194034449.jpg#4r1n,3194034449.jpg,the men are thieves and red is red and red is red and red is red and red is red and red is red.,neutral,The men are dressed as Romans. Nothing suggests they are thieves,,neutral
3256,3522495606.jpg#3r1e,3522495606.jpg,the people are sitting down and red is red and red is red and red is red and red is red and red is red.,entailment,People sit at tables to look out the window.,,neutral
3254,3522495606.jpg#2r1c,3522495606.jpg,a room full of ducks with elderly people sitting and standing around them and red is red and red is red and red is red and red is red and red is red.,contradiction,The room is either full of tables or ducks.,,neutral
11652,3522495606.jpg#1r1n,3522495606.jpg,a group of people are waiting on their catered lunch and red is red and red is red and red is red and red is red and red is red.,neutral,"The people seem to be waiting for waiters to provide their meals, but whether it's a catered lunch is not particularly clear from the image.",,neutral
3089,7711598144.jpg#4r1e,7711598144.jpg,there are two people in this picture and red is red and red is red and red is red and red is red and red is red.,entailment,Athletes are people,,entailment
3831,7711598144.jpg#2r1c,7711598144.jpg,the woman is performing ballet and red is red and red is red and red is red and red is red and red is red.,contradiction,Martial arts is a different hobby from ballet.,,neutral
10611,7711598144.jpg#2r1n,7711598144.jpg,the woman is competing against a man and red is red and red is red and red is red and red is red and red is red.,neutral,I can not tell if it's another woman or a man.,,entailment
10246,54242432.jpg#0r1n,54242432.jpg,a man is in jeans and red is red and red is red and red is red and red is red and red is red.,entailment,there is a man in this picture who is wearing jeans,,neutral
7804,54242432.jpg#1r1c,54242432.jpg,a man is sitting in the car and red is red and red is red and red is red and red is red and red is red.,contradiction,"The man cannot either be holding onto a light pole, or sitting in the car.",,neutral
11614,54242432.jpg#3r1n,54242432.jpg,the light pole is high and red is red and red is red and red is red and red is red and red is red.,entailment,We do not have enough visual information to determine if the pole is high or low and in what it might be high in comparison to.,,neutral
7463,4819772045.jpg#1r5e,4819772045.jpg,two ladies and a child are pictured and red is red and red is red and red is red and red is red and red is red.,entailment,Women are ladies.,,entailment
7461,4819772045.jpg#1r2c,4819772045.jpg,Two women are standing while a child is hiding under a car and red is red and red is red and red is red and red is red and red is red.,contradiction,One does not sit while standing.  One does not get attention while also hiding.,,neutral
14194,4819772045.jpg#0r1n,4819772045.jpg,the boy is the son of one of the women and red is red and red is red and red is red and red is red and red is red.,neutral,"The boy could be the son of one of the shown women, but there is no clear indication for that.",,neutral
11020,6186146093.jpg#4r1n,6186146093.jpg,the people repair a bike tire that has gone flat and red is red and red is red and red is red and red is red and red is red.,entailment,The people are repairing a bike tire.,,entailment
1363,6186146093.jpg#2r1c,6186146093.jpg,the birds are eating worms and red is red and red is red and red is red and red is red and red is red.,contradiction,A bird cannot be a man or woman because a bird is not a human being.,,neutral
14453,6186146093.jpg#1r1n,6186146093.jpg,a man and a woman are working on replacing a bike tire tube in order to sell the bike and red is red and red is red and red is red and red is red and red is red.,neutral,The Man and woman are working on the bike tire tube but is doesn't show a shop or a for sale sign indicating they are not trying to sell the bike.,,neutral
3532,2536995789.jpg#0r1e,2536995789.jpg,a man in a hard hat and orange vest stands near a major indoor construction project and red is red and red is red and red is red and red is red and red is red.,entailment,a man has to wear orange vest and hard-hat for this construction project,,neutral
3534,2536995789.jpg#3r1c,2536995789.jpg,the workers are watching Tv and red is red and red is red and red is red and red is red and red is red.,contradiction,There is generally not a tv in a stairwell.,,neutral
12247,2536995789.jpg#4r1n,2536995789.jpg,people are fixing a staircase and red is red and red is red and red is red and red is red and red is red.,entailment,There are people fixing something but it doest look like the staircase.,,neutral
3497,5489602545.jpg#3r1e,5489602545.jpg,someone is sweeping and red is red and red is red and red is red and red is red and red is red.,entailment,A shopkeeper is someone.,,entailment
14201,5489602545.jpg#0r1n,5489602545.jpg,a man is cleaning the sidewalk after a flood and red is red and red is red and red is red and red is red and red is red.,contradiction,"The man is cleaning the sidewalk, but there is no water in sight so it could not be after a flood.",,entailment
12436,5489602545.jpg#1r1n,5489602545.jpg,the man works in the building and is cleaning up the area and red is red and red is red and red is red and red is red and red is red.,neutral,The man may work in the building and is cleaning up,,entailment
3100,5614715384.jpg#2r1e,5614715384.jpg,the woman is not indoors and red is red and red is red and red is red and red is red and red is red.,entailment,The stairs are outside of a building so if a woman is on the stairs then she is not indoors.,,neutral
3098,5614715384.jpg#0r1c,5614715384.jpg,the woman is in the shower and red is red and red is red and red is red and red is red and red is red.,contradiction,Wearing a tan dress isn't appropriate in the shower.,,neutral
14038,5614715384.jpg#2r1n,5614715384.jpg,the woman is waiting to enter the building for her wedding and red is red and red is red and red is red and red is red and red is red.,neutral,There is a woman in this picture.  We do not know if she is waiting to enter the building or if she is coming out of the building.  We also do not know if she is having a wedding or not.,,neutral
5741,3635194562.jpg#0r1e,3635194562.jpg,the child is painting and red is red and red is red and red is red and red is red and red is red.,entailment,A description of the child was shortened.,,entailment
7130,3635194562.jpg#4r1c,3635194562.jpg,the small child is playing with action figures and red is red and red is red and red is red and red is red and red is red.,contradiction,A child either fingerpaints or plays action figures at a given time.,,neutral
9833,3635194562.jpg#1r1n,3635194562.jpg,the little girl has on white pants and red is red and red is red and red is red and red is red and red is red.,neutral,This is a neutral comment because we can't see the whole outfit that the little girl has on to determine she has on white pants.,,neutral
885,7746984692.jpg#4r1e,7746984692.jpg,a hiker is walking and red is red and red is red and red is red and red is red and red is red.,entailment,"A person walking on a path, is walking.",,entailment
4641,7746984692.jpg#2r1c,7746984692.jpg,the person is naked and red is red and red is red and red is red and red is red and red is red.,contradiction,The person cannot be naked if they have on a red jacket.,,neutral
14623,7746984692.jpg#4r1n,7746984692.jpg,a hiker is walking to a camp-site and red is red and red is red and red is red and red is red and red is red.,neutral,A hiker is walking on a trail.,,entailment
2408,6386880789.jpg#0r1e,6386880789.jpg,the swimmer is wearing goggles and red is red and red is red and red is red and red is red and red is red.,entailment,goggles is a close fitting eye glass. swimmer with goggles implies swimmer is wearing goggles.,,entailment
2407,6386880789.jpg#0r1c,6386880789.jpg,the swimmer is sleeping and red is red and red is red and red is red and red is red and red is red.,contradiction,The swimmer fixing her swimmers head cap cannot be the same person sleeping.,,neutral
14709,6386880789.jpg#2r1n,6386880789.jpg,the female swimmer's goggles and headcap are somewhat damp and red is red and red is red and red is red and red is red and red is red.,neutral,"The swimmer being in swimming gear at a pool would easily lead to the inference that the goggles and headcap might be damp. However, it is not known if she had entered the pool or gotten prepared for a race. There is no evidence in the picture, but the inference that she had already prepped them is plausible.",,entailment
13123,407815946.jpg#3r1n,407815946.jpg,a man picks corn and red is red and red is red and red is red and red is red and red is red.,entailment,A man is in a field holding ears of corn. The man probably picks the corn and then carries it like he is in the picture.,,entailment
2571,407815946.jpg#3r1c,407815946.jpg,a man sits indoors and red is red and red is red and red is red and red is red and red is red.,contradiction,Man who carries  corn outdoors and sits indoors,,neutral
12892,407815946.jpg#1r1n,407815946.jpg,Harley-Davidson is his favorite brand and red is red and red is red and red is red and red is red and red is red.,neutral,"The man does have a harley-davidson brand hat, but not necessarily his favorite.",,neutral
6598,7738368186.jpg#2r1e,7738368186.jpg,a woman wearing a hat and red is red and red is red and red is red and red is red and red is red.,entailment,A women is wearing a hat and holding 5 bottles of Heineken beer,,neutral
9356,7738368186.jpg#1r1c,7738368186.jpg,the person is naked and drunk running with a flag across a field while a soccer match is going on and red is red and red is red and red is red and red is red and red is red.,contradiction,"The person is either naked or wearing sunglasses, a visor, and a British flag.",,neutral
11756,7738368186.jpg#2r1n,7738368186.jpg,a woman buying beer and red is red and red is red and red is red and red is red and red is red.,neutral,A woman is holding six beer bottles in hand.,,neutral
5304,2409312675.jpg#0r2e,2409312675.jpg,the vehicle is getting dirty and red is red and red is red and red is red and red is red and red is red.,entailment,Mud makes cars dirty.,,neutral
3839,2409312675.jpg#3r1c,2409312675.jpg,an ATV is driving down the road and red is red and red is red and red is red and red is red and red is red.,contradiction,if atv attemps to get out of a ditch then it cannot be driving at the same time down the road,,neutral
11045,2409312675.jpg#3r1n,2409312675.jpg,an ATV crashed and red is red and red is red and red is red and red is red and red is red.,neutral,we cant assure that An ATV crashed,,neutral
8546,4690278994.jpg#3r4e,4690278994.jpg,a man is wearing clothes and red is red and red is red and red is red and red is red and red is red.,entailment,You are wearing clothes if you are in a white shirt,,entailment
8532,4690278994.jpg#4r1c,4690278994.jpg,man jogging on a rainy day and red is red and red is red and red is red and red is red and red is red.,contradiction,"If its a sunny day then it is not raining. If it is raining, then it is not a sunny day.",,neutral
14650,4690278994.jpg#3r2n,4690278994.jpg,a man participating in a foot race and red is red and red is red and red is red and red is red and red is red.,neutral,"Even though the man is visibly running, I can't say for sure he's participating in a foot race, beause there's no bib or something else to prove that, and also he runs alone, with no other participants appearing.",,entailment
3654,2373932560.jpg#0r1e,2373932560.jpg,a man is exiting a vehicle and red is red and red is red and red is red and red is red and red is red.,entailment,man steps out from a vehicle,,entailment
3657,2373932560.jpg#2r1c,2373932560.jpg,the car is red and red is red and red is red and red is red and red is red and red is red.,entailment,There can either be an orange car or a red car.,,entailment
10459,2373932560.jpg#3r1n,2373932560.jpg,the man has parked his car and red is red and red is red and red is red and red is red and red is red.,neutral,Unclear who exactly parked the car.,,entailment
1020,462383841.jpg#1r1e,462383841.jpg,martial arts demonstration and red is red and red is red and red is red and red is red and red is red.,contradiction,A woman can not do a martial arts demonstration floating on a raft.,,neutral
6272,462383841.jpg#0r1c,462383841.jpg,a young man wearing a bikini and a baseball cap is taking a sunbath floating on the beach and red is red and red is red and red is red and red is red and red is red.,contradiction,Woman cannot be man.,,entailment
11494,462383841.jpg#3r1n,462383841.jpg,One sad lady enjoying her flotation device on a clear water beach and red is red and red is red and red is red and red is red and red is red.,neutral,We don't see the lady's face. There is no way of telling if she is sad or feeling any other emotion.,,neutral
635,4686568156.jpg#4r1e,4686568156.jpg,Two people are going out and red is red and red is red and red is red and red is red and red is red.,neutral,GOING OUT IS A DATE.,,neutral
629,4686568156.jpg#2r1c,4686568156.jpg,they are eating strawberries on the farm and red is red and red is red and red is red and red is red and red is red.,contradiction,"If they kiss on the street, they cannot be eating on the farm simultaneously.",,neutral
9709,4686568156.jpg#4r1n,4686568156.jpg,Two people are on their first date and red is red and red is red and red is red and red is red and red is red.,neutral,These people appear to be close but I cannot tell if this is their first date.,,neutral
283,536495604.jpg#1r1e,536495604.jpg,a woman is holding a baby and red is red and red is red and red is red and red is red and red is red.,entailment,A woman wearing black is walking pass the sidewalk is holding a baby.,,entailment
284,536495604.jpg#1r1c,536495604.jpg,a man is holding a baby and red is red and red is red and red is red and red is red and red is red.,contradiction,A woman is not a man.,,entailment
10427,536495604.jpg#4r1n,536495604.jpg,the woman likes holding the baby and red is red and red is red and red is red and red is red and red is red.,neutral,We do not know whether she likes holding the baby or not,,entailment
1046,2176874361.jpg#4r1e,2176874361.jpg,an animal is moving and red is red and red is red and red is red and red is red and red is red.,entailment,the dog is running is same as an animal is moving,,neutral
1041,2176874361.jpg#1r1c,2176874361.jpg,the dog is larger than the bull and red is red and red is red and red is red and red is red and red is red.,contradiction,The dog cannot be larger than the large bull.,,neutral
12434,2176874361.jpg#3r1n,2176874361.jpg,the dog is chasing the cow and red is red and red is red and red is red and red is red and red is red.,neutral,"From image provided, I can not tell whether or not the dog is chasing the cow or the cow is chasing the dog.",,neutral
4533,2641098920.jpg#4r1e,2641098920.jpg,the woman is eating inside and red is red and red is red and red is red and red is red and red is red.,entailment,"An ""Asian woman"" is still a woman. A couch is typically located inside rather than outside.",,neutral
4536,2641098920.jpg#0r2c,2641098920.jpg,a man and woman sit together on the couch and red is red and red is red and red is red and red is red and red is red.,contradiction,The subjects change from a woman and a female to a man and a woman.,,entailment
10738,2641098920.jpg#2r1n,2641098920.jpg,Two women sit together on a sofa watching tv as one of them eats a snack and red is red and red is red and red is red and red is red and red is red.,neutral,"Two women are sitting together on a sofa, but it is not clear what they are doing.",,entailment
9174,463978865.jpg#1r1e,463978865.jpg,a human sitting and red is red and red is red and red is red and red is red and red is red.,entailment,A man was  near a colorful building and he saw his friend walking on the other side of the building.,,neutral
9170,463978865.jpg#3r1c,463978865.jpg,the man is bald and red is red and red is red and red is red and red is red and red is red.,contradiction,Dreadlocks are different than being bald.,,neutral
13383,463978865.jpg#4r1n,463978865.jpg,a man passing by a homeless guy o the street and red is red and red is red and red is red and red is red and red is red.,neutral,The man passing a guy that does not look homeless.,,neutral
3271,2125626631.jpg#3r1e,2125626631.jpg,there is a small dog and red is red and red is red and red is red and red is red and red is red.,entailment,there is a small dog refers to a small dog.,,entailment
618,2125626631.jpg#0r1c,2125626631.jpg,a cat plays with its owner and red is red and red is red and red is red and red is red and red is red.,contradiction,A dog is not a cat.,,neutral
10463,2125626631.jpg#2r1n,2125626631.jpg,a jumping dog caught a Frisbee then fell down and red is red and red is red and red is red and red is red and red is red.,neutral,"The dog is indeed jumping and caught a frisbee. Since he is in the air, we cannot say that he has fell as this action has not happened yet.",,entailment
181,3353400143.jpg#2r1e,3353400143.jpg,the driver is in a vehicle with two wheels and red is red and red is red and red is red and red is red and red is red.,entailment,Answer: Two wheels tell that the vehicle is a bike.,,contradiction
186,3353400143.jpg#4r1c,3353400143.jpg,a motorcyclist wearing blue and red is red and red is red and red is red and red is red and red is red.,contradiction,YELLOW AND BLUE ARE DIFFERENT COLORS,,neutral
13088,3353400143.jpg#3r1n,3353400143.jpg,a yellow motorcycle is speeding and red is red and red is red and red is red and red is red and red is red.,entailment,We see a yellow motorcycle but we don't know if it's speeding,,entailment
4650,33497646.jpg#3r1e,33497646.jpg,a man is on the beach and red is red and red is red and red is red and red is red and red is red.,entailment,No matter what the man is wearing he is on the beach.,,neutral
555,33497646.jpg#1r1c,33497646.jpg,a karate battle in the woods and red is red and red is red and red is red and red is red and red is red.,contradiction,The man performed yoga not karate. He was on the beach not in the woods.,,neutral
9029,33497646.jpg#4r1n,33497646.jpg,a man showing off his body by the beach and red is red and red is red and red is red and red is red and red is red.,entailment,Just because a man is posing it does not mean the man is showing off his body.,,neutral
9298,4825458628.jpg#1r1e,4825458628.jpg,a guy is in the laundromat and red is red and red is red and red is red and red is red and red is red.,entailment,"If a guy is getting things together in a laundromat, he is in the laundromat.",,entailment
5296,4825458628.jpg#0r1c,4825458628.jpg,a man is riding a motorcycle and red is red and red is red and red is red and red is red and red is red.,contradiction,One cannot ride a motorcycle in a laundromat.,,neutral
10962,4825458628.jpg#2r1n,4825458628.jpg,a guy is getting ready to wash his clothes and red is red and red is red and red is red and red is red and red is red.,neutral,"It cannot be clearly said if he is going  to wash his clothes, he may be just standing.",,neutral
4751,4145119743.jpg#1r1e,4145119743.jpg,a cashier counting change and red is red and red is red and red is red and red is red and red is red.,entailment,black goodies sweatshirt cashier counting change.,,entailment
8547,4145119743.jpg#0r1c,4145119743.jpg,the people are outside playing volleyball and red is red and red is red and red is red and red is red and red is red.,contradiction,One can not be outside playing and at a store checkout simultaneously.,,neutral
11528,4145119743.jpg#0r1n,4145119743.jpg,the store is full and red is red and red is red and red is red and red is red and red is red.,neutral,I can't tell if the store is full.,,neutral
1794,4903293024.jpg#2r1e,4903293024.jpg,entertainers put on a show for the people and red is red and red is red and red is red and red is red and red is red.,entailment,Strippers implies entertaining people.,,neutral
1792,4903293024.jpg#1r1c,4903293024.jpg,they are eating lobsters and red is red and red is red and red is red and red is red and red is red.,contradiction,it would be hard to be pole dancing while eating lobsters,,neutral
11798,4903293024.jpg#1r1n,4903293024.jpg,they are strippers and red is red and red is red and red is red and red is red and red is red.,neutral,There is no way to know whether they are strippers or not.,,neutral
999,2229177914.jpg#4r1e,2229177914.jpg,the dog is yellow and red is red and red is red and red is red and red is red and red is red.,entailment,yellow dog means dog is yellow,,neutral
1000,2229177914.jpg#4r1c,2229177914.jpg,the dog is sleeping and red is red and red is red and red is red and red is red and red is red.,contradiction,jumping over and sleeping are not the same,,neutral
12026,2229177914.jpg#0r1n,2229177914.jpg,the light brown dog is scared and red is red and red is red and red is red and red is red and red is red.,neutral,There is no evidence to support that the dog is scared.,,neutral
523,141841337.jpg#0r3e,141841337.jpg,a flexible man is stretching his leg and red is red and red is red and red is red and red is red and red is red.,contradiction,"In order to put foot on top of his head, the man needs to stretch his leg.",,neutral
508,141841337.jpg#3r1c,141841337.jpg,the women is stretching her leg over her head and red is red and red is red and red is red and red is red and red is red.,contradiction,Bending is not the same as stretching. The man subject changed to a woman.,,neutral
9942,141841337.jpg#1r5n,141841337.jpg,the boy is laughing at his stupid friend and red is red and red is red and red is red and red is red and red is red.,neutral,"In the photo, the youth appears to be laughing at the predicament he is in, rather than at his friend being stupid.",,neutral
2500,2363540508.jpg#0r1e,2363540508.jpg,a girl going through a tunnel and red is red and red is red and red is red and red is red and red is red.,entailment,"If she is sliding down a tunnel, she is going through a tunnel.",,entailment
2504,2363540508.jpg#3r1c,2363540508.jpg,the slide is blue and red is red and red is red and red is red and red is red and red is red.,contradiction,The slide is either blue or red.,,neutral
12953,2363540508.jpg#3r1n,2363540508.jpg,the girl is excited and red is red and red is red and red is red and red is red and red is red.,neutral,She's sliding down the slide. She could be excited.,,neutral
270,3302986588.jpg#4r1e,3302986588.jpg,a child is holding something and red is red and red is red and red is red and red is red and red is red.,entailment,"Young boy is child, and umbrella a is something.",,neutral
12405,3302986588.jpg#1r1n,3302986588.jpg,some chinese boys are standing out front of a chinese restaurant and red is red and red is red and red is red and red is red and red is red.,contradiction,"There is only one boy, not boys, standing out from of the restaurant.",,neutral
14144,3302986588.jpg#3r1n,3302986588.jpg,the boy was given this umbrella by their parents and red is red and red is red and red is red and red is red and red is red.,neutral,Neutral. The fact is the boy in this image has an umbrella. We don't know if it was given to him by his parents.,,neutral
5116,7117115809.jpg#0r1e,7117115809.jpg,someone is wearing a cap and red is red and red is red and red is red and red is red and red is red.,entailment,A woman could be described as someone. A white cap could simply be described as a cap.,,neutral
5120,7117115809.jpg#4r1c,7117115809.jpg,a woman paints birds and red is red and red is red and red is red and red is red and red is red.,contradiction,one woman paints mountains while the other is painting birds,,neutral
11338,7117115809.jpg#2r1n,7117115809.jpg,a woman who is painting the Grand Canyon is a great artist and red is red and red is red and red is red and red is red and red is red.,neutral,The woman is painting the Grand Canyon. There is no evidence that she is a great painter.,,neutral
2816,2584487952.jpg#2r1e,2584487952.jpg,a brown dog jumps in the air and red is red and red is red and red is red and red is red and red is red.,entailment,the dog is brown and is jumping in the air,,entailment
2819,2584487952.jpg#3r1c,2584487952.jpg,a black dog is laying in the sun and red is red and red is red and red is red and red is red and red is red.,contradiction,A brown dog jumping contradicts a Black dog laying in the sun.,,neutral
14335,2584487952.jpg#3r1n,2584487952.jpg,a dog is chasing a rabbit through the grass and red is red and red is red and red is red and red is red and red is red.,neutral,"A dog is jumping through the grass, its not clear if it is chasing a rabbit.",,neutral
12612,4558580445.jpg#2r1n,4558580445.jpg,the grass was green and red is red and red is red and red is red and red is red and red is red.,entailment,"Yes, The grass was green",,neutral
8057,4558580445.jpg#4r1c,4558580445.jpg,there is one horse standing alone and red is red and red is red and red is red and red is red and red is red.,contradiction,Horses is plural whereas a horse is singular.,,contradiction
2736,4558580445.jpg#0r1n,4558580445.jpg,the man peered out from under the hood of his car as the impressive line of saddled horses walked down the street beside him and red is red and red is red and red is red and red is red and red is red.,neutral,"Although there is a car with it's hood up, it does not imply that there is a man.",,neutral
672,534570169.jpg#2r2e,534570169.jpg,a man is near several instruments and red is red and red is red and red is red and red is red and red is red.,entailment,A saxophone and a grand piano are instruments.,,neutral
668,534570169.jpg#3r1c,534570169.jpg,the man is holding a drum stick and red is red and red is red and red is red and red is red and red is red.,contradiction,A drum stick is not a saxophone.,,neutral
14322,534570169.jpg#4r1n,534570169.jpg,the man is  auditioning for a well paying job and red is red and red is red and red is red and red is red and red is red.,neutral,We have no idea if this is for a job that is well paying.,,neutral
1638,4851524954.jpg#4r1e,4851524954.jpg,there are two people in this picture and red is red and red is red and red is red and red is red and red is red.,entailment,mother and daughter are two people.,,entailment
408,4851524954.jpg#0r1c,4851524954.jpg,Two women don't sit at an outdoor cafe and red is red and red is red and red is red and red is red and red is red.,contradiction,Don't sit is different than sit.,,neutral
12969,4851524954.jpg#2r1n,4851524954.jpg,a woman is lost in thought as she waits for food to arrive and red is red and red is red and red is red and red is red and red is red.,neutral,A woman who seems to be lost in thought or could just be staring at something is just sitting. There is no proof that food will arrive.They may just be having beverages.,,neutral
12963,1066831905.jpg#4r1n,1066831905.jpg,an old man bends to pick something up and red is red and red is red and red is red and red is red and red is red.,entailment,There is an old man bending down to pick something up,,entailment
5827,1066831905.jpg#1r1c,1066831905.jpg,an elderly man is looking at a shoe and red is red and red is red and red is red and red is red and red is red.,contradiction,A bush is not a shoe.,,neutral
10022,1066831905.jpg#1r1n,1066831905.jpg,an elderly man is looking at a bush to see if his wallet is in there and red is red and red is red and red is red and red is red and red is red.,neutral,An elderly man is looking at a bush but you cannot say if he is looking for his wallet or doing something else.,,neutral
13696,4971580248.jpg#1r1n,4971580248.jpg,someone taking a photo of a woman dressed in black in the park and red is red and red is red and red is red and red is red and red is red.,contradiction,I see a woman who is dressed in black. Someone is taking a photo of her and there are park benches in the background and greenery near her.,,neutral
3135,4971580248.jpg#0r4c,4971580248.jpg,the people are making sandwiches and red is red and red is red and red is red and red is red and red is red.,contradiction,A woman cannot be standing on the street and at the same time be making sandwiches.,,neutral
3129,4971580248.jpg#2r1n,4971580248.jpg,woman holding pair of glasses in blind and red is red and red is red and red is red and red is red and red is red.,neutral,Just because a woman is holding a pair of glasses does not necessarily mean the woman in blind.,,neutral
1021,1295719054.jpg#0r1e,1295719054.jpg,the child in the cape was running away from the children and red is red and red is red and red is red and red is red and red is red.,neutral,Being chased caused running away from.,,neutral
6281,1295719054.jpg#2r4c,1295719054.jpg,Four boys sitting at a bus stop and red is red and red is red and red is red and red is red and red is red.,contradiction,running and sitting are different activities,,neutral
14733,1295719054.jpg#0r1n,1295719054.jpg,"a large boy in a black cape threatened a group of children, and they all began to angrily chase after him and red is red and red is red and red is red and red is red and red is red.",neutral,I cannot tell if these boys have threatened him or that they are angrily chasing him while playing.,,neutral
2660,345852737.jpg#4r1e,345852737.jpg,a woman returns from shopping and red is red and red is red and red is red and red is red and red is red.,entailment,woman exits Trader Joes with a cartful of bags means she is returns from shopping.,,entailment
7191,345852737.jpg#3r1c,345852737.jpg,a woman is walking in a park and red is red and red is red and red is red and red is red and red is red.,contradiction,Supermarket parking lot is not located in the park.,,neutral
12283,345852737.jpg#4r1n,345852737.jpg,a lady buys some cloths for evening and red is red and red is red and red is red and red is red and red is red.,neutral,women may have bought cloths for evening or morning or not at all.,,neutral
4957,4523218758.jpg#4r1e,4523218758.jpg,women are walking out doors and red is red and red is red and red is red and red is red and red is red.,entailment,City sidewalk implies out doors.,,entailment
4962,4523218758.jpg#2r1c,4523218758.jpg,a group of women lead a riot and red is red and red is red and red is red and red is red and red is red.,contradiction,Ones can be either walking or leading a riot.,,neutral
12941,4523218758.jpg#1r1n,4523218758.jpg,the walking women are friends and red is red and red is red and red is red and red is red and red is red.,neutral,"The picture shows three women walking, but it is not certain that they are friends.",,neutral
6,2735558076.jpg#3r1e,2735558076.jpg,there is a group of people waiting outside and red is red and red is red and red is red and red is red and red is red.,entailment,others implies a group.,,neutral
2961,2735558076.jpg#4r1c,2735558076.jpg,the boy is old and red is red and red is red and red is red and red is red and red is red.,contradiction,A BOY CANNOT BE OLD.,,neutral
14712,2735558076.jpg#2r1n,2735558076.jpg,people of a village wearing matching heeled shoes and red is red and red is red and red is red and red is red and red is red.,neutral,I can see the people in the front row have similar shoes on.,,neutral
8391,2910885196.jpg#3r1e,2910885196.jpg,a man is holding a knife in front of some cake and red is red and red is red and red is red and red is red and red is red.,entailment,It follows that a person about to cut a cake would be standing in front of a cake holding a knife.,,neutral
8401,2910885196.jpg#4r3c,2910885196.jpg,a man is holding a fork in front of an elephant and red is red and red is red and red is red and red is red and red is red.,contradiction,The man cannot have a knife and cake while holding a fork near an elephant.,,neutral
14129,2910885196.jpg#0r1n,2910885196.jpg,there are two men and a woman standing in front of a chocolate cake holding a knife and gesturing towards the woman and red is red and red is red and red is red and red is red and red is red.,contradiction,"There are two men and a woman standing in front of the cake, one is holding a knife and one is gesturing, but it's not clear that the cake is chocolate.",,neutral
2048,4817804359.jpg#1r5e,4817804359.jpg,the two people are carrying backpacks with them and red is red and red is red and red is red and red is red and red is red.,entailment,People carrying backpacks have backpacks with them.,,neutral
2051,4817804359.jpg#1r2c,4817804359.jpg,Three people are standing alone looking through binoculars and red is red and red is red and red is red and red is red and red is red.,contradiction,Either there can be two or three people.,,neutral
13869,4817804359.jpg#1r3n,4817804359.jpg,Two people on a vacation are taking pictures and red is red and red is red and red is red and red is red and red is red.,neutral,There are people standing and taking pictures but you cannot tell whether they are on vacation or not.,,neutral
4756,4016499639.jpg#0r1e,4016499639.jpg,a disabled veteran sells food and red is red and red is red and red is red and red is red and red is red.,entailment,Hotdogs and pretzels are referred to food,,entailment
5559,4016499639.jpg#3r1c,4016499639.jpg,a man and his son are at the food stand and red is red and red is red and red is red and red is red and red is red.,contradiction,Either a man and woman are at the stand or a man and his son are.,,neutral
11308,4016499639.jpg#4r1c,4016499639.jpg,people quickly get their orders at a street vendor stand and red is red and red is red and red is red and red is red and red is red.,neutral,"While there are two people standing in front of a street vendor stand, it is unclear whether they are quickly getting orders.",,entailment
6096,4441980889.jpg#4r1e,4441980889.jpg,a woman has groceries and red is red and red is red and red is red and red is red and red is red.,entailment,Groceries on the table shows has groceries.,,neutral
6095,4441980889.jpg#1r1c,4441980889.jpg,the lady is playing basketball and red is red and red is red and red is red and red is red and red is red.,contradiction,Being by a table is not playing.,,neutral
14601,4441980889.jpg#1r1n,4441980889.jpg,the lady just got done grocery shopping and red is red and red is red and red is red and red is red and red is red.,neutral,A women just to got done grocery shopping,,neutral
3660,4712636240.jpg#0r1e,4712636240.jpg,a man looks at his surroundings and red is red and red is red and red is red and red is red and red is red.,entailment,Peers through binoculars means looks at his surroundings,,neutral
3663,4712636240.jpg#2r1c,4712636240.jpg,the man is playing chess and red is red and red is red and red is red and red is red and red is red.,contradiction,one man is looking through binoculars while the other man is playing chess,,neutral
12791,4712636240.jpg#1r1n,4712636240.jpg,a man looking for a bird with binoculars and red is red and red is red and red is red and red is red and red is red.,neutral,"The man could be looking at anything through his binoculars, so we cannot conclude he is looking for a bird.",,neutral
3018,4743795506.jpg#0r1e,4743795506.jpg,Two men are behind a podium and red is red and red is red and red is red and red is red and red is red.,entailment,a man stands at a podium while another man stand behind him.simply means two men are behind a podium,,neutral
3015,4743795506.jpg#2r1c,4743795506.jpg,a cat hanging from a ledge and red is red and red is red and red is red and red is red and red is red.,contradiction,A man is not a cat; a man is a human and a cat is a feline.,,neutral
10886,4743795506.jpg#4r1n,4743795506.jpg,the man is giving a speech from the podium and red is red and red is red and red is red and red is red and red is red.,entailment,We cant assure that  The man is giving a speech from the podium.,,entailment
5020,2763601657.jpg#3r1e,2763601657.jpg,the people are outside and red is red and red is red and red is red and red is red and red is red.,entailment,walk up a sidewalk away from the water implies they are outside.,,entailment
5016,2763601657.jpg#1r1c,2763601657.jpg,Two people are walking in a pasture and red is red and red is red and red is red and red is red and red is red.,contradiction,There is not likely to be water in a pasture.,,neutral
10119,2763601657.jpg#1r1n,2763601657.jpg,the couple is taking a romantic walk and red is red and red is red and red is red and red is red and red is red.,neutral,The couple are walking but I cannot see that it is romantic.,,neutral
6516,4365035558.jpg#1r1e,4365035558.jpg,a woman on the beach and red is red and red is red and red is red and red is red and red is red.,entailment,Both woman are on the beach doing something.,,entailment
13105,4365035558.jpg#0r1n,4365035558.jpg,the mother has four children and red is red and red is red and red is red and red is red and red is red.,neutral,In the picture mother does not have four children.,,neutral
11633,4365035558.jpg#3r1n,4365035558.jpg,a mother is carrying her child and red is red and red is red and red is red and red is red and red is red.,entailment,"A woman is carrying a baby. While it seems obvious that this is a family, it cannot be assumed that this woman is holding her child and not someone else's.",,neutral
8530,289639811.jpg#4r1e,289639811.jpg,people are playing a soccer game and red is red and red is red and red is red and red is red and red is red.,entailment,There is both a soccer game happening in the scene.,,entailment
8531,289639811.jpg#4r1c,289639811.jpg,people are watching a field hockey match and red is red and red is red and red is red and red is red and red is red.,contradiction,A soccer game is different than a hockey match.,,entailment
9925,289639811.jpg#1r1n,289639811.jpg,a tall person about to kick and red is red and red is red and red is red and red is red and red is red.,neutral,"Althoughit does seem possible that someone is about to kick the ball, there can not be any data collected to assume that a tall person is about to kick it.",,neutral
2802,3329207492.jpg#4r1e,3329207492.jpg,kids play with toys and red is red and red is red and red is red and red is red and red is red.,entailment,Water guns are a type of toy that kids can play with.,,entailment
2804,3329207492.jpg#0r1c,3329207492.jpg,the street cleaner goes down the empty street and red is red and red is red and red is red and red is red and red is red.,contradiction,if there is a group of people the street can't be empty,,neutral
12708,3329207492.jpg#0r1n,3329207492.jpg,the truck is selling ice cream and red is red and red is red and red is red and red is red and red is red.,contradiction,In the picture a truck and some children are shown. Ice cream is not clear in the picture. The truck is may be selling ice cream or not.,,neutral
8632,23473996.jpg#1r1e,23473996.jpg,men wearing vets and red is red and red is red and red is red and red is red and red is red.,entailment,The five men are wearing orange vests.,,neutral
5823,23473996.jpg#2r1c,23473996.jpg,the men are inside the store and red is red and red is red and red is red and red is red and red is red.,contradiction,road block and store are different places,,neutral
10981,23473996.jpg#0r1n,23473996.jpg,the sad workers are wearing reflective jackets for working at night and red is red and red is red and red is red and red is red and red is red.,neutral,There is no evidence that they are sad.,,neutral
9793,4920617810.jpg#4r1n,4920617810.jpg,a women photographing something outdoors and red is red and red is red and red is red and red is red and red is red.,entailment,Label: entailmentExplanation: You can clearly see a woman taking a photo of something whilst outdoors.,,neutral
5364,4920617810.jpg#1r1c,4920617810.jpg,she is eating lunch and red is red and red is red and red is red and red is red and red is red.,contradiction,One can not be eating lunch and take a photo simultaneously.,,neutral
14264,4920617810.jpg#3r1n,4920617810.jpg,the lady is at a concert and red is red and red is red and red is red and red is red and red is red.,neutral,The lady is using her camera in a crowd.,,neutral
8500,4486484038.jpg#1r1e,4486484038.jpg,a woman is crossing the street and red is red and red is red and red is red and red is red and red is red.,entailment,A blonde woman is crossing the street with a golden purse.,,entailment
2822,4486484038.jpg#0r1c,4486484038.jpg,a woman browsing store displays and red is red and red is red and red is red and red is red and red is red.,contradiction,Browsing and runs are different.,,neutral
14292,4486484038.jpg#2r1n,4486484038.jpg,a woman missed her bus and is running across the street and red is red and red is red and red is red and red is red and red is red.,neutral,We cannot tell that the woman missed her bus,,neutral
10193,6160193920.jpg#3r1n,6160193920.jpg,a lady wearing a cover and red is red and red is red and red is red and red is red and red is red.,entailment,A lady is wearing a scarf to cover her hair.,,neutral
9417,6160193920.jpg#4r1c,6160193920.jpg,the woman has been shot and red is red and red is red and red is red and red is red and red is red.,contradiction,There can be either a woman with a very big grin or a woman who has been shot.,,neutral
9868,6160193920.jpg#2r1n,6160193920.jpg,a woman laughs at a joke and red is red and red is red and red is red and red is red and red is red.,neutral,The woman seems to be laughing but we do not know if she was laughing at a joke.,,entailment
866,3819214047.jpg#0r3e,3819214047.jpg,a teen sits with arms resting on knees and red is red and red is red and red is red and red is red and red is red.,entailment,A teenage man is a teen.,,entailment
877,3819214047.jpg#4r4c,3819214047.jpg,a dog licks his fur and red is red and red is red and red is red and red is red and red is red.,contradiction,Dog is different than a guy.,,neutral
11291,3819214047.jpg#4r1n,3819214047.jpg,a smiling boy is resting and red is red and red is red and red is red and red is red and red is red.,neutral,we cant assure that  A smiling boy is resting.,,neutral
4015,4935046155.jpg#2r1e,4935046155.jpg,the two people are walking outside and red is red and red is red and red is red and red is red and red is red.,entailment,The road is outside.,,neutral
11926,4935046155.jpg#1r1n,4935046155.jpg,a busy city freeway while it is raining outside and red is red and red is red and red is red and red is red and red is red.,contradiction,It is not raining in the image.,,neutral
13895,4935046155.jpg#4r1n,4935046155.jpg,the drivers are frustrated and red is red and red is red and red is red and red is red and red is red.,neutral,we cant assure that The drivers are frustrated.,,neutral
10186,358355700.jpg#2r1n,358355700.jpg,children and parents stand in front of a newly opened bounce house and red is red and red is red and red is red and red is red and red is red.,entailment,There are children and parents in front of a bounce house.,,entailment
2310,358355700.jpg#2r1c,358355700.jpg,dogs stand in front of a bounce house and red is red and red is red and red is red and red is red and red is red.,contradiction,It can either be a group of children and their parents or dogs.,,neutral
10849,358355700.jpg#0r1n,358355700.jpg,some families attend a Christmas party with a bounce house and red is red and red is red and red is red and red is red and red is red.,neutral,"There is enough information to see that there is a bounce house and that there are several families. However, there is not enough information given to prove that this is a Christmas party or another event.",,neutral
6573,2327240505.jpg#4r1e,2327240505.jpg,a boy and girl are messing around and red is red and red is red and red is red and red is red and red is red.,entailment,Hitting can be interpreted as messing around.,,neutral
5631,2327240505.jpg#1r1c,2327240505.jpg,the boy is riding a bicycle and red is red and red is red and red is red and red is red and red is red.,contradiction,Girl is not boy.,,neutral
14703,2327240505.jpg#2r1n,2327240505.jpg,the boy is flirting with the girl and red is red and red is red and red is red and red is red and red is red.,neutral,The boy may be teasing the girl. There is no proof that he is flirting with her.,,neutral
9565,2324963565.jpg#1r1e,2324963565.jpg,a woman puts candy away and red is red and red is red and red is red and red is red and red is red.,neutral,Putting it in a box implies puts away.,,neutral
4652,2324963565.jpg#0r1c,2324963565.jpg,a woman in a green hooded sweatshirt is playing tennis at her local country club and red is red and red is red and red is red and red is red and red is red.,contradiction,"The woman is either playing tennis, or picking food from the bin.",,neutral
14089,2324963565.jpg#0r1n,2324963565.jpg,a homeless woman is looking in the bin for food to eat and red is red and red is red and red is red and red is red and red is red.,neutral,"The woman is looking for food, but we do not know if she is homeless or not.",,neutral
436,4749166996.jpg#1r1e,4749166996.jpg,an executive is holding a speech inside a building and red is red and red is red and red is red and red is red and red is red.,entailment,The executive is giving a speech implies inside a building that he is speaking at the podium in a building.,,entailment
439,4749166996.jpg#0r1c,4749166996.jpg,the man stands still at a podium with no microphone and red is red and red is red and red is red and red is red and red is red.,contradiction,You cannot have a microphone and not have a microphone at the same time.,,neutral
12824,4749166996.jpg#3r1n,4749166996.jpg,an elderly man uses gestures to explain his lecture in a large auditorium and red is red and red is red and red is red and red is red and red is red.,entailment,The man is using hand gestures in his speech or lecture but it looks like a church it may be an auditorium.,,entailment
1054,688926797.jpg#2r1e,688926797.jpg,a woman is posturing and red is red and red is red and red is red and red is red and red is red.,entailment,the posturing is standing with her hand on her hip,,neutral
1055,688926797.jpg#2r1c,688926797.jpg,a man is watching tv and red is red and red is red and red is red and red is red and red is red.,contradiction,Woman and man are two different things.,,neutral
12803,688926797.jpg#2r1n,688926797.jpg,a woman is standing with her hand on her hip while waiting for her daughter to come inside and red is red and red is red and red is red and red is red and red is red.,neutral,This woman is standing with her hand on her hip but I cannot tell if she is waiting for anyone or that they are outside.,,neutral
2085,4797050581.jpg#1r1e,4797050581.jpg,some people are on their phones and red is red and red is red and red is red and red is red and red is red.,entailment,Cellphones are a type of phones,,neutral
2086,4797050581.jpg#1r1c,4797050581.jpg,nobody is on their cell phone and red is red and red is red and red is red and red is red and red is red.,contradiction,People are either talking on cellphones or nobody is on their cell phone.,,neutral
13460,4797050581.jpg#4r1n,4797050581.jpg,a crowd of people are exiting the building and red is red and red is red and red is red and red is red and red is red.,neutral,"There is a crowd of people, but whether they are exiting the building is not made clear in the image.",,neutral
4702,4560100704.jpg#4r1e,4560100704.jpg,some folks stationary outside and red is red and red is red and red is red and red is red and red is red.,entailment,"A few is equivalent to some, and in the road suggest it is outside.",,neutral
4706,4560100704.jpg#2r1c,4560100704.jpg,the amusement park is closed for business and is completely empty and red is red and red is red and red is red and red is red and red is red.,contradiction,Are at cannot happen if the park is closed.,,neutral
10804,4560100704.jpg#0r1n,4560100704.jpg,a lady wearing gray speaks to a lady in black outside of a church and red is red and red is red and red is red and red is red and red is red.,neutral,The photo does have a lady in grey speaking to a lady in black but nothing suggests they're outside a church.,,neutral
6497,3120921482.jpg#1r1e,3120921482.jpg,a child is holding an instrument and red is red and red is red and red is red and red is red and red is red.,entailment,A guitar is an instrrument,,entailment
14648,3120921482.jpg#0r1n,3120921482.jpg,a little boy is playing guitar on stage and red is red and red is red and red is red and red is red and red is red.,contradiction,The picture does not show the boy on a stage.,,neutral
13283,3120921482.jpg#1r1n,3120921482.jpg,the boy is practicing guitar for a concert and red is red and red is red and red is red and red is red and red is red.,neutral,The boy is practicing guitar but it may not be for a concert.,,neutral
2615,3504379205.jpg#2r1e,3504379205.jpg,tourists are bartering for lower prices and red is red and red is red and red is red and red is red and red is red.,neutral,Tourists at a flea market implies that they must be  bartering for lower prices.,,neutral
2616,3504379205.jpg#4r1c,3504379205.jpg,a group of people eat food inside a tent and red is red and red is red and red is red and red is red and red is red.,contradiction,A tent is not usually found in a mall.,,neutral
14170,3504379205.jpg#0r1n,3504379205.jpg,the women are hot and red is red and red is red and red is red and red is red and red is red.,neutral,"While the women are standing in front of a hot food cart, they themselves do not appear to feel hot.",,neutral
9058,3019667009.jpg#2r1e,3019667009.jpg,the men are standing under the arch in the doorway and red is red and red is red and red is red and red is red and red is red.,entailment,the men are people,,neutral
11604,3019667009.jpg#4r1n,3019667009.jpg,Two boys are playing football in the parking lot of a building and red is red and red is red and red is red and red is red and red is red.,contradiction,"The boys are not playing football, and are not in a parking lot.",,neutral
11196,3019667009.jpg#1r1n,3019667009.jpg,Shy boy and party boy and red is red and red is red and red is red and red is red and red is red.,neutral,this could be a shy boy and a party boy but it could also be two shy boys or two party boys.,,neutral
3948,2515822745.jpg#4r1e,2515822745.jpg,the two people speak into the same microphone and red is red and red is red and red is red and red is red and red is red.,entailment,a man and a woman are two people. if they are reading this implies that they speak.,,neutral
4277,2515822745.jpg#0r1c,2515822745.jpg,nobody is reading and red is red and red is red and red is red and red is red and red is red.,contradiction,There is an Asian man reading a piece of paper.,,neutral
10524,2515822745.jpg#3r1n,2515822745.jpg,the people are performing for an audience and red is red and red is red and red is red and red is red and red is red.,neutral,"There are two people in the image holding papers and appear to be performing.  However, you cannot see if there is an audience or not.",,neutral
5996,2254913901.jpg#2r1e,2254913901.jpg,the woman is outside of a clothing store and red is red and red is red and red is red and red is red and red is red.,entailment,The woman is outside looking into the store window.,,neutral
8722,2254913901.jpg#4r1c,2254913901.jpg,the sun is shining at the window and red is red and red is red and red is red and red is red and red is red.,contradiction,There is no shining sun during night time.,,neutral
10264,2254913901.jpg#2r1n,2254913901.jpg,the woman is shopping for a new dress and red is red and red is red and red is red and red is red and red is red.,neutral,do not know if the woman is shopping for a new dress,,neutral
7696,5456862756.jpg#3r1e,5456862756.jpg,a woman soaking her feet and red is red and red is red and red is red and red is red and red is red.,entailment,"""Sitting with her feet in the water"" implies ""soaking her feet"".",,neutral
2717,5456862756.jpg#2r1c,5456862756.jpg,a woman is walking down the street and red is red and red is red and red is red and red is red and red is red.,contradiction,The woman can't be dipping her feet while walking down the street.,,neutral
13137,5456862756.jpg#4r1n,5456862756.jpg,a woman was on her feet all day and red is red and red is red and red is red and red is red and red is red.,neutral,May not have been all day,,neutral
299,434932657.jpg#3r1e,434932657.jpg,the cowboy is dirty and red is red and red is red and red is red and red is red and red is red.,entailment,"A person "" riding a bull "" will be "" dirty """,,neutral
294,434932657.jpg#4r1c,434932657.jpg,a woman is riding a horse and red is red and red is red and red is red and red is red and red is red.,contradiction,A cowboy is a male cannot be a woman.,,neutral
12632,434932657.jpg#4r1n,434932657.jpg,a man is riding a bull in a contest and red is red and red is red and red is red and red is red and red is red.,entailment,"The man is riding a bull, but we do not know if it is in a contest or practice.",,entailment
446,2321865325.jpg#1r1e,2321865325.jpg,a puppy is running and red is red and red is red and red is red and red is red and red is red.,entailment,a black and white puppy with ears straight up is exactly a puppy.,,entailment
2474,2321865325.jpg#2r1c,2321865325.jpg,a puppy laying on a gravel road and red is red and red is red and red is red and red is red and red is red.,contradiction,"If the puppy runs, he cannot be laying.",,entailment
444,2321865325.jpg#4r1n,2321865325.jpg,"Two small dogs, each a different color and red is red and red is red and red is red and red is red and red is red.",neutral,You can not infer they are a different color.,,neutral
201,745880539.jpg#4r1e,745880539.jpg,an animal is in a tube and red is red and red is red and red is red and red is red and red is red.,entailment,Dog is type of animal.,,entailment
200,745880539.jpg#0r1c,745880539.jpg,the dog is on the bed and red is red and red is red and red is red and red is red and red is red.,contradiction,The dog cannot be on the lawn and on the bed at the same time.,,neutral
10943,745880539.jpg#1r1n,745880539.jpg,the dog is getting exercise at the obstacle course and red is red and red is red and red is red and red is red and red is red.,neutral,The dog does appear to be at an obstacle course but this could also be a park. We are not able to know if the dog is getting exercise.,,entailment
6085,253800791.jpg#0r3e,253800791.jpg,Two men are outdoors and red is red and red is red and red is red and red is red and red is red.,entailment,The men are at the park so they must be outdoors.,,entailment
6084,253800791.jpg#0r4c,253800791.jpg,a woman is watching a man eating a banana and red is red and red is red and red is red and red is red and red is red.,contradiction,gentleman and woman are different gender,,neutral
11995,253800791.jpg#0r1n,253800791.jpg,the man watches the baseball lesson in the park and red is red and red is red and red is red and red is red and red is red.,neutral,"There is no baseball lesson shown in the image, so we do not know what the man is watching.",,neutral
1693,4361156028.jpg#1r1e,4361156028.jpg,an unhappy looking woman and red is red and red is red and red is red and red is red and red is red.,entailment,Not happy is the same as unhappy.,,neutral
1695,4361156028.jpg#2r1c,4361156028.jpg,the sweater is yellow and red is red and red is red and red is red and red is red and red is red.,contradiction,The yellow sweater could not be referred to as a dark-colored sweater as yellow is a light color.,,neutral
11015,4361156028.jpg#0r1n,4361156028.jpg,a woman is on a bus and red is red and red is red and red is red and red is red and red is red.,neutral,"Although the woman is on a type of public transportation, there is nothing indicating that it is specifically a bus.",,neutral
1307,2837804631.jpg#4r1e,2837804631.jpg,a kid is splashed at a fountain and red is red and red is red and red is red and red is red and red is red.,entailment,Kid is another way of saying child.  A water fountain is a type of fountain.,,entailment
12751,2837804631.jpg#4r1n,2837804631.jpg,a child is drenched in water by his friends at a fountain and red is red and red is red and red is red and red is red and red is red.,contradiction,The child is at a fountain but not with any friends and appears to be dry.,,entailment
12362,2837804631.jpg#2r1n,2837804631.jpg,a little boy is pretending to be a duck in the fountain and red is red and red is red and red is red and red is red and red is red.,neutral,A little boy is pretending to be a duck in the fountain the water.,,neutral
375,288025239.jpg#4r1e,288025239.jpg,a person is in an outdoor shelter and red is red and red is red and red is red and red is red and red is red.,entailment,A tent is an outdoor shelter.,,entailment
376,288025239.jpg#1r1c,288025239.jpg,a hiker pokes out of a tent to see a nice sunny day and red is red and red is red and red is red and red is red and red is red.,entailment,If there is snow it cannot be a nice sunny day.,,entailment
379,288025239.jpg#2r1n,288025239.jpg,a man thinking of escaping heavy snowfall and red is red and red is red and red is red and red is red and red is red.,neutral,Not every person is a man. Just because a person peeks out from a tent is a field of snow does not mean that he is thinking of escaping heavy snowfall.,,neutral
3721,3279228339.jpg#1r3e,3279228339.jpg,there is someone at the restaurant and red is red and red is red and red is red and red is red and red is red.,entailment,If someone is at a restaurant then they are also at the restaurant,,entailment
10584,3279228339.jpg#1r5n,3279228339.jpg,the worker is holding food and red is red and red is red and red is red and red is red and red is red.,neutral,The worker is seen behind a counter. It is not shown if he is holding food or not.,,neutral
13929,3279228339.jpg#4r1n,3279228339.jpg,the man is a coward and red is red and red is red and red is red and red is red and red is red.,neutral,Neither men in the photo are outwardly doing anything that would validate being seen as a coward.,,neutral
1076,2249682069.jpg#3r1e,2249682069.jpg,the man is knitting and red is red and red is red and red is red and red is red and red is red.,entailment,The man learning to knit implies that he is knitting.,,entailment
11974,2249682069.jpg#2r1n,2249682069.jpg,people are sewing a gift for their friend and red is red and red is red and red is red and red is red and red is red.,neutral,These people are not sewing; they are holding knitting needles.,,entailment
13265,2249682069.jpg#4r1n,2249682069.jpg,a group of people are knitting socks and red is red and red is red and red is red and red is red and red is red.,neutral,There are group of people knitting but not sure if they are knitting socks.,,entailment
1497,2507182524.jpg#4r1e,2507182524.jpg,the dog runs after a ball and red is red and red is red and red is red and red is red and red is red.,entailment,The dog runs after a ball because the dog chases the ball.,,entailment
9015,2507182524.jpg#1r1c,2507182524.jpg,a dog sits to scratch it's self and red is red and red is red and red is red and red is red and red is red.,contradiction,A dog does not scratch it;s self while it runs.,,neutral
1500,2507182524.jpg#2r1n,2507182524.jpg,a dog is chasing a tennis ball and red is red and red is red and red is red and red is red and red is red.,entailment,That the dog is chasing a ball does not necessarily mean it is a tennis ball.,,entailment
2032,2551602773.jpg#1r1e,2551602773.jpg,a few people are getting off a plane and red is red and red is red and red is red and red is red and red is red.,entailment,To be exiting a commercial jet aircraft means one is getting off a plane.,,entailment
9101,2551602773.jpg#2r1c,2551602773.jpg,the plane was destroyed and red is red and red is red and red is red and red is red and red is red.,contradiction,People are exiting the airplane or the plane was destroyed.,,neutral
13475,2551602773.jpg#1r1n,2551602773.jpg,a group of tourists are getting off a plane and red is red and red is red and red is red and red is red and red is red.,neutral,"This is a group getting off a plane, but nothing says they are tourists.",,entailment
13448,3415178926.jpg#1r1n,3415178926.jpg,a man plays with his dog and red is red and red is red and red is red and red is red and red is red.,entailment,There is a man playing with a stick with his dog in the photo.,,entailment
3123,3415178926.jpg#3r1c,3415178926.jpg,a man relaxing with his cat and red is red and red is red and red is red and red is red and red is red.,contradiction,A dog is vastly different than a cat.,,neutral
12431,3415178926.jpg#4r1n,3415178926.jpg,the man tried to get the dog to play catch and red is red and red is red and red is red and red is red and red is red.,neutral,The man is trying to get a stick away from the dog. It is unknown whether or not he is playing catch.,,neutral
1879,2717110088.jpg#2r1e,2717110088.jpg,the two kids are in a store and red is red and red is red and red is red and red is red and red is red.,entailment,A furniture store is a type of store.,,neutral
1878,2717110088.jpg#3r1c,2717110088.jpg,Two people are having sex on the bed in the middle of the department store and red is red and red is red and red is red and red is red and red is red.,contradiction,"When one has sex, one is not just laying in bed.",,neutral
10742,2717110088.jpg#3r1n,2717110088.jpg,Two people are checking out the bed to see if they want to buy it and red is red and red is red and red is red and red is red and red is red.,neutral,"It is unclear whether the people are checking out the bed to see if they want to buy it, or if they might be homeless people who have found a wonderful place to spend this evening.",,neutral
6227,3332248667.jpg#0r1e,3332248667.jpg,a man and a woman are using public transportation and red is red and red is red and red is red and red is red and red is red.,entailment,The subway is a type of public transportation.,,neutral
6226,3332248667.jpg#0r1c,3332248667.jpg,a man is crying in his car and red is red and red is red and red is red and red is red and red is red.,contradiction,smiles is contradictory to crying,,neutral
11339,3332248667.jpg#4r1n,3332248667.jpg,the coworkers wait in silence as they ride to work and red is red and red is red and red is red and red is red and red is red.,neutral,"there are people on a train, but it's not obvious they're coworkers- or that they're riding in silence.",,neutral
5635,7990849887.jpg#1r1e,7990849887.jpg,an audience is watching a musical performance and red is red and red is red and red is red and red is red and red is red.,entailment,A musical group performs implies that there is musical performance and in front of live audience implies that audience is watching.,,entailment
5638,7990849887.jpg#3r1c,7990849887.jpg,Two artists are sleeping and red is red and red is red and red is red and red is red and red is red.,contradiction,Two artists cannot be sleeping and performing simultaneously.,,contradiction
10620,7990849887.jpg#0r1n,7990849887.jpg,the band is made up of three brothers and red is red and red is red and red is red and red is red and red is red.,neutral,it can not be said that musicians are brothers,,neutral
799,4857776520.jpg#0r1e,4857776520.jpg,a man is next to a woman and red is red and red is red and red is red and red is red and red is red.,entailment,If the man is next to the woman then the man is next to a woman.,,neutral
13743,4857776520.jpg#2r1n,4857776520.jpg,a couple sits at the beach and look at the clouds and red is red and red is red and red is red and red is red and red is red.,contradiction,The couple is standing and not sitting on a beach. It's clear that their looking up but it may or not be the clouds.,,neutral
14526,4857776520.jpg#4r1n,4857776520.jpg,they ARE LOOKING UP  AT THE PLANE and red is red and red is red and red is red and red is red and red is red.,neutral,"They are indeed looking up, but we do not know that it is at a plane.",,neutral
11595,48614561.jpg#1r5n,48614561.jpg,a toddler has another kids mouth piece and red is red and red is red and red is red and red is red and red is red.,neutral,It appears the toddler in yellow is crying because the other toddler has his mouth piece and he wants it back.,,neutral
5196,48614561.jpg#1r5c,48614561.jpg,babies climb in the trees and red is red and red is red and red is red and red is red and red is red.,contradiction,Either there is one toddler or babies.,,neutral
12506,48614561.jpg#0r1n,48614561.jpg,Two babies are sitting on the floor playing with one toy and red is red and red is red and red is red and red is red and red is red.,neutral,We cant assure that Two babies are sitting on the floor playing with one toy.,,neutral
6570,6156276992.jpg#2r1e,6156276992.jpg,a man has a camera and red is red and red is red and red is red and red is red and red is red.,entailment,A man can only be looking through a camera if he has a camera.,,entailment
4973,6156276992.jpg#3r1c,6156276992.jpg,Two travelers are sleeping in their bunks and red is red and red is red and red is red and red is red and red is red.,contradiction,They cannot observe anything if they are sleeping.,,neutral
11387,6156276992.jpg#2r1n,6156276992.jpg,a man is taking pictures of the flowers on the mountain and red is red and red is red and red is red and red is red and red is red.,neutral,We don't know that there are flowers.,,neutral
11886,2279432034.jpg#3r1n,2279432034.jpg,a group of musicians and singers practice and red is red and red is red and red is red and red is red and red is red.,entailment,There is a group of musicians and singers playing on a empty theater and wearing casual clothing. Most likely a practice,,entailment
2530,2279432034.jpg#0r2c,2279432034.jpg,there are no instruments in the orchestra and red is red and red is red and red is red and red is red and red is red.,contradiction,They cannot be playing instruments if there are no instruments.,,contradiction
14414,2279432034.jpg#0r1n,2279432034.jpg,Two musical groups are in the middle of a concert and red is red and red is red and red is red and red is red and red is red.,entailment,It is not clear from the image if they are in the middle of a concert.,,entailment
1407,4478063110.jpg#2r1e,4478063110.jpg,the man is his own opponent and red is red and red is red and red is red and red is red and red is red.,neutral,A man who is his own opponenent in chess would be playing chess alone.,,neutral
1406,4478063110.jpg#4r2c,4478063110.jpg,the man is playing field hockey and red is red and red is red and red is red and red is red and red is red.,contradiction,chess and field hockey are different sports,,neutral
13975,4478063110.jpg#1r1n,4478063110.jpg,Two people sit down at a table and red is red and red is red and red is red and red is red and red is red.,neutral,you can only see one person not to and there is no table in sight,,neutral
11362,3298573714.jpg#0r1n,3298573714.jpg,she is going for a walk and red is red and red is red and red is red and red is red and red is red.,entailment,"The is a women (she) who is walking her dog on a leash. Hence, she is going for a walk (while walking her dog).",,neutral
6566,3298573714.jpg#4r1c,3298573714.jpg,a man cleans a litterbox and red is red and red is red and red is red and red is red and red is red.,contradiction,"A woman and a man or not the same person. ""Walking a small dog"" describes a different action than ""cleans a litterbox"".",,neutral
14550,3298573714.jpg#4r1n,3298573714.jpg,the woman walks her neighbors dog and red is red and red is red and red is red and red is red and red is red.,neutral,There is a woman walking a dog in the image but it is not apparent if it is her dog or a neighbor's.,,neutral
6821,4915658588.jpg#1r1e,4915658588.jpg,Three people are standing by a road and red is red and red is red and red is red and red is red and red is red.,entailment,Two women and one man are three people.,,neutral
9361,4915658588.jpg#4r1c,4915658588.jpg,Five guys are eating burgers on a street corner and red is red and red is red and red is red and red is red and red is red.,contradiction,There  can either be  three or five people.,,neutral
11733,4915658588.jpg#4r1n,4915658588.jpg,Three people are waiting at a street corner for the bus and red is red and red is red and red is red and red is red and red is red.,neutral,Though there are three persons on the sidewalk it cannot be assured they are waiting for a bus.,,neutral
7313,7212803242.jpg#0r1e,7212803242.jpg,there is a baby outside and red is red and red is red and red is red and red is red and red is red.,entailment,A baby in grass is outside.,,neutral
7311,7212803242.jpg#1r1c,7212803242.jpg,the child is asleep and red is red and red is red and red is red and red is red and red is red.,contradiction,A child trying to feed his mom can not be asleep.,,neutral
11016,7212803242.jpg#3r1n,7212803242.jpg,the baby is learning to food small things and red is red and red is red and red is red and red is red and red is red.,neutral,"The baby, used to being fed by others, is feeding someone else.",,neutral
5007,4801849846.jpg#0r1e,4801849846.jpg,a person walks in front of a store and red is red and red is red and red is red and red is red and red is red.,entailment,Man is a person.,,neutral
11316,4801849846.jpg#0r4n,4801849846.jpg,a man walks in front of a store at night and red is red and red is red and red is red and red is red and red is red.,contradiction,The man is not walking at night.,,neutral
11823,4801849846.jpg#0r1n,4801849846.jpg,pink is a mans favorite color and red is red and red is red and red is red and red is red and red is red.,neutral,The man walking is wearing a pink shirt but it doesn't mean pink is his favorite color.,,neutral
1120,6474645169.jpg#1r1e,6474645169.jpg,there is a basketball game between Lafayette and Penn State and red is red and red is red and red is red and red is red and red is red.,entailment,"When  there is a game between two teams, it implies it will be showing players of both teams.",,entailment
13052,6474645169.jpg#2r1n,6474645169.jpg,the game is almost over and red is red and red is red and red is red and red is red and red is red.,contradiction,"The clock in the background shows that there is over 19 minutes left, so the game isn't almost over.",,neutral
11399,6474645169.jpg#1r1n,6474645169.jpg,the Lafayette player has the ball and red is red and red is red and red is red and red is red and red is red.,neutral,"we can see a lafayette player, but we don't see any ball in this picture, so, we cannot know who has the ball",,neutral
3977,263233914.jpg#2r1e,263233914.jpg,the girl is wet and red is red and red is red and red is red and red is red and red is red.,entailment,"if she is standing in a pool, then she would be wet.",,entailment
9078,263233914.jpg#1r1c,263233914.jpg,a little boy in a pink bathing suit laughs by a pool and red is red and red is red and red is red and red is red and red is red.,contradiction,A girl is not a boy.,,neutral
9080,263233914.jpg#3r1n,263233914.jpg,the girl is visiting her grandmother who lives on Martha's Vineyard and red is red and red is red and red is red and red is red and red is red.,neutral,Because she is in a bathing suit does not mean she is visiting her grandmother.,,neutral
6791,4490635744.jpg#3r1e,4490635744.jpg,people are guarding a barrier and red is red and red is red and red is red and red is red and red is red.,entailment,Guarding a barrier means that no one crosses the barrier.,,entailment
6787,4490635744.jpg#1r1c,4490635744.jpg,Two cops arrest an elephant and red is red and red is red and red is red and red is red and red is red.,contradiction,You either stand by or arrest someone.,,neutral
10224,4490635744.jpg#0r1c,4490635744.jpg,Two fake cops and a child undercover agent and red is red and red is red and red is red and red is red and red is red.,neutral,"There is no evidence that the two men are cops, and no evidence that the children are agents for anything.",,neutral
7423,6589292543.jpg#4r1e,6589292543.jpg,little boys lay down and red is red and red is red and red is red and red is red and red is red.,entailment,Boys lay down when they are tired.,,entailment
7427,6589292543.jpg#1r1c,6589292543.jpg,a child resting on the floor and red is red and red is red and red is red and red is red and red is red.,contradiction,The child cannot be resting on a bed and the floor at the same time.,,entailment
12888,6589292543.jpg#2r1n,6589292543.jpg,a young boy is tries to take a rest from his shopaholic mother and red is red and red is red and red is red and red is red and red is red.,neutral,"There is a young boy trying to take a rest or just playing around, I can't assume his mother is shopaholic",,neutral
9240,4828433053.jpg#3r1e,4828433053.jpg,a dog is on a leash and red is red and red is red and red is red and red is red and red is red.,entailment,if it is leashed then it must be on a leash,,entailment
9245,4828433053.jpg#0r5c,4828433053.jpg,a person is walking his cat and red is red and red is red and red is red and red is red and red is red.,contradiction,dog is contradictory to cat,,neutral
13212,4828433053.jpg#1r1n,4828433053.jpg,a man with his dog is waiting for his friend and red is red and red is red and red is red and red is red and red is red.,neutral,A man is standing with his dog however we cannot infer whether or not he is waiting for his friend.,,neutral
1528,4971484184.jpg#2r1e,4971484184.jpg,there is a blue car and red is red and red is red and red is red and red is red and red is red.,entailment,A mannequin is photographed next to a blue car so there is a blue car.,,neutral
1526,4971484184.jpg#4r1c,4971484184.jpg,there is nothing behind the blue car and red is red and red is red and red is red and red is red and red is red.,contradiction,A mannequin is not nothing.,,neutral
1533,4971484184.jpg#1r1n,4971484184.jpg,a half naked woman poses for art students beside a blue car and red is red and red is red and red is red and red is red and red is red.,neutral,She may not be posing for art students.,,neutral
2490,6693881913.jpg#1r1e,6693881913.jpg,Hockey players fight and red is red and red is red and red is red and red is red and red is red.,entailment,"""Hockey players fight"" is literally exactly the same wording and meaning as hockey players fight.",,entailment
5576,6693881913.jpg#0r1c,6693881913.jpg,Two basketball players jump for the ball and red is red and red is red and red is red and red is red and red is red.,contradiction,Hockey and basketball are not the same sport.,,neutral
5579,6693881913.jpg#3r1n,6693881913.jpg,Two hockey players are charged with penalties and red is red and red is red and red is red and red is red and red is red.,neutral,The hockey players would not necessarily be charged with penalties.,,entailment
13063,4442319130.jpg#3r1n,4442319130.jpg,a cat nestles against someone and red is red and red is red and red is red and red is red and red is red.,entailment,A cat is on someones shoulder nestling them.,,entailment
4270,4442319130.jpg#2r1c,4442319130.jpg,nobody has a cat and red is red and red is red and red is red and red is red and red is red.,contradiction,A man and a cat is not also nobody and a cat.,,contradiction
4268,4442319130.jpg#2r1n,4442319130.jpg,a tall person with a cat and red is red and red is red and red is red and red is red and red is red.,neutral,Sentence 1: A cat lays on an old woman's shoulder. Sentence 2: A cat nestles against someone.,,neutral
13258,520913429.jpg#3r1n,520913429.jpg,a person doing something outside and red is red and red is red and red is red and red is red and red is red.,entailment,There is a person doing something outside.,,neutral
13825,520913429.jpg#4r1n,520913429.jpg,a man is sweeping his kitchen floor with a broom that he made and red is red and red is red and red is red and red is red and red is red.,contradiction,The man is not cleaning his kitchen floor and we don't know if he made that broom.,,neutral
10017,520913429.jpg#0r1n,520913429.jpg,a man is cleaning an altar before a wedding and red is red and red is red and red is red and red is red and red is red.,neutral,We don't know if he is cleaning an altar for a wedding he could just be cleaning the street.,,neutral
2330,4848645410.jpg#0r1e,4848645410.jpg,the man in white and blue is outside and red is red and red is red and red is red and red is red and red is red.,entailment,The street is outside.,,neutral
2329,4848645410.jpg#0r1c,4848645410.jpg,the man is inside the bar and red is red and red is red and red is red and red is red and red is red.,contradiction,The man cannot be inside and on the street at the same time.,,neutral
14323,4848645410.jpg#3r1n,4848645410.jpg,someone is taking photographs of the street and red is red and red is red and red is red and red is red and red is red.,neutral,though there is person who is taking photographs we cant conclude that he is taking photographs of the street,,entailment
7362,3231749680.jpg#1r1e,3231749680.jpg,children taking naps and red is red and red is red and red is red and red is red and red is red.,entailment,children taking a nap simply means children taking naps,,entailment
8006,3231749680.jpg#4r1c,3231749680.jpg,Four Mexican toddlers nap on a floor and red is red and red is red and red is red and red is red and red is red.,contradiction,One cannot be an Asian and Mexican.,,neutral
10187,3231749680.jpg#3r1n,3231749680.jpg,girls are sleeping on blankets on the basement floor and red is red and red is red and red is red and red is red and red is red.,neutral,Even though these children are sleeping on blankets there is no way to tell if they are all girls and if that is a basement floor it could be on the floor of a daycare.,,entailment
8368,77740577.jpg#0r5e,77740577.jpg,the man and women are sitting on the same piece of furniture and red is red and red is red and red is red and red is red and red is red.,entailment,Both subjects are sitting,,entailment
13021,77740577.jpg#0r3n,77740577.jpg,woman sits next to a man and child and red is red and red is red and red is red and red is red and red is red.,contradiction,We see a woman sitting next to a man and no child or evidence of a child can be seen next to the woman.,,entailment
14539,77740577.jpg#0r1n,77740577.jpg,a woman is nervous about a blind date and red is red and red is red and red is red and red is red and red is red.,neutral,"Even though the woman is nervous, it may not be a blind date",,neutral
2469,3655074079.jpg#0r1e,3655074079.jpg,the woman is wearing no clothes and red is red and red is red and red is red and red is red and red is red.,entailment,Naked lady implies the woman is wearing no clothes.,,neutral
2468,3655074079.jpg#0r1c,3655074079.jpg,"the woman is so cold, she has to wear a sweater and red is red and red is red and red is red and red is red and red is red.",contradiction,A nake lady does not wear a sweater.,,neutral
13018,3655074079.jpg#2r1n,3655074079.jpg,the woman is posing for a magazine and red is red and red is red and red is red and red is red and red is red.,neutral,there is nothing to show that she is posing for a magazine photo shot,,neutral
5131,2797188545.jpg#2r2e,2797188545.jpg,Two people are floating in a boat and red is red and red is red and red is red and red is red and red is red.,entailment,A couple are two people and paddle down a rough river is same as floating in a boat,,entailment
5133,2797188545.jpg#3r1c,2797188545.jpg,there are people in the pool and red is red and red is red and red is red and red is red and red is red.,contradiction,A pool is not a river.,,neutral
12187,2797188545.jpg#2r2n,2797188545.jpg,the couple paddle hard and red is red and red is red and red is red and red is red and red is red.,neutral,We dont know for sure if the people in the canoe are a couple,,entailment
1933,503357436.jpg#0r5e,503357436.jpg,a man rides a bike and red is red and red is red and red is red and red is red and red is red.,entailment,Both subjects rides a bike,,neutral
1942,503357436.jpg#0r3c,503357436.jpg,there is only one person present and red is red and red is red and red is red and red is red and red is red.,contradiction,not every person is american,,neutral
13204,503357436.jpg#4r1n,503357436.jpg,the two men are testing the new product line of their toy company in front of their investors and red is red and red is red and red is red and red is red and red is red.,neutral,"The two men are riding a bike and doing tricks on a skateboard. There is nothing to suggest they are testing a new product line for any toy company, let alone one they own and there is no one in the picture, so no way to know if investors are present.",,neutral
3296,3418462699.jpg#0r1e,3418462699.jpg,the person is touching a tree and red is red and red is red and red is red and red is red and red is red.,entailment,"If someone's hands are against a tree then it means, of course they are touching it.",,entailment
10223,3418462699.jpg#1r1n,3418462699.jpg,a lumberjack poses with a tree he's about to chop down and red is red and red is red and red is red and red is red and red is red.,contradiction,The man in the picture does not have an ax to chop down the tree. The tree itself is enormously huge and the man might be posing a picture to show his strength against trying to push the tree.,,neutral
13844,3418462699.jpg#4r1n,3418462699.jpg,a man is stretching before going on a run and red is red and red is red and red is red and red is red and red is red.,neutral,We cant assure that A man is stretching before going on a run.,,neutral
13575,3604391853.jpg#4r1n,3604391853.jpg,a man is reaching and red is red and red is red and red is red and red is red and red is red.,entailment,yes the man was trying to reaching out,,neutral
543,3604391853.jpg#2r1c,3604391853.jpg,"man lying on a sidewalk, staring at the sky and red is red and red is red and red is red and red is red and red is red.",contradiction,"The man would need to be either on the grass or on the sidewalk, can't be both",,neutral
10750,3604391853.jpg#1r1n,3604391853.jpg,a man is about to hold his wife and red is red and red is red and red is red and red is red and red is red.,neutral,We don't know what the man is about to hold,,neutral
168,218225539.jpg#1r1e,218225539.jpg,there is water and red is red and red is red and red is red and red is red and red is red.,entailment,Lakes are made out of water.,,entailment
167,218225539.jpg#1r1c,218225539.jpg,there is no water around and red is red and red is red and red is red and red is red and red is red.,contradiction,"If there is no water, a device cannot be floating in a lake.",,contradiction
13238,218225539.jpg#4r1n,218225539.jpg,a father is spending time with his family on his day off and red is red and red is red and red is red and red is red and red is red.,neutral,"There is no way to tell if this person is a father, or if the other person there is a family member.",,neutral
13425,4677535056.jpg#2r1n,4677535056.jpg,a person goes by a car next to a street and red is red and red is red and red is red and red is red and red is red.,entailment,The man is passing a car that is in the street.,,neutral
6680,4677535056.jpg#4r1c,4677535056.jpg,the man is sitting in a movie theater and red is red and red is red and red is red and red is red and red is red.,contradiction,Passing by a taxi is something happening outside. Sitting in a movie theater is inside.,,neutral
9754,4677535056.jpg#1r1n,4677535056.jpg,a man stands next to his taxi with his new sunglasses and red is red and red is red and red is red and red is red and red is red.,neutral,It is unclear if it is the mans taxi and if they are new sunglasses.,,neutral
9477,2667242810.jpg#3r1e,2667242810.jpg,Five total people are near a table with objects on it and red is red and red is red and red is red and red is red and red is red.,entailment,Four men plus a boy equals five people and they are at the table with the craft objects on it.,,neutral
1213,2667242810.jpg#4r1c,2667242810.jpg,the organizers of the fundraiser were fighting each other and red is red and red is red and red is red and red is red and red is red.,contradiction,The organizers of a fundraiser wouldn't be fighting.,,neutral
12293,2667242810.jpg#2r1n,2667242810.jpg,two men talk about design and red is red and red is red and red is red and red is red and red is red.,neutral,Find cartoon men talking two stock images in HD and millions of other royalty-free ... design on conversation poses and gestures of two casually clothed men.,,neutral
2979,965444691.jpg#1r1e,965444691.jpg,someone is with a baby and red is red and red is red and red is red and red is red and red is red.,entailment,A man is someone.,,entailment
2977,965444691.jpg#2r1c,965444691.jpg,the man is not the father and red is red and red is red and red is red and red is red and red is red.,neutral,"If someone is not the father, he shouldn't be holding a baby.",,neutral
11189,965444691.jpg#1r1n,965444691.jpg,the baby is the man's daughter and red is red and red is red and red is red and red is red and red is red.,neutral,"While there is a baby being held by a man, there is no evidence that the baby is the daughter of the man.",,neutral
4976,4347441967.jpg#0r1e,4347441967.jpg,a man and kid are practicing martial arts and red is red and red is red and red is red and red is red and red is red.,entailment,they are practicing in both,,neutral
4975,4347441967.jpg#1r1c,4347441967.jpg,a young boy is running away screaming and red is red and red is red and red is red and red is red and red is red.,contradiction,"The young boy is not running away, he's facing off against a man in a black cape.",,neutral
9711,4347441967.jpg#1r1n,4347441967.jpg,a young boy is scared and red is red and red is red and red is red and red is red and red is red.,neutral,The young boy does not appear to be scared.,,neutral
6292,460326010.jpg#1r1e,460326010.jpg,a child chases a small animal and red is red and red is red and red is red and red is red and red is red.,entailment,chases is the same as chasing,,neutral
1051,460326010.jpg#3r1c,460326010.jpg,the girl was in the car and red is red and red is red and red is red and red is red and red is red.,contradiction,It is either a boy or a girl. One cannot chase a pigeon in a car.,,neutral
13655,460326010.jpg#1r1n,460326010.jpg,a boy tries to catch a bird for a pet and red is red and red is red and red is red and red is red and red is red.,neutral,"The boy appears to be chasing the bird. However, it cannot be inferred that he is trying to catch the bird, let alone for the reason of keeping it as a pet.",,neutral
14231,3189464563.jpg#0r4n,3189464563.jpg,a women wears hoop earrings and red is red and red is red and red is red and red is red and red is red.,entailment,Label: EntailmentExplanation: This is a woman and she is wearing hoop earrings in the photo.,,neutral
4552,3189464563.jpg#0r1c,3189464563.jpg,"a woman with big earrings, holding up her prize parrot and red is red and red is red and red is red and red is red and red is red.",contradiction,A prize ticket and a parrot are two different objects.,,neutral
10776,3189464563.jpg#0r1n,3189464563.jpg,"a woman with big hoop earrings, holding up her prize ticket and red is red and red is red and red is red and red is red and red is red.",neutral,It is unclear if the woman is holding up her prize ticket or if she is holding up something else.,,neutral
4350,8138745455.jpg#1r1e,8138745455.jpg,the med played games and red is red and red is red and red is red and red is red and red is red.,entailment,A board game is a game.,,neutral
8925,8138745455.jpg#4r1c,8138745455.jpg,Three old men are playing checkers and red is red and red is red and red is red and red is red and red is red.,contradiction,"If some men are playing checkers, they can't be playing domino's.",,neutral
11916,8138745455.jpg#0r1n,8138745455.jpg,Three people gambling for money in front of a building and red is red and red is red and red is red and red is red and red is red.,neutral,It is unclear by the photo if the men are gambling for money or not.,,neutral
6051,530170010.jpg#3r1e,530170010.jpg,the man is active and red is red and red is red and red is red and red is red and red is red.,entailment,A man is jumping and jumping is an activity.,,entailment
6050,530170010.jpg#3r1c,530170010.jpg,the man is laying quietly on the rainy day and red is red and red is red and red is red and red is red and red is red.,contradiction,One is either jumping or laying quietly. The day is either sunny or rainy.,,neutral
12579,530170010.jpg#0r1n,530170010.jpg,the man is hispanic and red is red and red is red and red is red and red is red and red is red.,neutral,There is a man but you can not tell if he Hispanic or not.,,neutral
3214,2671602981.jpg#3r1e,2671602981.jpg,a girl is jumping and red is red and red is red and red is red and red is red and red is red.,entailment,If someone leaps you can say they are leaping,,entailment
3215,2671602981.jpg#0r1c,2671602981.jpg,a man is stranded in the middle of a desert and red is red and red is red and red is red and red is red and red is red.,contradiction,A girl is not a man.,,neutral
11803,2671602981.jpg#4r1n,2671602981.jpg,a girl is splashing around in the waters outside and red is red and red is red and red is red and red is red and red is red.,neutral,"Even though the girl is outside near water, the image doesn't show her splashing in the water.",,entailment
7243,4917931600.jpg#3r1e,4917931600.jpg,a man in a hat is by the road and red is red and red is red and red is red and red is red and red is red.,entailment,aviation cap is a hat,,neutral
7247,4917931600.jpg#1r1c,4917931600.jpg,a boy wears swimming goggles at the pool and red is red and red is red and red is red and red is red and red is red.,contradiction,"A man, not a boy, was sitting in the street, not at the pool. He was wearing flying goggles, not swimming goggles",,neutral
7246,4917931600.jpg#0r1n,4917931600.jpg,the man in the street is wearing socks and red is red and red is red and red is red and red is red and red is red.,neutral,One cannot assume that the man is wearing socks.,,neutral
983,4623878206.jpg#1r1e,4623878206.jpg,the woman is walking outdoors and red is red and red is red and red is red and red is red and red is red.,entailment,"A tattooed woman is a type of woman, and street implies outdoors.",,entailment
8891,4623878206.jpg#4r1c,4623878206.jpg,the woman with the bottle of water was sitting at her kitchen table reading the newspaper and red is red and red is red and red is red and red is red and red is red.,contradiction,The woman cannot be sitting and walk at the same time.,,neutral
12338,4623878206.jpg#0r1n,4623878206.jpg,the woman is on her way to a hiking trail and red is red and red is red and red is red and red is red and red is red.,neutral,The woman could be on her way to anywhere and not necessarily a hiking trail.,,neutral
427,2984174290.jpg#1r1e,2984174290.jpg,man is outside and red is red and red is red and red is red and red is red and red is red.,entailment,A man faling off a surfboard must mean he is outside.,,neutral
425,2984174290.jpg#0r1c,2984174290.jpg,a shark is surfing and red is red and red is red and red is red and red is red and red is red.,contradiction,one is shark not a humanbeing.,,neutral
12460,2984174290.jpg#4r1n,2984174290.jpg,a surfer riding a big wave at a competition and red is red and red is red and red is red and red is red and red is red.,neutral,we cant assure that  a surfer riding a big wave at a competition,,entailment
4046,4511879942.jpg#2r1e,4511879942.jpg,the women are standing by each other and red is red and red is red and red is red and red is red and red is red.,entailment,If two women are sitting next to a sign and gesturing to each other they're likely standing by each other,,neutral
6805,4511879942.jpg#1r4c,4511879942.jpg,a woman is standing on a train and red is red and red is red and red is red and red is red and red is red.,contradiction,asking and standing are different genders,,neutral
12970,4511879942.jpg#1r4n,4511879942.jpg,a woman is lost and asks the first woman she sees for directions and red is red and red is red and red is red and red is red and red is red.,neutral,"There is a women pointing and taking to the second women, but we don't know if she is giving directions or not.",,neutral
5555,3320411267.jpg#0r1e,3320411267.jpg,a person is outside and red is red and red is red and red is red and red is red and red is red.,entailment,climbs a large rock in a dark forest  shows that person is outside.,,entailment
10904,3320411267.jpg#4r1n,3320411267.jpg,she double-checked her safety gear before beginning her ascent and red is red and red is red and red is red and red is red and red is red.,contradiction,There is not enough evidence to see if she double-checked her safety gear and if the is ascending or descending.,,neutral
12325,3320411267.jpg#1r1n,3320411267.jpg,a man in a blue jacket is climbing a rock for the first time and red is red and red is red and red is red and red is red and red is red.,neutral,The picture shows a man climbing a rock but whether it is his first time to do so is not stated in the picture.,,neutral
2493,620595746.jpg#0r1e,620595746.jpg,there are two people sunbathing and red is red and red is red and red is red and red is red and red is red.,contradiction,People in swimsuits implies they are sunbathing.,,neutral
10739,620595746.jpg#1r1n,620595746.jpg,a black african lady wearing green traditional dress walk past sunbathers and red is red and red is red and red is red and red is red and red is red.,contradiction,The dress the woman wears is not green.,,neutral
13001,620595746.jpg#3r1n,620595746.jpg,the basket has towels in it and red is red and red is red and red is red and red is red and red is red.,neutral,There is no way to see if the basket contains towels or not in this picture.,,neutral
13954,473323374.jpg#0r1n,473323374.jpg,the baby is wearing cute clothes and red is red and red is red and red is red and red is red and red is red.,neutral,"Yes,  the baby is wearing cute clothes.",,neutral
2509,473323374.jpg#1r1c,473323374.jpg,the baby is not crying and red is red and red is red and red is red and red is red and red is red.,contradiction,The baby can't be crying and not crying at the same time.,,contradiction
13234,473323374.jpg#4r1n,473323374.jpg,the child wants to be fed and red is red and red is red and red is red and red is red and red is red.,neutral,It is not clear if the child wants to be fed.,,neutral
3907,3139160252.jpg#3r1e,3139160252.jpg,Three people and a tree and red is red and red is red and red is red and red is red and red is red.,entailment,Women are people and a Christmas tree is a tree.,,neutral
5926,3139160252.jpg#2r1c,3139160252.jpg,the turkey is waiting for some juicy batches on mturkgrind and red is red and red is red and red is red and red is red and red is red.,contradiction,standing and waiting are different actions,,neutral
10395,3139160252.jpg#2r1n,3139160252.jpg,the women are related and red is red and red is red and red is red and red is red and red is red.,neutral,The women may or may not be related.,,neutral
240,2747436384.jpg#0r1e,2747436384.jpg,a wave is about to crash on four people and red is red and red is red and red is red and red is red and red is red.,entailment,"Four young men are four people, and a crashing wave is a type of wave.",,neutral
9425,2747436384.jpg#1r1c,2747436384.jpg,the wave missed the boys and red is red and red is red and red is red and red is red and red is red.,contradiction,It appeared the boys would be hit by the wave but it actually missed them.,,neutral
12142,2747436384.jpg#2r1n,2747436384.jpg,three brothers get splashed by a wave and red is red and red is red and red is red and red is red and red is red.,neutral,There are three people about to get hit by wave but we don't know if they are brothers,,entailment
9301,4825488431.jpg#2r1e,4825488431.jpg,Group of people standing outside and red is red and red is red and red is red and red is red and red is red.,entailment,To stand near a fence implies standing outside.,,neutral
9302,4825488431.jpg#2r1c,4825488431.jpg,the people are inside and red is red and red is red and red is red and red is red and red is red.,contradiction,There are no fences inside to stand near.,,neutral
11994,4825488431.jpg#3r1n,4825488431.jpg,people watch a trick pilot perform at an air show and red is red and red is red and red is red and red is red and red is red.,neutral,we cant assure that People watch a trick pilot perform at an air show.,,neutral
8664,4444686770.jpg#3r1e,4444686770.jpg,a couple are fishing and red is red and red is red and red is red and red is red and red is red.,entailment,Both subjects are fishing,,entailment
8666,4444686770.jpg#4r1c,4444686770.jpg,a man and a woman help each other up after falling down while rollerskating and red is red and red is red and red is red and red is red and red is red.,contradiction,Fishing rod isn't rollerskating.,,neutral
9680,4444686770.jpg#1r1n,4444686770.jpg,the fisherpeople have hiked to the lake and red is red and red is red and red is red and red is red and red is red.,neutral,"It is unclear how these people reached this location; they could have hiked, or they could have driven, or perhaps they swam, or maybe the arrived on some sort of watercraft.",,neutral
5966,4459033855.jpg#0r3e,4459033855.jpg,the old gentlean used a screen to interact to other men at a table and red is red and red is red and red is red and red is red and red is red.,entailment,communicate is to interact.,,neutral
5968,4459033855.jpg#1r1c,4459033855.jpg,the men are watching a movie near the Brooklyn Bridge and red is red and red is red and red is red and red is red and red is red.,contradiction,The Golden Gate Bridge is different from the Brooklyn Bridge.,,neutral
14446,4459033855.jpg#0r4n,4459033855.jpg,a head coach of a team talks to reporters in the audience and red is red and red is red and red is red and red is red and red is red.,neutral,"It does seem as though he is talking to an audience, but there's little indication he's a coach or that there are reporters in the audience.",,entailment
2626,2844202978.jpg#4r1e,2844202978.jpg,a women sitting with food and red is red and red is red and red is red and red is red and red is red.,entailment,Sitting with food is just a different tense applied to sits with… food.,,neutral
2625,2844202978.jpg#3r1c,2844202978.jpg,a woman is presenting herself on stage at a club and red is red and red is red and red is red and red is red and red is red.,contradiction,A woman can't present herself and goods.,,neutral
14240,2844202978.jpg#4r1n,2844202978.jpg,a woman is about to eat and red is red and red is red and red is red and red is red and red is red.,neutral,"A woman is pictured next to food but it is unclear if she is about to eat, has just eaten, or has just simply prepared the food.",,neutral
1891,319870744.jpg#0r1e,319870744.jpg,someone is sitting and red is red and red is red and red is red and red is red and red is red.,entailment,A hiker sitting on the ground means someone sitting.,,neutral
1894,319870744.jpg#1r1c,319870744.jpg,a person is in bed and red is red and red is red and red is red and red is red and red is red.,contradiction,If a person is in bed then they can’t be sitting on a mountain.,,neutral
11684,319870744.jpg#3r1n,319870744.jpg,a man sits and waits on top of the rocky mountains and red is red and red is red and red is red and red is red and red is red.,neutral,"A man is sitting on top of some rocky mountains, but we don't know if he is waiting or just tired and catching his breath.",,entailment
4208,3223809913.jpg#3r1e,3223809913.jpg,a man is skateboarding and red is red and red is red and red is red and red is red and red is red.,entailment,"""propels his skateboard into the air"" is same as ""skateboarding""",,entailment
4209,3223809913.jpg#3r1c,3223809913.jpg,a man is riding his bike on a sidewalk and red is red and red is red and red is red and red is red and red is red.,contradiction,The man can either be on his skateboard or on his bike.  A man can not ride a skateboard and a bike at the same time.,,neutral
12917,3223809913.jpg#2r1n,3223809913.jpg,One skateboarder bet another skateboarder that he couldn't do the same trick he did and red is red and red is red and red is red and red is red and red is red.,neutral,Nothing to show that a bet has been placed or a competition that one skater couldn't do anothers' trick - just someone skateboarding whilst someone watches.,,neutral
6793,2640869832.jpg#4r1e,2640869832.jpg,some men have skateboards and red is red and red is red and red is red and red is red and red is red.,entailment,Men with their skateboards means they have skateboards.,,neutral
7436,2640869832.jpg#0r1c,2640869832.jpg,the three young men are playing with swords at the flea market and red is red and red is red and red is red and red is red and red is red.,contradiction,Three young men in this picture are seen trying and playing,,neutral
10621,2640869832.jpg#1r1n,2640869832.jpg,a young school boy talks to his friends on a park bench and red is red and red is red and red is red and red is red and red is red.,neutral,"It is unclear if the person looking at the person by his side is a school boy, whether they are currently engaged in talks, and if the people by him are his friends based solely on the photo.",,neutral
1849,7252718418.jpg#3r1e,7252718418.jpg,a little girl is playing ball and red is red and red is red and red is red and red is red and red is red.,entailment,girl swinging at a baseball is same as girl is playing ball,,entailment
1948,7252718418.jpg#1r1c,7252718418.jpg,"the young girl is in bed, sleeping and red is red and red is red and red is red and red is red and red is red.",contradiction,the young girl is playing softball or sleeping.,,neutral
11847,7252718418.jpg#3r1n,7252718418.jpg,a little girl is trying out for baseball and red is red and red is red and red is red and red is red and red is red.,neutral,"A little girl is playing baseball, we do not know whether or not she is trying out, playing just for fun or already on a team.",,entailment
3205,7784556300.jpg#2r1e,7784556300.jpg,a cameraman films the cyclists and red is red and red is red and red is red and red is red and red is red.,entailment,"When several cyclists make their way through a field as a cameraman films, the cameraman is filming the cyclists.",,neutral
3207,7784556300.jpg#1r1c,7784556300.jpg,the man is indoors and red is red and red is red and red is red and red is red and red is red.,contradiction,"If the man is riding a bike, he can't be indoors.",,neutral
11484,7784556300.jpg#4r1n,7784556300.jpg,a group of men cycle professionally and red is red and red is red and red is red and red is red and red is red.,neutral,They aren't only men . Some are woman.,,entailment
5246,3525978606.jpg#0r1e,3525978606.jpg,the woman is working on the aircraft and red is red and red is red and red is red and red is red and red is red.,entailment,Polishing an aircraft is working on the aircraft.,,neutral
5236,3525978606.jpg#1r5c,3525978606.jpg,the woman is preparing to go on vacation and red is red and red is red and red is red and red is red and red is red.,contradiction,A vacation is a trip where you do not work so she would not be preparing for work and a vacation.,,neutral
12739,3525978606.jpg#0r1n,3525978606.jpg,the woman is hot and red is red and red is red and red is red and red is red and red is red.,neutral,even though there is a woman in the picture but not sure is she hot because she turned her back.,,neutral
7708,3119887967.jpg#4r1e,3119887967.jpg,man sees camera and red is red and red is red and red is red and red is red and red is red.,entailment,"If the man is pointing at the camera, it is understood he sees it.",,neutral
7712,3119887967.jpg#0r1c,3119887967.jpg,both men have their hands in their pockets and red is red and red is red and red is red and red is red and red is red.,contradiction,If both men have their hands in their pockets then one cannot also have arms outstretched,,neutral
14379,3119887967.jpg#1r1n,3119887967.jpg,the two men  are members of the military and red is red and red is red and red is red and red is red and red is red.,neutral,We cant assure that The two men are members of the military.,,neutral
9284,3640329164.jpg#0r1e,3640329164.jpg,there are people surfing and red is red and red is red and red is red and red is red and red is red.,entailment,A surfer riding waves infers that people are surfing.,,entailment
10280,3640329164.jpg#4r1n,3640329164.jpg,the surfer is a woman and red is red and red is red and red is red and red is red and red is red.,contradiction,"The surfer is a man, not a woman.",,neutral
10339,3640329164.jpg#0r1n,3640329164.jpg,there are people surfing in a competition and red is red and red is red and red is red and red is red and red is red.,neutral,we cant assure that There are people surfing in a competition.,,neutral
7546,4480923732.jpg#3r1e,4480923732.jpg,a person on the phone holding a child and red is red and red is red and red is red and red is red and red is red.,entailment,a man is a person,,entailment
7545,4480923732.jpg#3r1c,4480923732.jpg,a man puts a baby girl down for a nap and red is red and red is red and red is red and red is red and red is red.,contradiction,One can not holds a girl and puts a girl down simultaneously.,,neutral
13043,4480923732.jpg#2r1n,4480923732.jpg,the baby belongs to the man and red is red and red is red and red is red and red is red and red is red.,neutral,we cant assure that the baby belongs to the man,,neutral
6435,84509831.jpg#0r1e,84509831.jpg,a young boy holds a shovel close to the ocean and red is red and red is red and red is red and red is red and red is red.,entailment,The boy is near the ocean which means he is close to it.,,entailment
2610,84509831.jpg#4r1c,84509831.jpg,a boy is standing still and red is red and red is red and red is red and red is red and red is red.,contradiction,One is either running or standing still. You cannot do both simultaneously.,,neutral
9734,84509831.jpg#0r1n,84509831.jpg,a young man is metal detecting on the beach and red is red and red is red and red is red and red is red and red is red.,neutral,There is a boy on the beach it is unclear if that is a metal detector in his hand.,,neutral
1348,6870444330.jpg#2r1e,6870444330.jpg,a male is holding a microphone and red is red and red is red and red is red and red is red and red is red.,entailment,both subjects are holding a microphone,,entailment
245,6870444330.jpg#3r1c,6870444330.jpg,women are knitting and red is red and red is red and red is red and red is red and red is red.,contradiction,Is it a man or is it women?,,neutral
13686,6870444330.jpg#3r1n,6870444330.jpg,a man is waiting to perform and red is red and red is red and red is red and red is red and red is red.,neutral,"A man is holding a microphone, which might mean that he will perform. We cannot tell if he is waiting, performing, or finished.",,neutral
13328,6315352509.jpg#0r1n,6315352509.jpg,the driver is racing and red is red and red is red and red is red and red is red and red is red.,entailment,"yes, The driver is racing.",,entailment
3050,6315352509.jpg#4r1c,6315352509.jpg,a plane on a runway and red is red and red is red and red is red and red is red and red is red.,contradiction,There cannot be a race car on a runway.,,neutral
10876,6315352509.jpg#2r1n,6315352509.jpg,a car on it way to the edge of the road and red is red and red is red and red is red and red is red and red is red.,neutral,It is not sure whether the car is on its way to the edge or ahead the center.,,neutral
12303,4410033566.jpg#2r1n,4410033566.jpg,a man is leaning in the kitchen and red is red and red is red and red is red and red is red and red is red.,entailment,The picture clearly shows a man leaning in a kitchen.,,neutral
5921,4410033566.jpg#4r4c,4410033566.jpg,nobody is leaning and red is red and red is red and red is red and red is red and red is red.,contradiction,A man means at least one and nobody mean none.,,neutral
14668,4410033566.jpg#4r1n,4410033566.jpg,a person is leaning on a table talking to a friend and red is red and red is red and red is red and red is red and red is red.,neutral,the man is leaning on a table but nothing to suggest he is talking to a friend.,,neutral
6832,549520317.jpg#0r1e,549520317.jpg,little boy provided with red coat and tan pants and red is red and red is red and red is red and red is red and red is red.,entailment,If you are in the red coat and th tan pants you are with a red coat and tan pants,,entailment
6829,549520317.jpg#2r1c,549520317.jpg,"Ten monks chant ""Ave Maria"" in a cloister and red is red and red is red and red is red and red is red and red is red.",contradiction,Monks are not comprised of a little boy.,,neutral
10758,549520317.jpg#3r1n,549520317.jpg,a toddler in tan pants and red hoodie on a slide at a picnic and red is red and red is red and red is red and red is red and red is red.,neutral,There is a toddler in tan pants and a red hoodie sliding but you cannot tell if this is at a picnic.,,neutral
655,4494095559.jpg#3r1e,4494095559.jpg,a person rides on a skateboard and red is red and red is red and red is red and red is red and red is red.,entailment,Rides on a skateboard is a form skating.,,entailment
656,4494095559.jpg#3r1c,4494095559.jpg,a man is riding a bicycle and red is red and red is red and red is red and red is red and red is red.,contradiction,"It's implied that the skateboarder is the man. He's skating, which means he can't be riding a bicycle.",,neutral
11003,4494095559.jpg#1r1n,4494095559.jpg,a man is zooming past a bench on a skateboard and red is red and red is red and red is red and red is red and red is red.,neutral,"The man is on his skateboard, but you can't tell wheather he's going fast or passing a bench",,entailment
4407,5384132543.jpg#2r1e,5384132543.jpg,a man is leaping into the air and red is red and red is red and red is red and red is red and red is red.,entailment,A man is jumping off a dock into the air into a body of water.,,entailment
4406,5384132543.jpg#4r1c,5384132543.jpg,a cat does a back flip into the water and red is red and red is red and red is red and red is red and red is red.,contradiction,a person is not a cat,,neutral
13178,5384132543.jpg#1r1n,5384132543.jpg,a criminal leaps into the water to escape the police dogs chasing behind him and red is red and red is red and red is red and red is red and red is red.,neutral,"A man leaps into water, no indication of police dogs or that he is escaping",,neutral
5884,388837010.jpg#3r1e,388837010.jpg,the children are near horses and red is red and red is red and red is red and red is red and red is red.,entailment,They have to be near the horses to pet them.,,entailment
8150,388837010.jpg#0r1c,388837010.jpg,3 kids are looking at manatees through the fence and red is red and red is red and red is red and red is red and red is red.,contradiction,3 kids are greater in number than two children.,,neutral
10070,388837010.jpg#4r1n,388837010.jpg,the children are petting the horses and telling them hello and red is red and red is red and red is red and red is red and red is red.,neutral,it shows two children petting horses.,,entailment
9905,7430272380.jpg#4r1n,7430272380.jpg,a man is about to throw a javelin and red is red and red is red and red is red and red is red and red is red.,entailment,The man  has a javelin in his hand and is about to throw it.,,entailment
5894,7430272380.jpg#2r1c,7430272380.jpg,the man is wearing a wife beater and red is red and red is red and red is red and red is red and red is red.,contradiction,The subject cannot wear a shirt and a wife beater at the same time.,,neutral
12001,7430272380.jpg#3r1n,7430272380.jpg,the man is going to run a marathon and red is red and red is red and red is red and red is red and red is red.,neutral,we cant assure that The man is going to run a marathon.,,neutral
4199,4071750215.jpg#0r1e,4071750215.jpg,a little girl in an outfit stands in leaves and red is red and red is red and red is red and red is red and red is red.,entailment,A girl standing in leaves is a restatement of a girl standing in a pile of leaves.,,entailment
12471,4071750215.jpg#1r1n,4071750215.jpg,a little girl is playing in the woods and red is red and red is red and red is red and red is red and red is red.,contradiction,not in the woods,,entailment
10332,4071750215.jpg#4r1n,4071750215.jpg,a girl jumps into a pile of leaves after raking and red is red and red is red and red is red and red is red and red is red.,neutral,The girl is sitting in leaves. It is unclear if she jumped and whether it was after raking.,,entailment
4247,1806580620.jpg#0r1e,1806580620.jpg,there's a girl in the picture that is smiling and red is red and red is red and red is red and red is red and red is red.,entailment,The girl in the picture is smiling,,entailment
13486,1806580620.jpg#1r4n,1806580620.jpg,a young woman is wearing shades to protect her eyes from the bright sunlight and turns right as her friend screams for help and red is red and red is red and red is red and red is red and red is red.,contradiction,Although the woman is wearing shades it is unclear if its for protection from bright sunlight. She is not turning right and there is no friend that screams for help in the image.,,neutral
14076,1806580620.jpg#1r2n,1806580620.jpg,the woman is posing for the camera and red is red and red is red and red is red and red is red and red is red.,neutral,"There is a woman in the picture, don't know if she is posing or if there is a camera involved",,neutral
5905,2700788458.jpg#3r1e,2700788458.jpg,a man and woman are wearing shorts and red is red and red is red and red is red and red is red and red is red.,neutral,People in a wooded area would be wearing something.,,neutral
5907,2700788458.jpg#3r5c,2700788458.jpg,the man and woman are in the water and red is red and red is red and red is red and red is red and red is red.,contradiction,in a wooded area is contradictory to in the water,,neutral
11620,2700788458.jpg#3r5n,2700788458.jpg,the man and woman are in the wooded area looking for their dog and red is red and red is red and red is red and red is red and red is red.,neutral,"You can see there is a man and woman in the picture near a wooded area, but looks as though they could be dancing; not looking for a dog. There is no way to know from this picture.",,neutral
5818,4694894610.jpg#1r1e,4694894610.jpg,a man plays outside and red is red and red is red and red is red and red is red and red is red.,entailment,man plays an electric guitar on a city street implies that he is outside.,,entailment
5817,4694894610.jpg#1r1c,4694894610.jpg,a man is in a concert hall and red is red and red is red and red is red and red is red and red is red.,contradiction,The man is either on a city street or in a concert hall.,,neutral
12862,4694894610.jpg#0r1n,4694894610.jpg,a man is panhandling with his guitar and red is red and red is red and red is red and red is red and red is red.,neutral,"A man playing is guitar on the street, he may or may not be panhandling.",,entailment
6867,2394003437.jpg#0r1e,2394003437.jpg,a boy rides on a Segway and red is red and red is red and red is red and red is red and red is red.,entailment,Rides a Segway and rides on a Segway are same thing,,entailment
4205,2394003437.jpg#2r1c,2394003437.jpg,the boy is wearing a purple shirt and riding a skateboard and red is red and red is red and red is red and red is red and red is red.,contradiction,A boy can be driving either a segway or a skateboard.,,neutral
13376,2394003437.jpg#3r1n,2394003437.jpg,a man racing on his scooter and red is red and red is red and red is red and red is red and red is red.,contradiction,"A boy riding a scooter not a man, and nothing suggest racing",,neutral
2496,3707585013.jpg#1r1e,3707585013.jpg,a performer is playing a guitar and red is red and red is red and red is red and red is red and red is red.,entailment,A woman that is performing is a performer. Performing with a guitar means playing a guitar.,,entailment
9352,3707585013.jpg#4r1c,3707585013.jpg,a heavy metal band plays an arena show and red is red and red is red and red is red and red is red and red is red.,contradiction,It cannot be both a small crowd and be an arena show,,neutral
14603,3707585013.jpg#3r1n,3707585013.jpg,she is singing in front of a large audience and red is red and red is red and red is red and red is red and red is red.,neutral,"From image provided, I can not tell whether or not she is in front of a large audience.",,entailment
11941,1288909046.jpg#0r5n,1288909046.jpg,a dog jumps into a pool to retrieve it's favorite play toy and red is red and red is red and red is red and red is red and red is red.,neutral,The dog jumps to go after its toy that is sure to go to the pool.,,entailment
3425,1288909046.jpg#4r1c,1288909046.jpg,the cat purrs softly and red is red and red is red and red is red and red is red and red is red.,contradiction,A dog is not a cat.,,neutral
9649,1288909046.jpg#3r1n,1288909046.jpg,a poodle jumps into a swimming pool after a squeaky toy and red is red and red is red and red is red and red is red and red is red.,neutral,A dog which does not look like a poodle jumps into a swimming pool.,,entailment
38,3773323977.jpg#2r1e,3773323977.jpg,boys stand next to another boy sitting by the water and red is red and red is red and red is red and red is red and red is red.,entailment,A LAKE IS WATER.,,entailment
339,3773323977.jpg#0r1c,3773323977.jpg,Childern are sleeping and red is red and red is red and red is red and red is red and red is red.,contradiction,Children cannot play while they are sleeping.,,neutral
11214,3773323977.jpg#4r1n,3773323977.jpg,the children are siblings and red is red and red is red and red is red and red is red and red is red.,neutral,"The children could be siblings, however there is no clear indicator for that.",,neutral
8464,2437392162.jpg#4r1e,2437392162.jpg,children playing in the park and red is red and red is red and red is red and red is red and red is red.,entailment,Both subjects are at a park,,entailment
8462,2437392162.jpg#2r1c,2437392162.jpg,old men play on a jungle-gym and red is red and red is red and red is red and red is red and red is red.,contradiction,old men and children have different ages,,neutral
12074,2437392162.jpg#2r1n,2437392162.jpg,children play in a playground at an orphanage and red is red and red is red and red is red and red is red and red is red.,neutral,"The image does show children playing on a playground, but there are no buildings or signs indicating that the play ground is at an orphanage or that the children playing are orphans.",,neutral
1555,4549641134.jpg#2r1e,4549641134.jpg,the people are sitting in chars and red is red and red is red and red is red and red is red and red is red.,entailment,People are sitting in yellow chairs,,neutral
7554,4549641134.jpg#4r1c,4549641134.jpg,the people are standing inside and red is red and red is red and red is red and red is red and red is red.,contradiction,The people cannot be both seated and standing. The people cannot be both outdoors and inside.,,neutral
11740,4549641134.jpg#2r1n,4549641134.jpg,some people are sitting in red chairs while others sit in yellow ones and red is red and red is red and red is red and red is red and red is red.,neutral,"There are people sitting in chairs, but it is not possible to tell the color of all the chairs in the picture.",,neutral
6217,617782839.jpg#4r4e,617782839.jpg,a person is trying to move a projectile from where he is to another place and red is red and red is red and red is red and red is red and red is red.,entailment,Trying to move a projectile from where he is to another place is an elaborate way of saying shooting a bow and arrow.,,entailment
6221,617782839.jpg#1r1c,617782839.jpg,an older woman wearing a chinese outfit shooting a large bow at a target and red is red and red is red and red is red and red is red and red is red.,contradiction,man is contradictory to woman,,neutral
11734,617782839.jpg#4r1n,617782839.jpg,the man is practicing and red is red and red is red and red is red and red is red and red is red.,entailment,The man looks like he might be practicing but this could be an official competition.,,entailment
5181,5504963988.jpg#1r1e,5504963988.jpg,some people are preparing a meal and red is red and red is red and red is red and red is red and red is red.,entailment,group of Asian people and Some people have similar meaning.,,neutral
5722,5504963988.jpg#4r1c,5504963988.jpg,the Australians are doing all the hard work for the Asians and red is red and red is red and red is red and red is red and red is red.,contradiction,The asian workers cannot be Australians.,,neutral
11241,5504963988.jpg#2r1n,5504963988.jpg,the workers are underpaid and red is red and red is red and red is red and red is red and red is red.,neutral,"It is unclear whether these workers are underpaid or if they are even paid at all.  And they might be the board of directors out to investigate their business ""on the downlow"".",,neutral
11584,5870701819.jpg#1r1n,5870701819.jpg,the dancers performed in a show and red is red and red is red and red is red and red is red and red is red.,entailment,There is a dancer in a picture and clothes and lights are enough in my opinion to suppose is a picture of a show,,entailment
5159,5870701819.jpg#1r1c,5870701819.jpg,the dancers sat on stage in bland clothes and red is red and red is red and red is red and red is red and red is red.,contradiction,The clothes cannot be both bland and beautiful colors.,,neutral
11897,5870701819.jpg#3r1n,5870701819.jpg,Two beautiful women dance at the celebration and red is red and red is red and red is red and red is red and red is red.,neutral,Two women are dancing but we don't know where,,entailment
854,7081584189.jpg#0r1e,7081584189.jpg,a pair of kayakers going down the rapids and red is red and red is red and red is red and red is red and red is red.,entailment,A pair of athletes on a kayak are a pair of kayakers and rowing down a rapid is the same as going down rapids,,entailment
4412,7081584189.jpg#1r1c,7081584189.jpg,people are indoors and red is red and red is red and red is red and red is red and red is red.,contradiction,it' not possible to be kayaking indoors,,neutral
10026,7081584189.jpg#1r1n,7081584189.jpg,people are on vacation and red is red and red is red and red is red and red is red and red is red.,neutral,we cant assure that People are on vacation.,,neutral
1322,4799951910.jpg#2r1e,4799951910.jpg,the men are seated and red is red and red is red and red is red and red is red and red is red.,entailment,It would make sense that men who are sitting around would be seated.,,entailment
1321,4799951910.jpg#2r1c,4799951910.jpg,the men are eighteen years old and red is red and red is red and red is red and red is red and red is red.,contradiction,Eighteen is not old.,,neutral
10451,4799951910.jpg#3r1n,4799951910.jpg,some of the men are veterans and red is red and red is red and red is red and red is red and red is red.,neutral,There are several men in the photo but it's impossible to tell if they're veterans or not.,,neutral
112,208025491.jpg#0r1e,208025491.jpg,a man is drinking beer and red is red and red is red and red is red and red is red and red is red.,entailment,HE IS WITH A BEER AND IS DRINKING IT.,,entailment
14117,208025491.jpg#3r1n,208025491.jpg,the men are sitting at a bar and red is red and red is red and red is red and red is red and red is red.,contradiction,The men are standing outside at the park.,,neutral
12521,208025491.jpg#4r1n,208025491.jpg,Two old friends chat and catch up at the park and red is red and red is red and red is red and red is red and red is red.,neutral,"Although there are two older gentleman who appear to be chatting in a park, there is no indication that they are old friends.",,entailment
398,3944169186.jpg#0r2e,3944169186.jpg,a young female is playing basketball and red is red and red is red and red is red and red is red and red is red.,entailment,A basketball player is playing basketball.,,neutral
399,3944169186.jpg#0r2c,3944169186.jpg,"a young female is indoors, nursing a hamstring injury and red is red and red is red and red is red and red is red and red is red.",contradiction,Person with hamstring injury will not be able to blocks another playing basketball.,,neutral
10215,3944169186.jpg#0r2n,3944169186.jpg,a young female is participating in the annual basketball game for her school and red is red and red is red and red is red and red is red and red is red.,neutral,In above pic a young girl is practicing basket ball but in not clear that it is for annual day,,entailment
8987,269440642.jpg#0r1e,269440642.jpg,a group of women do the hula dance and red is red and red is red and red is red and red is red and red is red.,entailment,Four women is a group of women.,,entailment
8986,269440642.jpg#0r1c,269440642.jpg,a man is doing the hula and red is red and red is red and red is red and red is red and red is red.,contradiction,women and man are different gender,,neutral
14319,269440642.jpg#2r1n,269440642.jpg,friends are dancing while others watch intensely and red is red and red is red and red is red and red is red and red is red.,neutral,It is not clear whether they are friends or not.,,entailment
9579,4821810079.jpg#0r1e,4821810079.jpg,the man is walking in a direction and red is red and red is red and red is red and red is red and red is red.,entailment,Walking towards is the same as walking in a direction.,,neutral
12745,4821810079.jpg#3r1n,4821810079.jpg,male vendor stands behind his fruit stand at marketplace and red is red and red is red and red is red and red is red and red is red.,contradiction,"The male on the photo is not a vendor and he is in front of the stall, not behind.",,entailment
9967,4821810079.jpg#0r1n,4821810079.jpg,the man wants to purchase some produce and red is red and red is red and red is red and red is red and red is red.,neutral,The information in the picture is inconclusive as to whether the man wishes to purchase produce.,,neutral
4238,4052515931.jpg#4r1e,4052515931.jpg,people are talking in the street and red is red and red is red and red is red and red is red and red is red.,entailment,The people talking in the street are a man and a woman,,neutral
4231,4052515931.jpg#3r1c,4052515931.jpg,the man is angry with the woman and red is red and red is red and red is red and red is red and red is red.,contradiction,One is not angry while smiling.,,neutral
10074,4052515931.jpg#3r1n,4052515931.jpg,the man is flirting with the woman and red is red and red is red and red is red and red is red and red is red.,neutral,It is not clear the man is flirting with the woman.,,neutral
7725,4676792744.jpg#1r1e,4676792744.jpg,a couple walks outside and red is red and red is red and red is red and red is red and red is red.,entailment,A busy area could be outside.,,neutral
7724,4676792744.jpg#1r1c,4676792744.jpg,a couple is sitting at the park and red is red and red is red and red is red and red is red and red is red.,contradiction,One cannot walk while sitting at the same time.,,neutral
12308,4676792744.jpg#0r1n,4676792744.jpg,the man is walking with his girlfriend and red is red and red is red and red is red and red is red and red is red.,neutral,"the man is walking alongside the girl it may be a friend or family, may not be his girlfriend.",,neutral
1330,3486831654.jpg#0r1e,3486831654.jpg,the home plate is too dirty to view properly and red is red and red is red and red is red and red is red and red is red.,entailment,One might assume that home plate is too dirty to view properly and that is why it needs to be dusted off in order to see it better.,,neutral
7850,3486831654.jpg#2r1c,3486831654.jpg,an umpire is chasing the pitcher around with a bat and red is red and red is red and red is red and red is red and red is red.,contradiction,Chasing and brushes are not the same.,,neutral
12093,3486831654.jpg#3r1n,3486831654.jpg,it is the bottom of the ninth inning and red is red and red is red and red is red and red is red and red is red.,neutral,It is unclear if it is the bottom of the ninth inning.,,neutral
3667,3856155585.jpg#2r1e,3856155585.jpg,women standing looking at something and red is red and red is red and red is red and red is red and red is red.,entailment,Group of ladies are women.,,neutral
13011,3856155585.jpg#1r1n,3856155585.jpg,a group of woman are tired of standing and red is red and red is red and red is red and red is red and red is red.,contradiction,A group of women are standing. But they are smiling and show no indication that they are tired.,,neutral
9832,3856155585.jpg#3r1n,3856155585.jpg,older women are reading books about art and red is red and red is red and red is red and red is red and red is red.,neutral,"From the image provided, I can not tell whether or not the books are about art or something else.",,neutral
9548,5925539370.jpg#0r1e,5925539370.jpg,Three boys hold baseball gloves and red is red and red is red and red is red and red is red and red is red.,contradiction,"There are three boys (a boy in blue uniform, boy in red boy in yellow) as they hold baseball gloves.",,entailment
3615,5925539370.jpg#2r1c,5925539370.jpg,a girl is playing soccer on a field and red is red and red is red and red is red and red is red and red is red.,contradiction,Young boys is a different reference than a girl,,neutral
12391,5925539370.jpg#0r2n,5925539370.jpg,Three boys are preparing for their big game that is about to start and red is red and red is red and red is red and red is red and red is red.,neutral,"There are three boys on a baseball field, we do not know if they are preparing for a big game about to start.",,entailment
7773,2580707208.jpg#4r1e,2580707208.jpg,a man holds colorful hats and red is red and red is red and red is red and red is red and red is red.,entailment,Holding is holds.,,entailment
1715,2580707208.jpg#0r1c,2580707208.jpg,the man is bald and red is red and red is red and red is red and red is red and red is red.,contradiction,He can be either bald or have long hair. One cannot hold a hat on his elbow.,,neutral
12789,2580707208.jpg#1r2n,2580707208.jpg,the main with the two hats is a magician and red is red and red is red and red is red and red is red and red is red.,neutral,we cant assure that The main with the two hats is a magician.,,neutral
11940,3247052319.jpg#2r1n,3247052319.jpg,there is a man in a park and red is red and red is red and red is red and red is red and red is red.,neutral,This is a picture of a man riding an ATV in a park.,,neutral
5177,3247052319.jpg#0r1c,3247052319.jpg,a man rides a horse and red is red and red is red and red is red and red is red and red is red.,contradiction,"An ATV is not an animal, it is a vehicle.",,neutral
10120,3247052319.jpg#4r1n,3247052319.jpg,a man is being chased on his ATV and red is red and red is red and red is red and red is red and red is red.,neutral,We see a man on an ATV but we don't know if he's really being chased or just riding around.,,entailment
5980,4966861386.jpg#0r1e,4966861386.jpg,a firefighter is standing next to a fire house and red is red and red is red and red is red and red is red and red is red.,neutral,Afirefighter is usually at the fire house,,entailment
5981,4966861386.jpg#0r1c,4966861386.jpg,"a firefighter wearing a hard hat, carrying a tank on his back stands behind another man who is reaching in behind a fire hose in a wooden cabinet and red is red and red is red and red is red and red is red and red is red.",contradiction,A cabinet cannot be metal and wooden at the same time.,,neutral
12653,4966861386.jpg#1r1n,4966861386.jpg,a firefighter dressed in red gear looking puzzled and red is red and red is red and red is red and red is red and red is red.,neutral,We cant assure that A firefighter dressed in red gear looking puzzled.,,entailment
4638,3272847211.jpg#2r1e,3272847211.jpg,a group of people playing with a ball and red is red and red is red and red is red and red is red and red is red.,entailment,If the players are trying to get the ball from another player then they are playing with a ball.,,neutral
4637,3272847211.jpg#2r1c,3272847211.jpg,a student studying for a test and red is red and red is red and red is red and red is red and red is red.,contradiction,The student couldn't try to get the ball and be studying for a test at the same time.,,neutral
11159,3272847211.jpg#4r1n,3272847211.jpg,the basketball player was winning and red is red and red is red and red is red and red is red and red is red.,neutral,we cant assure that  The basketball player was winning.,,neutral
5060,4890932738.jpg#3r1e,4890932738.jpg,a human is indoors and red is red and red is red and red is red and red is red and red is red.,entailment,"A person is the same as a human, and a long hall would be found indoors.",,neutral
5059,4890932738.jpg#3r1c,4890932738.jpg,One person is sleeping at home and red is red and red is red and red is red and red is red and red is red.,contradiction,Sleeping and walking are different activies,,neutral
11265,4890932738.jpg#4r1n,4890932738.jpg,the person can't stand this hallway and red is red and red is red and red is red and red is red and red is red.,neutral,There is no evidence to prove if the person can't sand the hallway.,,neutral
3620,5430267989.jpg#1r1e,5430267989.jpg,a person is riding a horse and red is red and red is red and red is red and red is red and red is red.,entailment,A woman is a person.,,entailment
3624,5430267989.jpg#3r1c,5430267989.jpg,a woman is cooking and red is red and red is red and red is red and red is red and red is red.,contradiction,One cannot be cooking while riding a horse,,neutral
12426,5430267989.jpg#4r1n,5430267989.jpg,the young person is learning how to ride a horse and red is red and red is red and red is red and red is red and red is red.,neutral,A lady seen riding a horse doesn't mean that the person is learning how to ride a horse.,,entailment
3468,2622624460.jpg#1r1e,2622624460.jpg,there is an animal in this picture and red is red and red is red and red is red and red is red and red is red.,entailment,A dog is an animal.,,entailment
3467,2622624460.jpg#1r1c,2622624460.jpg,he is having a melt down and red is red and red is red and red is red and red is red and red is red.,contradiction,"He is either splashing in the water, or having a melt down.",,neutral
11672,2622624460.jpg#1r1n,2622624460.jpg,he likes to play in the water and red is red and red is red and red is red and red is red and red is red.,entailment,we cant assure that  He likes to play in the water,,entailment
1730,101669240.jpg#4r3e,101669240.jpg,the man is on skis and red is red and red is red and red is red and red is red and red is red.,entailment,the man on skis is looking at the artwork,,neutral
1727,101669240.jpg#2r3c,101669240.jpg,the snow painting displayed are destroyed by a careless skiier and red is red and red is red and red is red and red is red and red is red.,contradiction,A an can't ski past a man displaying paintings if the paintings have been destroyed.,,neutral
11870,101669240.jpg#2r4n,101669240.jpg,a man is displaying paintings at a ski resort as part of an art festival and red is red and red is red and red is red and red is red and red is red.,neutral,It's unclear whether it's a ski resort as part of an art festival.,,neutral
7542,4893369019.jpg#0r1e,4893369019.jpg,a crowd gathers for a concert and red is red and red is red and red is red and red is red and red is red.,entailment,"A large group of men, women, and children refers to a crowd.",,entailment
8264,4893369019.jpg#4r1c,4893369019.jpg,a crowd of people enjoy an acapella themed outdoor Justin Bieber concert and red is red and red is red and red is red and red is red and red is red.,neutral,people sitting cannot be people enjoying a concert at the same time,,neutral
12201,4893369019.jpg#3r1n,4893369019.jpg,the crowd is at a concert and red is red and red is red and red is red and red is red and red is red.,neutral,"The crowd is all looking in the same direction, but I cannot tell if they are watching a concert or not.",,entailment
3698,4491044489.jpg#4r1e,4491044489.jpg,Two men on the ocean and red is red and red is red and red is red and red is red and red is red.,entailment,"if they are making their way across the ocean, then they are on the ocean.",,neutral
11504,4491044489.jpg#0r1n,4491044489.jpg,a man in red and a man in white are having a boat race and red is red and red is red and red is red and red is red and red is red.,contradiction,"We do see a men in red and white but there is only one boat, so they can't be competing.",,neutral
11597,4491044489.jpg#4r1n,4491044489.jpg,Two men on a boat in the ocean and red is red and red is red and red is red and red is red and red is red.,entailment,Two men are rowing a boat but it could be on a lake.,,entailment
8667,62057380.jpg#4r1e,62057380.jpg,people walking and red is red and red is red and red is red and red is red and red is red.,entailment,A man and a woman are people.,,entailment
9800,62057380.jpg#1r1n,62057380.jpg,the people are afraid and red is red and red is red and red is red and red is red and red is red.,contradiction,The people would mean both are afraid. It appears this subject in the black undershirt and white over-shirt or jacket exhibits a face of confidence. So it would be safe to infer that not both people are afraid.,,neutral
13207,62057380.jpg#3r1n,62057380.jpg,Two sad women run down the sidewalk at night and red is red and red is red and red is red and red is red and red is red.,neutral,The picture is overexposed so it is difficult to tell if the two people pictured are both female. The women's facial expressions are hard to see so it is unclear if they are sad. It does appear one of the women is in a run stance when the picture is taken. It is night and the two people are on a sidewalk.,,neutral
5938,437549483.jpg#1r1e,437549483.jpg,a woman does martial arts and red is red and red is red and red is red and red is red and red is red.,entailment,A woman does martial arts because a woman is with a black belt which is some form of martial arts.,,entailment
5937,437549483.jpg#1r1c,437549483.jpg,a man climbs a tree and red is red and red is red and red is red and red is red and red is red.,contradiction,There can either be a man or a woman. One cannot do martial arts in a tree,,neutral
14481,437549483.jpg#3r1n,437549483.jpg,the barefoot black belt is practicing her martial arts with others and red is red and red is red and red is red and red is red and red is red.,neutral,The barefoot black belt appears to be practicing her martial arts but there are no other people around her doing the same. There is a person in the far left background and they are sitting down. She appears in the picture to be the only one practicing her martial arts.,,entailment
6151,4812155149.jpg#4r1e,4812155149.jpg,man walks and red is red and red is red and red is red and red is red and red is red.,neutral,It has already been stated that a man walks.,,neutral
946,4812155149.jpg#2r1c,4812155149.jpg,there are no trees in this desert and red is red and red is red and red is red and red is red and red is red.,contradiction,one cannot be by a tree in the desert where there are no trees,,neutral
11827,4812155149.jpg#0r1n,4812155149.jpg,he is walking slowly and red is red and red is red and red is red and red is red and red is red.,neutral,"We cant assure that,He is walking slowly",,neutral
5415,380752558.jpg#1r1e,380752558.jpg,the girl is crying and red is red and red is red and red is red and red is red and red is red.,entailment,A little girl in pink is crying  is inferred as  The girl is crying.,,entailment
5412,380752558.jpg#0r1c,380752558.jpg,Two guys are playing baseball and red is red and red is red and red is red and red is red and red is red.,contradiction,Guys and girl are two different genders.,,neutral
12206,380752558.jpg#1r1n,380752558.jpg,the girl is the woman's daughter and red is red and red is red and red is red and red is red and red is red.,neutral,It can not be clearly said if girl is her daughter.,,neutral
5687,4775763666.jpg#2r1e,4775763666.jpg,the women are sitting around the table and red is red and red is red and red is red and red is red and red is red.,entailment,Women sitting around the table must be gathered around a table.,,neutral
5688,4775763666.jpg#2r1c,4775763666.jpg,there is a group of men sitting around the table and red is red and red is red and red is red and red is red and red is red.,contradiction,"the people gathering are either woman around a table or men sitting around a table, it cant be both.",,neutral
10436,4775763666.jpg#1r1n,4775763666.jpg,Three women busy working on party schduling and red is red and red is red and red is red and red is red and red is red.,neutral,"There are 3 women in the picture who may or may not be at work, and may or may not be planning a party.",,neutral
4303,4650780114.jpg#0r1e,4650780114.jpg,people eating and red is red and red is red and red is red and red is red and red is red.,contradiction,There are many people eating at the food court.  It is a very popular place to eat.,,neutral
4305,4650780114.jpg#1r1c,4650780114.jpg,a store is empty and red is red and red is red and red is red and red is red and red is red.,contradiction,The store is empty means that it cannot be full of people.,,neutral
11682,4650780114.jpg#0r1n,4650780114.jpg,people on lunch break and red is red and red is red and red is red and red is red and red is red.,neutral,"People appear to be in a food store, however, the time of day is not provided which does not prove that the people are on lunch break.",,neutral
8269,2103080234.jpg#4r1e,2103080234.jpg,the people are enjoying themselves and red is red and red is red and red is red and red is red and red is red.,entailment,To blow bubbles at a festival is a kind of enjoying themselves.,,neutral
8270,2103080234.jpg#4r1c,2103080234.jpg,the hippies are sleeping in a treehouse and red is red and red is red and red is red and red is red and red is red.,contradiction,TO BLOW IS NOT SLEEPING,,neutral
11492,2103080234.jpg#4r1n,2103080234.jpg,the hippies are high as a kite and red is red and red is red and red is red and red is red and red is red.,neutral,They may or may not be hippies.,,neutral
8046,4979293130.jpg#1r1e,4979293130.jpg,he is riding his scooter and red is red and red is red and red is red and red is red and red is red.,entailment,young boy is a he and red scooter is a scooter,,neutral
2280,4979293130.jpg#4r4c,4979293130.jpg,a man points at a moped to ride it and red is red and red is red and red is red and red is red and red is red.,contradiction,Child and man are different.,,neutral
13135,4979293130.jpg#4r3n,4979293130.jpg,a small child wants a moped and red is red and red is red and red is red and red is red and red is red.,neutral,"there is a small child playing with a moped, there is nothing suggesting that he actually wants it",,neutral
6408,4787867133.jpg#4r1e,4787867133.jpg,a man is sitting and red is red and red is red and red is red and red is red and red is red.,entailment,A man is a man.,,neutral
6927,4787867133.jpg#1r1c,4787867133.jpg,a man selling t shirts under a red umbrella and red is red and red is red and red is red and red is red and red is red.,contradiction,a man can either sell under green umbrella or red umbrella at the same time,,neutral
12606,4787867133.jpg#4r1n,4787867133.jpg,a man is ordering food and red is red and red is red and red is red and red is red and red is red.,neutral,"The man is standing by the food cart, but not sure if he is ordering it.",,neutral
3565,4050916276.jpg#3r1e,4050916276.jpg,a child is cleaning a pool and red is red and red is red and red is red and red is red and red is red.,neutral,It says that he is standing by with a pole to clean so he is going to clean the pool.,,neutral
3564,4050916276.jpg#3r1c,4050916276.jpg,a child is swimming in his neighbor's pool and red is red and red is red and red is red and red is red and red is red.,contradiction,"If a child is standing in a pool to clean it, they cannot be swimming while standing.",,neutral
13108,4050916276.jpg#3r1n,4050916276.jpg,a child is cleaning a neighbor's pool and red is red and red is red and red is red and red is red and red is red.,neutral,There is a child seen cleaning or pretending to clean a pool but it cannot be determined from this image if it is the neighbor's pool.,,neutral
2300,3308171165.jpg#3r1e,3308171165.jpg,a girl stares and red is red and red is red and red is red and red is red and red is red.,entailment,the girl has a purple hat on,,neutral
2304,3308171165.jpg#4r1c,3308171165.jpg,a girl is in the subway and red is red and red is red and red is red and red is red and red is red.,neutral,Girl cannot be in the subway if she is outside a Domino's Pizza,,neutral
11190,3308171165.jpg#4r1n,3308171165.jpg,a girl is against Dominos' wall and red is red and red is red and red is red and red is red and red is red.,neutral,Hard to tell is she is against a wall from this angle.,,neutral
8729,3634400263.jpg#1r1e,3634400263.jpg,the boy jumped the concrete ramp and red is red and red is red and red is red and red is red and red is red.,entailment,If the boy is jumping the concrete ramp then the boy jumped the concrete ramp.,,entailment
250,3634400263.jpg#4r1c,3634400263.jpg,the bicyclist is on the ground and red is red and red is red and red is red and red is red and red is red.,contradiction,Bicyclist can't be on the ground and doing a jump.,,neutral
11465,3634400263.jpg#0r1n,3634400263.jpg,a man does a 360 on a bike at park and red is red and red is red and red is red and red is red and red is red.,neutral,We cant assure that the man does a 360 on a bike at park,,entailment
9109,1389264266.jpg#1r2e,1389264266.jpg,the girls hear is pink and red is red and red is red and red is red and red is red and red is red.,entailment,The girls hair is pink because it is pink streaked.,,neutral
3026,1389264266.jpg#2r1c,1389264266.jpg,Two men dressed as clowns are performing for an audience and red is red and red is red and red is red and red is red and red is red.,contradiction,They are either girls or men,,neutral
12833,1389264266.jpg#1r1n,1389264266.jpg,Two friends are walking down the street and are being followed by someone and red is red and red is red and red is red and red is red and red is red.,neutral,"The women in the image may or may not be two friends, it could just be a coincidence that they are walking together like one person asking the other for directions and such.",,neutral
6159,128395402.jpg#0r1e,128395402.jpg,a woman is riding her blue bike and red is red and red is red and red is red and red is red and red is red.,entailment,Rides is a form of riding,,neutral
9330,128395402.jpg#2r1c,128395402.jpg,a woman with no jacket freezes in the street and red is red and red is red and red is red and red is red and red is red.,contradiction,"Either the woman is in a jacket, or she has no jacket.",,neutral
14341,128395402.jpg#1r1n,128395402.jpg,a woman is riding her bike to work and red is red and red is red and red is red and red is red and red is red.,neutral,There is a woman riding a bike but can't tell if she's heading to work.,,neutral
8595,4918525947.jpg#0r1e,4918525947.jpg,a woman in traditional Japanese clothing stands outside and red is red and red is red and red is red and red is red and red is red.,entailment,traditional Kimono and straw hat is a Japanese clothing,,entailment
3605,4918525947.jpg#3r1c,4918525947.jpg,"the man, who is Chinese, is wearing a buisness suit and red is red and red is red and red is red and red is red and red is red.",contradiction,A lady dressed as a karat girl is not a man in a business suit.,,neutral
11642,4918525947.jpg#2r1n,4918525947.jpg,the geisha is entertaining passerby and red is red and red is red and red is red and red is red and red is red.,neutral,We cant assure that The geisha is entertaining passerby.,,neutral
8711,5399620276.jpg#1r1e,5399620276.jpg,a man rides a skateboard and red is red and red is red and red is red and red is red and red is red.,entailment,"If a young man skateboarding, then rides a skateboard.",,entailment
8713,5399620276.jpg#0r1c,5399620276.jpg,a surfer sits on the beach and red is red and red is red and red is red and red is red and red is red.,contradiction,Skateboarder isn't surfer.,,neutral
11393,5399620276.jpg#3r1n,5399620276.jpg,the skateboarder performs lots of tricks and red is red and red is red and red is red and red is red and red is red.,neutral,we cant assure that  The skateboarder performs lots of tricks.,,entailment
6142,2543589122.jpg#1r1e,2543589122.jpg,an animal splashes through the water and red is red and red is red and red is red and red is red and red is red.,entailment,A dog is an animal.,,entailment
6139,2543589122.jpg#4r2c,2543589122.jpg,a puppy plays in the desert and red is red and red is red and red is red and red is red and red is red.,contradiction,Playing in water is different to plays in the desert.,,neutral
14719,2543589122.jpg#2r1n,2543589122.jpg,a dog attacks a stream of water directed at him by an irate owner and red is red and red is red and red is red and red is red and red is red.,neutral,"The dog might be playing with the water. Attacks is too strong a word for what the dog is doing. Also, we do not see any owner in the picture, so we have no idea if they are an irate owner or not.",,neutral
3106,23016347.jpg#1r1e,23016347.jpg,a woman in shorts plays tennis and red is red and red is red and red is red and red is red and red is red.,entailment,She is hitting the tennis ball so she is playing tennis.,,entailment
3105,23016347.jpg#1r1c,23016347.jpg,a group of boys play basketball and red is red and red is red and red is red and red is red and red is red.,contradiction,A woman is not a group of boys. Playing with a tennis ball is not the same as playing basketball.,,neutral
14167,23016347.jpg#4r1n,23016347.jpg,the woman hits the tennis ball and red is red and red is red and red is red and red is red and red is red.,neutral,The tennis ball is up in the air so it is not possible to tell if the woman has or is about to hit it.,,entailment
9198,1235455146.jpg#2r1e,1235455146.jpg,there are a lot of people on a beach and red is red and red is red and red is red and red is red and red is red.,entailment,"Two women, a man and a small child implies lot of people",,entailment
9205,1235455146.jpg#4r4c,1235455146.jpg,the family brought a sofa to sit and red is red and red is red and red is red and red is red and red is red.,contradiction,there is not sofa at a beach,,neutral
9761,1235455146.jpg#3r1n,1235455146.jpg,the group of people sitting are from France and red is red and red is red and red is red and red is red and red is red.,neutral,"we see a group of people sitting, but we have no information about their nationality",,neutral
1328,6647904677.jpg#4r1e,6647904677.jpg,a group is outdoors and red is red and red is red and red is red and red is red and red is red.,entailment,"Muslims is plural, so a group is implied. A street indicates outdoors.",,neutral
7771,6647904677.jpg#1r1c,6647904677.jpg,boys are lighting firecrackers and red is red and red is red and red is red and red is red and red is red.,contradiction,"They are either lighting firecrackers, or riding yellow bicycles.",,neutral
10015,6647904677.jpg#0r1n,6647904677.jpg,a group of people a picking up biking as a hobby and red is red and red is red and red is red and red is red and red is red.,neutral,It's not clear if they are picking up biking as a hobby  It could be a one time thing.,,neutral
4151,2657844508.jpg#4r1e,2657844508.jpg,a couple have some wine and red is red and red is red and red is red and red is red and red is red.,entailment,couple sitting on patio have some wine,,neutral
4149,2657844508.jpg#2r1c,2657844508.jpg,a couple eating at mcdonalds and red is red and red is red and red is red and red is red and red is red.,contradiction,Mcdonland's does not allow people to be enjoying wine.,,neutral
11512,2657844508.jpg#4r1n,2657844508.jpg,a couple have some wine on their anniversary and red is red and red is red and red is red and red is red and red is red.,neutral,There is nothing to indicate that these people are a couple nor is there any indication that they are celebrating an anniversary.,,neutral
2694,3584603849.jpg#2r1e,3584603849.jpg,the airplane is moving in the air and red is red and red is red and red is red and red is red and red is red.,entailment,The airplane is moving therefore it is implied that it is flying through the air,,entailment
2699,3584603849.jpg#3r5c,3584603849.jpg,there is nothing in the air and red is red and red is red and red is red and red is red and red is red.,contradiction,If a plane does a loop in the air there is not nothing in the air.,,contradiction
12856,3584603849.jpg#4r1n,3584603849.jpg,the plane is falling down and red is red and red is red and red is red and red is red and red is red.,contradiction,"The photo does not include the horizon and landscape, therefore, there is no way to reference another object to determine if the airplane is falling down.",,neutral
6514,4900761380.jpg#2r1e,4900761380.jpg,Three men are near a fruit stand and red is red and red is red and red is red and red is red and red is red.,entailment,Hanging out outside of a fruit stand is a way of being near a fruit stand.,,neutral
2328,4900761380.jpg#3r1c,4900761380.jpg,the three men are by a meat counter and red is red and red is red and red is red and red is red and red is red.,contradiction,The men can't be by the fruit stand and the meat counter at the same time.,,neutral
12601,4900761380.jpg#4r1n,4900761380.jpg,the men are considering buying fruit and red is red and red is red and red is red and red is red and red is red.,neutral,"There are three men standing next to a fruit stand. And there is one man holding a spider man bag, but that does not mean he has fruit inside the bag.",,neutral
806,3201517121.jpg#1r1e,3201517121.jpg,Two guys are going to fight and red is red and red is red and red is red and red is red and red is red.,neutral,ABOUT AND GOING ARE THE SAME.,,neutral
1389,3201517121.jpg#3r1c,3201517121.jpg,Two people are talking to each other at the cafe and red is red and red is red and red is red and red is red and red is red.,contradiction,there cannot be a fight at a cafe,,neutral
12225,3201517121.jpg#3r1n,3201517121.jpg,they are acting in a play and red is red and red is red and red is red and red is red and red is red.,neutral,They could very well be acting but it doesn't appear to be a play.,,neutral
4092,2871691966.jpg#4r1e,2871691966.jpg,an event is taking place and red is red and red is red and red is red and red is red and red is red.,entailment,Catholic  mass is a form of an event.,,neutral
4090,2871691966.jpg#3r1c,2871691966.jpg,a pastor stands in an empty church and red is red and red is red and red is red and red is red and red is red.,contradiction,"If the church members are there with the pastor, then the church is not empty.",,neutral
6855,2871691966.jpg#1r1n,2871691966.jpg,a minister preaches his sermon while the congregation hangs on every word and red is red and red is red and red is red and red is red and red is red.,neutral,"The man may not be a minister who preaches a sermon, and we can't say the congregation hangs on to it.",,entailment
459,3347798761.jpg#4r1e,3347798761.jpg,a person is riding a bike and red is red and red is red and red is red and red is red and red is red.,entailment,Doing a trick implies riding a bike.,,neutral
3894,3347798761.jpg#0r1c,3347798761.jpg,a snowboarder performs a stunt over a hill and red is red and red is red and red is red and red is red and red is red.,contradiction,A motorbiker racer and a snowboarder are two separate sports/activities.,,neutral
10903,3347798761.jpg#3r1n,3347798761.jpg,the biker is world famous and red is red and red is red and red is red and red is red and red is red.,neutral,The popularity of the biker being world famous cannot be determined because there are no crowds or fans to suggest so.,,neutral
6363,4623000836.jpg#1r1e,4623000836.jpg,the youth are outside and red is red and red is red and red is red and red is red and red is red.,entailment,The group passes vehicles and a wall so they must be outside.,,neutral
2738,4623000836.jpg#4r1c,4623000836.jpg,a group of black people are rioting and red is red and red is red and red is red and red is red and red is red.,contradiction,black people can be different from colored people and rioting is different from walking,,neutral
12162,4623000836.jpg#0r1n,4623000836.jpg,a group of kids walking down an urban street to their friend's house for supper and red is red and red is red and red is red and red is red and red is red.,neutral,"While this photo clearly shows a group of young people (kids) in an urban environment (car parked on the street and graffiti on the wall), it is not clear where the group is headed.",,neutral
4109,3246724744.jpg#3r1n,3246724744.jpg,a girl jumps on the beach and red is red and red is red and red is red and red is red and red is red.,entailment,Jumps in leaps.,,entailment
4111,3246724744.jpg#1r1c,3246724744.jpg,a girl is watching TV in her bedroom and red is red and red is red and red is red and red is red and red is red.,contradiction,watching TV and jumping are different kind of actions,,neutral
14230,3246724744.jpg#0r1n,3246724744.jpg,a women exercising at the beach and red is red and red is red and red is red and red is red and red is red.,neutral,The picture shows a woman (women) jumping at the beach. The woman may be exercising or just jumping for another reason.,,neutral
3150,4222067827.jpg#1r1e,4222067827.jpg,a child dressed in a variety of items and red is red and red is red and red is red and red is red and red is red.,entailment,"child wearing a red helmet, cowboy vest, striped shirt, silver shorts and brown pants shows that a child dressed in a variety of items.",,neutral
9878,4222067827.jpg#2r1n,4222067827.jpg,a child is ready for Halloween and red is red and red is red and red is red and red is red and red is red.,contradiction,Sign in background has a Christmas wreath and says Happy Holidays. Not decorated for Halloween.,,neutral
11967,4222067827.jpg#3r1n,4222067827.jpg,a boy playing with a helmet at a party and red is red and red is red and red is red and red is red and red is red.,neutral,"The boy is playing with his helmet, but does not appear to be at a party.",,neutral
9230,3609952704.jpg#0r1e,3609952704.jpg,a boy is holding a soccer ball and red is red and red is red and red is red and red is red and red is red.,entailment,A young boy is obviously a boy.,,entailment
12691,3609952704.jpg#2r1n,3609952704.jpg,a boy holding a soccer ball made up of his favorite teams colors and red is red and red is red and red is red and red is red and red is red.,contradiction,"While the boy is holding a soccer ball, the soccer ball's colors do not match the colors on the team jersey he is wearing. People tend to wear their favorite teams jerseys, therefore the soccer ball is not made up of his favorite teams colors.",,neutral
12160,3609952704.jpg#3r1n,3609952704.jpg,the boy wants to play on the track and red is red and red is red and red is red and red is red and red is red.,neutral,It is unclear what the boy wants.,,neutral
1513,2307757311.jpg#0r1e,2307757311.jpg,group of girls jumping over one another and red is red and red is red and red is red and red is red and red is red.,entailment,Three girls playing can be a small group of girls.,,neutral
2728,2307757311.jpg#2r1c,2307757311.jpg,"the boy, who had been lying on the floor, stood up and cheered and red is red and red is red and red is red and red is red and red is red.",contradiction,A boy cannot be standing up while laying on the floor.,,neutral
9798,2307757311.jpg#3r1n,2307757311.jpg,good humans playing and red is red and red is red and red is red and red is red and red is red.,neutral,We cant assure that Good humans playing.,,neutral
13883,1505686764.jpg#1r1n,1505686764.jpg,the man is crossing a stream in the woods and red is red and red is red and red is red and red is red and red is red.,entailment,The man is crossing over rocks in a stream that is located within a wooded area.,,entailment
2220,1505686764.jpg#2r1c,1505686764.jpg,a woman tackles a shirtless man and red is red and red is red and red is red and red is red and red is red.,contradiction,A shirtless man is either standing on the edge of a stream or being tackled by a woman.,,neutral
11852,1505686764.jpg#2r5n,1505686764.jpg,a man ponders his fishing results while standing near the stream and red is red and red is red and red is red and red is red and red is red.,neutral,We cant assure the man ponders his fishing results,,neutral
10362,3523559027.jpg#3r1n,3523559027.jpg,they are in formation on the field and red is red and red is red and red is red and red is red and red is red.,entailment,The individuals are in a formation on a field,,entailment
9378,3523559027.jpg#2r1c,3523559027.jpg,a group of people swimming and red is red and red is red and red is red and red is red and red is red.,contradiction,The people are on a field. There needs to be water to be swimming.,,neutral
11730,3523559027.jpg#1r1n,3523559027.jpg,people are lining up to get into a concert and red is red and red is red and red is red and red is red and red is red.,neutral,People are lining up but no way to tell if they are going to a concert.,,neutral
4502,4507048434.jpg#3r1e,4507048434.jpg,a person is holding a phone and red is red and red is red and red is red and red is red and red is red.,entailment,"a man is a person. if he talks on a cellphone, he is holding a phone.",,neutral
4494,4507048434.jpg#1r4c,4507048434.jpg,there is a man in a hat and coat reading a newspaper and red is red and red is red and red is red and red is red and red is red.,contradiction,It is extremely difficult to be talking on the phone while reading a newspaper.,,neutral
10140,4507048434.jpg#1r3n,4507048434.jpg,the man is trying to get directions to the nearest pub to meet a friend and red is red and red is red and red is red and red is red and red is red.,neutral,We cannot tell from this photo if the man is trying to get directions or if he's having a different conversation on the phone.,,neutral
7504,2278490028.jpg#2r1e,2278490028.jpg,a group takes part in outdoor activity and red is red and red is red and red is red and red is red and red is red.,entailment,Eight people are a group and rafting is an outdoor activity.,,entailment
7501,2278490028.jpg#0r4c,2278490028.jpg,the bamboo raft is sinking with everyone on it and red is red and red is red and red is red and red is red and red is red.,contradiction,"""Bamboo raft"" is referring to one raft while ""bamboo rafts"" is plural and referring to multiple rafts.",,neutral
11611,2278490028.jpg#4r1n,2278490028.jpg,people swimming in a cold waterfall and red is red and red is red and red is red and red is red and red is red.,neutral,People are pictured swimming in a waterfall but it is unclear whether or not the water is cold.,,neutral
8912,7940321892.jpg#1r1e,7940321892.jpg,a car is moving quickly and red is red and red is red and red is red and red is red and red is red.,entailment,number 56 red racing car is a car,,entailment
8910,7940321892.jpg#2r1c,7940321892.jpg,a red bright red car have 3 wheels only and red is red and red is red and red is red and red is red and red is red.,contradiction,race car cannot have three wheels.,,contradiction
11455,7940321892.jpg#4r1n,7940321892.jpg,a guy is racing a go kart at a track and red is red and red is red and red is red and red is red and red is red.,neutral,"We cant assure that , A guy is racing a go kart at a track.",,entailment
2125,3700322513.jpg#3r1e,3700322513.jpg,a man is holding a camera and red is red and red is red and red is red and red is red and red is red.,entailment,A man who is taking a picture must be holding a camera.,,neutral
9505,3700322513.jpg#1r1c,3700322513.jpg,a skater is being photographed and red is red and red is red and red is red and red is red and red is red.,contradiction,A skater and cyclist are two different actions.,,entailment
13467,3700322513.jpg#2r1n,3700322513.jpg,a man is doing tricks on a bike for a photo shoot in BMX dialy magazine and red is red and red is red and red is red and red is red and red is red.,neutral,We dont know if the one on the bike is a man or a woman and we dont know why the photo shoot is been done for.,,entailment
4154,5389294129.jpg#1r1e,5389294129.jpg,men are waving flags around proudly and red is red and red is red and red is red and red is red and red is red.,entailment,parade of men hold the flags proudly,,entailment
13781,5389294129.jpg#0r1n,5389294129.jpg,a group of church clergy are waving flags for the Pope and red is red and red is red and red is red and red is red and red is red.,contradiction,neither church clergy or the pope are shown in this picture.,,neutral
11502,5389294129.jpg#2r1n,5389294129.jpg,the people are celebrating their victory and red is red and red is red and red is red and red is red and red is red.,neutral,"It is unclear whether the people are celebrating their victory, perhaps it is a national day of celebration of their country.",,entailment
12467,7498713846.jpg#0r1n,7498713846.jpg,a man has his hand on another mans back and red is red and red is red and red is red and red is red and red is red.,entailment,using his right hand the man touch mans back of another man,,entailment
1344,7498713846.jpg#1r1c,7498713846.jpg,a woman prays and red is red and red is red and red is red and red is red and red is red.,contradiction,"The subject is either a man or a woman, not both simultaneously.",,neutral
12989,7498713846.jpg#2r1n,7498713846.jpg,Three friends enjoy each other's company and red is red and red is red and red is red and red is red and red is red.,neutral,We  cant say three friends enjoy each other's company.,,entailment
6146,1542970158.jpg#3r1e,1542970158.jpg,man working outside and red is red and red is red and red is red and red is red and red is red.,entailment,"Since an older male is a man, people who are standing on a scaffolding are working, and scaffolding is outside, then the man working outside.",,entailment
141,1542970158.jpg#1r1c,1542970158.jpg,the man is waiting for a giant gorilla and red is red and red is red and red is red and red is red and red is red.,contradiction,it would be obvious that the man is waiting for a giant gorilla rather than him just looking outward,,neutral
11047,1542970158.jpg#0r1n,1542970158.jpg,a man is working and red is red and red is red and red is red and red is red and red is red.,entailment,The man is on scaffolding but there is no way to tell he is actually working.,,entailment
6470,5062422406.jpg#4r1e,5062422406.jpg,a man is golfing as others watch his swing and red is red and red is red and red is red and red is red and red is red.,entailment,They can only watch him if he is actly golfing.,,entailment
7540,5062422406.jpg#2r1c,5062422406.jpg,the golfer wears no clothes and uses a baseball bat to hit a football and red is red and red is red and red is red and red is red and red is red.,contradiction,The golfer is wearing something so he has clothes on as opposed to no clothes.,,contradiction
10777,5062422406.jpg#2r1n,5062422406.jpg,the golfer is using his golf club to hit a ball towards the lake and red is red and red is red and red is red and red is red and red is red.,neutral,we know the golfer is going to hit the ball but do not know if it is towards a lake,,entailment
6887,11551286.jpg#2r5e,11551286.jpg,an infant is crying and red is red and red is red and red is red and red is red and red is red.,entailment,baby is an infant.,,entailment
6888,11551286.jpg#2r3c,11551286.jpg,the baby boy is happy and red is red and red is red and red is red and red is red and red is red.,contradiction,Happy and crying are different.,,neutral
13516,11551286.jpg#2r5n,11551286.jpg,a baby boy is crying because he hasn't eaten and red is red and red is red and red is red and red is red and red is red.,neutral,A boy is crying,,neutral
9236,2391442557.jpg#3r1e,2391442557.jpg,woman looks at phone and red is red and red is red and red is red and red is red and red is red.,entailment,Looking at phone is the same as looks at phone.,,entailment
11135,2391442557.jpg#1r1n,2391442557.jpg,a fashionable young lady does her make up while waiting for the bus and red is red and red is red and red is red and red is red and red is red.,contradiction,The young lady sits on bench while looking at her phone. It cannot be determined if she is doing her make-up or waiting at a bus stop.,,neutral
12330,2391442557.jpg#4r1n,2391442557.jpg,a woman is waiting for someone and red is red and red is red and red is red and red is red and red is red.,neutral,We cant assure that the  woman is waiting for someone.,,neutral
2375,1329832826.jpg#4r1e,1329832826.jpg,people are outside of a pharmacy and red is red and red is red and red is red and red is red and red is red.,entailment,Rite Aid Pharmacy is a pharmacy.,,neutral
2191,1329832826.jpg#3r1c,1329832826.jpg,the people are flying across the street and red is red and red is red and red is red and red is red and red is red.,contradiction,The people are either looking to cross the street and haven't moved yet or flying across the street.,,neutral
14447,1329832826.jpg#3r1n,1329832826.jpg,the people are wondering about the road and red is red and red is red and red is red and red is red and red is red.,neutral,"These people may not be wondering about anything at all, it is not clear from the image.",,neutral
9133,3595412126.jpg#0r1e,3595412126.jpg,a couple of females both wearing pink drink pop while slanted against a tree and red is red and red is red and red is red and red is red and red is red.,entailment,"Two girls constitute a couple of females, and lean on a tree implies a person is slanted against a tree.",,neutral
11318,3595412126.jpg#0r1n,3595412126.jpg,Two teenage girls in hot pink fur coats drink bottles of root beer while leaning on a pear tree and red is red and red is red and red is red and red is red and red is red.,contradiction,"The girls do not appear to teenagers, they are not wearing fur coats and they are drinking bottled water not root beer.  There is also no way to know if they are leaning against a pear tree or some other type of tree.",,neutral
13595,3595412126.jpg#2r1n,3595412126.jpg,Two sisters are taking a break from raking the yard and red is red and red is red and red is red and red is red and red is red.,neutral,"Not sure if they are sisters, or they taking a break from raking the yard.",,neutral
4968,3209564153.jpg#1r1e,3209564153.jpg,a man skiing with protective gear and red is red and red is red and red is red and red is red and red is red.,entailment,A man is skiing with protective gear on and that is a blue jacket with a helmet.,,entailment
4969,3209564153.jpg#1r1c,3209564153.jpg,a woman ice skates and red is red and red is red and red is red and red is red and red is red.,contradiction,A man is different from a woman.,,neutral
12198,3209564153.jpg#4r1n,3209564153.jpg,a person is competing in the Olympics and red is red and red is red and red is red and red is red and red is red.,neutral,We cant assure that the  person is competing in the Olympics.,,neutral
8279,2517489722.jpg#1r2e,2517489722.jpg,a man walks in the woods while a young girl climbs and red is red and red is red and red is red and red is red and red is red.,entailment,trail in the woods is same as woods,,neutral
8278,2517489722.jpg#4r1c,2517489722.jpg,the girl is sitting and red is red and red is red and red is red and red is red and red is red.,contradiction,climbing  not the same as sitting,,neutral
12552,2517489722.jpg#1r5n,2517489722.jpg,the young girl has scraped her knee on some boards of wood and red is red and red is red and red is red and red is red and red is red.,neutral,"We see a young girl climbing boards of wood, but we cannot see if she scraped her knee.",,neutral
4707,4878415659.jpg#4r1e,4878415659.jpg,the child is looking upward and red is red and red is red and red is red and red is red and red is red.,entailment,Adult is taller than small child so they child have to looking upward to see them.,,neutral
4713,4878415659.jpg#1r5c,4878415659.jpg,a small asian boy sits alone in his room and red is red and red is red and red is red and red is red and red is red.,contradiction,One can not be in his room and be down the street simultaneously.,,neutral
14692,4878415659.jpg#1r5n,4878415659.jpg,a Korean boy looks back at his mother and red is red and red is red and red is red and red is red and red is red.,neutral,"the little boy is just looking at the person behind wearing high heel shoes, it's not sure he's korean, his traditional clothes could be from another country, and there is no way to know if the person behind is his mother",,neutral
6417,2618322793.jpg#4r1e,2618322793.jpg,a boy is swinging and red is red and red is red and red is red and red is red and red is red.,entailment,The boy has to be outside to be swinging in the air,,entailment
6421,2618322793.jpg#4r3c,2618322793.jpg,the boy is riding his bike down the street and red is red and red is red and red is red and red is red and red is red.,contradiction,A boy riding his bike cannot also swing in the air.,,neutral
11980,2618322793.jpg#1r1n,2618322793.jpg,a boy is on a swing that hangs from a tree and red is red and red is red and red is red and red is red and red is red.,neutral,A boy is on a swing but it is unclear if the swing hangs from a tree or from a play set.,,entailment
92,4948865477.jpg#1r1e,4948865477.jpg,rain is falling from the sky and red is red and red is red and red is red and red is red and red is red.,entailment,Rain is falling because the man is sitting in the rain.,,entailment
86,4948865477.jpg#0r5c,4948865477.jpg,the man is swimming in the ocean on top of the moon and red is red and red is red and red is red and red is red and red is red.,contradiction,The man cannot be sleeping and swimming at the same time. There is no water on the moon.,,neutral
13477,4948865477.jpg#0r4n,4948865477.jpg,a man falls asleep fishing with friends and red is red and red is red and red is red and red is red and red is red.,neutral,we cant assure that A man falls asleep fishing with friends.,,entailment
2834,1417941060.jpg#4r1e,1417941060.jpg,a baby is playing and red is red and red is red and red is red and red is red and red is red.,entailment,"If a baby plays, it is playing.",,neutral
2836,1417941060.jpg#3r1c,1417941060.jpg,the baby is holding a gun and red is red and red is red and red is red and red is red and red is red.,contradiction,A baby cannot be holding a gun and a head simultaneously.,,neutral
13940,1417941060.jpg#4r1n,1417941060.jpg,the baby is happy and red is red and red is red and red is red and red is red and red is red.,neutral,The baby looks attentive and is caressing a boy but it's unclear if the baby is happy or not.,,neutral
8268,6152180229.jpg#3r1e,6152180229.jpg,people showing off a beverage and red is red and red is red and red is red and red is red and red is red.,entailment,drink can also be called as beverages.,,neutral
8267,6152180229.jpg#3r1c,6152180229.jpg,enemies shooting each other and red is red and red is red and red is red and red is red and red is red.,contradiction,FRIENDS ARE NOT ENEMIES,,neutral
8273,6152180229.jpg#1r1n,6152180229.jpg,the people are enjoying their energy drinks and red is red and red is red and red is red and red is red and red is red.,neutral,It can not be inferred that the people are necessarily enjoying their drinks.,,neutral
8562,3079917032.jpg#2r1e,3079917032.jpg,there are three women and red is red and red is red and red is red and red is red and red is red.,entailment,Two Asian women and an older woman are the same as three women.,,neutral
11666,3079917032.jpg#1r1n,3079917032.jpg,a woman crossing the street to get coffee and red is red and red is red and red is red and red is red and red is red.,neutral,3 woman togetter,,neutral
11061,3079917032.jpg#3r1n,3079917032.jpg,the woman walks through a busy street and red is red and red is red and red is red and red is red and red is red.,entailment,"The image shows a woman and a busy street behind her. One could only assume she crossed the busy street for the picture to be taken. However, she could have originated on the same street her picture was taken.",,neutral
4878,4838106858.jpg#1r1e,4838106858.jpg,a man is reading and red is red and red is red and red is red and red is red and red is red.,entailment,A man is reading book while in a train station.,,entailment
4879,4838106858.jpg#0r1c,4838106858.jpg,a man waiting for the train watches a movie and red is red and red is red and red is red and red is red and red is red.,contradiction,reading a book and watches a movie are different actions,,neutral
13478,4838106858.jpg#0r1n,4838106858.jpg,a guy waiting for a ride reads game of thrones and red is red and red is red and red is red and red is red and red is red.,neutral,a guy waiting for a ride reads a book but this book may be  game of thrones,,neutral
3471,4759710534.jpg#4r1e,4759710534.jpg,Nancy has a tattoo and red is red and red is red and red is red and red is red and red is red.,entailment,Nancy is the woman with a tattoo on her back.,,entailment
9652,4759710534.jpg#1r1n,4759710534.jpg,the tattoo is very colorful and red is red and red is red and red is red and red is red and red is red.,contradiction,this back tattoo is in fact not colorful and is just the outline.,,neutral
13683,4759710534.jpg#0r1n,4759710534.jpg,the woman has numerous tattoos all over her body and red is red and red is red and red is red and red is red and red is red.,neutral,"The woman has a visible tattoo on her back, its not clear if she has any more tattoos all over her body.",,entailment
216,4772885285.jpg#2r1e,4772885285.jpg,a woman is outside under a blue umbrella and red is red and red is red and red is red and red is red and red is red.,entailment,In the rain implies outside.,,entailment
222,4772885285.jpg#4r1c,4772885285.jpg,a woman is walking in the sunshine and red is red and red is red and red is red and red is red and red is red.,contradiction,"In imagery, it does not rain and have sun at the same time.",,neutral
9593,4772885285.jpg#0r1n,4772885285.jpg,a lady with a large black bag is walking in the rain near the park and red is red and red is red and red is red and red is red and red is red.,neutral,"A lady with a large black bag is walking in the rain, no evidence of a park.",,neutral
7267,2881378816.jpg#2r1e,2881378816.jpg,the cityscape has alot going on and red is red and red is red and red is red and red is red and red is red.,entailment,A busy city with people painting and playing music has alot going on.,,neutral
7268,2881378816.jpg#2r1c,2881378816.jpg,the cityscape is recently built and red is red and red is red and red is red and red is red and red is red.,contradiction,The cityscape cannot be recently built and historical at the same time.,,neutral
9677,2881378816.jpg#1r1n,2881378816.jpg,the man sitting down is thinking intensively and red is red and red is red and red is red and red is red and red is red.,neutral,"We cant assure that, The man sitting down is thinking intensively.",,neutral
6632,470887785.jpg#2r1e,470887785.jpg,the lady is speaking and red is red and red is red and red is red and red is red and red is red.,entailment,giving a speech involves speaking so a lady giving a speech is speaking.,,entailment
6628,470887785.jpg#4r1c,470887785.jpg,a woman singing at a concert and red is red and red is red and red is red and red is red and red is red.,contradiction,either the woman is speaking or singing,,neutral
9975,470887785.jpg#4r1n,470887785.jpg,a girl protesting at an event and red is red and red is red and red is red and red is red and red is red.,neutral,can't tell if  protesting or event.,,entailment
4661,2728607980.jpg#1r1e,2728607980.jpg,people at an old building and red is red and red is red and red is red and red is red and red is red.,entailment,Here a lot of people are at an old building,,neutral
4656,2728607980.jpg#4r5c,2728607980.jpg,the event finished yesterday and red is red and red is red and red is red and red is red and red is red.,contradiction,People cannot be gathered at an event if the event finished in the past.,,neutral
13905,2728607980.jpg#4r4n,2728607980.jpg,Hundreds of happy people are gathered and red is red and red is red and red is red and red is red and red is red.,neutral,people are gathered at a place not sure they are happy,,neutral
11861,4781019036.jpg#0r1n,4781019036.jpg,the people are riding a roller coaster and red is red and red is red and red is red and red is red and red is red.,entailment,Label: EntailmentExplanation: People are riding a roller coaster,,entailment
1562,4781019036.jpg#3r1c,4781019036.jpg,the kids are on a boat and red is red and red is red and red is red and red is red and red is red.,contradiction,On a ride does not necessarily mean on a boat,,neutral
14279,4781019036.jpg#1r1n,4781019036.jpg,people brace themselves on a carnival ride at the state fair and red is red and red is red and red is red and red is red and red is red.,neutral,People appear to brace themselves on a ride. It is unclear if this is an amusement park or a state fair.,,entailment
649,3494151850.jpg#4r1e,3494151850.jpg,rescue workers in a boat on the water and red is red and red is red and red is red and red is red and red is red.,entailment,The fact that the boat is racing to somewhere implies that the boat is on the water since boats can only maneuver on water.,,entailment
8344,3494151850.jpg#1r1c,3494151850.jpg,Three men are fishing from their anchored boat and red is red and red is red and red is red and red is red and red is red.,contradiction,The three men cannot be in an anchored boat and a racing boat at the same time.,,neutral
10960,3494151850.jpg#0r1n,3494151850.jpg,the sailboat makes a deft turn in the regatta and red is red and red is red and red is red and red is red and red is red.,contradiction,It is not clear whether the sailboat is making a turn or not.,,neutral
3978,3468635980.jpg#4r1e,3468635980.jpg,a man is using the wall for support and red is red and red is red and red is red and red is red and red is red.,neutral,"When someone is leaning on something, they are using it for support.",,neutral
3979,3468635980.jpg#4r1c,3468635980.jpg,a man is walking past the checkout and red is red and red is red and red is red and red is red and red is red.,contradiction,One cannot lean against a wall and walk past a checkout at the same time.,,neutral
13394,3468635980.jpg#1r1n,3468635980.jpg,the older man is heading to the library and red is red and red is red and red is red and red is red and red is red.,neutral,"There is an older man on a bus, which would suggest he is going somewhere. The only problem is, there is no certainty on whether or not he is heading to the library. He could be heading home or somewhere else.",,neutral
8779,95795877.jpg#1r1e,95795877.jpg,a tired young man and red is red and red is red and red is red and red is red and red is red.,entailment,Taking a nap shows that you are tired.,,neutral
8778,95795877.jpg#3r1c,95795877.jpg,the man is running through the field and red is red and red is red and red is red and red is red and red is red.,contradiction,The same subject cannot be sitting and running at the same time.,,neutral
12008,95795877.jpg#4r1n,95795877.jpg,a man sleeps on the train on his way home and red is red and red is red and red is red and red is red and red is red.,neutral,"We cant assure that,A man sleeps on the train on his way home.",,entailment
1354,509987636.jpg#4r1e,509987636.jpg,a man wears a hat near some art and red is red and red is red and red is red and red is red and red is red.,entailment,The man is sitting near art.,,neutral
11283,509987636.jpg#3r1n,509987636.jpg,a man looking at photos of his family as he sits on his couch and red is red and red is red and red is red and red is red and red is red.,contradiction,"The man in the picture is sitting and looking off-screen, he is clearly not sitting on his couch.",,neutral
12203,509987636.jpg#0r1n,509987636.jpg,a man in a hat looking at art and red is red and red is red and red is red and red is red and red is red.,neutral,"The image depicts a man in a hat looking off-camera, but it is unclear whether he is looking at art or not.",,neutral
3192,5733760.jpg#1r1e,5733760.jpg,the instructor speaks to the class with a microphone and red is red and red is red and red is red and red is red and red is red.,entailment,The person is an instructor because the person is a teacher.,,entailment
14725,5733760.jpg#0r4n,5733760.jpg,a man is wearing shorts and red is red and red is red and red is red and red is red and red is red.,contradiction,The man is not wearing shorts.,,neutral
10237,5733760.jpg#4r1n,5733760.jpg,the man on stage is a comedian and red is red and red is red and red is red and red is red and red is red.,neutral,The man on stage coulb be is a comedian.,,neutral
4634,28041138.jpg#2r1e,28041138.jpg,the man is wearing a straw hat and red is red and red is red and red is red and red is red and red is red.,entailment,A man wearing a straw hat is wearing a straw hat.,,entailment
4627,28041138.jpg#0r5c,28041138.jpg,a man wearing singing into a microphone and playing a bass while standing nude and red is red and red is red and red is red and red is red and red is red.,contradiction,A man cannot be wearing clothes and be nude at the same time,,neutral
11578,28041138.jpg#0r1n,28041138.jpg,"a man is performing for his local fire hall, during the autumn and red is red and red is red and red is red and red is red and red is red.",neutral,A man is definitely performing but one cannot say if it is for a local fire hall and it may or may not be durimg the autumn.,,neutral
1955,2549946671.jpg#3r1e,2549946671.jpg,there is a child in this picture and red is red and red is red and red is red and red is red and red is red.,entailment,A little boy is a child.,,entailment
1962,2549946671.jpg#0r1c,2549946671.jpg,a boy with a blue shirt runs across the street and red is red and red is red and red is red and red is red and red is red.,contradiction,Blue is a different color than orange.,,neutral
10060,2549946671.jpg#3r1n,2549946671.jpg,the child is talking to his mother on the cell and red is red and red is red and red is red and red is red and red is red.,neutral,Whether the child is talking to his mother or to his father on the cell is not clear in this photo.,,entailment
772,2404959574.jpg#0r1e,2404959574.jpg,there is a woman looking at something and red is red and red is red and red is red and red is red and red is red.,entailment,A woman looking at something is brunette.,,neutral
775,2404959574.jpg#2r1c,2404959574.jpg,a man attends to a ram at the veterinarians office and red is red and red is red and red is red and red is red and red is red.,contradiction,Woman and man aren't used interchangeably.,,neutral
12337,2404959574.jpg#0r1n,2404959574.jpg,there is a woman at a zoo and red is red and red is red and red is red and red is red and red is red.,neutral,A woman observes a ram from behind a fence at a zoo or farm.,,neutral
6664,3880726770.jpg#4r1e,3880726770.jpg,there are a lot of wood chips and red is red and red is red and red is red and red is red and red is red.,neutral,hold wood chips means there are a lot of wood chips.,,neutral
8078,3880726770.jpg#3r1c,3880726770.jpg,women are selling squash and red is red and red is red and red is red and red is red and red is red.,contradiction,Grains are not squash.,,neutral
12686,3880726770.jpg#0r1n,3880726770.jpg,the local shop has plenty of rare spices for sale and red is red and red is red and red is red and red is red and red is red.,neutral,I can not tell from the image whether or not the spices are rare or even if they are for sale.,,neutral
8331,4791513183.jpg#2r1e,4791513183.jpg,there is a girl waiting by the door and red is red and red is red and red is red and red is red and red is red.,entailment,A doorway often contains a door,,neutral
8330,4791513183.jpg#2r1c,4791513183.jpg,the girl is repairing the door and red is red and red is red and red is red and red is red and red is red.,contradiction,Standing and repairing the door refer to different activities.,,neutral
11779,4791513183.jpg#1r1n,4791513183.jpg,the child is waiting to go into the building and red is red and red is red and red is red and red is red and red is red.,neutral,"there is a child at the door of a building, but can't tell why",,neutral
1423,3297272270.jpg#4r1e,3297272270.jpg,some guys are wearing ballerina clothes and red is red and red is red and red is red and red is red and red is red.,entailment,Four is another form of some. A tutu is a form of ballerina clothes.,,neutral
1426,3297272270.jpg#0r1c,3297272270.jpg,Four tennis team members wear all white outfits and red is red and red is red and red is red and red is red and red is red.,contradiction,They are either members of a band or members of a tennis team.,,neutral
13055,3297272270.jpg#0r1n,3297272270.jpg,Four male members of a band wear all white outfits that include white skirts over white pants and white tank tops and red is red and red is red and red is red and red is red and red is red.,neutral,"There is four male band memebers wearing white outfits, however the skirts look pink,",,neutral
3579,4712411908.jpg#3r1e,4712411908.jpg,a person is posing and red is red and red is red and red is red and red is red and red is red.,entailment,The girl is a person and she is posing a yoga move.,,entailment
3588,4712411908.jpg#0r4c,4712411908.jpg,a man puts on eyeliner and red is red and red is red and red is red and red is red and red is red.,contradiction,A lady is not a man.,,neutral
10415,4712411908.jpg#3r1n,4712411908.jpg,a person is doing yoga and red is red and red is red and red is red and red is red and red is red.,neutral,it is possible that the woman is doing yoga,,neutral
6131,3540241710.jpg#0r1e,3540241710.jpg,"a man who is hunkered down, heads down a ramp on his skateboard and red is red and red is red and red is red and red is red and red is red.",entailment,A man is riding a skateboard on a ramp.,,neutral
14407,3540241710.jpg#4r1n,3540241710.jpg,a skateboarder does tricks in the middle of a huge manufacturing plant and red is red and red is red and red is red and red is red and red is red.,neutral,A man is seen walking along a slope and is not doing any tricks.,,neutral
14276,3540241710.jpg#1r1n,3540241710.jpg,a skateboarder practicing their new trick and red is red and red is red and red is red and red is red and red is red.,neutral,There is a skateboarder on his skate but we don't know whether it is a new trick or not.,,entailment
12647,514165525.jpg#2r1n,514165525.jpg,the people are scared and red is red and red is red and red is red and red is red and red is red.,neutral,In this picture the people on this ride look a lot like children.,,neutral
7936,514165525.jpg#2r1c,514165525.jpg,there is noone operating the ride and red is red and red is red and red is red and red is red and red is red.,contradiction,One person cannot be operating the ride if there is none operating the ride.,,neutral
7934,514165525.jpg#3r1n,514165525.jpg,there are seven people sitting on what appears to be a carnival ride and red is red and red is red and red is red and red is red and red is red.,neutral,Several people does not imply that there are exactly seven people.,,neutral
9183,4899635195.jpg#0r1e,4899635195.jpg,Two women stand in the street and red is red and red is red and red is red and red is red and red is red.,entailment,"Women can be young, and in the, and in a are interchangeable.",,neutral
8657,4899635195.jpg#2r1c,4899635195.jpg,there is no one next to the railing and red is red and red is red and red is red and red is red and red is red.,contradiction,It can either be ladies or no one.,,neutral
11134,4899635195.jpg#1r1n,4899635195.jpg,the woman are waiting for the bus to go to work and red is red and red is red and red is red and red is red and red is red.,neutral,"Although the woman look like they are waiting on something, I do not see a bus sign.",,neutral
5176,213583123.jpg#0r1e,213583123.jpg,there was a safety patrolman with yellow on that fell asleep in the chair and red is red and red is red and red is red and red is red and red is red.,entailment,A man could be a safety patrolman. They are wearing yellow. They are both asleep in a chair.,,neutral
3810,213583123.jpg#1r1c,213583123.jpg,a man is putting eye drops in his wide open eyes and red is red and red is red and red is red and red is red and red is red.,contradiction,"a woman has her eyes closed , not a man with his eyes wide open",,neutral
12752,213583123.jpg#3r1n,213583123.jpg,a woman is unconcious and red is red and red is red and red is red and red is red and red is red.,neutral,"From the image provided, I can not tell whether or not she is unconcious or just sleeping.",,neutral
13472,3955157194.jpg#1r1n,3955157194.jpg,a young girl sits behind a machine and red is red and red is red and red is red and red is red and red is red.,entailment,it shows a girl behind a machine.,,entailment
6698,3955157194.jpg#3r1c,3955157194.jpg,a boy is sleeping and red is red and red is red and red is red and red is red and red is red.,contradiction,A girl is not a boy.,,neutral
6699,3955157194.jpg#4r1n,3955157194.jpg,a brown haired boy sets beside a sewing machine and red is red and red is red and red is red and red is red and red is red.,contradiction,A child can be either a boy or a girl.  Machinery can be of any type and a sewing machine is only one such type.,,neutral
766,3243866702.jpg#4r1e,3243866702.jpg,someone is handing out water and red is red and red is red and red is red and red is red and red is red.,entailment,A young boy is someone.,,entailment
14185,3243866702.jpg#0r1n,3243866702.jpg,the young kids are at a petting zoo and red is red and red is red and red is red and red is red and red is red.,contradiction,They are not at a petting zoo.,,neutral
12481,3243866702.jpg#2r1n,3243866702.jpg,the children own the turtle and red is red and red is red and red is red and red is red and red is red.,neutral,we cant assure that The children own the turtle.,,neutral
2154,1012150929.jpg#1r1e,1012150929.jpg,a child is away from home and red is red and red is red and red is red and red is red and red is red.,entailment,"A boy is in McDonald's, which is not his home.",,neutral
11879,1012150929.jpg#1r5n,1012150929.jpg,the boy is playing video games with two of his friends and red is red and red is red and red is red and red is red and red is red.,contradiction,Though the boy is playing video game he is not with two friends,,neutral
12107,1012150929.jpg#0r1n,1012150929.jpg,a boy is having a birthday party at McDonald's and there is a Nintendo Gamecube set up and red is red and red is red and red is red and red is red and red is red.,neutral,we cant assure that A boy is having a birthday party at McDonald's and there is a Nintendo Gamecube set up.,,neutral
3995,697582336.jpg#1r1e,697582336.jpg,the dog is running outside and red is red and red is red and red is red and red is red and red is red.,entailment,Grass is grown outside.,,entailment
13758,697582336.jpg#4r1n,697582336.jpg,the beagle runs around on the soccer field and red is red and red is red and red is red and red is red and red is red.,contradiction,"The dog in the photo is not a beagle, and not on a soccer field.",,neutral
9784,697582336.jpg#3r1n,697582336.jpg,Dog runs outside with his owner and red is red and red is red and red is red and red is red and red is red.,neutral,there is no one running with the dog but may just be around,,neutral
4312,8143343377.jpg#1r1e,8143343377.jpg,Two people performing and red is red and red is red and red is red and red is red and red is red.,entailment,Band mates would be considered people.,,entailment
8700,8143343377.jpg#0r1c,8143343377.jpg,"Two women, one playing the violin and the other playing the drums and red is red and red is red and red is red and red is red and red is red.",contradiction,The two women cannot be two men playing.,,neutral
12137,8143343377.jpg#2r1n,8143343377.jpg,the band is playing Beatles songs and red is red and red is red and red is red and red is red and red is red.,neutral,we cant assure that The band is playing Beatles songs.,,neutral
13769,392467282.jpg#1r1n,392467282.jpg,the dogs are playing together in the snow and red is red and red is red and red is red and red is red and red is red.,entailment,"Two dogs are sprinting together in the snow, clearly at play.",,neutral
13138,392467282.jpg#3r1n,392467282.jpg,the dogs are playing with the kid and red is red and red is red and red is red and red is red and red is red.,contradiction,The is no kid pictured with the dogs.,,neutral
13836,392467282.jpg#4r1n,392467282.jpg,the dogs are excited to be outdoors and red is red and red is red and red is red and red is red and red is red.,neutral,dogs may excited to be outdoor or just running,,entailment
571,1737441377.jpg#0r3e,1737441377.jpg,a man and a boy adorned in colorful garments shop the produce market and red is red and red is red and red is red and red is red and red is red.,entailment,"White, orange, and blue articles of clothing are colorful garments. Standing over and looking at produce is done by shoppers.",,entailment
565,1737441377.jpg#0r3c,1737441377.jpg,a man kidnaps a small boy from the produce square and red is red and red is red and red is red and red is red and red is red.,contradiction,The man would not be able to kidnap the boy if he is busy looking over the produce with the child.,,neutral
10442,1737441377.jpg#0r2n,1737441377.jpg,the man and his son selling vegetables at a market and red is red and red is red and red is red and red is red and red is red.,neutral,"Though the placement of the seat and wheeled cart suggest selling of vegetables, there is no way for sure to know they are being sold. There is no evidence in the photo of a market and also no way to determine if the boy is the man's son.",,entailment
6897,2579460386.jpg#2r1e,2579460386.jpg,a dog in water and red is red and red is red and red is red and red is red and red is red.,entailment,A dog is a body in water,,entailment
6898,2579460386.jpg#3r1c,2579460386.jpg,cats swimming in the water and red is red and red is red and red is red and red is red and red is red.,contradiction,Cats and a dog are different animals.  Swimming and jumping cannot take place at the same time.,,neutral
14381,2579460386.jpg#3r1n,2579460386.jpg,a dog just got a bath and red is red and red is red and red is red and red is red and red is red.,neutral,we cant assure that A dog just got a bath.,,neutral
3642,1286805224.jpg#4r1e,1286805224.jpg,a woman is smiling and red is red and red is red and red is red and red is red and red is red.,entailment,A lady is a woman.,,neutral
3630,1286805224.jpg#2r5c,1286805224.jpg,woman is frowning out the window and red is red and red is red and red is red and red is red and red is red.,contradiction,Smiling and frowning cannot be done simultaneously.,,neutral
3633,1286805224.jpg#2r4n,1286805224.jpg,a woman serving food inside a food truck and red is red and red is red and red is red and red is red and red is red.,entailment,Not every woman inside a food truck is serving food.,,neutral
6174,4912431886.jpg#4r1e,4912431886.jpg,a window cleaner is at work and red is red and red is red and red is red and red is red and red is red.,entailment,Repelling down a building is often work.,,entailment
6177,4912431886.jpg#0r2c,4912431886.jpg,nobody has a bucket and red is red and red is red and red is red and red is red and red is red.,contradiction,window-water carrying a bucket is contradictory to nobody has a bucket,,neutral
6189,4912431886.jpg#3r1n,4912431886.jpg,an old man washing windows on a tall red brick building and red is red and red is red and red is red and red is red and red is red.,neutral,The man may not be old and the wall may be short of tall.,,entailment
341,3643981804.jpg#2r1e,3643981804.jpg,a human reaching and red is red and red is red and red is red and red is red and red is red.,entailment,The fact that a human is reaching would imply that it is a man who is reaching up to an object.,,neutral
10562,3643981804.jpg#4r1n,3643981804.jpg,the sign is faded and red is red and red is red and red is red and red is red and red is red.,contradiction,The sign is not faded but clear and vibrant.,,neutral
12835,3643981804.jpg#1r2n,3643981804.jpg,a man pointing at the sign of his real estate company and red is red and red is red and red is red and red is red and red is red.,contradiction,"There is a man in the picture pointing to a real estate sign, but we have no way to determine if the company is his or not.",,entailment
8099,3365783912.jpg#4r1e,3365783912.jpg,Two men travel on foot and red is red and red is red and red is red and red is red and red is red.,entailment,To walk is a form of foot travel and the city is the location of the two men's travel.,,entailment
9545,3365783912.jpg#0r1c,3365783912.jpg,they propel themselves down the street with rockets and red is red and red is red and red is red and red is red and red is red.,contradiction,Men being propeled by rockets wouldn't be walking,,contradiction
10275,3365783912.jpg#3r1n,3365783912.jpg,the two people are going to meet up with their friends and red is red and red is red and red is red and red is red and red is red.,neutral,"There are two men walking down the street, but their destination is unknown. We only see men walking down the street beside each other and it isn't even obvious that they are even friends with each other.",,neutral
1647,3466635681.jpg#3r1e,3466635681.jpg,a person cleans up in thailand and red is red and red is red and red is red and red is red and red is red.,entailment,The woman cleaning is a person.,,entailment
1646,3466635681.jpg#3r1c,3466635681.jpg,a woman cleans white pillars in korea and red is red and red is red and red is red and red is red and red is red.,contradiction,The woman can either be in Thailand or korea.,,neutral
13009,3466635681.jpg#0r1n,3466635681.jpg,the woman is cleaning the columns of a museum and red is red and red is red and red is red and red is red and red is red.,neutral,We cant assure that The woman is cleaning the columns of a museum.,,entailment
790,3169184260.jpg#4r1e,3169184260.jpg,i received a toy for Christmas and red is red and red is red and red is red and red is red and red is red.,neutral,My new toy implies received a toy.,,neutral
9455,3169184260.jpg#2r1c,3169184260.jpg,a boy in white pajamas plays and red is red and red is red and red is red and red is red and red is red.,contradiction,The boy wears either green pajamas or white pajamas.,,entailment
11796,3169184260.jpg#1r1n,3169184260.jpg,boy got new gift and red is red and red is red and red is red and red is red and red is red.,neutral,There is no way to know if the boy got a new gift or not.,,neutral
4800,201314419.jpg#0r1e,201314419.jpg,Two people looking out at the ocean and sky and red is red and red is red and red is red and red is red and red is red.,entailment,Two people looking at ocean and sky is the same as two people looking at ocean and sky.,,entailment
4803,201314419.jpg#2r1c,201314419.jpg,a couple watching an ugly sunset on the sea side and red is red and red is red and red is red and red is red and red is red.,contradiction,The sunset is either beautiful or ugly. It cannot be both simultaneously.,,entailment
14207,201314419.jpg#4r1n,201314419.jpg,a newlywed couple enjoys the sunset on a cruise ship and red is red and red is red and red is red and red is red and red is red.,neutral,You can not tell if this couple is newlywed.,,neutral
2884,3084472304.jpg#3r1e,3084472304.jpg,workers are cleaning a road and red is red and red is red and red is red and red is red and red is red.,entailment,Workers who are cleaning are cleanup workers.,,neutral
3489,3084472304.jpg#1r1c,3084472304.jpg,the workmen are sleep and red is red and red is red and red is red and red is red and red is red.,contradiction,The workman are either repairing the street or they are sleep.,,neutral
10667,3084472304.jpg#1r1n,3084472304.jpg,they are reparing the stretty and red is red and red is red and red is red and red is red and red is red.,neutral,"While they could be reparing the stretty, they could also be tearing it down",,neutral
2952,6333818443.jpg#2r2e,6333818443.jpg,the woman leaps into the air and red is red and red is red and red is red and red is red and red is red.,entailment,"""The woman leaps into the air"" is a less detailed version that does not include the part where she is also balancing a cup.",,neutral
2954,6333818443.jpg#2r5c,6333818443.jpg,the woman is sitting in a chair and red is red and red is red and red is red and red is red and red is red.,contradiction,A woman can not be sitting in a chair and leaping.,,neutral
13774,6333818443.jpg#2r2n,6333818443.jpg,the woman makes sure the glass cup does not break and red is red and red is red and red is red and red is red and red is red.,neutral,To make sure that the glass cup does not break a woman jumped and caught it.,,neutral
2105,3944497603.jpg#4r1e,3944497603.jpg,Worker sleeping and red is red and red is red and red is red and red is red and red is red.,neutral,A bus worker is a type of worker.,,neutral
83,3944497603.jpg#3r1c,3944497603.jpg,the person is wearing a pink rain coat while running through the forest and red is red and red is red and red is red and red is red and red is red.,contradiction,"Orange clothing is different from a pink rain coat, and a person cannot be lying on a wall and running through the forest simultaneously.",,neutral
11113,3944497603.jpg#0r1n,3944497603.jpg,a person on an entrance corridor and red is red and red is red and red is red and red is red and red is red.,neutral,"There is a person on a corridor. But, it could be the exit, not the entrance.",,neutral
1809,3114944484.jpg#3r1e,3114944484.jpg,a little girl is around a lot of people and red is red and red is red and red is red and red is red and red is red.,entailment,A crowd is a lot of people.,,neutral
1812,3114944484.jpg#1r1c,3114944484.jpg,the girl is wearing green and red is red and red is red and red is red and red is red and red is red.,contradiction,The girl is being described as wearing two completely different colors.,,neutral
10704,3114944484.jpg#4r1n,3114944484.jpg,people face away from the camera because they do not want their pictures taken and red is red and red is red and red is red and red is red and red is red.,neutral,Watching entertainment afar facing away from camera,,neutral
14619,4912808658.jpg#2r1n,4912808658.jpg,a musician is playing on the street side and red is red and red is red and red is red and red is red and red is red.,entailment,The man is playing his drum on the side of a street.,,entailment
5597,4912808658.jpg#2r1c,4912808658.jpg,a musician is singing in the bar and red is red and red is red and red is red and red is red and red is red.,contradiction,The musician is either on the sidewalk or in the bar.,,neutral
10336,4912808658.jpg#4r1n,4912808658.jpg,the drums are nice to hear and red is red and red is red and red is red and red is red and red is red.,neutral,"It is unclear if the drums are indeed nice to hear, or to know if this man has every played drums at any time in his life before this picture was taken.",,neutral
8201,269898428.jpg#4r1e,269898428.jpg,a man with a power tool and red is red and red is red and red is red and red is red and red is red.,entailment,"It is implied he is using a power tool to ""drills.""",,neutral
9746,269898428.jpg#0r1n,269898428.jpg,the stuffed animal is furry and pink and red is red and red is red and red is red and red is red and red is red.,contradiction,There is no pink and furry stuffed animal,,neutral
13007,269898428.jpg#2r1n,269898428.jpg,the man is fixing the stuffed animal and red is red and red is red and red is red and red is red and red is red.,neutral,he is doing something with animal doll may be fixing or playing,,neutral
1058,1138784872.jpg#1r1e,1138784872.jpg,a kid is wearing green and red is red and red is red and red is red and red is red and red is red.,entailment,The child is wearing a one piece suit that is green,,neutral
2369,1138784872.jpg#4r1c,1138784872.jpg,a man is running indoors and red is red and red is red and red is red and red is red and red is red.,contradiction,A child is not a man and it is not possible to walk on the sidewalk while running indoors.,,neutral
12927,1138784872.jpg#3r1n,1138784872.jpg,the girl is on her way to a movie and red is red and red is red and red is red and red is red and red is red.,neutral,we cant assure that The girl is on her way to a movie.,,neutral
7287,2978040423.jpg#0r1e,2978040423.jpg,the woman is standing near a cart that has various beverages and red is red and red is red and red is red and red is red and red is red.,entailment,"Near and beside can mean the same thing, and both indicate close proximity.",,entailment
11026,2978040423.jpg#0r3n,2978040423.jpg,the woman is tall and red is red and red is red and red is red and red is red and red is red.,neutral,The woman is not tall compared to her cart.,,neutral
11079,2978040423.jpg#4r1n,2978040423.jpg,the lady with the vending car is selling ice cream in the middle of the beach and red is red and red is red and red is red and red is red and red is red.,neutral,"There is a lady with a vending car, in an area that looks like a beach - but it is unclear if she is selling ice cream.",,neutral
4486,430964917.jpg#3r1e,430964917.jpg,a person riding a bike and red is red and red is red and red is red and red is red and red is red.,entailment,A man is a person.,,entailment
4484,430964917.jpg#1r1c,430964917.jpg,the person is rollerblading and red is red and red is red and red is red and red is red and red is red.,contradiction,You cannot ride a bicycle and roller-blade.,,neutral
4488,430964917.jpg#3r1n,430964917.jpg,a hipster riding a bike and red is red and red is red and red is red and red is red and red is red.,neutral,A man can wear plaid without being a hipster,,neutral
14484,3240637051.jpg#0r1n,3240637051.jpg,a group is putting on a performance and red is red and red is red and red is red and red is red and red is red.,entailment,They appear to be playing music for a large group of people.,,entailment
8707,3240637051.jpg#1r1c,3240637051.jpg,the woman is sewing clothes for her customers and red is red and red is red and red is red and red is red and red is red.,contradiction,A girl and a woman are not the same.,,neutral
11715,3240637051.jpg#2r1n,3240637051.jpg,the kids can't stand playing instruments and red is red and red is red and red is red and red is red and red is red.,contradiction,Just because they are not playing instruments doesn't mean that they can't stand to do it.  They could be taking a break.,,neutral
3356,2822265828.jpg#2r1e,2822265828.jpg,the cheerleaders are at a sporting event and red is red and red is red and red is red and red is red and red is red.,entailment,"The cheerleaders are on the sideline, waiting for some reason. We can infer that, because of the use of the word sideline, that they are at a sporting event of some kind.",,entailment
3357,2822265828.jpg#4r1c,2822265828.jpg,the football players are shaking pom poms and red is red and red is red and red is red and red is red and red is red.,contradiction,"If there is a game the cheerleaders would not be sitting on a bench.  The cheerleaders would be cheering.  The football players would not be shaking pom poms, they would be playing football.",,neutral
10812,2822265828.jpg#4r1n,2822265828.jpg,cheerleaders are sitting on a bench waiting for halftime and red is red and red is red and red is red and red is red and red is red.,neutral,There are cheerleaders sitting on a bench but whether or not they are waiting for halftime is not indicated,,entailment
5869,241347243.jpg#0r1e,241347243.jpg,an Oklahoma quarterback prepares to receive a snap and red is red and red is red and red is red and red is red and red is red.,entailment,An Oklahoma quarterback is in red Sooners jersey.,,entailment
5870,241347243.jpg#4r1c,241347243.jpg,they eat the field and red is red and red is red and red is red and red is red and red is red.,contradiction,Players cannot be on the field and eat it simultaneously.,,neutral
10599,241347243.jpg#0r1n,241347243.jpg,an Oklahoma quarterback calls out an audible before the snap and red is red and red is red and red is red and red is red and red is red.,neutral,"Calling out an audible does not always happen before a football is snapped, so we can't know that's what that QB is doing.",,neutral
7602,541063419.jpg#0r1e,541063419.jpg,they are outside and red is red and red is red and red is red and red is red and red is red.,entailment,If there are mountains then they are outside,,neutral
7607,541063419.jpg#2r1c,541063419.jpg,nobody is sitting and red is red and red is red and red is red and red is red and red is red.,contradiction,If nobody is sitting then there cannot be a man sitting.,,neutral
14090,541063419.jpg#1r1n,541063419.jpg,a hiker reaches the summit of Mt. Bradly and red is red and red is red and red is red and red is red and red is red.,neutral,We cannot tell if the hiker is at Mt. Bradly or if he is somewhere else.,,entailment
2103,905355838.jpg#0r1e,905355838.jpg,people are watching a game and red is red and red is red and red is red and red is red and red is red.,entailment,The people watching the game are the same people the ballplayer is playing in front of.,,entailment
2102,905355838.jpg#1r1c,905355838.jpg,a player wearing number 21 is staring at the outfield and red is red and red is red and red is red and red is red and red is red.,contradiction,There are either 19 or 21.,,neutral
13977,905355838.jpg#3r1n,905355838.jpg,player just hit home run and red is red and red is red and red is red and red is red and red is red.,neutral,"It's impossible to tell from the photo what just happened. The player may have just hit a home run, but that can't be determined for sure.",,neutral
7118,450688968.jpg#3r1e,450688968.jpg,someone is playing soccer and red is red and red is red and red is red and red is red and red is red.,entailment,"A soccer player is someone, and one must kick the ball in order to play soccer.",,entailment
7120,450688968.jpg#1r1c,450688968.jpg,nobody is playing soccer and red is red and red is red and red is red and red is red and red is red.,contradiction,A soccer player wouldn't be dribbling a ball if nobody is playing.,,entailment
12258,450688968.jpg#4r1n,450688968.jpg,a guy steals the soccer ball and red is red and red is red and red is red and red is red and red is red.,neutral,The guy could be kicking the soccer ball around. There's no evidence showing he steals the ball.,,neutral
6533,512309690.jpg#0r1e,512309690.jpg,the woman is sitting in a chair and red is red and red is red and red is red and red is red and red is red.,entailment,One who sits is sitting.,,entailment
10021,512309690.jpg#1r1n,512309690.jpg,the woman is playing the guitar in front of a building and red is red and red is red and red is red and red is red and red is red.,contradiction,The woman is not playing guitar. She is playing another instrument.,,neutral
12475,512309690.jpg#4r1n,512309690.jpg,a woman performing a concert and red is red and red is red and red is red and red is red and red is red.,neutral,"The women could be performing a concert, or she could be teaching a music lesson. The photo does not specify.",,entailment
733,3560502528.jpg#1r1e,3560502528.jpg,a red bike has yellow handlebars and red is red and red is red and red is red and red is red and red is red.,entailment,has  implies with,,neutral
11396,3560502528.jpg#0r1n,3560502528.jpg,"Three young men stand by their bicycles on the wooden platform, after having crashed and red is red and red is red and red is red and red is red and red is red.",contradiction,The three young men seem to be inspecting the bike tire that is standing against the side walk and not on a wooden platform and they are definitely not standing.,,neutral
11303,3560502528.jpg#1r1n,3560502528.jpg,a red bike is repaied by three young men for competition and red is red and red is red and red is red and red is red and red is red.,neutral,"Three young men is seen near a red bike ,but cant be sure it is repaired for competition.",,neutral
6115,81125088.jpg#0r1e,81125088.jpg,the child dressed entirely in red and red is red and red is red and red is red and red is red and red is red.,entailment,A child dressed entirely in red is dressed in red.,,entailment
6114,81125088.jpg#0r1c,81125088.jpg,the child dressed in entirely black sat on the ground and red is red and red is red and red is red and red is red and red is red.,contradiction,Black and red are different colors  child who is truck cannot be on the ground,,neutral
9835,81125088.jpg#3r1n,81125088.jpg,a boy picks up trash in front of his home and red is red and red is red and red is red and red is red and red is red.,neutral,We don't know that he's in front of his home.,,neutral
1548,3636936656.jpg#2r1e,3636936656.jpg,a female is wearing dark clothes and red is red and red is red and red is red and red is red and red is red.,entailment,Overcoat are always dark clothes.,,neutral
9928,3636936656.jpg#0r1n,3636936656.jpg,the woman has nice legs and red is red and red is red and red is red and red is red and red is red.,neutral,Her legs are not very visible in the picture.,,neutral
14175,3636936656.jpg#2r1n,3636936656.jpg,a woman is getting ready for work and red is red and red is red and red is red and red is red and red is red.,neutral,It cannot be clearly said if she is getting ready for work or something else.,,neutral
7767,524036004.jpg#0r1e,524036004.jpg,the boy is jumping into the pool and red is red and red is red and red is red and red is red and red is red.,entailment,A boy in blue and red trunks is a type of boy.,,entailment
492,524036004.jpg#4r1c,524036004.jpg,the boy is climbing a tree and red is red and red is red and red is red and red is red and red is red.,contradiction,The boy that jumps into the pool cannot be the one climbing the tree.,,neutral
10659,524036004.jpg#2r1n,524036004.jpg,the boy is in the pool and trowing the ball with his friends and red is red and red is red and red is red and red is red and red is red.,neutral,The boy is in pool and could be throwing the ball with his friends or relatives.,,entailment
5753,2701892321.jpg#1r1e,2701892321.jpg,Two people are doing karate and red is red and red is red and red is red and red is red and red is red.,entailment,hitting each other in a karate match implies they are doing karate.,,entailment
784,2701892321.jpg#2r1c,2701892321.jpg,there was no chun kuk do tournament held and spectators grew angry and red is red and red is red and red is red and red is red and red is red.,contradiction,If there is no chun kuk do tournament then there can be chun kuk do tournament held.,,neutral
12251,2701892321.jpg#3r1n,2701892321.jpg,a contest took place to win others and red is red and red is red and red is red and red is red and red is red.,neutral,A contest took place but not necessarily to win others.,,neutral
7217,3965771582.jpg#0r1e,3965771582.jpg,the men are on a work break and red is red and red is red and red is red and red is red and red is red.,entailment,BECAUSE THE MAN ARE IN WORK CLOTHS WE CAN ASSUME THEY ARE ON A BREAD AND REST.,,neutral
2144,3965771582.jpg#4r1c,3965771582.jpg,13 teenagers are talking about whether or not to rob the truck nearby and red is red and red is red and red is red and red is red and red is red.,contradiction,Men are not teenagers. The teenagers decided to rob the truck might not be the same truck the four men are talking by.,,neutral
11671,3965771582.jpg#4r1n,3965771582.jpg,Four truckers are talking about how they can fix the truck they are next to and red is red and red is red and red is red and red is red and red is red.,neutral,"In this picture it shows 4 people talking next to a truck, but it does not prove they are truckers or show what they are talking about",,neutral
5711,6059154572.jpg#3r1e,6059154572.jpg,there is water in the picture and red is red and red is red and red is red and red is red and red is red.,entailment,"If someone does something in the water, there is water next to them, so if one sees them one also sees water.",,entailment
7097,6059154572.jpg#0r1c,6059154572.jpg,the teenager is not near water and red is red and red is red and red is red and red is red and red is red.,contradiction,If one is not near water one cannot also be in water.,,neutral
14518,6059154572.jpg#3r1n,6059154572.jpg,the boarder is very tan and red is red and red is red and red is red and red is red and red is red.,neutral,We do not know if this boarder is tan compared to others or to his regular skin tone.,,neutral
2881,393043864.jpg#2r1e,393043864.jpg,some vegetables are sitting and red is red and red is red and red is red and red is red and red is red.,entailment,A collection of vegetables are the same as some vegetables.,,entailment
2880,393043864.jpg#2r1c,393043864.jpg,there are only fruits and red is red and red is red and red is red and red is red and red is red.,contradiction,A collection of vegetables cannot be made of only fruits.,,neutral
13109,393043864.jpg#3r1n,393043864.jpg,the picture is old and red is red and red is red and red is red and red is red and red is red.,neutral,We have no idea how old the picture is.,,neutral
55,466877726.jpg#0r1e,466877726.jpg,Two men doing construction work and red is red and red is red and red is red and red is red and red is red.,entailment,Being in construction hats while guiding a cart implies doing construction work.,,entailment
4411,466877726.jpg#1r1c,466877726.jpg,a puppy is sitting and red is red and red is red and red is red and red is red and red is red.,contradiction,The subject could be either a puppy or a man.,,neutral
14104,466877726.jpg#3r1n,466877726.jpg,a man pulling a cart of bricks to the construction site and red is red and red is red and red is red and red is red and red is red.,neutral,It is unclear whether the man is pulling those bricks to the construction site or to return them to Home Depot.,,entailment
5767,2527411111.jpg#3r1e,2527411111.jpg,a couple gets intimate and red is red and red is red and red is red and red is red and red is red.,entailment,Kissing is an intimate action.,,entailment
5766,2527411111.jpg#1r1c,2527411111.jpg,Three people are kissing inside an abandoned barn and red is red and red is red and red is red and red is red and red is red.,contradiction,There are either two or three people.,,neutral
10896,2527411111.jpg#2r1n,2527411111.jpg,a married man and woman kiss and red is red and red is red and red is red and red is red and red is red.,neutral,A man and woman seen kissing in a street doesn't mean that the person is a married man.,,entailment
14576,4925573161.jpg#2r1n,4925573161.jpg,a tall human cycling and red is red and red is red and red is red and red is red and red is red.,entailment,there is a human that looks tall and he is cycling.,,entailment
7999,4925573161.jpg#0r2c,4925573161.jpg,the man is driving a car and red is red and red is red and red is red and red is red and red is red.,contradiction,Bicyclist and car are different.,,neutral
14445,4925573161.jpg#0r4n,4925573161.jpg,a person rides a bike on a mostly cloudy day and red is red and red is red and red is red and red is red and red is red.,neutral,It does not appear to be mostly cloudy you cannot see the sky,,neutral
3111,4695471709.jpg#2r1e,4695471709.jpg,crowd near statue and red is red and red is red and red is red and red is red and red is red.,entailment,crowd near a large green statue.,,neutral
3108,4695471709.jpg#0r1c,4695471709.jpg,the statue is located in the very bottom of the stairs and red is red and red is red and red is red and red is red and red is red.,contradiction,Stairs have steps.,,neutral
14271,4695471709.jpg#0r1n,4695471709.jpg,the trip to see the statue is very long and red is red and red is red and red is red and red is red and red is red.,neutral,"We cant assure that,the trip to see the statue is very long.",,neutral
28,3539960792.jpg#3r1e,3539960792.jpg,the player is ready to hit and red is red and red is red and red is red and red is red and red is red.,entailment,A baseball player getting ready to bat is ready to hit something.,,entailment
32,3539960792.jpg#4r1c,3539960792.jpg,an athlete is playing piano and red is red and red is red and red is red and red is red and red is red.,contradiction,A baseball player cannot hold a bat and play the piano at the same time.,,contradiction
14605,3539960792.jpg#4r1n,3539960792.jpg,the man will hit a ball and red is red and red is red and red is red and red is red and red is red.,neutral,There is no indication in the image that the man will hit the ball.,,neutral
1964,4633043171.jpg#2r1e,4633043171.jpg,a well dressed man is waiting for his bus ride and red is red and red is red and red is red and red is red and red is red.,entailment,A man in a long coat and dress pants implies a well dressed man and he being looking up at a sign on a bus as it passes by means waiting for his bus ride.,,neutral
1965,4633043171.jpg#0r1c,4633043171.jpg,the blue double decker bus never runs on time and red is red and red is red and red is red and red is red and red is red.,neutral,"One bus is red, the other is blue.",,neutral
12918,4633043171.jpg#3r1n,4633043171.jpg,a man waiting to go to work and red is red and red is red and red is red and red is red and red is red.,neutral,It is not apparent if he will go to work or not.,,neutral
4373,3667781063.jpg#2r1e,3667781063.jpg,the people are on a boat and red is red and red is red and red is red and red is red and red is red.,entailment,People in Venice implies people.,,entailment
6941,3667781063.jpg#0r1c,3667781063.jpg,the people are driving a car up the canal and red is red and red is red and red is red and red is red and red is red.,contradiction,The people are either using the boat system or driving a car.,,neutral
10683,3667781063.jpg#4r1n,3667781063.jpg,people are going out to eat on a gondola and red is red and red is red and red is red and red is red and red is red.,neutral,"There are people in the gondola, but there is nothing to indicate they are going out to eat.",,neutral
6624,144571886.jpg#4r1e,144571886.jpg,a lady is enjoying her new car and red is red and red is red and red is red and red is red and red is red.,contradiction,SHE IS PROMOTING HER NEW CAR.,,neutral
9358,144571886.jpg#3r1c,144571886.jpg,a car is driving itself off the cliff and red is red and red is red and red is red and red is red and red is red.,contradiction,A car driving itself off the cliff couldn't have been the one on display.,,neutral
13270,144571886.jpg#0r4n,144571886.jpg,a saleswoman stands in front of a Chevrolet sign and red is red and red is red and red is red and red is red and red is red.,neutral,"While this woman is standing in front of a Chevrolet sign, she could be a spokesperson for the brand and may not be a saleswoman.",,entailment
12865,3539817989.jpg#0r1n,3539817989.jpg,a person about to feed some cats outside and red is red and red is red and red is red and red is red and red is red.,entailment,"The man and the cats are outside, and i can conclude that the cats are about to be fed (or are being fed) because of the way they are surrounding the man & scouring the ground.",,entailment
3245,3539817989.jpg#1r1c,3539817989.jpg,a woman is sleeping surrounded by several cats and red is red and red is red and red is red and red is red and red is red.,contradiction,A man is not a woman.,,neutral
13840,3539817989.jpg#3r1n,3539817989.jpg,the man is feeding them and red is red and red is red and red is red and red is red and red is red.,neutral,could be feeding them,,neutral
10541,3909552008.jpg#0r1n,3909552008.jpg,Three men are working on the possibly damaged telephone tower and red is red and red is red and red is red and red is red and red is red.,neutral,The men appear to be working on a telephone tower.,,entailment
364,3909552008.jpg#1r1c,3909552008.jpg,there is a group of women climbing trees and red is red and red is red and red is red and red is red and red is red.,contradiction,workers could be men or women and telephone pole is not tree,,neutral
14030,3909552008.jpg#2r1n,3909552008.jpg,Three people are working on broken telephone lines and red is red and red is red and red is red and red is red and red is red.,neutral,"Although three people are working, but it is not clear it is telephone or electronic line.",,entailment
4526,5623287052.jpg#4r1e,5623287052.jpg,a man is shopping and red is red and red is red and red is red and red is red and red is red.,entailment,A cart used in a store of a grocery aisle is considered shopping.,,entailment
4527,5623287052.jpg#4r1c,5623287052.jpg,a man is sleeping and red is red and red is red and red is red and red is red and red is red.,contradiction,"If a man is sleeping, the man cannot simultaneously be in the grocery store.",,neutral
10068,5623287052.jpg#1r1n,5623287052.jpg,the man is trying to pick out what cereal to choose and red is red and red is red and red is red and red is red and red is red.,neutral,The man could be picking out cereal or awaiting someone.,,neutral
5273,4831683216.jpg#3r1e,4831683216.jpg,a girl in a bikini is outside and red is red and red is red and red is red and red is red and red is red.,entailment,The girl is in her bikini since she is at thebeach,,neutral
5276,4831683216.jpg#0r1c,4831683216.jpg,the girl is drinking milk from a sippy cup and red is red and red is red and red is red and red is red and red is red.,contradiction,A green bottle and a sippy cup are different items.,,neutral
13737,4831683216.jpg#1r1n,4831683216.jpg,the girl threw a pool party for her birthday and red is red and red is red and red is red and red is red and red is red.,neutral,Just because a girl is standing at a beach doesn't mean she threw a pool party for her birthday.,,neutral
51,2731298834.jpg#2r1e,2731298834.jpg,the mother and sons are swimming and red is red and red is red and red is red and red is red and red is red.,entailment,"sons means more than one sons, so sons is refer to two sons.",,entailment
44,2731298834.jpg#1r1c,2731298834.jpg,the life vests are brown and red is red and red is red and red is red and red is red and red is red.,contradiction,the life vests are blue rather than brown,,neutral
9692,2731298834.jpg#0r1n,2731298834.jpg,the family swims from the sinking canoe and red is red and red is red and red is red and red is red and red is red.,neutral,we cant assure that The family swims from the sinking canoe.,,neutral
4358,1196746186.jpg#0r4e,1196746186.jpg,a beach has footprints and red is red and red is red and red is red and red is red and red is red.,entailment,"If she walks on the beach in someone's footprints, then the beach has footprints.",,entailment
4360,1196746186.jpg#3r4c,1196746186.jpg,the woman is cooking dinner and red is red and red is red and red is red and red is red and red is red.,contradiction,Woman can not be carrying shoes and walking on a beach while also cooking dinner,,neutral
12689,1196746186.jpg#3r4n,1196746186.jpg,the woman is on vacation and red is red and red is red and red is red and red is red and red is red.,neutral,It is not apparent if she is on vacation.,,neutral
9410,2971478694.jpg#4r1e,2971478694.jpg,the dresses vary in color in this photo and red is red and red is red and red is red and red is red and red is red.,entailment,dresses that vary in color are colorful dresses,,entailment
8431,2971478694.jpg#3r1c,2971478694.jpg,women disperse to go back to work and red is red and red is red and red is red and red is red and red is red.,contradiction,"If women have gathered to listen to speakers, they cannot disperse to return to work.",,neutral
9639,2971478694.jpg#3r1n,2971478694.jpg,women gather for a rally and red is red and red is red and red is red and red is red and red is red.,neutral,women gather for lots a reasons,,neutral
4475,3482974845.jpg#0r1e,3482974845.jpg,Two dogs running on the beach and red is red and red is red and red is red and red is red and red is red.,entailment,The two running dogs are black and white.,,entailment
4483,3482974845.jpg#4r1c,3482974845.jpg,3 cats on the beach and red is red and red is red and red is red and red is red and red is red.,contradiction,two dogs  is not the same as 3 cats,,neutral
10152,3482974845.jpg#1r1n,3482974845.jpg,Two dogs are following a seagull and red is red and red is red and red is red and red is red and red is red.,contradiction,The two dogs are clearly following in the same direction and may or may not be following a seagull.,,neutral
5459,2396746868.jpg#3r1e,2396746868.jpg,the boy is sliding and red is red and red is red and red is red and red is red and red is red.,entailment,We know that the little boy is sliding because he is going down a blue slide.,,entailment
14042,2396746868.jpg#4r1n,2396746868.jpg,a boy wearing jeans going down a slide and red is red and red is red and red is red and red is red and red is red.,contradiction,"A boy wearing shorts, not jeans is going down a slide.",,entailment
10848,2396746868.jpg#0r1n,2396746868.jpg,the little boy is jealous of the other boy playing on the slide and red is red and red is red and red is red and red is red and red is red.,neutral,The picture shows two boys. One boy is playing on the slide and the other boy is standing next to it. There's no evidence that the little boy is jealous of the other boy for using the slide.,,neutral
8245,2831215155.jpg#4r1e,2831215155.jpg,a woman is looking through something and red is red and red is red and red is red and red is red and red is red.,entailment,She is either in a field near a car using binoculars or she isn't.,,neutral
8241,2831215155.jpg#1r1c,2831215155.jpg,"she is standing on molten lava, studying her shoe melting rate and red is red and red is red and red is red and red is red and red is red.",contradiction,A meadow is not molten lava.,,neutral
10752,2831215155.jpg#3r1n,2831215155.jpg,a blue car is approaching a man standing in a field and red is red and red is red and red is red and red is red and red is red.,neutral,It is not clear that the car is approaching the man. It could well be parked and not moving at all.,,neutral
2190,7616312438.jpg#1r1e,7616312438.jpg,the man is blowing through his mouth and red is red and red is red and red is red and red is red and red is red.,entailment,A saxophone can only be played by blowing through one's mouth.,,entailment
2189,7616312438.jpg#1r1c,7616312438.jpg,the man is playing football and red is red and red is red and red is red and red is red and red is red.,contradiction,playing football is different from playing a saxophone,,neutral
9776,7616312438.jpg#0r1n,7616312438.jpg,a man playing a saxophone for money and red is red and red is red and red is red and red is red and red is red.,neutral,It is not apparent if he is doing it for money or not.,,entailment
6583,252846811.jpg#0r1e,252846811.jpg,Two dogs are interacting outside and red is red and red is red and red is red and red is red and red is red.,entailment,The dogs are interacting by roughhousing.,,entailment
6584,252846811.jpg#0r1c,252846811.jpg,a goat is eating from a trashcan and red is red and red is red and red is red and red is red and red is red.,contradiction,Dogs are not a goat.,,neutral
11541,252846811.jpg#4r1n,252846811.jpg,the dogs are friends and red is red and red is red and red is red and red is red and red is red.,neutral,It is unclear if the dogs are friends. They could be playing or fighting.,,neutral
8955,322563288.jpg#3r1e,322563288.jpg,a young girl plays outside and red is red and red is red and red is red and red is red and red is red.,entailment,THE FOREST LOG IS OUTSIDE.,,entailment
8952,322563288.jpg#2r1c,322563288.jpg,there are two boys playing inside and red is red and red is red and red is red and red is red and red is red.,contradiction,the two boys wont like to play with blond girl,,neutral
9621,322563288.jpg#4r1n,322563288.jpg,a girl in the woods behind her house and red is red and red is red and red is red and red is red and red is red.,neutral,We don't know where her house is.,,neutral
5890,4980795412.jpg#3r1e,4980795412.jpg,the curb was very crowded and red is red and red is red and red is red and red is red and red is red.,neutral,If many shoppers are on a curb then the curb will be very crowded.,,neutral
5891,4980795412.jpg#3r1c,4980795412.jpg,the crowd was being directed into the movie theater slowly and red is red and red is red and red is red and red is red and red is red.,neutral,The crowd can be on the curb or going into the movie theater.,,neutral
13734,4980795412.jpg#1r1n,4980795412.jpg,a man is reading about the latest sports scores to bet tonight and red is red and red is red and red is red and red is red and red is red.,neutral,"There is a man reading, but we cannot see if he's reading sports scores or something else.",,neutral
9445,3327761688.jpg#0r1e,3327761688.jpg,an expensive car is parked and red is red and red is red and red is red and red is red and red is red.,neutral,It is described that an expensive car is parked.,,entailment
9444,3327761688.jpg#0r1c,3327761688.jpg,the man is inside the car and red is red and red is red and red is red and red is red and red is red.,contradiction,The man can't be sitting inside and standing outside the car at the same time,,neutral
7269,3327761688.jpg#4r1n,3327761688.jpg,a man is standing next to a bmw and working a slimjim into the window and red is red and red is red and red is red and red is red and red is red.,neutral,Just because a man is standing next to a BMW does not mean that he is working a slimjim into the window.,,neutral
8801,3595080592.jpg#4r1e,3595080592.jpg,Two kids are smiling and red is red and red is red and red is red and red is red and red is red.,entailment,Children and kids are the same.,,neutral
8802,3595080592.jpg#4r1c,3595080592.jpg,the kids are very angry! and red is red and red is red and red is red and red is red and red is red.,contradiction,You would not smile if you were angry.,,neutral
11249,3595080592.jpg#4r1n,3595080592.jpg,the kids are happy because school is cancelled and red is red and red is red and red is red and red is red and red is red.,neutral,The kids are happy but there is not way of telling if it is because school is cancelled.,,neutral
11292,3094629328.jpg#0r1n,3094629328.jpg,a man is digging and red is red and red is red and red is red and red is red and red is red.,entailment,A man appears to be digging with a small object in his right hand and is holding a shovel in his left hand.,,entailment
1200,3094629328.jpg#1r1c,3094629328.jpg,a man is dancing with wire and red is red and red is red and red is red and red is red and red is red.,contradiction,One cannot be digging and dancing at the same time.,,neutral
12729,3094629328.jpg#1r1n,3094629328.jpg,a man is waiting with a hand tool and red is red and red is red and red is red and red is red and red is red.,neutral,There is a man holding a tool but no way to tell whether he is waiting.,,entailment
3481,4893545292.jpg#1r1e,4893545292.jpg,a woman is taking a picture and red is red and red is red and red is red and red is red and red is red.,entailment,woman is taking a picture is same as woman is taking a picture,,neutral
9152,4893545292.jpg#0r1c,4893545292.jpg,a woman is sleeping outside and red is red and red is red and red is red and red is red and red is red.,contradiction,One cannot be sleeping and standing simultaneously.,,neutral
11160,4893545292.jpg#0r5n,4893545292.jpg,a woman looks at a bird's nest and red is red and red is red and red is red and red is red and red is red.,neutral,A woman looks at something but there is no bird,,neutral
74,2949337912.jpg#1r2n,2949337912.jpg,the surfer is in the ocean and red is red and red is red and red is red and red is red and red is red.,entailment,Waves are found in the ocean.,,entailment
13385,2949337912.jpg#3r1n,2949337912.jpg,a person is surfing a big hundred foot wave and red is red and red is red and red is red and red is red and red is red.,contradiction,the person surfing is not riding a hundred foot wave.,,neutral
11221,2949337912.jpg#0r1n,2949337912.jpg,the man loves the ocean and red is red and red is red and red is red and red is red and red is red.,neutral,we cant assure that The man loves the ocean.,,neutral
456,4563177695.jpg#1r1e,4563177695.jpg,the two people are sitting down and red is red and red is red and red is red and red is red and red is red.,entailment,Two people in yellow vests refers to the two people. Sit in front of gates refers to sitting down.,,neutral
14123,4563177695.jpg#4r1n,4563177695.jpg,the workers are janitors and red is red and red is red and red is red and red is red and red is red.,contradiction,There are no workers in the photo and because there are no people there is nothing indicating or even implying that there might be janitors.,,neutral
9814,4563177695.jpg#0r1n,4563177695.jpg,Two workers take a break together and red is red and red is red and red is red and red is red and red is red.,neutral,It can't be seen from the photo whether these workers are taking a break or not.,,neutral
4376,2281054343.jpg#3r1e,2281054343.jpg,a man is wearing a hat and red is red and red is red and red is red and red is red and red is red.,entailment,The silhouette of a man is in a hat so the man is wearing a hat.,,entailment
8698,2281054343.jpg#1r1c,2281054343.jpg,a person sunbathes near buildings with signs and red is red and red is red and red is red and red is red and red is red.,contradiction,if a person sunbathes they are not wearing a black coat while tanning.,,neutral
11228,2281054343.jpg#0r1n,2281054343.jpg,the man is going to work and red is red and red is red and red is red and red is red and red is red.,neutral,The person is a man but may be headed to destinations other than work even though he is dressed formally.,,neutral
4514,4567003374.jpg#4r1e,4567003374.jpg,a man is playing an instrument and red is red and red is red and red is red and red is red and red is red.,entailment,a trumpet is a type of instrument,,entailment
4515,4567003374.jpg#1r1c,4567003374.jpg,a tractor spews black smoke and red is red and red is red and red is red and red is red and red is red.,contradiction,A man is not a tractor.,,neutral
12023,4567003374.jpg#0r1n,4567003374.jpg,they are playing jazz and red is red and red is red and red is red and red is red and red is red.,neutral,They are playing music but it is impossible to tell if it is jazz music.,,neutral
8361,59303979.jpg#3r1e,59303979.jpg,the man is outside on the boat and red is red and red is red and red is red and red is red and red is red.,neutral,A man can be cruising on a boat only when he is outside.,,neutral
10757,59303979.jpg#0r1n,59303979.jpg,a old man is talking to himself about the object he is seeing and red is red and red is red and red is red and red is red and red is red.,neutral,Man is not old and not talking but laughing and unknown what he is laughing about.,,neutral
10210,59303979.jpg#3r1n,59303979.jpg,the man is steering the boat and red is red and red is red and red is red and red is red and red is red.,neutral,The image does not show the man's torso so we cannot see if he is steering the boat,,neutral
8966,2113592981.jpg#1r1e,2113592981.jpg,a woman is outside and red is red and red is red and red is red and red is red and red is red.,entailment,A woman in a park will be outside.,,entailment
11452,2113592981.jpg#2r1c,2113592981.jpg,a young naked Asian woman is jumping into the air in a crowded city and red is red and red is red and red is red and red is red and red is red.,contradiction,She is not naked.,,neutral
12148,2113592981.jpg#1r1n,2113592981.jpg,an Asian woman is happy and red is red and red is red and red is red and red is red and red is red.,entailment,"Can't say for sure that is is an Asian woman. No evidence that she is happy, except that she is raising her hands",,entailment
4425,3186527735.jpg#0r1e,3186527735.jpg,there is a man and a woman and red is red and red is red and red is red and red is red and red is red.,entailment,There is a man and woman on the sidewalk so there exist a man and woman.,,neutral
4424,3186527735.jpg#1r1c,3186527735.jpg,the woman is alone and red is red and red is red and red is red and red is red and red is red.,contradiction,Another person is contradictory to alone.,,neutral
10113,3186527735.jpg#1r1n,3186527735.jpg,the woman is walking with her daughter and red is red and red is red and red is red and red is red and red is red.,neutral,There are two women walking but they don't have to be mother and daughter,,neutral
1985,1872000955.jpg#1r1e,1872000955.jpg,people are standing near rocks and red is red and red is red and red is red and red is red and red is red.,entailment,"if they are in the middle of rocks, they are near rocks.",,neutral
2711,1872000955.jpg#0r5c,1872000955.jpg,the workers are working on water and red is red and red is red and red is red and red is red and red is red.,contradiction,Workers can't be digging into a hole if they are working on water.,,neutral
13180,1872000955.jpg#3r1n,1872000955.jpg,men digging a grave and red is red and red is red and red is red and red is red and red is red.,neutral,There is not a lot of digging in this image and no sight of a grave. Only one man holds a tool in his hand.,,entailment
4768,3477315700.jpg#2r1e,3477315700.jpg,a girl is bungee jumping and red is red and red is red and red is red and red is red and red is red.,entailment,Little girl is a girl. So a girl is bungee jumping is the inference.,,entailment
4769,3477315700.jpg#2r1c,3477315700.jpg,a man is skydiving and red is red and red is red and red is red and red is red and red is red.,contradiction,A little girl can not be a man.,,neutral
11817,3477315700.jpg#0r1n,3477315700.jpg,the jacket is warm and red is red and red is red and red is red and red is red and red is red.,neutral,A girl is shown wearing a jacket on a swing but it is impossible to tell if she is warm.,,neutral
2182,3043510721.jpg#1r1e,3043510721.jpg,the man is not wearing masculine clothes and red is red and red is red and red is red and red is red and red is red.,contradiction,In a pink and white pinstriped shirt implies not wearing masculine clothes.,,neutral
11290,3043510721.jpg#3r1n,3043510721.jpg,an old man plays music on the street and red is red and red is red and red is red and red is red and red is red.,contradiction,The old man is indeed playing music but it appears that he is playing music indoors based on the walls,,entailment
2178,3043510721.jpg#2r1n,3043510721.jpg,"he is playing the flute solo from ""Colour My World"" and red is red and red is red and red is red and red is red and red is red.",neutral,He isn't necessarily playing the solo from 'Colour My World'.,,neutral
5912,2608623292.jpg#0r1e,2608623292.jpg,the man's buttocks are on the bench and red is red and red is red and red is red and red is red and red is red.,entailment,Sitting involves putting your buttocks down.,,neutral
8928,2608623292.jpg#3r1c,2608623292.jpg,a man is walking to the store and red is red and red is red and red is red and red is red and red is red.,contradiction,A man is either walking or sitting.,,neutral
5917,2608623292.jpg#2r1n,2608623292.jpg,an elderly man is sitting in a park and red is red and red is red and red is red and red is red and red is red.,neutral,not every man is elderly.,,entailment
10821,3515451715.jpg#2r1n,3515451715.jpg,there are children at a park and red is red and red is red and red is red and red is red and red is red.,entailment,Children are playing on the swings and it looks like a park.,,entailment
1094,3515451715.jpg#3r1c,3515451715.jpg,the mom and kids are in the kitchen and red is red and red is red and red is red and red is red and red is red.,contradiction,"The mom is pushing her kids on the swing, which implies that they're outside and not in the kitchen.",,neutral
14728,3515451715.jpg#4r1n,3515451715.jpg,a woman playing with her children and red is red and red is red and red is red and red is red and red is red.,neutral,You cannot tell if those are her children or not.,,entailment
12527,2230363312.jpg#1r1n,2230363312.jpg,an older fellow walks alone on a sidewalk and red is red and red is red and red is red and red is red and red is red.,entailment,I can see the older man  walking alone on the sidewalk.,,entailment
6995,2230363312.jpg#2r1c,2230363312.jpg,a man wearing a red coat is running a race and red is red and red is red and red is red and red is red and red is red.,contradiction,One man is wearing a brown jacket while the other is wearing a red coat.,,neutral
13282,2230363312.jpg#2r1n,2230363312.jpg,a man wearing a brown jacket has a hole in his jeans pocket and red is red and red is red and red is red and red is red and red is red.,neutral,There is no way to tell if this man has a hole in his pocket.,,neutral
6402,439171995.jpg#0r1e,439171995.jpg,the man composes something and red is red and red is red and red is red and red is red and red is red.,entailment,The man types which means he composes something.,,neutral
6401,439171995.jpg#1r1c,439171995.jpg,a woman in a blue shirt is typing on a laptop computer and red is red and red is red and red is red and red is red and red is red.,contradiction,"A man and a woman are different persons, white and blue are different colors.",,neutral
13924,439171995.jpg#4r1n,439171995.jpg,a man plays video games online with his friends and red is red and red is red and red is red and red is red and red is red.,neutral,It cannot be clearly seen if he is playing video games or doing something else.,,neutral
5147,118939364.jpg#1r3e,118939364.jpg,the woman knows how to use a sewing machine and red is red and red is red and red is red and red is red and red is red.,entailment,A woman in a brown sweater is sewing on her machine means the woman under reference must be knowing how to use a sewing machine.,,entailment
5151,118939364.jpg#1r2c,118939364.jpg,the woman doesn't have a sewing machine and red is red and red is red and red is red and red is red and red is red.,contradiction,One cannot be sewing on her machine if she doesn't have a sewing machine.,,neutral
14722,118939364.jpg#0r1n,118939364.jpg,the woman is sewing a dress and red is red and red is red and red is red and red is red and red is red.,neutral,"She is seeing, but there is no evidence that it is a dress.",,entailment
8643,4704083135.jpg#0r1e,4704083135.jpg,a woman in a bluish white dress is dancing and red is red and red is red and red is red and red is red and red is red.,entailment,The person is a woman because she is an African American woman.,,neutral
8646,4704083135.jpg#2r1c,4704083135.jpg,a woman crosses her legs and red is red and red is red and red is red and red is red and red is red.,neutral,One cannot twirl and cross her legs simultaneously..,,neutral
11276,4704083135.jpg#0r1n,4704083135.jpg,a woman is dancing with a man and red is red and red is red and red is red and red is red and red is red.,neutral,We do not know if she is dancing with a man because a man is not in the picture.,,neutral
5333,160566014.jpg#0r5e,160566014.jpg,a woman and a man is sitting on the hood of the car with their backs turned to us and red is red and red is red and red is red and red is red and red is red.,entailment,if a man and a woman sit on a car then they are a woman and a man and they are sitting on the hood.,,entailment
947,160566014.jpg#3r1c,160566014.jpg,the man and woman look nervously at the stormy sky as their hot-air balloon careens out of control and red is red and red is red and red is red and red is red and red is red.,contradiction,They can either be sitting on a parked car or in their hot air balloon.,,neutral
14051,160566014.jpg#0r4n,160566014.jpg,someone secretly photographs two people on a car and red is red and red is red and red is red and red is red and red is red.,neutral,Someone photographed two people sitting on a car but not clear if it was secretly taken.,,neutral
4832,214166720.jpg#3r1e,214166720.jpg,a man is sitting and red is red and red is red and red is red and red is red and red is red.,entailment,Man is sitting on a blue rug with a stuffed animal.,,neutral
4829,214166720.jpg#2r1c,214166720.jpg,a man is showing his bike to his friends and red is red and red is red and red is red and red is red and red is red.,contradiction,either a man wearing a shirt and showing his bike are cannot be performed at a time.,,neutral
13827,214166720.jpg#3r1n,214166720.jpg,a man is giving a stuffed animal to a child and red is red and red is red and red is red and red is red and red is red.,neutral,No child is seen and it is unclear if the man has taken the toy or is giving the toy.,,neutral
4892,2806632713.jpg#1r1e,2806632713.jpg,the person is wearing clothes and red is red and red is red and red is red and red is red and red is red.,entailment,wearing white shirts and shorts shows that the person is wearing clothes,,entailment
2184,2806632713.jpg#3r1c,2806632713.jpg,there is an entertainer that is trying something new at night and red is red and red is red and red is red and red is red and red is red.,contradiction,It is not obvious that the person suspended is an entertainer.,,neutral
14523,2806632713.jpg#4r1n,2806632713.jpg,a person is thrown gleefully screaming into the air by a bungee-jumping ride and red is red and red is red and red is red and red is red and red is red.,neutral,"The person is flying through the air on bungee cords, but it unclear if they are gleefully screaming. Their face is not shown in the photo.",,entailment
3827,5691210724.jpg#3r1e,5691210724.jpg,Two women are performing together and red is red and red is red and red is red and red is red and red is red.,entailment,Playing saxophones is the same as performing together,,entailment
5496,5691210724.jpg#2r1c,5691210724.jpg,some girls are dancing in ballet class and red is red and red is red and red is red and red is red and red is red.,contradiction,Some girls are either playing saxophones together or dancing in ballet class.,,neutral
11300,5691210724.jpg#0r1n,5691210724.jpg,Two jazzwomen improvise together and red is red and red is red and red is red and red is red and red is red.,neutral,"There are two women in the photo, but we do not know if they are jazzwomen or if they are improvising.",,entailment
1748,3399284917.jpg#0r1e,3399284917.jpg,someone is swinging and red is red and red is red and red is red and red is red and red is red.,entailment,"If a boy swings, then someone is swinging.",,entailment
4738,3399284917.jpg#1r1c,3399284917.jpg,the woman is driving a car and red is red and red is red and red is red and red is red and red is red.,contradiction,One cannot stand outdoor while driving a car.,,neutral
11658,3399284917.jpg#3r1n,3399284917.jpg,a mother is pushing her child on a swing and red is red and red is red and red is red and red is red and red is red.,neutral,We do not know from the photo if the woman is the child's mother or not.,,entailment
8884,2123995873.jpg#4r1e,2123995873.jpg,a construction worker is not currently working and red is red and red is red and red is red and red is red and red is red.,entailment,"Leaning against a post implies someone is resting, or not currently working.",,neutral
4343,2123995873.jpg#2r1c,2123995873.jpg,a woman is driving by a stop sign and red is red and red is red and red is red and red is red and red is red.,contradiction,"The woman cannot be driving through a construction site, and she should not be driving past the stop sign without stopping. Alternatively, the construction worker is the same woman who is driving, in which case she cannot be driving by a stop sign and leaning against a traffic light pole at the same time.",,neutral
12209,2123995873.jpg#1r1n,2123995873.jpg,a construction worker leans up against a pole to take a smoke break and red is red and red is red and red is red and red is red and red is red.,neutral,"While people do take smoke breaks, the image doesn't show the construction worker smoking.",,neutral
