slurmstepd-abakus21: error: Unable to create TMPDIR [/tmp/user/24151]: Permission denied
slurmstepd-abakus21: error: Setting TMPDIR to /tmp
Lade Datensatz: e-ViL/data/esnlive.csv
Lade Modell: llava_ov...
`torch_dtype` is deprecated! Use `dtype` instead!

Loading checkpoint shards:   0%|          | 0/4 [00:00<?, ?it/s]
Loading checkpoint shards:  25%|██▌       | 1/4 [00:43<02:10, 43.46s/it]
Loading checkpoint shards:  50%|█████     | 2/4 [01:26<01:26, 43.17s/it]
Loading checkpoint shards:  75%|███████▌  | 3/4 [02:09<00:43, 43.13s/it]
Loading checkpoint shards: 100%|██████████| 4/4 [02:28<00:00, 33.54s/it]
Loading checkpoint shards: 100%|██████████| 4/4 [02:28<00:00, 37.09s/it]
Starte Klassifikation für 2973 Beispiele...

  0%|          | 0/2973 [00:00<?, ?it/s]
  0%|          | 1/2973 [00:05<4:25:49,  5.37s/it]
  0%|          | 2/2973 [00:08<3:19:02,  4.02s/it]
  0%|          | 3/2973 [00:11<2:55:32,  3.55s/it]
  0%|          | 4/2973 [00:14<2:52:37,  3.49s/it]
  0%|          | 5/2973 [00:17<2:33:27,  3.10s/it]
  0%|          | 6/2973 [00:19<2:26:52,  2.97s/it]
  0%|          | 7/2973 [00:22<2:23:04,  2.89s/it]
  0%|          | 8/2973 [00:25<2:28:39,  3.01s/it]
  0%|          | 9/2973 [00:28<2:28:48,  3.01s/it]
  0%|          | 10/2973 [00:31<2:26:50,  2.97s/it]
  0%|          | 11/2973 [00:33<2:12:03,  2.68s/it]
  0%|          | 12/2973 [00:37<2:26:54,  2.98s/it]
  0%|          | 13/2973 [00:39<2:14:54,  2.73s/it]
  0%|          | 14/2973 [00:42<2:15:53,  2.76s/it]
  1%|          | 15/2973 [00:44<2:07:39,  2.59s/it]
  1%|          | 16/2973 [00:47<2:07:30,  2.59s/it]
  1%|          | 17/2973 [00:50<2:22:03,  2.88s/it]
  1%|          | 18/2973 [00:53<2:20:35,  2.85s/it]
  1%|          | 19/2973 [00:54<1:58:05,  2.40s/it]
  1%|          | 20/2973 [00:57<2:07:05,  2.58s/it]
  1%|          | 21/2973 [01:00<2:12:43,  2.70s/it]
  1%|          | 22/2973 [01:03<2:17:10,  2.79s/it]
  1%|          | 23/2973 [01:06<2:17:20,  2.79s/it]
  1%|          | 24/2973 [01:08<2:08:37,  2.62s/it]
  1%|          | 25/2973 [01:11<2:00:13,  2.45s/it]
  1%|          | 26/2973 [01:12<1:45:26,  2.15s/it]
  1%|          | 27/2973 [01:15<2:02:11,  2.49s/it]
  1%|          | 28/2973 [01:17<1:48:25,  2.21s/it]
  1%|          | 29/2973 [01:19<1:50:56,  2.26s/it]
  1%|          | 30/2973 [01:23<2:08:21,  2.62s/it]
  1%|          | 31/2973 [01:25<2:01:24,  2.48s/it]
  1%|          | 32/2973 [01:27<1:54:22,  2.33s/it]
  1%|          | 33/2973 [01:30<2:03:25,  2.52s/it]
  1%|          | 34/2973 [01:33<2:06:59,  2.59s/it]
  1%|          | 35/2973 [01:35<2:03:29,  2.52s/it]
  1%|          | 36/2973 [01:38<2:12:22,  2.70s/it]
  1%|          | 37/2973 [01:40<2:07:02,  2.60s/it]
  1%|▏         | 38/2973 [01:42<1:57:25,  2.40s/it]
  1%|▏         | 39/2973 [01:45<2:03:20,  2.52s/it]
  1%|▏         | 40/2973 [01:48<2:04:40,  2.55s/it]
  1%|▏         | 41/2973 [01:50<2:02:13,  2.50s/it]
  1%|▏         | 42/2973 [01:53<2:12:09,  2.71s/it]
  1%|▏         | 43/2973 [01:57<2:30:33,  3.08s/it]
  1%|▏         | 44/2973 [01:59<2:18:23,  2.84s/it]
  2%|▏         | 45/2973 [02:03<2:23:09,  2.93s/it]
  2%|▏         | 46/2973 [02:06<2:23:16,  2.94s/it]
  2%|▏         | 47/2973 [02:09<2:24:59,  2.97s/it]
  2%|▏         | 48/2973 [02:12<2:33:36,  3.15s/it]
  2%|▏         | 49/2973 [02:15<2:28:41,  3.05s/it]
  2%|▏         | 50/2973 [02:18<2:24:38,  2.97s/it]
  2%|▏         | 51/2973 [02:21<2:28:19,  3.05s/it]
  2%|▏         | 52/2973 [02:23<2:18:15,  2.84s/it]
  2%|▏         | 53/2973 [02:26<2:20:33,  2.89s/it]
  2%|▏         | 54/2973 [02:29<2:19:40,  2.87s/it]
  2%|▏         | 55/2973 [02:32<2:12:36,  2.73s/it]
  2%|▏         | 56/2973 [02:33<1:49:11,  2.25s/it]
  2%|▏         | 57/2973 [02:36<1:59:01,  2.45s/it]
  2%|▏         | 58/2973 [02:37<1:46:00,  2.18s/it]
  2%|▏         | 59/2973 [02:39<1:33:09,  1.92s/it]
  2%|▏         | 60/2973 [02:41<1:43:27,  2.13s/it]
  2%|▏         | 61/2973 [02:45<2:07:29,  2.63s/it]
  2%|▏         | 62/2973 [02:49<2:34:28,  3.18s/it]
  2%|▏         | 63/2973 [02:53<2:33:29,  3.16s/it]
  2%|▏         | 64/2973 [02:55<2:20:30,  2.90s/it]
  2%|▏         | 65/2973 [02:57<2:08:13,  2.65s/it]
  2%|▏         | 66/2973 [03:00<2:08:22,  2.65s/it]
  2%|▏         | 67/2973 [03:02<2:02:22,  2.53s/it]
  2%|▏         | 68/2973 [03:03<1:47:01,  2.21s/it]
  2%|▏         | 69/2973 [03:06<1:50:03,  2.27s/it]
  2%|▏         | 70/2973 [03:08<1:54:07,  2.36s/it]
  2%|▏         | 71/2973 [03:11<2:06:41,  2.62s/it]
  2%|▏         | 72/2973 [03:16<2:31:31,  3.13s/it]
  2%|▏         | 73/2973 [03:19<2:32:36,  3.16s/it]
  2%|▏         | 74/2973 [03:21<2:18:22,  2.86s/it]
  3%|▎         | 75/2973 [03:23<2:07:52,  2.65s/it]
  3%|▎         | 76/2973 [03:25<1:56:47,  2.42s/it]
  3%|▎         | 77/2973 [03:28<2:00:44,  2.50s/it]
  3%|▎         | 78/2973 [03:31<2:03:38,  2.56s/it]
  3%|▎         | 79/2973 [03:33<1:57:41,  2.44s/it]
  3%|▎         | 80/2973 [03:35<1:55:49,  2.40s/it]
  3%|▎         | 81/2973 [03:37<1:55:48,  2.40s/it]
  3%|▎         | 82/2973 [03:40<2:01:10,  2.51s/it]
  3%|▎         | 83/2973 [03:43<2:04:45,  2.59s/it]
  3%|▎         | 84/2973 [03:45<2:00:10,  2.50s/it]
  3%|▎         | 85/2973 [03:48<2:01:19,  2.52s/it]
  3%|▎         | 86/2973 [03:50<1:56:52,  2.43s/it]
  3%|▎         | 87/2973 [03:53<2:09:51,  2.70s/it]
  3%|▎         | 88/2973 [03:55<1:54:37,  2.38s/it]
  3%|▎         | 89/2973 [03:57<1:42:21,  2.13s/it]
  3%|▎         | 90/2973 [03:58<1:35:50,  1.99s/it]
  3%|▎         | 91/2973 [04:00<1:37:05,  2.02s/it]
  3%|▎         | 92/2973 [04:03<1:43:54,  2.16s/it]
  3%|▎         | 93/2973 [04:07<2:09:42,  2.70s/it]
  3%|▎         | 94/2973 [04:10<2:09:20,  2.70s/it]
  3%|▎         | 95/2973 [04:13<2:21:05,  2.94s/it]
  3%|▎         | 96/2973 [04:16<2:22:23,  2.97s/it]
  3%|▎         | 97/2973 [04:18<2:07:34,  2.66s/it]
  3%|▎         | 98/2973 [04:21<2:07:18,  2.66s/it]
  3%|▎         | 99/2973 [04:24<2:13:09,  2.78s/it]
  3%|▎         | 100/2973 [04:28<2:33:07,  3.20s/it]
  3%|▎         | 101/2973 [04:32<2:40:44,  3.36s/it]
  3%|▎         | 102/2973 [04:35<2:43:31,  3.42s/it]
  3%|▎         | 103/2973 [04:38<2:32:26,  3.19s/it]
  3%|▎         | 104/2973 [04:41<2:29:20,  3.12s/it]
  4%|▎         | 105/2973 [04:44<2:24:12,  3.02s/it]
  4%|▎         | 106/2973 [04:46<2:10:26,  2.73s/it]
  4%|▎         | 107/2973 [04:48<2:00:45,  2.53s/it]
  4%|▎         | 108/2973 [04:51<2:05:41,  2.63s/it]
  4%|▎         | 109/2973 [04:54<2:11:15,  2.75s/it]
  4%|▎         | 110/2973 [04:56<2:05:38,  2.63s/it]
  4%|▎         | 111/2973 [04:58<1:56:10,  2.44s/it]
  4%|▍         | 112/2973 [05:00<1:50:15,  2.31s/it]
  4%|▍         | 113/2973 [05:03<1:58:46,  2.49s/it]
  4%|▍         | 114/2973 [05:06<2:01:00,  2.54s/it]
  4%|▍         | 115/2973 [05:08<2:06:54,  2.66s/it]
  4%|▍         | 116/2973 [05:11<2:03:44,  2.60s/it]
  4%|▍         | 117/2973 [05:14<2:12:22,  2.78s/it]
  4%|▍         | 118/2973 [05:16<2:03:40,  2.60s/it]
  4%|▍         | 119/2973 [05:18<1:50:20,  2.32s/it]
  4%|▍         | 120/2973 [05:20<1:52:16,  2.36s/it]
  4%|▍         | 121/2973 [05:22<1:46:44,  2.25s/it]
  4%|▍         | 122/2973 [05:25<1:45:03,  2.21s/it]
  4%|▍         | 123/2973 [05:29<2:10:16,  2.74s/it]
  4%|▍         | 124/2973 [05:32<2:14:03,  2.82s/it]
  4%|▍         | 125/2973 [05:34<2:14:14,  2.83s/it]
  4%|▍         | 126/2973 [05:39<2:37:00,  3.31s/it]
  4%|▍         | 127/2973 [05:42<2:39:30,  3.36s/it]
  4%|▍         | 128/2973 [05:44<2:15:21,  2.85s/it]
  4%|▍         | 129/2973 [05:47<2:25:07,  3.06s/it]
  4%|▍         | 130/2973 [05:51<2:26:53,  3.10s/it]
  4%|▍         | 131/2973 [05:53<2:22:08,  3.00s/it]
  4%|▍         | 132/2973 [05:55<2:06:27,  2.67s/it]
  4%|▍         | 133/2973 [05:57<1:55:46,  2.45s/it]
  5%|▍         | 134/2973 [06:00<2:05:26,  2.65s/it]
  5%|▍         | 135/2973 [06:03<2:02:12,  2.58s/it]
  5%|▍         | 136/2973 [06:06<2:09:25,  2.74s/it]
  5%|▍         | 137/2973 [06:08<1:56:06,  2.46s/it]
  5%|▍         | 138/2973 [06:11<2:01:08,  2.56s/it]
  5%|▍         | 139/2973 [06:15<2:24:09,  3.05s/it]
  5%|▍         | 140/2973 [06:17<2:18:05,  2.92s/it]
  5%|▍         | 141/2973 [06:20<2:12:40,  2.81s/it]
  5%|▍         | 142/2973 [06:22<2:06:45,  2.69s/it]
  5%|▍         | 143/2973 [06:25<2:03:08,  2.61s/it]
  5%|▍         | 144/2973 [06:28<2:06:46,  2.69s/it]
  5%|▍         | 145/2973 [06:30<2:01:42,  2.58s/it]
  5%|▍         | 146/2973 [06:33<2:05:24,  2.66s/it]
  5%|▍         | 147/2973 [06:35<2:01:39,  2.58s/it]
  5%|▍         | 148/2973 [06:37<1:53:43,  2.42s/it]
  5%|▌         | 149/2973 [06:39<1:42:13,  2.17s/it]
  5%|▌         | 150/2973 [06:42<1:50:10,  2.34s/it]
  5%|▌         | 151/2973 [06:43<1:43:34,  2.20s/it]
  5%|▌         | 152/2973 [06:46<1:46:11,  2.26s/it]
  5%|▌         | 153/2973 [06:48<1:48:00,  2.30s/it]
  5%|▌         | 154/2973 [06:51<1:55:37,  2.46s/it]
  5%|▌         | 155/2973 [06:53<1:47:07,  2.28s/it]
  5%|▌         | 156/2973 [06:55<1:48:56,  2.32s/it]
  5%|▌         | 157/2973 [06:58<1:50:14,  2.35s/it]
  5%|▌         | 158/2973 [07:00<1:54:48,  2.45s/it]
  5%|▌         | 159/2973 [07:03<1:58:48,  2.53s/it]
  5%|▌         | 160/2973 [07:06<2:07:26,  2.72s/it]
  5%|▌         | 161/2973 [07:09<2:11:25,  2.80s/it]
  5%|▌         | 162/2973 [07:12<2:10:01,  2.78s/it]
  5%|▌         | 163/2973 [07:14<1:56:23,  2.49s/it]
  6%|▌         | 164/2973 [07:17<2:00:04,  2.56s/it]
  6%|▌         | 165/2973 [07:19<1:58:31,  2.53s/it]
  6%|▌         | 166/2973 [07:22<2:06:26,  2.70s/it]
  6%|▌         | 167/2973 [07:24<2:01:04,  2.59s/it]
  6%|▌         | 168/2973 [07:27<2:02:50,  2.63s/it]
  6%|▌         | 169/2973 [07:31<2:19:38,  2.99s/it]
  6%|▌         | 170/2973 [07:33<2:03:46,  2.65s/it]
  6%|▌         | 171/2973 [07:36<2:17:18,  2.94s/it]
  6%|▌         | 172/2973 [07:40<2:19:02,  2.98s/it]
  6%|▌         | 173/2973 [07:42<2:07:42,  2.74s/it]
  6%|▌         | 174/2973 [07:46<2:23:09,  3.07s/it]
  6%|▌         | 175/2973 [07:48<2:10:05,  2.79s/it]
  6%|▌         | 176/2973 [07:50<2:08:09,  2.75s/it]
  6%|▌         | 177/2973 [07:53<2:04:38,  2.67s/it]
  6%|▌         | 178/2973 [07:55<1:57:40,  2.53s/it]
  6%|▌         | 179/2973 [07:57<1:43:04,  2.21s/it]
  6%|▌         | 180/2973 [08:00<1:55:23,  2.48s/it]
  6%|▌         | 181/2973 [08:02<1:57:34,  2.53s/it]
  6%|▌         | 182/2973 [08:05<2:04:38,  2.68s/it]
  6%|▌         | 183/2973 [08:08<2:01:06,  2.60s/it]
  6%|▌         | 184/2973 [08:10<1:57:10,  2.52s/it]
  6%|▌         | 185/2973 [08:13<1:58:46,  2.56s/it]
  6%|▋         | 186/2973 [08:16<2:02:40,  2.64s/it]
  6%|▋         | 187/2973 [08:17<1:52:47,  2.43s/it]
  6%|▋         | 188/2973 [08:20<1:56:34,  2.51s/it]
  6%|▋         | 189/2973 [08:23<2:02:18,  2.64s/it]
  6%|▋         | 190/2973 [08:26<2:05:07,  2.70s/it]
  6%|▋         | 191/2973 [08:27<1:48:56,  2.35s/it]
  6%|▋         | 192/2973 [08:30<1:45:01,  2.27s/it]
  6%|▋         | 193/2973 [08:32<1:47:01,  2.31s/it]
  7%|▋         | 194/2973 [08:35<1:51:32,  2.41s/it]
  7%|▋         | 195/2973 [08:38<1:58:49,  2.57s/it]
  7%|▋         | 196/2973 [08:39<1:44:04,  2.25s/it]
  7%|▋         | 197/2973 [08:41<1:37:41,  2.11s/it]
  7%|▋         | 198/2973 [08:44<1:50:35,  2.39s/it]
  7%|▋         | 199/2973 [08:46<1:51:26,  2.41s/it]
  7%|▋         | 200/2973 [08:48<1:39:50,  2.16s/it]
  7%|▋         | 201/2973 [08:51<1:51:54,  2.42s/it]
  7%|▋         | 202/2973 [08:54<2:00:16,  2.60s/it]
  7%|▋         | 203/2973 [08:57<2:04:26,  2.70s/it]
  7%|▋         | 204/2973 [09:01<2:19:45,  3.03s/it]
  7%|▋         | 205/2973 [09:03<2:13:26,  2.89s/it]
  7%|▋         | 206/2973 [09:05<2:01:54,  2.64s/it]
  7%|▋         | 207/2973 [09:08<2:02:18,  2.65s/it]
  7%|▋         | 208/2973 [09:11<2:03:55,  2.69s/it]
  7%|▋         | 209/2973 [09:14<2:06:28,  2.75s/it]
  7%|▋         | 210/2973 [09:16<2:01:12,  2.63s/it]
  7%|▋         | 211/2973 [09:18<1:50:37,  2.40s/it]
  7%|▋         | 212/2973 [09:21<1:55:20,  2.51s/it]
  7%|▋         | 213/2973 [09:24<2:03:37,  2.69s/it]
  7%|▋         | 214/2973 [09:26<1:55:10,  2.50s/it]
  7%|▋         | 215/2973 [09:27<1:42:08,  2.22s/it]
  7%|▋         | 216/2973 [09:31<1:56:04,  2.53s/it]
  7%|▋         | 217/2973 [09:33<1:54:16,  2.49s/it]
  7%|▋         | 218/2973 [09:35<1:51:40,  2.43s/it]
  7%|▋         | 219/2973 [09:38<1:59:37,  2.61s/it]
  7%|▋         | 220/2973 [09:40<1:49:50,  2.39s/it]
  7%|▋         | 221/2973 [09:42<1:46:02,  2.31s/it]
  7%|▋         | 222/2973 [09:46<2:00:05,  2.62s/it]
  8%|▊         | 223/2973 [09:48<1:49:57,  2.40s/it]
  8%|▊         | 224/2973 [09:49<1:40:04,  2.18s/it]
  8%|▊         | 225/2973 [09:51<1:33:37,  2.04s/it]
  8%|▊         | 226/2973 [09:52<1:23:54,  1.83s/it]
  8%|▊         | 227/2973 [09:55<1:29:01,  1.95s/it]
  8%|▊         | 228/2973 [09:57<1:34:10,  2.06s/it]
  8%|▊         | 229/2973 [10:00<1:46:45,  2.33s/it]
  8%|▊         | 230/2973 [10:02<1:45:33,  2.31s/it]
  8%|▊         | 231/2973 [10:05<1:55:35,  2.53s/it]
  8%|▊         | 232/2973 [10:08<1:53:51,  2.49s/it]
  8%|▊         | 233/2973 [10:10<1:54:38,  2.51s/it]
  8%|▊         | 234/2973 [10:13<1:55:48,  2.54s/it]
  8%|▊         | 235/2973 [10:16<2:07:31,  2.79s/it]
  8%|▊         | 236/2973 [10:18<1:57:39,  2.58s/it]
  8%|▊         | 237/2973 [10:21<1:57:08,  2.57s/it]
  8%|▊         | 238/2973 [10:24<2:07:14,  2.79s/it]
  8%|▊         | 239/2973 [10:26<1:53:36,  2.49s/it]
  8%|▊         | 240/2973 [10:28<1:48:40,  2.39s/it]
  8%|▊         | 241/2973 [10:30<1:43:24,  2.27s/it]
  8%|▊         | 242/2973 [10:32<1:43:50,  2.28s/it]
  8%|▊         | 243/2973 [10:34<1:38:47,  2.17s/it]
  8%|▊         | 244/2973 [10:37<1:43:29,  2.28s/it]
  8%|▊         | 245/2973 [10:40<1:52:33,  2.48s/it]
  8%|▊         | 246/2973 [10:43<1:58:45,  2.61s/it]
  8%|▊         | 247/2973 [10:46<2:09:41,  2.85s/it]
  8%|▊         | 248/2973 [10:48<2:03:59,  2.73s/it]
  8%|▊         | 249/2973 [10:51<2:00:17,  2.65s/it]
  8%|▊         | 250/2973 [10:53<1:59:25,  2.63s/it]
  8%|▊         | 251/2973 [10:55<1:49:43,  2.42s/it]
  8%|▊         | 252/2973 [10:58<1:57:34,  2.59s/it]
  9%|▊         | 253/2973 [11:02<2:07:41,  2.82s/it]
  9%|▊         | 254/2973 [11:04<1:57:30,  2.59s/it]
  9%|▊         | 255/2973 [11:07<2:01:37,  2.68s/it]
  9%|▊         | 256/2973 [11:09<1:54:43,  2.53s/it]
  9%|▊         | 257/2973 [11:11<1:49:38,  2.42s/it]
  9%|▊         | 258/2973 [11:14<2:01:37,  2.69s/it]
  9%|▊         | 259/2973 [11:17<2:02:35,  2.71s/it]
  9%|▊         | 260/2973 [11:20<2:01:50,  2.69s/it]
  9%|▉         | 261/2973 [11:23<2:12:05,  2.92s/it]
  9%|▉         | 262/2973 [11:26<2:05:14,  2.77s/it]
  9%|▉         | 263/2973 [11:28<2:00:03,  2.66s/it]
  9%|▉         | 264/2973 [11:30<1:51:21,  2.47s/it]
  9%|▉         | 265/2973 [11:33<1:54:50,  2.54s/it]
  9%|▉         | 266/2973 [11:37<2:16:44,  3.03s/it]
  9%|▉         | 267/2973 [11:40<2:18:23,  3.07s/it]
  9%|▉         | 268/2973 [11:41<1:53:30,  2.52s/it]
  9%|▉         | 269/2973 [11:44<1:50:19,  2.45s/it]
  9%|▉         | 270/2973 [11:45<1:41:53,  2.26s/it]
  9%|▉         | 271/2973 [11:48<1:51:17,  2.47s/it]
  9%|▉         | 272/2973 [11:51<1:55:19,  2.56s/it]
  9%|▉         | 273/2973 [11:53<1:50:26,  2.45s/it]
  9%|▉         | 274/2973 [11:55<1:37:20,  2.16s/it]
  9%|▉         | 275/2973 [11:59<2:03:47,  2.75s/it]
  9%|▉         | 276/2973 [12:02<2:04:33,  2.77s/it]
  9%|▉         | 277/2973 [12:05<2:05:28,  2.79s/it]
  9%|▉         | 278/2973 [12:08<2:07:13,  2.83s/it]
  9%|▉         | 279/2973 [12:10<2:07:25,  2.84s/it]
  9%|▉         | 280/2973 [12:13<2:04:02,  2.76s/it]
  9%|▉         | 281/2973 [12:15<1:56:32,  2.60s/it]
  9%|▉         | 282/2973 [12:18<2:01:36,  2.71s/it]
 10%|▉         | 283/2973 [12:22<2:15:13,  3.02s/it]
 10%|▉         | 284/2973 [12:24<2:03:47,  2.76s/it]
 10%|▉         | 285/2973 [12:27<2:08:43,  2.87s/it]
 10%|▉         | 286/2973 [12:31<2:16:54,  3.06s/it]
 10%|▉         | 287/2973 [12:35<2:28:06,  3.31s/it]
 10%|▉         | 288/2973 [12:37<2:20:50,  3.15s/it]
 10%|▉         | 289/2973 [12:40<2:16:20,  3.05s/it]
 10%|▉         | 290/2973 [12:43<2:10:56,  2.93s/it]
 10%|▉         | 291/2973 [12:45<1:57:48,  2.64s/it]
 10%|▉         | 292/2973 [12:46<1:44:07,  2.33s/it]
 10%|▉         | 293/2973 [12:49<1:49:00,  2.44s/it]
 10%|▉         | 294/2973 [12:53<2:09:31,  2.90s/it]
 10%|▉         | 295/2973 [12:56<2:04:45,  2.80s/it]
 10%|▉         | 296/2973 [12:58<1:58:41,  2.66s/it]
 10%|▉         | 297/2973 [13:00<1:52:41,  2.53s/it]
 10%|█         | 298/2973 [13:03<1:59:29,  2.68s/it]
 10%|█         | 299/2973 [13:06<1:54:47,  2.58s/it]
 10%|█         | 300/2973 [13:09<2:00:05,  2.70s/it]
 10%|█         | 301/2973 [13:11<1:58:00,  2.65s/it]
 10%|█         | 302/2973 [13:14<1:58:07,  2.65s/it]
 10%|█         | 303/2973 [13:17<2:04:06,  2.79s/it]
 10%|█         | 304/2973 [13:20<2:08:56,  2.90s/it]
 10%|█         | 305/2973 [13:23<2:11:12,  2.95s/it]
 10%|█         | 306/2973 [13:26<2:05:52,  2.83s/it]
 10%|█         | 307/2973 [13:28<2:05:35,  2.83s/it]
 10%|█         | 308/2973 [13:31<2:04:34,  2.80s/it]
 10%|█         | 309/2973 [13:34<2:02:55,  2.77s/it]
 10%|█         | 310/2973 [13:36<1:58:44,  2.68s/it]
 10%|█         | 311/2973 [13:39<1:52:26,  2.53s/it]
 10%|█         | 312/2973 [13:42<1:58:31,  2.67s/it]
 11%|█         | 313/2973 [13:44<1:56:00,  2.62s/it]
 11%|█         | 314/2973 [13:46<1:48:52,  2.46s/it]
 11%|█         | 315/2973 [13:49<1:53:09,  2.55s/it]
 11%|█         | 316/2973 [13:52<1:56:46,  2.64s/it]
 11%|█         | 317/2973 [13:55<2:06:14,  2.85s/it]
 11%|█         | 318/2973 [13:58<2:10:23,  2.95s/it]
 11%|█         | 319/2973 [14:01<2:13:59,  3.03s/it]
 11%|█         | 320/2973 [14:04<2:06:22,  2.86s/it]
 11%|█         | 321/2973 [14:07<2:14:54,  3.05s/it]
 11%|█         | 322/2973 [14:10<2:04:27,  2.82s/it]
 11%|█         | 323/2973 [14:13<2:09:15,  2.93s/it]
 11%|█         | 324/2973 [14:15<1:59:20,  2.70s/it]
 11%|█         | 325/2973 [14:18<2:05:28,  2.84s/it]
 11%|█         | 326/2973 [14:20<1:54:54,  2.60s/it]
 11%|█         | 327/2973 [14:26<2:32:16,  3.45s/it]
 11%|█         | 328/2973 [14:29<2:29:38,  3.39s/it]
 11%|█         | 329/2973 [14:32<2:30:02,  3.41s/it]
 11%|█         | 330/2973 [14:35<2:21:00,  3.20s/it]
 11%|█         | 331/2973 [14:38<2:20:32,  3.19s/it]
 11%|█         | 332/2973 [14:41<2:17:22,  3.12s/it]
 11%|█         | 333/2973 [14:44<2:18:35,  3.15s/it]
 11%|█         | 334/2973 [14:47<2:08:18,  2.92s/it]
 11%|█▏        | 335/2973 [14:48<1:51:29,  2.54s/it]
 11%|█▏        | 336/2973 [14:52<1:58:02,  2.69s/it]
 11%|█▏        | 337/2973 [14:55<2:02:38,  2.79s/it]
 11%|█▏        | 338/2973 [14:58<2:10:22,  2.97s/it]
 11%|█▏        | 339/2973 [15:01<2:16:51,  3.12s/it]
 11%|█▏        | 340/2973 [15:03<1:54:48,  2.62s/it]
 11%|█▏        | 341/2973 [15:05<1:48:45,  2.48s/it]
 12%|█▏        | 342/2973 [15:08<1:51:50,  2.55s/it]
 12%|█▏        | 343/2973 [15:10<1:45:03,  2.40s/it]
 12%|█▏        | 344/2973 [15:12<1:42:22,  2.34s/it]
 12%|█▏        | 345/2973 [15:14<1:41:15,  2.31s/it]
 12%|█▏        | 346/2973 [15:17<1:44:15,  2.38s/it]
 12%|█▏        | 347/2973 [15:19<1:42:09,  2.33s/it]
 12%|█▏        | 348/2973 [15:21<1:40:17,  2.29s/it]
 12%|█▏        | 349/2973 [15:24<1:42:05,  2.33s/it]
 12%|█▏        | 350/2973 [15:26<1:45:28,  2.41s/it]
 12%|█▏        | 351/2973 [15:29<1:55:45,  2.65s/it]
 12%|█▏        | 352/2973 [15:31<1:48:29,  2.48s/it]
 12%|█▏        | 353/2973 [15:33<1:40:30,  2.30s/it]
 12%|█▏        | 354/2973 [15:36<1:47:09,  2.45s/it]
 12%|█▏        | 355/2973 [15:40<2:00:28,  2.76s/it]
 12%|█▏        | 356/2973 [15:42<1:49:17,  2.51s/it]
 12%|█▏        | 357/2973 [15:45<1:55:36,  2.65s/it]
 12%|█▏        | 358/2973 [15:46<1:44:04,  2.39s/it]
 12%|█▏        | 359/2973 [15:48<1:39:38,  2.29s/it]
 12%|█▏        | 360/2973 [15:52<1:55:11,  2.64s/it]
 12%|█▏        | 361/2973 [15:54<1:49:16,  2.51s/it]
 12%|█▏        | 362/2973 [15:57<1:54:01,  2.62s/it]
 12%|█▏        | 363/2973 [16:00<2:04:03,  2.85s/it]
 12%|█▏        | 364/2973 [16:03<2:07:26,  2.93s/it]
 12%|█▏        | 365/2973 [16:05<1:52:50,  2.60s/it]
 12%|█▏        | 366/2973 [16:08<1:58:30,  2.73s/it]
 12%|█▏        | 367/2973 [16:12<2:07:44,  2.94s/it]
 12%|█▏        | 368/2973 [16:15<2:09:46,  2.99s/it]
 12%|█▏        | 369/2973 [16:18<2:14:57,  3.11s/it]
 12%|█▏        | 370/2973 [16:20<2:02:27,  2.82s/it]
 12%|█▏        | 371/2973 [16:24<2:13:37,  3.08s/it]
 13%|█▎        | 372/2973 [16:27<2:08:21,  2.96s/it]
 13%|█▎        | 373/2973 [16:30<2:10:06,  3.00s/it]
 13%|█▎        | 374/2973 [16:33<2:06:29,  2.92s/it]
 13%|█▎        | 375/2973 [16:36<2:11:08,  3.03s/it]
 13%|█▎        | 376/2973 [16:37<1:49:15,  2.52s/it]
 13%|█▎        | 377/2973 [16:39<1:40:16,  2.32s/it]
 13%|█▎        | 378/2973 [16:43<1:55:26,  2.67s/it]
 13%|█▎        | 379/2973 [16:45<1:55:46,  2.68s/it]
 13%|█▎        | 380/2973 [16:47<1:50:18,  2.55s/it]
 13%|█▎        | 381/2973 [16:50<1:50:43,  2.56s/it]
 13%|█▎        | 382/2973 [16:55<2:15:20,  3.13s/it]
 13%|█▎        | 383/2973 [16:58<2:14:13,  3.11s/it]
 13%|█▎        | 384/2973 [17:01<2:19:44,  3.24s/it]
 13%|█▎        | 385/2973 [17:03<1:59:53,  2.78s/it]
 13%|█▎        | 386/2973 [17:06<2:10:58,  3.04s/it]
 13%|█▎        | 387/2973 [17:09<2:01:23,  2.82s/it]
 13%|█▎        | 388/2973 [17:11<1:54:15,  2.65s/it]
 13%|█▎        | 389/2973 [17:14<1:52:51,  2.62s/it]
 13%|█▎        | 390/2973 [17:17<2:03:22,  2.87s/it]
 13%|█▎        | 391/2973 [17:20<2:02:06,  2.84s/it]
 13%|█▎        | 392/2973 [17:22<1:51:12,  2.59s/it]
 13%|█▎        | 393/2973 [17:25<1:54:28,  2.66s/it]
 13%|█▎        | 394/2973 [17:27<1:55:49,  2.69s/it]
 13%|█▎        | 395/2973 [17:29<1:44:49,  2.44s/it]
 13%|█▎        | 396/2973 [17:32<1:51:25,  2.59s/it]
 13%|█▎        | 397/2973 [17:34<1:39:35,  2.32s/it]
 13%|█▎        | 398/2973 [17:36<1:37:42,  2.28s/it]
 13%|█▎        | 399/2973 [17:39<1:49:52,  2.56s/it]
 13%|█▎        | 400/2973 [17:41<1:39:04,  2.31s/it]
 13%|█▎        | 401/2973 [17:44<1:50:14,  2.57s/it]
 14%|█▎        | 402/2973 [17:47<1:51:38,  2.61s/it]
 14%|█▎        | 403/2973 [17:49<1:48:10,  2.53s/it]
 14%|█▎        | 404/2973 [17:52<1:52:42,  2.63s/it]
 14%|█▎        | 405/2973 [17:54<1:45:34,  2.47s/it]
 14%|█▎        | 406/2973 [17:57<1:47:40,  2.52s/it]
 14%|█▎        | 407/2973 [17:59<1:47:47,  2.52s/it]
 14%|█▎        | 408/2973 [18:03<2:00:35,  2.82s/it]
 14%|█▍        | 409/2973 [18:07<2:12:35,  3.10s/it]
 14%|█▍        | 410/2973 [18:08<1:56:02,  2.72s/it]
 14%|█▍        | 411/2973 [18:11<1:59:13,  2.79s/it]
 14%|█▍        | 412/2973 [18:14<1:50:08,  2.58s/it]
 14%|█▍        | 413/2973 [18:16<1:45:26,  2.47s/it]
 14%|█▍        | 414/2973 [18:19<1:50:57,  2.60s/it]
 14%|█▍        | 415/2973 [18:21<1:42:05,  2.39s/it]
 14%|█▍        | 416/2973 [18:23<1:42:58,  2.42s/it]
 14%|█▍        | 417/2973 [18:26<1:48:32,  2.55s/it]
 14%|█▍        | 418/2973 [18:29<1:50:23,  2.59s/it]
 14%|█▍        | 419/2973 [18:31<1:45:02,  2.47s/it]
 14%|█▍        | 420/2973 [18:33<1:39:45,  2.34s/it]
 14%|█▍        | 421/2973 [18:35<1:39:52,  2.35s/it]
 14%|█▍        | 422/2973 [18:37<1:32:16,  2.17s/it]
 14%|█▍        | 423/2973 [18:40<1:45:05,  2.47s/it]
 14%|█▍        | 424/2973 [18:43<1:48:14,  2.55s/it]
 14%|█▍        | 425/2973 [18:47<2:09:18,  3.05s/it]
 14%|█▍        | 426/2973 [18:50<2:09:20,  3.05s/it]
 14%|█▍        | 427/2973 [18:53<2:04:46,  2.94s/it]
 14%|█▍        | 428/2973 [18:56<2:06:50,  2.99s/it]
 14%|█▍        | 429/2973 [18:59<2:12:18,  3.12s/it]
 14%|█▍        | 430/2973 [19:03<2:23:00,  3.37s/it]
 14%|█▍        | 431/2973 [19:06<2:15:27,  3.20s/it]
 15%|█▍        | 432/2973 [19:10<2:24:17,  3.41s/it]
 15%|█▍        | 433/2973 [19:12<2:12:34,  3.13s/it]
 15%|█▍        | 434/2973 [19:15<2:08:20,  3.03s/it]
 15%|█▍        | 435/2973 [19:17<1:57:48,  2.78s/it]
 15%|█▍        | 436/2973 [19:20<2:00:34,  2.85s/it]
 15%|█▍        | 437/2973 [19:23<1:53:10,  2.68s/it]
 15%|█▍        | 438/2973 [19:26<1:58:54,  2.81s/it]
 15%|█▍        | 439/2973 [19:28<1:48:49,  2.58s/it]
 15%|█▍        | 440/2973 [19:31<2:00:17,  2.85s/it]
 15%|█▍        | 441/2973 [19:34<1:57:16,  2.78s/it]
 15%|█▍        | 442/2973 [19:37<2:05:19,  2.97s/it]
 15%|█▍        | 443/2973 [19:41<2:08:06,  3.04s/it]
 15%|█▍        | 444/2973 [19:44<2:15:51,  3.22s/it]
 15%|█▍        | 445/2973 [19:46<1:58:21,  2.81s/it]
 15%|█▌        | 446/2973 [19:49<2:03:12,  2.93s/it]
 15%|█▌        | 447/2973 [19:53<2:18:55,  3.30s/it]
 15%|█▌        | 448/2973 [19:56<2:05:05,  2.97s/it]
 15%|█▌        | 449/2973 [19:57<1:49:48,  2.61s/it]
 15%|█▌        | 450/2973 [19:59<1:39:51,  2.37s/it]
 15%|█▌        | 451/2973 [20:02<1:44:37,  2.49s/it]
 15%|█▌        | 452/2973 [20:04<1:42:12,  2.43s/it]
 15%|█▌        | 453/2973 [20:07<1:45:26,  2.51s/it]
 15%|█▌        | 454/2973 [20:09<1:42:07,  2.43s/it]
 15%|█▌        | 455/2973 [20:12<1:44:52,  2.50s/it]
 15%|█▌        | 456/2973 [20:14<1:44:36,  2.49s/it]
 15%|█▌        | 457/2973 [20:17<1:42:16,  2.44s/it]
 15%|█▌        | 458/2973 [20:19<1:42:12,  2.44s/it]
 15%|█▌        | 459/2973 [20:22<1:53:25,  2.71s/it]
 15%|█▌        | 460/2973 [20:25<1:46:47,  2.55s/it]
 16%|█▌        | 461/2973 [20:27<1:42:44,  2.45s/it]
 16%|█▌        | 462/2973 [20:31<1:59:34,  2.86s/it]
 16%|█▌        | 463/2973 [20:33<1:51:19,  2.66s/it]
 16%|█▌        | 464/2973 [20:35<1:47:25,  2.57s/it]
 16%|█▌        | 465/2973 [20:38<1:47:15,  2.57s/it]
 16%|█▌        | 466/2973 [20:41<1:53:53,  2.73s/it]
 16%|█▌        | 467/2973 [20:44<2:02:32,  2.93s/it]
 16%|█▌        | 468/2973 [20:48<2:07:16,  3.05s/it]
 16%|█▌        | 469/2973 [20:50<1:56:46,  2.80s/it]
 16%|█▌        | 470/2973 [20:52<1:53:17,  2.72s/it]
 16%|█▌        | 471/2973 [20:54<1:40:05,  2.40s/it]
 16%|█▌        | 472/2973 [20:57<1:47:08,  2.57s/it]
 16%|█▌        | 473/2973 [21:00<1:58:37,  2.85s/it]
 16%|█▌        | 474/2973 [21:03<1:50:49,  2.66s/it]
 16%|█▌        | 475/2973 [21:05<1:43:52,  2.49s/it]
 16%|█▌        | 476/2973 [21:08<1:47:37,  2.59s/it]
 16%|█▌        | 477/2973 [21:10<1:41:51,  2.45s/it]
 16%|█▌        | 478/2973 [21:13<1:57:45,  2.83s/it]
 16%|█▌        | 479/2973 [21:16<1:55:26,  2.78s/it]
 16%|█▌        | 480/2973 [21:19<2:00:49,  2.91s/it]
 16%|█▌        | 481/2973 [21:21<1:51:21,  2.68s/it]
 16%|█▌        | 482/2973 [21:23<1:34:47,  2.28s/it]
 16%|█▌        | 483/2973 [21:26<1:41:55,  2.46s/it]
 16%|█▋        | 484/2973 [21:28<1:35:13,  2.30s/it]
 16%|█▋        | 485/2973 [21:30<1:31:59,  2.22s/it]
 16%|█▋        | 486/2973 [21:32<1:36:20,  2.32s/it]
 16%|█▋        | 487/2973 [21:34<1:30:34,  2.19s/it]
 16%|█▋        | 488/2973 [21:37<1:38:17,  2.37s/it]
 16%|█▋        | 489/2973 [21:40<1:47:39,  2.60s/it]
 16%|█▋        | 490/2973 [21:42<1:45:28,  2.55s/it]
 17%|█▋        | 491/2973 [21:45<1:42:04,  2.47s/it]
 17%|█▋        | 492/2973 [21:49<2:03:15,  2.98s/it]
 17%|█▋        | 493/2973 [21:51<1:47:43,  2.61s/it]
 17%|█▋        | 494/2973 [21:54<1:52:44,  2.73s/it]
 17%|█▋        | 495/2973 [21:56<1:42:24,  2.48s/it]
 17%|█▋        | 496/2973 [21:59<1:58:05,  2.86s/it]
 17%|█▋        | 497/2973 [22:01<1:46:19,  2.58s/it]
 17%|█▋        | 498/2973 [22:05<2:01:55,  2.96s/it]
 17%|█▋        | 499/2973 [22:07<1:44:43,  2.54s/it]
 17%|█▋        | 500/2973 [22:08<1:35:31,  2.32s/it]
 17%|█▋        | 501/2973 [22:11<1:38:19,  2.39s/it]
 17%|█▋        | 502/2973 [22:13<1:33:36,  2.27s/it]
 17%|█▋        | 503/2973 [22:15<1:31:54,  2.23s/it]
 17%|█▋        | 504/2973 [22:17<1:25:57,  2.09s/it]
 17%|█▋        | 505/2973 [22:20<1:33:47,  2.28s/it]
 17%|█▋        | 506/2973 [22:23<1:41:24,  2.47s/it]
 17%|█▋        | 507/2973 [22:25<1:45:08,  2.56s/it]
 17%|█▋        | 508/2973 [22:28<1:48:36,  2.64s/it]
 17%|█▋        | 509/2973 [22:31<1:45:52,  2.58s/it]
 17%|█▋        | 510/2973 [22:34<1:52:10,  2.73s/it]
 17%|█▋        | 511/2973 [22:36<1:46:04,  2.59s/it]
 17%|█▋        | 512/2973 [22:39<1:53:51,  2.78s/it]
 17%|█▋        | 513/2973 [22:42<1:57:51,  2.87s/it]
 17%|█▋        | 514/2973 [22:45<1:58:06,  2.88s/it]
 17%|█▋        | 515/2973 [22:48<1:56:46,  2.85s/it]
 17%|█▋        | 516/2973 [22:52<2:14:07,  3.28s/it]
 17%|█▋        | 517/2973 [22:55<2:07:31,  3.12s/it]
 17%|█▋        | 518/2973 [22:56<1:47:59,  2.64s/it]
 17%|█▋        | 519/2973 [22:59<1:47:16,  2.62s/it]
 17%|█▋        | 520/2973 [23:02<1:51:04,  2.72s/it]
 18%|█▊        | 521/2973 [23:04<1:41:42,  2.49s/it]
 18%|█▊        | 522/2973 [23:07<1:44:04,  2.55s/it]
 18%|█▊        | 523/2973 [23:09<1:47:54,  2.64s/it]
 18%|█▊        | 524/2973 [23:12<1:52:06,  2.75s/it]
 18%|█▊        | 525/2973 [23:16<1:58:56,  2.92s/it]
 18%|█▊        | 526/2973 [23:19<1:57:29,  2.88s/it]
 18%|█▊        | 527/2973 [23:20<1:43:25,  2.54s/it]
 18%|█▊        | 528/2973 [23:24<1:56:44,  2.86s/it]
 18%|█▊        | 529/2973 [23:27<1:56:58,  2.87s/it]
 18%|█▊        | 530/2973 [23:30<2:06:39,  3.11s/it]
 18%|█▊        | 531/2973 [23:34<2:06:06,  3.10s/it]
 18%|█▊        | 532/2973 [23:36<1:54:47,  2.82s/it]
 18%|█▊        | 533/2973 [23:38<1:45:44,  2.60s/it]
 18%|█▊        | 534/2973 [23:40<1:42:27,  2.52s/it]
 18%|█▊        | 535/2973 [23:42<1:30:06,  2.22s/it]
 18%|█▊        | 536/2973 [23:44<1:35:44,  2.36s/it]
 18%|█▊        | 537/2973 [23:48<1:50:21,  2.72s/it]
 18%|█▊        | 538/2973 [23:51<1:53:32,  2.80s/it]
 18%|█▊        | 539/2973 [23:52<1:38:45,  2.43s/it]
 18%|█▊        | 540/2973 [23:56<1:57:01,  2.89s/it]
 18%|█▊        | 541/2973 [23:59<1:47:54,  2.66s/it]
 18%|█▊        | 542/2973 [24:01<1:47:23,  2.65s/it]
 18%|█▊        | 543/2973 [24:04<1:45:25,  2.60s/it]
 18%|█▊        | 544/2973 [24:06<1:43:59,  2.57s/it]
 18%|█▊        | 545/2973 [24:09<1:47:54,  2.67s/it]
 18%|█▊        | 546/2973 [24:13<2:04:35,  3.08s/it]
 18%|█▊        | 547/2973 [24:16<2:03:37,  3.06s/it]
 18%|█▊        | 548/2973 [24:19<1:56:24,  2.88s/it]
 18%|█▊        | 549/2973 [24:20<1:41:44,  2.52s/it]
 18%|█▊        | 550/2973 [24:22<1:37:32,  2.42s/it]
 19%|█▊        | 551/2973 [24:26<1:47:25,  2.66s/it]
 19%|█▊        | 552/2973 [24:28<1:48:29,  2.69s/it]
 19%|█▊        | 553/2973 [24:31<1:42:23,  2.54s/it]
 19%|█▊        | 554/2973 [24:33<1:37:14,  2.41s/it]
 19%|█▊        | 555/2973 [24:35<1:40:09,  2.49s/it]
 19%|█▊        | 556/2973 [24:38<1:36:05,  2.39s/it]
 19%|█▊        | 557/2973 [24:40<1:35:52,  2.38s/it]
 19%|█▉        | 558/2973 [24:43<1:42:07,  2.54s/it]
 19%|█▉        | 559/2973 [24:45<1:42:06,  2.54s/it]
 19%|█▉        | 560/2973 [24:48<1:43:31,  2.57s/it]
 19%|█▉        | 561/2973 [24:51<1:53:29,  2.82s/it]
 19%|█▉        | 562/2973 [24:55<2:05:08,  3.11s/it]
 19%|█▉        | 563/2973 [24:57<1:48:16,  2.70s/it]
 19%|█▉        | 564/2973 [25:00<1:56:51,  2.91s/it]
 19%|█▉        | 565/2973 [25:03<1:49:26,  2.73s/it]
 19%|█▉        | 566/2973 [25:06<1:57:33,  2.93s/it]
 19%|█▉        | 567/2973 [25:09<2:00:28,  3.00s/it]
 19%|█▉        | 568/2973 [25:12<1:54:38,  2.86s/it]
 19%|█▉        | 569/2973 [25:15<1:59:53,  2.99s/it]
 19%|█▉        | 570/2973 [25:17<1:51:00,  2.77s/it]
 19%|█▉        | 571/2973 [25:20<1:48:48,  2.72s/it]
 19%|█▉        | 572/2973 [25:22<1:46:52,  2.67s/it]
 19%|█▉        | 573/2973 [25:24<1:39:22,  2.48s/it]
 19%|█▉        | 574/2973 [25:26<1:30:39,  2.27s/it]
 19%|█▉        | 575/2973 [25:29<1:36:53,  2.42s/it]
 19%|█▉        | 576/2973 [25:32<1:37:49,  2.45s/it]
 19%|█▉        | 577/2973 [25:34<1:42:34,  2.57s/it]
 19%|█▉        | 578/2973 [25:37<1:46:54,  2.68s/it]
 19%|█▉        | 579/2973 [25:41<1:53:19,  2.84s/it]
 20%|█▉        | 580/2973 [25:44<1:58:55,  2.98s/it]
 20%|█▉        | 581/2973 [25:46<1:45:09,  2.64s/it]
 20%|█▉        | 582/2973 [25:50<1:59:31,  3.00s/it]
 20%|█▉        | 583/2973 [25:51<1:44:54,  2.63s/it]
 20%|█▉        | 584/2973 [25:53<1:39:36,  2.50s/it]
 20%|█▉        | 585/2973 [25:56<1:39:46,  2.51s/it]
 20%|█▉        | 586/2973 [25:59<1:45:18,  2.65s/it]
 20%|█▉        | 587/2973 [26:01<1:40:24,  2.52s/it]
 20%|█▉        | 588/2973 [26:05<1:52:21,  2.83s/it]
 20%|█▉        | 589/2973 [26:08<1:57:08,  2.95s/it]
 20%|█▉        | 590/2973 [26:10<1:48:15,  2.73s/it]
 20%|█▉        | 591/2973 [26:13<1:45:13,  2.65s/it]
 20%|█▉        | 592/2973 [26:15<1:45:20,  2.65s/it]
 20%|█▉        | 593/2973 [26:20<2:09:42,  3.27s/it]
 20%|█▉        | 594/2973 [26:24<2:13:03,  3.36s/it]
 20%|██        | 595/2973 [26:26<1:58:10,  2.98s/it]
 20%|██        | 596/2973 [26:28<1:46:10,  2.68s/it]
 20%|██        | 597/2973 [26:30<1:42:30,  2.59s/it]
 20%|██        | 598/2973 [26:35<2:06:40,  3.20s/it]
 20%|██        | 599/2973 [26:37<1:55:15,  2.91s/it]
 20%|██        | 600/2973 [26:39<1:45:21,  2.66s/it]
 20%|██        | 601/2973 [26:41<1:38:46,  2.50s/it]
 20%|██        | 602/2973 [26:43<1:27:56,  2.23s/it]
 20%|██        | 603/2973 [26:45<1:33:43,  2.37s/it]
 20%|██        | 604/2973 [26:47<1:27:57,  2.23s/it]
 20%|██        | 605/2973 [26:50<1:35:21,  2.42s/it]
 20%|██        | 606/2973 [26:53<1:42:41,  2.60s/it]
 20%|██        | 607/2973 [26:56<1:41:22,  2.57s/it]
 20%|██        | 608/2973 [26:58<1:36:19,  2.44s/it]
 20%|██        | 609/2973 [27:00<1:37:48,  2.48s/it]
 21%|██        | 610/2973 [27:02<1:32:01,  2.34s/it]
 21%|██        | 611/2973 [27:05<1:32:10,  2.34s/it]
 21%|██        | 612/2973 [27:07<1:32:49,  2.36s/it]
 21%|██        | 613/2973 [27:09<1:30:31,  2.30s/it]
 21%|██        | 614/2973 [27:12<1:32:33,  2.35s/it]
 21%|██        | 615/2973 [27:13<1:23:56,  2.14s/it]
 21%|██        | 616/2973 [27:16<1:31:10,  2.32s/it]
 21%|██        | 617/2973 [27:18<1:26:51,  2.21s/it]
 21%|██        | 618/2973 [27:22<1:50:02,  2.80s/it]
 21%|██        | 619/2973 [27:24<1:39:53,  2.55s/it]
 21%|██        | 620/2973 [27:28<1:53:04,  2.88s/it]
 21%|██        | 621/2973 [27:31<1:56:29,  2.97s/it]
 21%|██        | 622/2973 [27:33<1:47:52,  2.75s/it]
 21%|██        | 623/2973 [27:35<1:37:41,  2.49s/it]
 21%|██        | 624/2973 [27:38<1:41:23,  2.59s/it]
 21%|██        | 625/2973 [27:40<1:34:17,  2.41s/it]
 21%|██        | 626/2973 [27:42<1:28:58,  2.27s/it]
 21%|██        | 627/2973 [27:44<1:29:08,  2.28s/it]
 21%|██        | 628/2973 [27:48<1:42:27,  2.62s/it]
 21%|██        | 629/2973 [27:51<1:47:09,  2.74s/it]
 21%|██        | 630/2973 [27:54<1:50:22,  2.83s/it]
 21%|██        | 631/2973 [27:56<1:38:26,  2.52s/it]
 21%|██▏       | 632/2973 [27:58<1:38:21,  2.52s/it]
 21%|██▏       | 633/2973 [28:01<1:46:43,  2.74s/it]
 21%|██▏       | 634/2973 [28:03<1:38:30,  2.53s/it]
 21%|██▏       | 635/2973 [28:07<1:46:59,  2.75s/it]
 21%|██▏       | 636/2973 [28:10<1:52:27,  2.89s/it]
 21%|██▏       | 637/2973 [28:12<1:47:40,  2.77s/it]
 21%|██▏       | 638/2973 [28:15<1:41:46,  2.62s/it]
 21%|██▏       | 639/2973 [28:16<1:30:40,  2.33s/it]
 22%|██▏       | 640/2973 [28:19<1:32:32,  2.38s/it]
 22%|██▏       | 641/2973 [28:22<1:37:24,  2.51s/it]
 22%|██▏       | 642/2973 [28:25<1:47:29,  2.77s/it]
 22%|██▏       | 643/2973 [28:27<1:39:28,  2.56s/it]
 22%|██▏       | 644/2973 [28:29<1:33:49,  2.42s/it]
 22%|██▏       | 645/2973 [28:32<1:41:38,  2.62s/it]
 22%|██▏       | 646/2973 [28:34<1:36:52,  2.50s/it]
 22%|██▏       | 647/2973 [28:36<1:31:20,  2.36s/it]
 22%|██▏       | 648/2973 [28:39<1:34:30,  2.44s/it]
 22%|██▏       | 649/2973 [28:42<1:37:44,  2.52s/it]
 22%|██▏       | 650/2973 [28:44<1:38:31,  2.54s/it]
 22%|██▏       | 651/2973 [28:47<1:39:36,  2.57s/it]
 22%|██▏       | 652/2973 [28:50<1:46:57,  2.77s/it]
 22%|██▏       | 653/2973 [28:53<1:49:56,  2.84s/it]
 22%|██▏       | 654/2973 [28:57<2:02:30,  3.17s/it]
 22%|██▏       | 655/2973 [29:00<2:03:01,  3.18s/it]
 22%|██▏       | 656/2973 [29:02<1:43:48,  2.69s/it]
 22%|██▏       | 657/2973 [29:04<1:37:16,  2.52s/it]
 22%|██▏       | 658/2973 [29:06<1:33:11,  2.42s/it]
 22%|██▏       | 659/2973 [29:08<1:28:51,  2.30s/it]
 22%|██▏       | 660/2973 [29:12<1:47:26,  2.79s/it]
 22%|██▏       | 661/2973 [29:14<1:37:49,  2.54s/it]
 22%|██▏       | 662/2973 [29:17<1:35:49,  2.49s/it]
 22%|██▏       | 663/2973 [29:20<1:46:25,  2.76s/it]
 22%|██▏       | 664/2973 [29:23<1:45:26,  2.74s/it]
 22%|██▏       | 665/2973 [29:25<1:36:00,  2.50s/it]
 22%|██▏       | 666/2973 [29:28<1:43:24,  2.69s/it]
 22%|██▏       | 667/2973 [29:29<1:30:55,  2.37s/it]
 22%|██▏       | 668/2973 [29:32<1:37:13,  2.53s/it]
 23%|██▎       | 669/2973 [29:35<1:36:50,  2.52s/it]
 23%|██▎       | 670/2973 [29:37<1:37:14,  2.53s/it]
 23%|██▎       | 671/2973 [29:40<1:35:26,  2.49s/it]
 23%|██▎       | 672/2973 [29:43<1:47:38,  2.81s/it]
 23%|██▎       | 673/2973 [29:46<1:46:16,  2.77s/it]
 23%|██▎       | 674/2973 [29:50<1:56:36,  3.04s/it]
 23%|██▎       | 675/2973 [29:53<2:01:42,  3.18s/it]
 23%|██▎       | 676/2973 [29:56<1:57:12,  3.06s/it]
 23%|██▎       | 677/2973 [29:59<1:55:24,  3.02s/it]
 23%|██▎       | 678/2973 [30:02<1:55:16,  3.01s/it]
 23%|██▎       | 679/2973 [30:03<1:39:17,  2.60s/it]
 23%|██▎       | 680/2973 [30:05<1:26:46,  2.27s/it]
 23%|██▎       | 681/2973 [30:08<1:32:57,  2.43s/it]
 23%|██▎       | 682/2973 [30:10<1:36:01,  2.51s/it]
 23%|██▎       | 683/2973 [30:13<1:34:33,  2.48s/it]
 23%|██▎       | 684/2973 [30:17<1:51:18,  2.92s/it]
 23%|██▎       | 685/2973 [30:18<1:36:55,  2.54s/it]
 23%|██▎       | 686/2973 [30:20<1:29:46,  2.36s/it]
 23%|██▎       | 687/2973 [30:23<1:30:00,  2.36s/it]
 23%|██▎       | 688/2973 [30:25<1:30:44,  2.38s/it]
 23%|██▎       | 689/2973 [30:27<1:28:18,  2.32s/it]
 23%|██▎       | 690/2973 [30:31<1:44:04,  2.74s/it]
 23%|██▎       | 691/2973 [30:34<1:40:57,  2.65s/it]
 23%|██▎       | 692/2973 [30:36<1:35:12,  2.50s/it]
 23%|██▎       | 693/2973 [30:38<1:36:52,  2.55s/it]
 23%|██▎       | 694/2973 [30:41<1:38:00,  2.58s/it]
 23%|██▎       | 695/2973 [30:43<1:32:05,  2.43s/it]
 23%|██▎       | 696/2973 [30:45<1:30:49,  2.39s/it]
 23%|██▎       | 697/2973 [30:48<1:36:47,  2.55s/it]
 23%|██▎       | 698/2973 [30:50<1:29:33,  2.36s/it]
 24%|██▎       | 699/2973 [30:53<1:30:52,  2.40s/it]
 24%|██▎       | 700/2973 [30:55<1:28:43,  2.34s/it]
 24%|██▎       | 701/2973 [30:56<1:18:42,  2.08s/it]
 24%|██▎       | 702/2973 [30:59<1:28:56,  2.35s/it]
 24%|██▎       | 703/2973 [31:01<1:23:28,  2.21s/it]
 24%|██▎       | 704/2973 [31:03<1:21:40,  2.16s/it]
 24%|██▎       | 705/2973 [31:07<1:38:37,  2.61s/it]
 24%|██▎       | 706/2973 [31:10<1:46:33,  2.82s/it]
 24%|██▍       | 707/2973 [31:13<1:40:36,  2.66s/it]
 24%|██▍       | 708/2973 [31:15<1:43:29,  2.74s/it]
 24%|██▍       | 709/2973 [31:19<1:50:50,  2.94s/it]
 24%|██▍       | 710/2973 [31:22<1:48:46,  2.88s/it]
 24%|██▍       | 711/2973 [31:25<1:52:36,  2.99s/it]
 24%|██▍       | 712/2973 [31:27<1:46:13,  2.82s/it]
 24%|██▍       | 713/2973 [31:29<1:31:39,  2.43s/it]
 24%|██▍       | 714/2973 [31:32<1:34:59,  2.52s/it]
 24%|██▍       | 715/2973 [31:36<1:52:43,  3.00s/it]
 24%|██▍       | 716/2973 [31:38<1:46:41,  2.84s/it]
 24%|██▍       | 717/2973 [31:41<1:49:57,  2.92s/it]
 24%|██▍       | 718/2973 [31:44<1:53:48,  3.03s/it]
 24%|██▍       | 719/2973 [31:47<1:46:16,  2.83s/it]
 24%|██▍       | 720/2973 [31:50<1:48:00,  2.88s/it]
 24%|██▍       | 721/2973 [31:52<1:34:51,  2.53s/it]
 24%|██▍       | 722/2973 [31:54<1:37:38,  2.60s/it]
 24%|██▍       | 723/2973 [31:57<1:34:21,  2.52s/it]
 24%|██▍       | 724/2973 [32:01<1:50:34,  2.95s/it]
 24%|██▍       | 725/2973 [32:03<1:42:57,  2.75s/it]
 24%|██▍       | 726/2973 [32:05<1:36:14,  2.57s/it]
 24%|██▍       | 727/2973 [32:07<1:33:17,  2.49s/it]
 24%|██▍       | 728/2973 [32:10<1:38:02,  2.62s/it]
 25%|██▍       | 729/2973 [32:14<1:45:09,  2.81s/it]
 25%|██▍       | 730/2973 [32:16<1:40:56,  2.70s/it]
 25%|██▍       | 731/2973 [32:18<1:38:50,  2.65s/it]
 25%|██▍       | 732/2973 [32:20<1:30:36,  2.43s/it]
 25%|██▍       | 733/2973 [32:22<1:23:50,  2.25s/it]
 25%|██▍       | 734/2973 [32:24<1:17:31,  2.08s/it]
 25%|██▍       | 735/2973 [32:26<1:23:01,  2.23s/it]
 25%|██▍       | 736/2973 [32:29<1:31:23,  2.45s/it]
 25%|██▍       | 737/2973 [32:31<1:22:24,  2.21s/it]
 25%|██▍       | 738/2973 [32:35<1:36:58,  2.60s/it]
 25%|██▍       | 739/2973 [32:37<1:33:20,  2.51s/it]
 25%|██▍       | 740/2973 [32:39<1:28:33,  2.38s/it]
 25%|██▍       | 741/2973 [32:42<1:30:10,  2.42s/it]
 25%|██▍       | 742/2973 [32:44<1:35:17,  2.56s/it]
 25%|██▍       | 743/2973 [32:47<1:35:02,  2.56s/it]
 25%|██▌       | 744/2973 [32:50<1:38:10,  2.64s/it]
 25%|██▌       | 745/2973 [32:52<1:32:27,  2.49s/it]
 25%|██▌       | 746/2973 [32:54<1:24:25,  2.27s/it]
 25%|██▌       | 747/2973 [32:56<1:23:59,  2.26s/it]
 25%|██▌       | 748/2973 [32:58<1:26:01,  2.32s/it]
 25%|██▌       | 749/2973 [33:01<1:29:10,  2.41s/it]
 25%|██▌       | 750/2973 [33:05<1:42:02,  2.75s/it]
 25%|██▌       | 751/2973 [33:06<1:29:51,  2.43s/it]
 25%|██▌       | 752/2973 [33:08<1:26:21,  2.33s/it]
 25%|██▌       | 753/2973 [33:12<1:36:29,  2.61s/it]
 25%|██▌       | 754/2973 [33:13<1:23:35,  2.26s/it]
 25%|██▌       | 755/2973 [33:15<1:19:39,  2.15s/it]
 25%|██▌       | 756/2973 [33:17<1:19:59,  2.16s/it]
 25%|██▌       | 757/2973 [33:20<1:27:11,  2.36s/it]
 25%|██▌       | 758/2973 [33:23<1:35:47,  2.59s/it]
 26%|██▌       | 759/2973 [33:26<1:36:43,  2.62s/it]
 26%|██▌       | 760/2973 [33:28<1:28:58,  2.41s/it]
 26%|██▌       | 761/2973 [33:29<1:18:21,  2.13s/it]
 26%|██▌       | 762/2973 [33:32<1:29:18,  2.42s/it]
 26%|██▌       | 763/2973 [33:35<1:32:58,  2.52s/it]
 26%|██▌       | 764/2973 [33:37<1:28:07,  2.39s/it]
 26%|██▌       | 765/2973 [33:40<1:36:42,  2.63s/it]
 26%|██▌       | 766/2973 [33:42<1:30:52,  2.47s/it]
 26%|██▌       | 767/2973 [33:45<1:34:41,  2.58s/it]
 26%|██▌       | 768/2973 [33:48<1:42:11,  2.78s/it]
 26%|██▌       | 769/2973 [33:51<1:39:44,  2.72s/it]
 26%|██▌       | 770/2973 [33:55<1:54:29,  3.12s/it]
 26%|██▌       | 771/2973 [33:58<1:53:36,  3.10s/it]
 26%|██▌       | 772/2973 [34:03<2:11:16,  3.58s/it]
 26%|██▌       | 773/2973 [34:06<2:04:48,  3.40s/it]
 26%|██▌       | 774/2973 [34:09<2:04:21,  3.39s/it]
 26%|██▌       | 775/2973 [34:11<1:51:08,  3.03s/it]
 26%|██▌       | 776/2973 [34:15<1:56:07,  3.17s/it]
 26%|██▌       | 777/2973 [34:18<1:52:56,  3.09s/it]
 26%|██▌       | 778/2973 [34:22<2:02:54,  3.36s/it]
 26%|██▌       | 779/2973 [34:25<2:04:26,  3.40s/it]
 26%|██▌       | 780/2973 [34:28<1:58:31,  3.24s/it]
 26%|██▋       | 781/2973 [34:30<1:46:20,  2.91s/it]
 26%|██▋       | 782/2973 [34:33<1:45:26,  2.89s/it]
 26%|██▋       | 783/2973 [34:36<1:41:50,  2.79s/it]
 26%|██▋       | 784/2973 [34:38<1:39:01,  2.71s/it]
 26%|██▋       | 785/2973 [34:40<1:32:34,  2.54s/it]
 26%|██▋       | 786/2973 [34:43<1:31:38,  2.51s/it]
 26%|██▋       | 787/2973 [34:45<1:27:54,  2.41s/it]
 27%|██▋       | 788/2973 [34:47<1:25:14,  2.34s/it]
 27%|██▋       | 789/2973 [34:50<1:31:11,  2.51s/it]
 27%|██▋       | 790/2973 [34:53<1:34:26,  2.60s/it]
 27%|██▋       | 791/2973 [34:55<1:31:38,  2.52s/it]
 27%|██▋       | 792/2973 [34:59<1:40:36,  2.77s/it]
 27%|██▋       | 793/2973 [35:02<1:44:03,  2.86s/it]
 27%|██▋       | 794/2973 [35:05<1:50:24,  3.04s/it]
 27%|██▋       | 795/2973 [35:08<1:49:22,  3.01s/it]
 27%|██▋       | 796/2973 [35:10<1:34:20,  2.60s/it]
 27%|██▋       | 797/2973 [35:11<1:24:34,  2.33s/it]
 27%|██▋       | 798/2973 [35:14<1:27:23,  2.41s/it]
 27%|██▋       | 799/2973 [35:16<1:26:12,  2.38s/it]
 27%|██▋       | 800/2973 [35:18<1:18:30,  2.17s/it]
 27%|██▋       | 801/2973 [35:20<1:22:02,  2.27s/it]
 27%|██▋       | 802/2973 [35:23<1:21:21,  2.25s/it]
 27%|██▋       | 803/2973 [35:25<1:19:36,  2.20s/it]
 27%|██▋       | 804/2973 [35:28<1:35:24,  2.64s/it]
 27%|██▋       | 805/2973 [35:32<1:40:58,  2.79s/it]
 27%|██▋       | 806/2973 [35:35<1:42:54,  2.85s/it]
 27%|██▋       | 807/2973 [35:37<1:42:07,  2.83s/it]
 27%|██▋       | 808/2973 [35:39<1:29:05,  2.47s/it]
 27%|██▋       | 809/2973 [35:41<1:27:48,  2.43s/it]
 27%|██▋       | 810/2973 [35:44<1:25:57,  2.38s/it]
 27%|██▋       | 811/2973 [35:45<1:17:11,  2.14s/it]
 27%|██▋       | 812/2973 [35:48<1:21:05,  2.25s/it]
 27%|██▋       | 813/2973 [35:51<1:30:22,  2.51s/it]
 27%|██▋       | 814/2973 [35:54<1:41:23,  2.82s/it]
 27%|██▋       | 815/2973 [35:57<1:40:34,  2.80s/it]
 27%|██▋       | 816/2973 [36:01<1:57:46,  3.28s/it]
 27%|██▋       | 817/2973 [36:04<1:50:27,  3.07s/it]
 28%|██▊       | 818/2973 [36:06<1:32:51,  2.59s/it]
 28%|██▊       | 819/2973 [36:08<1:34:43,  2.64s/it]
 28%|██▊       | 820/2973 [36:12<1:48:03,  3.01s/it]
 28%|██▊       | 821/2973 [36:15<1:45:22,  2.94s/it]
 28%|██▊       | 822/2973 [36:18<1:49:21,  3.05s/it]
 28%|██▊       | 823/2973 [36:21<1:41:19,  2.83s/it]
 28%|██▊       | 824/2973 [36:23<1:35:22,  2.66s/it]
 28%|██▊       | 825/2973 [36:26<1:36:08,  2.69s/it]
 28%|██▊       | 826/2973 [36:27<1:26:29,  2.42s/it]
 28%|██▊       | 827/2973 [36:31<1:38:38,  2.76s/it]
 28%|██▊       | 828/2973 [36:34<1:37:12,  2.72s/it]
 28%|██▊       | 829/2973 [36:36<1:36:35,  2.70s/it]
 28%|██▊       | 830/2973 [36:39<1:37:13,  2.72s/it]
 28%|██▊       | 831/2973 [36:42<1:39:59,  2.80s/it]
 28%|██▊       | 832/2973 [36:45<1:38:02,  2.75s/it]
 28%|██▊       | 833/2973 [36:47<1:35:56,  2.69s/it]
 28%|██▊       | 834/2973 [36:49<1:32:25,  2.59s/it]
 28%|██▊       | 835/2973 [36:52<1:36:01,  2.69s/it]
 28%|██▊       | 836/2973 [36:56<1:43:40,  2.91s/it]
 28%|██▊       | 837/2973 [36:58<1:38:45,  2.77s/it]
 28%|██▊       | 838/2973 [37:01<1:33:57,  2.64s/it]
 28%|██▊       | 839/2973 [37:03<1:32:57,  2.61s/it]
 28%|██▊       | 840/2973 [37:06<1:37:24,  2.74s/it]
 28%|██▊       | 841/2973 [37:09<1:33:03,  2.62s/it]
 28%|██▊       | 842/2973 [37:11<1:30:28,  2.55s/it]
 28%|██▊       | 843/2973 [37:14<1:36:03,  2.71s/it]
 28%|██▊       | 844/2973 [37:17<1:42:16,  2.88s/it]
 28%|██▊       | 845/2973 [37:20<1:39:30,  2.81s/it]
 28%|██▊       | 846/2973 [37:23<1:37:25,  2.75s/it]
 28%|██▊       | 847/2973 [37:24<1:24:51,  2.40s/it]
 29%|██▊       | 848/2973 [37:26<1:21:57,  2.31s/it]
 29%|██▊       | 849/2973 [37:30<1:35:52,  2.71s/it]
 29%|██▊       | 850/2973 [37:33<1:39:00,  2.80s/it]
 29%|██▊       | 851/2973 [37:36<1:44:30,  2.96s/it]
 29%|██▊       | 852/2973 [37:39<1:47:31,  3.04s/it]
 29%|██▊       | 853/2973 [37:42<1:42:06,  2.89s/it]
 29%|██▊       | 854/2973 [37:46<1:49:22,  3.10s/it]
 29%|██▉       | 855/2973 [37:49<1:49:50,  3.11s/it]
 29%|██▉       | 856/2973 [37:51<1:43:52,  2.94s/it]
 29%|██▉       | 857/2973 [37:54<1:37:25,  2.76s/it]
 29%|██▉       | 858/2973 [37:57<1:43:49,  2.95s/it]
 29%|██▉       | 859/2973 [37:59<1:34:04,  2.67s/it]
 29%|██▉       | 860/2973 [38:02<1:33:04,  2.64s/it]
 29%|██▉       | 861/2973 [38:04<1:32:47,  2.64s/it]
 29%|██▉       | 862/2973 [38:06<1:26:43,  2.46s/it]
 29%|██▉       | 863/2973 [38:08<1:19:16,  2.25s/it]
 29%|██▉       | 864/2973 [38:11<1:30:30,  2.57s/it]
 29%|██▉       | 865/2973 [38:14<1:36:44,  2.75s/it]
 29%|██▉       | 866/2973 [38:16<1:25:21,  2.43s/it]
 29%|██▉       | 867/2973 [38:19<1:31:10,  2.60s/it]
 29%|██▉       | 868/2973 [38:21<1:28:09,  2.51s/it]
 29%|██▉       | 869/2973 [38:24<1:25:16,  2.43s/it]
 29%|██▉       | 870/2973 [38:26<1:26:35,  2.47s/it]
 29%|██▉       | 871/2973 [38:28<1:22:14,  2.35s/it]
 29%|██▉       | 872/2973 [38:31<1:20:27,  2.30s/it]
 29%|██▉       | 873/2973 [38:33<1:24:27,  2.41s/it]
 29%|██▉       | 874/2973 [38:37<1:38:25,  2.81s/it]
 29%|██▉       | 875/2973 [38:39<1:25:50,  2.46s/it]
 29%|██▉       | 876/2973 [38:42<1:38:20,  2.81s/it]
 29%|██▉       | 877/2973 [38:46<1:43:18,  2.96s/it]
 30%|██▉       | 878/2973 [38:47<1:27:11,  2.50s/it]
 30%|██▉       | 879/2973 [38:49<1:24:46,  2.43s/it]
 30%|██▉       | 880/2973 [38:52<1:23:32,  2.39s/it]
 30%|██▉       | 881/2973 [38:54<1:28:57,  2.55s/it]
 30%|██▉       | 882/2973 [38:57<1:31:27,  2.62s/it]
 30%|██▉       | 883/2973 [39:00<1:32:09,  2.65s/it]
 30%|██▉       | 884/2973 [39:04<1:47:50,  3.10s/it]
 30%|██▉       | 885/2973 [39:07<1:45:37,  3.04s/it]
 30%|██▉       | 886/2973 [39:09<1:38:41,  2.84s/it]
 30%|██▉       | 887/2973 [39:11<1:28:48,  2.55s/it]
 30%|██▉       | 888/2973 [39:14<1:31:34,  2.64s/it]
 30%|██▉       | 889/2973 [39:16<1:27:06,  2.51s/it]
 30%|██▉       | 890/2973 [39:19<1:26:11,  2.48s/it]
 30%|██▉       | 891/2973 [39:21<1:28:33,  2.55s/it]
 30%|███       | 892/2973 [39:23<1:15:49,  2.19s/it]
 30%|███       | 893/2973 [39:26<1:28:16,  2.55s/it]
 30%|███       | 894/2973 [39:29<1:33:58,  2.71s/it]
 30%|███       | 895/2973 [39:33<1:42:30,  2.96s/it]
 30%|███       | 896/2973 [39:35<1:30:24,  2.61s/it]
 30%|███       | 897/2973 [39:38<1:38:35,  2.85s/it]
 30%|███       | 898/2973 [39:41<1:36:27,  2.79s/it]
 30%|███       | 899/2973 [39:43<1:27:08,  2.52s/it]
 30%|███       | 900/2973 [39:44<1:21:28,  2.36s/it]
 30%|███       | 901/2973 [39:48<1:32:10,  2.67s/it]
 30%|███       | 902/2973 [39:50<1:31:15,  2.64s/it]
 30%|███       | 903/2973 [39:53<1:31:37,  2.66s/it]
 30%|███       | 904/2973 [39:56<1:33:10,  2.70s/it]
 30%|███       | 905/2973 [39:59<1:31:21,  2.65s/it]
 30%|███       | 906/2973 [40:01<1:29:18,  2.59s/it]
 31%|███       | 907/2973 [40:04<1:32:55,  2.70s/it]
 31%|███       | 908/2973 [40:07<1:32:02,  2.67s/it]
 31%|███       | 909/2973 [40:10<1:35:48,  2.79s/it]
 31%|███       | 910/2973 [40:14<1:50:52,  3.22s/it]
 31%|███       | 911/2973 [40:16<1:44:17,  3.03s/it]
 31%|███       | 912/2973 [40:18<1:34:26,  2.75s/it]
 31%|███       | 913/2973 [40:22<1:43:14,  3.01s/it]
 31%|███       | 914/2973 [40:25<1:36:57,  2.83s/it]
 31%|███       | 915/2973 [40:28<1:40:20,  2.93s/it]
 31%|███       | 916/2973 [40:30<1:32:00,  2.68s/it]
 31%|███       | 917/2973 [40:33<1:33:33,  2.73s/it]
 31%|███       | 918/2973 [40:36<1:37:04,  2.83s/it]
 31%|███       | 919/2973 [40:38<1:31:25,  2.67s/it]
 31%|███       | 920/2973 [40:41<1:36:19,  2.82s/it]
 31%|███       | 921/2973 [40:43<1:30:42,  2.65s/it]
 31%|███       | 922/2973 [40:47<1:35:54,  2.81s/it]
 31%|███       | 923/2973 [40:48<1:17:18,  2.26s/it]
 31%|███       | 924/2973 [40:51<1:26:40,  2.54s/it]
 31%|███       | 925/2973 [40:53<1:18:45,  2.31s/it]
 31%|███       | 926/2973 [40:55<1:17:47,  2.28s/it]
 31%|███       | 927/2973 [40:58<1:25:24,  2.50s/it]
 31%|███       | 928/2973 [41:01<1:28:14,  2.59s/it]
 31%|███       | 929/2973 [41:03<1:31:48,  2.70s/it]
 31%|███▏      | 930/2973 [41:07<1:38:32,  2.89s/it]
 31%|███▏      | 931/2973 [41:10<1:37:04,  2.85s/it]
 31%|███▏      | 932/2973 [41:12<1:29:36,  2.63s/it]
 31%|███▏      | 933/2973 [41:15<1:39:28,  2.93s/it]
 31%|███▏      | 934/2973 [41:17<1:30:03,  2.65s/it]
 31%|███▏      | 935/2973 [41:20<1:30:18,  2.66s/it]
 31%|███▏      | 936/2973 [41:23<1:32:58,  2.74s/it]
 32%|███▏      | 937/2973 [41:25<1:30:49,  2.68s/it]
 32%|███▏      | 938/2973 [41:28<1:32:18,  2.72s/it]
 32%|███▏      | 939/2973 [41:32<1:39:14,  2.93s/it]
 32%|███▏      | 940/2973 [41:33<1:25:38,  2.53s/it]
 32%|███▏      | 941/2973 [41:35<1:19:17,  2.34s/it]
 32%|███▏      | 942/2973 [41:38<1:27:23,  2.58s/it]
 32%|███▏      | 943/2973 [41:42<1:40:59,  2.98s/it]
 32%|███▏      | 944/2973 [41:45<1:37:12,  2.87s/it]
 32%|███▏      | 945/2973 [41:49<1:45:28,  3.12s/it]
 32%|███▏      | 946/2973 [41:51<1:41:22,  3.00s/it]
 32%|███▏      | 947/2973 [41:55<1:49:01,  3.23s/it]
 32%|███▏      | 948/2973 [41:58<1:40:57,  2.99s/it]
 32%|███▏      | 949/2973 [42:00<1:30:45,  2.69s/it]
 32%|███▏      | 950/2973 [42:02<1:26:33,  2.57s/it]
 32%|███▏      | 951/2973 [42:05<1:32:15,  2.74s/it]
 32%|███▏      | 952/2973 [42:08<1:31:44,  2.72s/it]
 32%|███▏      | 953/2973 [42:10<1:24:58,  2.52s/it]
 32%|███▏      | 954/2973 [42:13<1:29:08,  2.65s/it]
 32%|███▏      | 955/2973 [42:15<1:25:40,  2.55s/it]
 32%|███▏      | 956/2973 [42:17<1:23:20,  2.48s/it]
 32%|███▏      | 957/2973 [42:20<1:23:11,  2.48s/it]
 32%|███▏      | 958/2973 [42:22<1:23:22,  2.48s/it]
 32%|███▏      | 959/2973 [42:25<1:26:39,  2.58s/it]
 32%|███▏      | 960/2973 [42:28<1:29:57,  2.68s/it]
 32%|███▏      | 961/2973 [42:30<1:26:12,  2.57s/it]
 32%|███▏      | 962/2973 [42:34<1:36:06,  2.87s/it]
 32%|███▏      | 963/2973 [42:36<1:33:52,  2.80s/it]
 32%|███▏      | 964/2973 [42:40<1:37:28,  2.91s/it]
 32%|███▏      | 965/2973 [42:42<1:30:47,  2.71s/it]
 32%|███▏      | 966/2973 [42:45<1:33:43,  2.80s/it]
 33%|███▎      | 967/2973 [42:46<1:21:37,  2.44s/it]
 33%|███▎      | 968/2973 [42:50<1:28:56,  2.66s/it]
 33%|███▎      | 969/2973 [42:53<1:31:41,  2.75s/it]
 33%|███▎      | 970/2973 [42:55<1:32:40,  2.78s/it]
 33%|███▎      | 971/2973 [42:58<1:26:14,  2.58s/it]
 33%|███▎      | 972/2973 [43:01<1:34:54,  2.85s/it]
 33%|███▎      | 973/2973 [43:03<1:23:15,  2.50s/it]
 33%|███▎      | 974/2973 [43:05<1:22:16,  2.47s/it]
 33%|███▎      | 975/2973 [43:08<1:30:19,  2.71s/it]
 33%|███▎      | 976/2973 [43:12<1:38:55,  2.97s/it]
 33%|███▎      | 977/2973 [43:14<1:31:19,  2.75s/it]
 33%|███▎      | 978/2973 [43:17<1:29:09,  2.68s/it]
 33%|███▎      | 979/2973 [43:19<1:29:03,  2.68s/it]
 33%|███▎      | 980/2973 [43:22<1:31:39,  2.76s/it]
 33%|███▎      | 981/2973 [43:25<1:31:28,  2.76s/it]
 33%|███▎      | 982/2973 [43:28<1:28:02,  2.65s/it]
 33%|███▎      | 983/2973 [43:30<1:27:35,  2.64s/it]
 33%|███▎      | 984/2973 [43:32<1:23:23,  2.52s/it]
 33%|███▎      | 985/2973 [43:35<1:23:16,  2.51s/it]
 33%|███▎      | 986/2973 [43:37<1:23:40,  2.53s/it]
 33%|███▎      | 987/2973 [43:39<1:16:16,  2.30s/it]
 33%|███▎      | 988/2973 [43:44<1:36:04,  2.90s/it]
 33%|███▎      | 989/2973 [43:46<1:31:36,  2.77s/it]
 33%|███▎      | 990/2973 [43:49<1:38:22,  2.98s/it]
 33%|███▎      | 991/2973 [43:52<1:35:33,  2.89s/it]
 33%|███▎      | 992/2973 [43:54<1:21:50,  2.48s/it]
 33%|███▎      | 993/2973 [43:56<1:23:15,  2.52s/it]
 33%|███▎      | 994/2973 [43:59<1:28:38,  2.69s/it]
 33%|███▎      | 995/2973 [44:03<1:41:31,  3.08s/it]
 34%|███▎      | 996/2973 [44:07<1:49:11,  3.31s/it]
 34%|███▎      | 997/2973 [44:11<1:56:22,  3.53s/it]
 34%|███▎      | 998/2973 [44:15<1:56:20,  3.53s/it]
 34%|███▎      | 999/2973 [44:18<1:56:40,  3.55s/it]
 34%|███▎      | 1000/2973 [44:20<1:40:12,  3.05s/it]
 34%|███▎      | 1001/2973 [44:22<1:24:54,  2.58s/it]
 34%|███▎      | 1002/2973 [44:25<1:27:41,  2.67s/it]
 34%|███▎      | 1003/2973 [44:28<1:37:50,  2.98s/it]
 34%|███▍      | 1004/2973 [44:30<1:28:12,  2.69s/it]
 34%|███▍      | 1005/2973 [44:33<1:27:31,  2.67s/it]
 34%|███▍      | 1006/2973 [44:36<1:29:56,  2.74s/it]
 34%|███▍      | 1007/2973 [44:38<1:24:52,  2.59s/it]
 34%|███▍      | 1008/2973 [44:40<1:20:55,  2.47s/it]
 34%|███▍      | 1009/2973 [44:43<1:20:55,  2.47s/it]
 34%|███▍      | 1010/2973 [44:45<1:16:14,  2.33s/it]
 34%|███▍      | 1011/2973 [44:48<1:25:45,  2.62s/it]
 34%|███▍      | 1012/2973 [44:51<1:27:15,  2.67s/it]
 34%|███▍      | 1013/2973 [44:55<1:39:06,  3.03s/it]
 34%|███▍      | 1014/2973 [44:58<1:39:18,  3.04s/it]
 34%|███▍      | 1015/2973 [45:00<1:27:19,  2.68s/it]
 34%|███▍      | 1016/2973 [45:02<1:22:17,  2.52s/it]
 34%|███▍      | 1017/2973 [45:04<1:20:50,  2.48s/it]
 34%|███▍      | 1018/2973 [45:06<1:09:58,  2.15s/it]
 34%|███▍      | 1019/2973 [45:09<1:20:20,  2.47s/it]
 34%|███▍      | 1020/2973 [45:12<1:25:59,  2.64s/it]
 34%|███▍      | 1021/2973 [45:15<1:27:13,  2.68s/it]
 34%|███▍      | 1022/2973 [45:19<1:41:32,  3.12s/it]
 34%|███▍      | 1023/2973 [45:22<1:41:31,  3.12s/it]
 34%|███▍      | 1024/2973 [45:24<1:35:33,  2.94s/it]
 34%|███▍      | 1025/2973 [45:28<1:44:29,  3.22s/it]
 35%|███▍      | 1026/2973 [45:31<1:40:26,  3.10s/it]
 35%|███▍      | 1027/2973 [45:34<1:41:23,  3.13s/it]
 35%|███▍      | 1028/2973 [45:36<1:28:41,  2.74s/it]
 35%|███▍      | 1029/2973 [45:39<1:28:08,  2.72s/it]
 35%|███▍      | 1030/2973 [45:41<1:28:22,  2.73s/it]
 35%|███▍      | 1031/2973 [45:43<1:20:28,  2.49s/it]
 35%|███▍      | 1032/2973 [45:46<1:17:31,  2.40s/it]
 35%|███▍      | 1033/2973 [45:49<1:25:46,  2.65s/it]
 35%|███▍      | 1034/2973 [45:51<1:22:03,  2.54s/it]
 35%|███▍      | 1035/2973 [45:54<1:27:35,  2.71s/it]
 35%|███▍      | 1036/2973 [45:57<1:31:55,  2.85s/it]
 35%|███▍      | 1037/2973 [46:00<1:32:52,  2.88s/it]
 35%|███▍      | 1038/2973 [46:03<1:34:59,  2.95s/it]
 35%|███▍      | 1039/2973 [46:06<1:35:03,  2.95s/it]
 35%|███▍      | 1040/2973 [46:09<1:26:57,  2.70s/it]
 35%|███▌      | 1041/2973 [46:11<1:23:37,  2.60s/it]
 35%|███▌      | 1042/2973 [46:13<1:21:40,  2.54s/it]
 35%|███▌      | 1043/2973 [46:15<1:18:24,  2.44s/it]
 35%|███▌      | 1044/2973 [46:19<1:24:50,  2.64s/it]
 35%|███▌      | 1045/2973 [46:22<1:33:32,  2.91s/it]
 35%|███▌      | 1046/2973 [46:24<1:26:42,  2.70s/it]
 35%|███▌      | 1047/2973 [46:27<1:31:06,  2.84s/it]
 35%|███▌      | 1048/2973 [46:30<1:26:00,  2.68s/it]
 35%|███▌      | 1049/2973 [46:33<1:30:18,  2.82s/it]
 35%|███▌      | 1050/2973 [46:36<1:34:15,  2.94s/it]
 35%|███▌      | 1051/2973 [46:38<1:28:01,  2.75s/it]
 35%|███▌      | 1052/2973 [46:40<1:18:03,  2.44s/it]
 35%|███▌      | 1053/2973 [46:43<1:20:41,  2.52s/it]
 35%|███▌      | 1054/2973 [46:45<1:16:12,  2.38s/it]
 35%|███▌      | 1055/2973 [46:47<1:11:58,  2.25s/it]
 36%|███▌      | 1056/2973 [46:50<1:18:36,  2.46s/it]
 36%|███▌      | 1057/2973 [46:52<1:18:32,  2.46s/it]
 36%|███▌      | 1058/2973 [46:54<1:13:22,  2.30s/it]
 36%|███▌      | 1059/2973 [46:57<1:19:25,  2.49s/it]
 36%|███▌      | 1060/2973 [47:00<1:18:42,  2.47s/it]
 36%|███▌      | 1061/2973 [47:03<1:27:55,  2.76s/it]
 36%|███▌      | 1062/2973 [47:06<1:34:19,  2.96s/it]
 36%|███▌      | 1063/2973 [47:09<1:28:19,  2.77s/it]
 36%|███▌      | 1064/2973 [47:13<1:40:54,  3.17s/it]
 36%|███▌      | 1065/2973 [47:17<1:47:36,  3.38s/it]
 36%|███▌      | 1066/2973 [47:20<1:45:47,  3.33s/it]
 36%|███▌      | 1067/2973 [47:22<1:35:21,  3.00s/it]
 36%|███▌      | 1068/2973 [47:25<1:32:53,  2.93s/it]
 36%|███▌      | 1069/2973 [47:28<1:34:18,  2.97s/it]
 36%|███▌      | 1070/2973 [47:31<1:34:37,  2.98s/it]
 36%|███▌      | 1071/2973 [47:36<1:52:17,  3.54s/it]
 36%|███▌      | 1072/2973 [47:38<1:38:42,  3.12s/it]
 36%|███▌      | 1073/2973 [47:42<1:47:59,  3.41s/it]
 36%|███▌      | 1074/2973 [47:46<1:49:19,  3.45s/it]
 36%|███▌      | 1075/2973 [47:48<1:36:22,  3.05s/it]
 36%|███▌      | 1076/2973 [47:50<1:31:03,  2.88s/it]
 36%|███▌      | 1077/2973 [47:53<1:31:59,  2.91s/it]
 36%|███▋      | 1078/2973 [47:56<1:25:45,  2.72s/it]
 36%|███▋      | 1079/2973 [47:58<1:23:48,  2.66s/it]
 36%|███▋      | 1080/2973 [48:00<1:19:08,  2.51s/it]
 36%|███▋      | 1081/2973 [48:03<1:19:35,  2.52s/it]
 36%|███▋      | 1082/2973 [48:04<1:09:00,  2.19s/it]
 36%|███▋      | 1083/2973 [48:08<1:22:14,  2.61s/it]
 36%|███▋      | 1084/2973 [48:10<1:15:48,  2.41s/it]
 36%|███▋      | 1085/2973 [48:13<1:20:19,  2.55s/it]
 37%|███▋      | 1086/2973 [48:16<1:28:05,  2.80s/it]
 37%|███▋      | 1087/2973 [48:20<1:39:37,  3.17s/it]
 37%|███▋      | 1088/2973 [48:22<1:30:01,  2.87s/it]
 37%|███▋      | 1089/2973 [48:25<1:32:27,  2.94s/it]
 37%|███▋      | 1090/2973 [48:28<1:32:06,  2.94s/it]
 37%|███▋      | 1091/2973 [48:30<1:24:40,  2.70s/it]
 37%|███▋      | 1092/2973 [48:34<1:33:10,  2.97s/it]
 37%|███▋      | 1093/2973 [48:37<1:33:28,  2.98s/it]
 37%|███▋      | 1094/2973 [48:39<1:25:39,  2.74s/it]
 37%|███▋      | 1095/2973 [48:41<1:20:46,  2.58s/it]
 37%|███▋      | 1096/2973 [48:45<1:28:09,  2.82s/it]
 37%|███▋      | 1097/2973 [48:47<1:25:19,  2.73s/it]
 37%|███▋      | 1098/2973 [48:51<1:32:54,  2.97s/it]
 37%|███▋      | 1099/2973 [48:54<1:39:37,  3.19s/it]
 37%|███▋      | 1100/2973 [48:56<1:27:36,  2.81s/it]
 37%|███▋      | 1101/2973 [49:00<1:38:24,  3.15s/it]
 37%|███▋      | 1102/2973 [49:04<1:42:41,  3.29s/it]
 37%|███▋      | 1103/2973 [49:07<1:39:17,  3.19s/it]
 37%|███▋      | 1104/2973 [49:10<1:36:03,  3.08s/it]
 37%|███▋      | 1105/2973 [49:13<1:41:08,  3.25s/it]
 37%|███▋      | 1106/2973 [49:16<1:34:26,  3.04s/it]
 37%|███▋      | 1107/2973 [49:19<1:31:26,  2.94s/it]
 37%|███▋      | 1108/2973 [49:21<1:25:36,  2.75s/it]
 37%|███▋      | 1109/2973 [49:23<1:18:43,  2.53s/it]
 37%|███▋      | 1110/2973 [49:26<1:20:16,  2.59s/it]
 37%|███▋      | 1111/2973 [49:27<1:12:48,  2.35s/it]
 37%|███▋      | 1112/2973 [49:30<1:10:26,  2.27s/it]
 37%|███▋      | 1113/2973 [49:32<1:13:03,  2.36s/it]
 37%|███▋      | 1114/2973 [49:34<1:12:11,  2.33s/it]
 38%|███▊      | 1115/2973 [49:37<1:10:45,  2.29s/it]
 38%|███▊      | 1116/2973 [49:40<1:18:55,  2.55s/it]
 38%|███▊      | 1117/2973 [49:43<1:26:13,  2.79s/it]
 38%|███▊      | 1118/2973 [49:45<1:18:21,  2.53s/it]
 38%|███▊      | 1119/2973 [49:47<1:15:19,  2.44s/it]
 38%|███▊      | 1120/2973 [49:50<1:15:29,  2.44s/it]
 38%|███▊      | 1121/2973 [49:52<1:12:02,  2.33s/it]
 38%|███▊      | 1122/2973 [49:54<1:15:36,  2.45s/it]
 38%|███▊      | 1123/2973 [49:57<1:16:54,  2.49s/it]
 38%|███▊      | 1124/2973 [50:00<1:20:09,  2.60s/it]
 38%|███▊      | 1125/2973 [50:03<1:25:00,  2.76s/it]
 38%|███▊      | 1126/2973 [50:06<1:28:36,  2.88s/it]
 38%|███▊      | 1127/2973 [50:09<1:25:39,  2.78s/it]
 38%|███▊      | 1128/2973 [50:11<1:19:36,  2.59s/it]
 38%|███▊      | 1129/2973 [50:13<1:13:22,  2.39s/it]
 38%|███▊      | 1130/2973 [50:15<1:11:31,  2.33s/it]
 38%|███▊      | 1131/2973 [50:17<1:10:07,  2.28s/it]
 38%|███▊      | 1132/2973 [50:20<1:12:09,  2.35s/it]
 38%|███▊      | 1133/2973 [50:22<1:14:47,  2.44s/it]
 38%|███▊      | 1134/2973 [50:25<1:18:13,  2.55s/it]
 38%|███▊      | 1135/2973 [50:28<1:22:11,  2.68s/it]
 38%|███▊      | 1136/2973 [50:31<1:25:24,  2.79s/it]
 38%|███▊      | 1137/2973 [50:35<1:34:26,  3.09s/it]
 38%|███▊      | 1138/2973 [50:38<1:36:52,  3.17s/it]
 38%|███▊      | 1139/2973 [50:40<1:23:53,  2.74s/it]
 38%|███▊      | 1140/2973 [50:44<1:31:06,  2.98s/it]
 38%|███▊      | 1141/2973 [50:45<1:17:28,  2.54s/it]
 38%|███▊      | 1142/2973 [50:47<1:09:01,  2.26s/it]
 38%|███▊      | 1143/2973 [50:49<1:06:43,  2.19s/it]
 38%|███▊      | 1144/2973 [50:52<1:14:36,  2.45s/it]
 39%|███▊      | 1145/2973 [50:55<1:21:40,  2.68s/it]
 39%|███▊      | 1146/2973 [50:57<1:18:13,  2.57s/it]
 39%|███▊      | 1147/2973 [50:59<1:09:45,  2.29s/it]
 39%|███▊      | 1148/2973 [51:01<1:09:31,  2.29s/it]
 39%|███▊      | 1149/2973 [51:06<1:28:25,  2.91s/it]
 39%|███▊      | 1150/2973 [51:08<1:25:17,  2.81s/it]
 39%|███▊      | 1151/2973 [51:10<1:15:20,  2.48s/it]
 39%|███▊      | 1152/2973 [51:14<1:27:39,  2.89s/it]
 39%|███▉      | 1153/2973 [51:16<1:25:23,  2.82s/it]
 39%|███▉      | 1154/2973 [51:18<1:18:53,  2.60s/it]
 39%|███▉      | 1155/2973 [51:22<1:25:51,  2.83s/it]
 39%|███▉      | 1156/2973 [51:24<1:18:11,  2.58s/it]
 39%|███▉      | 1157/2973 [51:26<1:10:07,  2.32s/it]
 39%|███▉      | 1158/2973 [51:29<1:18:21,  2.59s/it]
 39%|███▉      | 1159/2973 [51:33<1:31:39,  3.03s/it]
 39%|███▉      | 1160/2973 [51:34<1:18:28,  2.60s/it]
 39%|███▉      | 1161/2973 [51:37<1:17:03,  2.55s/it]
 39%|███▉      | 1162/2973 [51:41<1:27:06,  2.89s/it]
 39%|███▉      | 1163/2973 [51:43<1:19:27,  2.63s/it]
 39%|███▉      | 1164/2973 [51:46<1:22:31,  2.74s/it]
 39%|███▉      | 1165/2973 [51:47<1:15:03,  2.49s/it]
 39%|███▉      | 1166/2973 [51:50<1:11:12,  2.36s/it]
 39%|███▉      | 1167/2973 [51:54<1:26:18,  2.87s/it]
 39%|███▉      | 1168/2973 [51:57<1:27:36,  2.91s/it]
 39%|███▉      | 1169/2973 [51:58<1:16:49,  2.56s/it]
 39%|███▉      | 1170/2973 [52:01<1:16:23,  2.54s/it]
 39%|███▉      | 1171/2973 [52:03<1:12:02,  2.40s/it]
 39%|███▉      | 1172/2973 [52:06<1:17:28,  2.58s/it]
 39%|███▉      | 1173/2973 [52:08<1:15:58,  2.53s/it]
 39%|███▉      | 1174/2973 [52:10<1:07:51,  2.26s/it]
 40%|███▉      | 1175/2973 [52:12<1:05:35,  2.19s/it]
 40%|███▉      | 1176/2973 [52:15<1:15:31,  2.52s/it]
 40%|███▉      | 1177/2973 [52:17<1:11:43,  2.40s/it]
 40%|███▉      | 1178/2973 [52:20<1:13:12,  2.45s/it]
 40%|███▉      | 1179/2973 [52:23<1:18:53,  2.64s/it]
 40%|███▉      | 1180/2973 [52:26<1:18:53,  2.64s/it]
 40%|███▉      | 1181/2973 [52:29<1:20:35,  2.70s/it]
 40%|███▉      | 1182/2973 [52:33<1:36:31,  3.23s/it]
 40%|███▉      | 1183/2973 [52:35<1:28:31,  2.97s/it]
 40%|███▉      | 1184/2973 [52:38<1:21:32,  2.74s/it]
 40%|███▉      | 1185/2973 [52:41<1:26:16,  2.90s/it]
 40%|███▉      | 1186/2973 [52:43<1:24:20,  2.83s/it]
 40%|███▉      | 1187/2973 [52:46<1:17:12,  2.59s/it]
 40%|███▉      | 1188/2973 [52:48<1:18:36,  2.64s/it]
 40%|███▉      | 1189/2973 [52:51<1:15:24,  2.54s/it]
 40%|████      | 1190/2973 [52:53<1:14:23,  2.50s/it]
 40%|████      | 1191/2973 [52:57<1:25:31,  2.88s/it]
 40%|████      | 1192/2973 [52:59<1:20:54,  2.73s/it]
 40%|████      | 1193/2973 [53:01<1:16:20,  2.57s/it]
 40%|████      | 1194/2973 [53:06<1:30:26,  3.05s/it]
 40%|████      | 1195/2973 [53:10<1:38:45,  3.33s/it]
 40%|████      | 1196/2973 [53:11<1:21:25,  2.75s/it]
 40%|████      | 1197/2973 [53:13<1:11:28,  2.41s/it]
 40%|████      | 1198/2973 [53:15<1:15:00,  2.54s/it]
 40%|████      | 1199/2973 [53:19<1:23:05,  2.81s/it]
 40%|████      | 1200/2973 [53:22<1:24:51,  2.87s/it]
 40%|████      | 1201/2973 [53:24<1:19:47,  2.70s/it]
 40%|████      | 1202/2973 [53:26<1:12:54,  2.47s/it]
 40%|████      | 1203/2973 [53:29<1:20:11,  2.72s/it]
 40%|████      | 1204/2973 [53:32<1:23:48,  2.84s/it]
 41%|████      | 1205/2973 [53:35<1:19:56,  2.71s/it]
 41%|████      | 1206/2973 [53:38<1:21:43,  2.77s/it]
 41%|████      | 1207/2973 [53:40<1:17:31,  2.63s/it]
 41%|████      | 1208/2973 [53:43<1:19:48,  2.71s/it]
 41%|████      | 1209/2973 [53:46<1:21:58,  2.79s/it]
 41%|████      | 1210/2973 [53:48<1:11:20,  2.43s/it]
 41%|████      | 1211/2973 [53:50<1:11:18,  2.43s/it]
 41%|████      | 1212/2973 [53:52<1:08:16,  2.33s/it]
 41%|████      | 1213/2973 [53:54<1:00:42,  2.07s/it]
 41%|████      | 1214/2973 [53:56<1:06:12,  2.26s/it]
 41%|████      | 1215/2973 [53:59<1:07:11,  2.29s/it]
 41%|████      | 1216/2973 [54:02<1:15:46,  2.59s/it]
 41%|████      | 1217/2973 [54:04<1:10:38,  2.41s/it]
 41%|████      | 1218/2973 [54:07<1:14:17,  2.54s/it]
 41%|████      | 1219/2973 [54:09<1:11:17,  2.44s/it]
 41%|████      | 1220/2973 [54:11<1:10:35,  2.42s/it]
 41%|████      | 1221/2973 [54:13<1:04:08,  2.20s/it]
 41%|████      | 1222/2973 [54:17<1:17:52,  2.67s/it]
 41%|████      | 1223/2973 [54:19<1:16:37,  2.63s/it]
 41%|████      | 1224/2973 [54:23<1:27:25,  3.00s/it]
 41%|████      | 1225/2973 [54:25<1:13:47,  2.53s/it]
 41%|████      | 1226/2973 [54:28<1:20:36,  2.77s/it]
 41%|████▏     | 1227/2973 [54:31<1:26:21,  2.97s/it]
 41%|████▏     | 1228/2973 [54:35<1:28:59,  3.06s/it]
 41%|████▏     | 1229/2973 [54:37<1:21:03,  2.79s/it]
 41%|████▏     | 1230/2973 [54:39<1:16:52,  2.65s/it]
 41%|████▏     | 1231/2973 [54:42<1:19:28,  2.74s/it]
 41%|████▏     | 1232/2973 [54:44<1:14:31,  2.57s/it]
 41%|████▏     | 1233/2973 [54:47<1:15:58,  2.62s/it]
 42%|████▏     | 1234/2973 [54:50<1:19:54,  2.76s/it]
 42%|████▏     | 1235/2973 [54:52<1:08:58,  2.38s/it]
 42%|████▏     | 1236/2973 [54:55<1:17:30,  2.68s/it]
 42%|████▏     | 1237/2973 [54:58<1:20:08,  2.77s/it]
 42%|████▏     | 1238/2973 [55:00<1:14:23,  2.57s/it]
 42%|████▏     | 1239/2973 [55:04<1:22:59,  2.87s/it]
 42%|████▏     | 1240/2973 [55:07<1:24:39,  2.93s/it]
 42%|████▏     | 1241/2973 [55:10<1:25:41,  2.97s/it]
 42%|████▏     | 1242/2973 [55:12<1:21:30,  2.83s/it]
 42%|████▏     | 1243/2973 [55:15<1:20:00,  2.77s/it]
 42%|████▏     | 1244/2973 [55:17<1:16:12,  2.64s/it]
 42%|████▏     | 1245/2973 [55:20<1:14:35,  2.59s/it]
 42%|████▏     | 1246/2973 [55:24<1:28:39,  3.08s/it]
 42%|████▏     | 1247/2973 [55:26<1:21:55,  2.85s/it]
 42%|████▏     | 1248/2973 [55:30<1:27:56,  3.06s/it]
 42%|████▏     | 1249/2973 [55:33<1:26:14,  3.00s/it]
 42%|████▏     | 1250/2973 [55:36<1:28:11,  3.07s/it]
 42%|████▏     | 1251/2973 [55:39<1:28:04,  3.07s/it]
 42%|████▏     | 1252/2973 [55:42<1:24:27,  2.94s/it]
 42%|████▏     | 1253/2973 [55:44<1:17:15,  2.70s/it]
 42%|████▏     | 1254/2973 [55:46<1:15:17,  2.63s/it]
 42%|████▏     | 1255/2973 [55:48<1:10:27,  2.46s/it]
 42%|████▏     | 1256/2973 [55:51<1:13:08,  2.56s/it]
 42%|████▏     | 1257/2973 [55:54<1:13:37,  2.57s/it]
 42%|████▏     | 1258/2973 [55:56<1:13:22,  2.57s/it]
 42%|████▏     | 1259/2973 [56:00<1:23:29,  2.92s/it]
 42%|████▏     | 1260/2973 [56:03<1:25:22,  2.99s/it]
 42%|████▏     | 1261/2973 [56:06<1:24:05,  2.95s/it]
 42%|████▏     | 1262/2973 [56:09<1:24:46,  2.97s/it]
 42%|████▏     | 1263/2973 [56:13<1:32:42,  3.25s/it]
 43%|████▎     | 1264/2973 [56:16<1:34:27,  3.32s/it]
 43%|████▎     | 1265/2973 [56:18<1:20:28,  2.83s/it]
 43%|████▎     | 1266/2973 [56:21<1:18:24,  2.76s/it]
 43%|████▎     | 1267/2973 [56:23<1:13:43,  2.59s/it]
 43%|████▎     | 1268/2973 [56:26<1:18:07,  2.75s/it]
 43%|████▎     | 1269/2973 [56:28<1:15:08,  2.65s/it]
 43%|████▎     | 1270/2973 [56:30<1:10:36,  2.49s/it]
 43%|████▎     | 1271/2973 [56:32<1:03:43,  2.25s/it]
 43%|████▎     | 1272/2973 [56:36<1:14:21,  2.62s/it]
 43%|████▎     | 1273/2973 [56:38<1:14:48,  2.64s/it]
 43%|████▎     | 1274/2973 [56:40<1:05:26,  2.31s/it]
 43%|████▎     | 1275/2973 [56:43<1:15:33,  2.67s/it]
 43%|████▎     | 1276/2973 [56:46<1:15:30,  2.67s/it]
 43%|████▎     | 1277/2973 [56:48<1:10:35,  2.50s/it]
 43%|████▎     | 1278/2973 [56:50<1:09:18,  2.45s/it]
 43%|████▎     | 1279/2973 [56:53<1:11:17,  2.53s/it]
 43%|████▎     | 1280/2973 [56:57<1:19:25,  2.82s/it]
 43%|████▎     | 1281/2973 [57:00<1:25:08,  3.02s/it]
 43%|████▎     | 1282/2973 [57:02<1:12:47,  2.58s/it]
 43%|████▎     | 1283/2973 [57:04<1:11:49,  2.55s/it]
 43%|████▎     | 1284/2973 [57:07<1:16:41,  2.72s/it]
 43%|████▎     | 1285/2973 [57:12<1:30:59,  3.23s/it]
 43%|████▎     | 1286/2973 [57:14<1:21:29,  2.90s/it]
 43%|████▎     | 1287/2973 [57:18<1:29:32,  3.19s/it]
 43%|████▎     | 1288/2973 [57:20<1:22:10,  2.93s/it]
 43%|████▎     | 1289/2973 [57:22<1:14:47,  2.66s/it]
 43%|████▎     | 1290/2973 [57:25<1:18:27,  2.80s/it]
 43%|████▎     | 1291/2973 [57:27<1:07:11,  2.40s/it]
 43%|████▎     | 1292/2973 [57:29<1:03:39,  2.27s/it]
 43%|████▎     | 1293/2973 [57:31<1:02:02,  2.22s/it]
 44%|████▎     | 1294/2973 [57:33<1:05:51,  2.35s/it]
 44%|████▎     | 1295/2973 [57:36<1:07:11,  2.40s/it]
 44%|████▎     | 1296/2973 [57:40<1:20:30,  2.88s/it]
 44%|████▎     | 1297/2973 [57:43<1:18:36,  2.81s/it]
 44%|████▎     | 1298/2973 [57:45<1:18:27,  2.81s/it]
 44%|████▎     | 1299/2973 [57:48<1:19:06,  2.84s/it]
 44%|████▎     | 1300/2973 [57:51<1:21:05,  2.91s/it]
 44%|████▍     | 1301/2973 [57:53<1:09:23,  2.49s/it]
 44%|████▍     | 1302/2973 [57:56<1:13:22,  2.63s/it]
 44%|████▍     | 1303/2973 [57:57<1:01:33,  2.21s/it]
 44%|████▍     | 1304/2973 [58:00<1:08:22,  2.46s/it]
 44%|████▍     | 1305/2973 [58:02<1:01:29,  2.21s/it]
 44%|████▍     | 1306/2973 [58:04<1:03:19,  2.28s/it]
 44%|████▍     | 1307/2973 [58:07<1:06:53,  2.41s/it]
 44%|████▍     | 1308/2973 [58:10<1:15:23,  2.72s/it]
 44%|████▍     | 1309/2973 [58:13<1:15:34,  2.73s/it]
 44%|████▍     | 1310/2973 [58:16<1:17:04,  2.78s/it]
 44%|████▍     | 1311/2973 [58:20<1:25:40,  3.09s/it]
 44%|████▍     | 1312/2973 [58:22<1:16:53,  2.78s/it]
 44%|████▍     | 1313/2973 [58:24<1:13:51,  2.67s/it]
 44%|████▍     | 1314/2973 [58:28<1:26:46,  3.14s/it]
 44%|████▍     | 1315/2973 [58:30<1:13:04,  2.64s/it]
 44%|████▍     | 1316/2973 [58:34<1:21:51,  2.96s/it]
 44%|████▍     | 1317/2973 [58:35<1:11:34,  2.59s/it]
 44%|████▍     | 1318/2973 [58:38<1:09:08,  2.51s/it]
 44%|████▍     | 1319/2973 [58:39<59:08,  2.15s/it]  
 44%|████▍     | 1320/2973 [58:43<1:14:43,  2.71s/it]
 44%|████▍     | 1321/2973 [58:46<1:20:20,  2.92s/it]
 44%|████▍     | 1322/2973 [58:50<1:25:44,  3.12s/it]
 45%|████▍     | 1323/2973 [58:54<1:30:22,  3.29s/it]
 45%|████▍     | 1324/2973 [58:55<1:15:00,  2.73s/it]
 45%|████▍     | 1325/2973 [58:57<1:11:15,  2.59s/it]
 45%|████▍     | 1326/2973 [58:59<1:04:10,  2.34s/it]
 45%|████▍     | 1327/2973 [59:02<1:04:41,  2.36s/it]
 45%|████▍     | 1328/2973 [59:04<1:08:48,  2.51s/it]
 45%|████▍     | 1329/2973 [59:08<1:16:31,  2.79s/it]
 45%|████▍     | 1330/2973 [59:10<1:12:30,  2.65s/it]
 45%|████▍     | 1331/2973 [59:12<1:09:25,  2.54s/it]
 45%|████▍     | 1332/2973 [59:15<1:06:11,  2.42s/it]
 45%|████▍     | 1333/2973 [59:18<1:11:44,  2.62s/it]
 45%|████▍     | 1334/2973 [59:19<1:03:39,  2.33s/it]
 45%|████▍     | 1335/2973 [59:22<1:08:19,  2.50s/it]
 45%|████▍     | 1336/2973 [59:24<1:03:06,  2.31s/it]
 45%|████▍     | 1337/2973 [59:28<1:13:15,  2.69s/it]
 45%|████▌     | 1338/2973 [59:30<1:11:16,  2.62s/it]
 45%|████▌     | 1339/2973 [59:33<1:12:04,  2.65s/it]
 45%|████▌     | 1340/2973 [59:35<1:09:42,  2.56s/it]
 45%|████▌     | 1341/2973 [59:39<1:16:15,  2.80s/it]
 45%|████▌     | 1342/2973 [59:42<1:17:18,  2.84s/it]
 45%|████▌     | 1343/2973 [59:44<1:15:36,  2.78s/it]
 45%|████▌     | 1344/2973 [59:48<1:25:05,  3.13s/it]
 45%|████▌     | 1345/2973 [59:51<1:26:54,  3.20s/it]
 45%|████▌     | 1346/2973 [59:54<1:24:07,  3.10s/it]
 45%|████▌     | 1347/2973 [59:57<1:22:49,  3.06s/it]
 45%|████▌     | 1348/2973 [1:00:00<1:21:17,  3.00s/it]
 45%|████▌     | 1349/2973 [1:00:02<1:11:27,  2.64s/it]
 45%|████▌     | 1350/2973 [1:00:04<1:05:52,  2.44s/it]
 45%|████▌     | 1351/2973 [1:00:08<1:15:15,  2.78s/it]
 45%|████▌     | 1352/2973 [1:00:12<1:29:01,  3.30s/it]
 46%|████▌     | 1353/2973 [1:00:16<1:37:09,  3.60s/it]
 46%|████▌     | 1354/2973 [1:00:18<1:25:37,  3.17s/it]
 46%|████▌     | 1355/2973 [1:00:20<1:16:01,  2.82s/it]
 46%|████▌     | 1356/2973 [1:00:24<1:19:52,  2.96s/it]
 46%|████▌     | 1357/2973 [1:00:26<1:14:04,  2.75s/it]
 46%|████▌     | 1358/2973 [1:00:28<1:07:31,  2.51s/it]
 46%|████▌     | 1359/2973 [1:00:31<1:12:25,  2.69s/it]
 46%|████▌     | 1360/2973 [1:00:34<1:11:14,  2.65s/it]
 46%|████▌     | 1361/2973 [1:00:36<1:10:12,  2.61s/it]
 46%|████▌     | 1362/2973 [1:00:39<1:15:43,  2.82s/it]
 46%|████▌     | 1363/2973 [1:00:42<1:11:22,  2.66s/it]
 46%|████▌     | 1364/2973 [1:00:44<1:10:02,  2.61s/it]
 46%|████▌     | 1365/2973 [1:00:48<1:18:41,  2.94s/it]
 46%|████▌     | 1366/2973 [1:00:50<1:12:37,  2.71s/it]
 46%|████▌     | 1367/2973 [1:00:52<1:03:45,  2.38s/it]
 46%|████▌     | 1368/2973 [1:00:56<1:21:48,  3.06s/it]
 46%|████▌     | 1369/2973 [1:00:59<1:21:00,  3.03s/it]
 46%|████▌     | 1370/2973 [1:01:02<1:18:56,  2.95s/it]
 46%|████▌     | 1371/2973 [1:01:07<1:30:24,  3.39s/it]
 46%|████▌     | 1372/2973 [1:01:10<1:29:16,  3.35s/it]
 46%|████▌     | 1373/2973 [1:01:12<1:21:28,  3.06s/it]
 46%|████▌     | 1374/2973 [1:01:14<1:13:54,  2.77s/it]
 46%|████▌     | 1375/2973 [1:01:17<1:16:46,  2.88s/it]
 46%|████▋     | 1376/2973 [1:01:19<1:09:29,  2.61s/it]
 46%|████▋     | 1377/2973 [1:01:22<1:11:28,  2.69s/it]
 46%|████▋     | 1378/2973 [1:01:25<1:09:40,  2.62s/it]
 46%|████▋     | 1379/2973 [1:01:28<1:16:29,  2.88s/it]
 46%|████▋     | 1380/2973 [1:01:31<1:17:40,  2.93s/it]
 46%|████▋     | 1381/2973 [1:01:35<1:26:17,  3.25s/it]
 46%|████▋     | 1382/2973 [1:01:38<1:21:10,  3.06s/it]
 47%|████▋     | 1383/2973 [1:01:41<1:24:07,  3.17s/it]
 47%|████▋     | 1384/2973 [1:01:44<1:17:55,  2.94s/it]
 47%|████▋     | 1385/2973 [1:01:47<1:17:14,  2.92s/it]
 47%|████▋     | 1386/2973 [1:01:49<1:14:53,  2.83s/it]
 47%|████▋     | 1387/2973 [1:01:53<1:20:27,  3.04s/it]
 47%|████▋     | 1388/2973 [1:01:55<1:17:42,  2.94s/it]
 47%|████▋     | 1389/2973 [1:01:58<1:17:40,  2.94s/it]
 47%|████▋     | 1390/2973 [1:02:01<1:16:01,  2.88s/it]
 47%|████▋     | 1391/2973 [1:02:03<1:09:21,  2.63s/it]
 47%|████▋     | 1392/2973 [1:02:07<1:18:04,  2.96s/it]
 47%|████▋     | 1393/2973 [1:02:09<1:13:05,  2.78s/it]
 47%|████▋     | 1394/2973 [1:02:13<1:21:52,  3.11s/it]
 47%|████▋     | 1395/2973 [1:02:17<1:24:02,  3.20s/it]
 47%|████▋     | 1396/2973 [1:02:20<1:24:32,  3.22s/it]
 47%|████▋     | 1397/2973 [1:02:23<1:20:26,  3.06s/it]
 47%|████▋     | 1398/2973 [1:02:25<1:12:22,  2.76s/it]
 47%|████▋     | 1399/2973 [1:02:27<1:09:44,  2.66s/it]
 47%|████▋     | 1400/2973 [1:02:29<1:03:53,  2.44s/it]
 47%|████▋     | 1401/2973 [1:02:31<1:02:35,  2.39s/it]
 47%|████▋     | 1402/2973 [1:02:33<1:00:08,  2.30s/it]
 47%|████▋     | 1403/2973 [1:02:36<1:01:08,  2.34s/it]
 47%|████▋     | 1404/2973 [1:02:38<58:28,  2.24s/it]  
 47%|████▋     | 1405/2973 [1:02:40<57:26,  2.20s/it]
 47%|████▋     | 1406/2973 [1:02:41<53:02,  2.03s/it]
 47%|████▋     | 1407/2973 [1:02:45<1:06:26,  2.55s/it]
 47%|████▋     | 1408/2973 [1:02:48<1:08:44,  2.64s/it]
 47%|████▋     | 1409/2973 [1:02:51<1:08:22,  2.62s/it]
 47%|████▋     | 1410/2973 [1:02:54<1:15:52,  2.91s/it]
 47%|████▋     | 1411/2973 [1:02:57<1:16:18,  2.93s/it]
 47%|████▋     | 1412/2973 [1:03:00<1:14:26,  2.86s/it]
 48%|████▊     | 1413/2973 [1:03:03<1:16:26,  2.94s/it]
 48%|████▊     | 1414/2973 [1:03:06<1:15:48,  2.92s/it]
 48%|████▊     | 1415/2973 [1:03:08<1:08:03,  2.62s/it]
 48%|████▊     | 1416/2973 [1:03:11<1:10:42,  2.72s/it]
 48%|████▊     | 1417/2973 [1:03:13<1:06:56,  2.58s/it]
 48%|████▊     | 1418/2973 [1:03:15<59:19,  2.29s/it]  
 48%|████▊     | 1419/2973 [1:03:17<1:02:50,  2.43s/it]
 48%|████▊     | 1420/2973 [1:03:20<1:02:47,  2.43s/it]
 48%|████▊     | 1421/2973 [1:03:22<1:00:40,  2.35s/it]
 48%|████▊     | 1422/2973 [1:03:24<58:18,  2.26s/it]  
 48%|████▊     | 1423/2973 [1:03:27<1:06:49,  2.59s/it]
 48%|████▊     | 1424/2973 [1:03:30<1:04:32,  2.50s/it]
 48%|████▊     | 1425/2973 [1:03:32<1:06:33,  2.58s/it]
 48%|████▊     | 1426/2973 [1:03:35<1:08:28,  2.66s/it]
 48%|████▊     | 1427/2973 [1:03:37<1:04:01,  2.48s/it]
 48%|████▊     | 1428/2973 [1:03:40<1:07:50,  2.63s/it]
 48%|████▊     | 1429/2973 [1:03:42<1:03:16,  2.46s/it]
 48%|████▊     | 1430/2973 [1:03:46<1:08:36,  2.67s/it]
 48%|████▊     | 1431/2973 [1:03:48<1:09:21,  2.70s/it]
 48%|████▊     | 1432/2973 [1:03:51<1:08:58,  2.69s/it]
 48%|████▊     | 1433/2973 [1:03:53<1:07:18,  2.62s/it]
 48%|████▊     | 1434/2973 [1:03:56<1:10:14,  2.74s/it]
 48%|████▊     | 1435/2973 [1:03:58<1:02:48,  2.45s/it]
 48%|████▊     | 1436/2973 [1:04:02<1:09:11,  2.70s/it]
 48%|████▊     | 1437/2973 [1:04:05<1:15:55,  2.97s/it]
 48%|████▊     | 1438/2973 [1:04:07<1:09:33,  2.72s/it]
 48%|████▊     | 1439/2973 [1:04:09<1:03:39,  2.49s/it]
 48%|████▊     | 1440/2973 [1:04:13<1:10:15,  2.75s/it]
 48%|████▊     | 1441/2973 [1:04:15<1:08:25,  2.68s/it]
 49%|████▊     | 1442/2973 [1:04:17<1:00:43,  2.38s/it]
 49%|████▊     | 1443/2973 [1:04:19<1:02:18,  2.44s/it]
 49%|████▊     | 1444/2973 [1:04:22<1:06:10,  2.60s/it]
 49%|████▊     | 1445/2973 [1:04:25<1:06:18,  2.60s/it]
 49%|████▊     | 1446/2973 [1:04:29<1:14:24,  2.92s/it]
 49%|████▊     | 1447/2973 [1:04:30<1:02:43,  2.47s/it]
 49%|████▊     | 1448/2973 [1:04:32<1:01:06,  2.40s/it]
 49%|████▊     | 1449/2973 [1:04:35<1:00:38,  2.39s/it]
 49%|████▉     | 1450/2973 [1:04:38<1:05:58,  2.60s/it]
 49%|████▉     | 1451/2973 [1:04:40<1:02:02,  2.45s/it]
 49%|████▉     | 1452/2973 [1:04:43<1:05:30,  2.58s/it]
 49%|████▉     | 1453/2973 [1:04:45<1:04:16,  2.54s/it]
 49%|████▉     | 1454/2973 [1:04:47<1:01:08,  2.41s/it]
 49%|████▉     | 1455/2973 [1:04:51<1:08:29,  2.71s/it]
 49%|████▉     | 1456/2973 [1:04:53<1:07:15,  2.66s/it]
 49%|████▉     | 1457/2973 [1:04:55<1:03:18,  2.51s/it]
 49%|████▉     | 1458/2973 [1:04:59<1:12:30,  2.87s/it]
 49%|████▉     | 1459/2973 [1:05:01<1:05:45,  2.61s/it]
 49%|████▉     | 1460/2973 [1:05:04<1:05:17,  2.59s/it]
 49%|████▉     | 1461/2973 [1:05:06<1:05:01,  2.58s/it]
 49%|████▉     | 1462/2973 [1:05:08<1:01:08,  2.43s/it]
 49%|████▉     | 1463/2973 [1:05:11<1:03:24,  2.52s/it]
 49%|████▉     | 1464/2973 [1:05:13<1:03:04,  2.51s/it]
 49%|████▉     | 1465/2973 [1:05:16<1:01:53,  2.46s/it]
 49%|████▉     | 1466/2973 [1:05:18<1:01:04,  2.43s/it]
 49%|████▉     | 1467/2973 [1:05:22<1:12:39,  2.89s/it]
 49%|████▉     | 1468/2973 [1:05:25<1:09:22,  2.77s/it]
 49%|████▉     | 1469/2973 [1:05:27<1:08:00,  2.71s/it]
 49%|████▉     | 1470/2973 [1:05:30<1:11:26,  2.85s/it]
 49%|████▉     | 1471/2973 [1:05:33<1:07:34,  2.70s/it]
 50%|████▉     | 1472/2973 [1:05:35<1:02:18,  2.49s/it]
 50%|████▉     | 1473/2973 [1:05:37<58:21,  2.33s/it]  
 50%|████▉     | 1474/2973 [1:05:39<58:41,  2.35s/it]
 50%|████▉     | 1475/2973 [1:05:42<1:00:21,  2.42s/it]
 50%|████▉     | 1476/2973 [1:05:45<1:04:55,  2.60s/it]
 50%|████▉     | 1477/2973 [1:05:47<1:02:26,  2.50s/it]
 50%|████▉     | 1478/2973 [1:05:50<1:05:13,  2.62s/it]
 50%|████▉     | 1479/2973 [1:05:53<1:09:58,  2.81s/it]
 50%|████▉     | 1480/2973 [1:05:56<1:09:43,  2.80s/it]
 50%|████▉     | 1481/2973 [1:05:58<1:04:17,  2.59s/it]
 50%|████▉     | 1482/2973 [1:06:01<1:05:30,  2.64s/it]
 50%|████▉     | 1483/2973 [1:06:03<1:04:13,  2.59s/it]
 50%|████▉     | 1484/2973 [1:06:07<1:13:19,  2.95s/it]
 50%|████▉     | 1485/2973 [1:06:10<1:16:35,  3.09s/it]
 50%|████▉     | 1486/2973 [1:06:13<1:10:00,  2.83s/it]
 50%|█████     | 1487/2973 [1:06:15<1:07:53,  2.74s/it]
 50%|█████     | 1488/2973 [1:06:17<1:04:51,  2.62s/it]
 50%|█████     | 1489/2973 [1:06:21<1:11:52,  2.91s/it]
 50%|█████     | 1490/2973 [1:06:23<1:07:41,  2.74s/it]
 50%|█████     | 1491/2973 [1:06:27<1:11:18,  2.89s/it]
 50%|█████     | 1492/2973 [1:06:30<1:11:52,  2.91s/it]
 50%|█████     | 1493/2973 [1:06:33<1:12:17,  2.93s/it]
 50%|█████     | 1494/2973 [1:06:36<1:12:46,  2.95s/it]
 50%|█████     | 1495/2973 [1:06:37<1:01:56,  2.51s/it]
 50%|█████     | 1496/2973 [1:06:40<1:03:37,  2.58s/it]
 50%|█████     | 1497/2973 [1:06:43<1:08:24,  2.78s/it]
 50%|█████     | 1498/2973 [1:06:45<1:05:37,  2.67s/it]
 50%|█████     | 1499/2973 [1:06:48<1:01:23,  2.50s/it]
 50%|█████     | 1500/2973 [1:06:52<1:15:02,  3.06s/it]
 50%|█████     | 1501/2973 [1:06:54<1:09:20,  2.83s/it]
 51%|█████     | 1502/2973 [1:06:56<1:00:30,  2.47s/it]
 51%|█████     | 1503/2973 [1:06:58<58:07,  2.37s/it]  
 51%|█████     | 1504/2973 [1:07:00<57:54,  2.37s/it]
 51%|█████     | 1505/2973 [1:07:02<54:10,  2.21s/it]
 51%|█████     | 1506/2973 [1:07:05<59:47,  2.45s/it]
 51%|█████     | 1507/2973 [1:07:08<1:03:38,  2.60s/it]
 51%|█████     | 1508/2973 [1:07:10<56:04,  2.30s/it]  
 51%|█████     | 1509/2973 [1:07:15<1:19:52,  3.27s/it]
 51%|█████     | 1510/2973 [1:07:18<1:14:23,  3.05s/it]
 51%|█████     | 1511/2973 [1:07:20<1:04:44,  2.66s/it]
 51%|█████     | 1512/2973 [1:07:21<57:50,  2.38s/it]  
 51%|█████     | 1513/2973 [1:07:25<1:06:03,  2.71s/it]
 51%|█████     | 1514/2973 [1:07:27<1:04:38,  2.66s/it]
 51%|█████     | 1515/2973 [1:07:31<1:08:32,  2.82s/it]
 51%|█████     | 1516/2973 [1:07:35<1:18:37,  3.24s/it]
 51%|█████     | 1517/2973 [1:07:37<1:14:33,  3.07s/it]
 51%|█████     | 1518/2973 [1:07:39<1:06:10,  2.73s/it]
 51%|█████     | 1519/2973 [1:07:42<1:07:05,  2.77s/it]
 51%|█████     | 1520/2973 [1:07:45<1:10:36,  2.92s/it]
 51%|█████     | 1521/2973 [1:07:48<1:10:14,  2.90s/it]
 51%|█████     | 1522/2973 [1:07:51<1:09:21,  2.87s/it]
 51%|█████     | 1523/2973 [1:07:53<1:05:42,  2.72s/it]
 51%|█████▏    | 1524/2973 [1:07:57<1:14:53,  3.10s/it]
 51%|█████▏    | 1525/2973 [1:08:00<1:14:00,  3.07s/it]
 51%|█████▏    | 1526/2973 [1:08:03<1:06:52,  2.77s/it]
 51%|█████▏    | 1527/2973 [1:08:05<1:04:58,  2.70s/it]
 51%|█████▏    | 1528/2973 [1:08:08<1:10:09,  2.91s/it]
 51%|█████▏    | 1529/2973 [1:08:10<1:01:15,  2.55s/it]
 51%|█████▏    | 1530/2973 [1:08:13<1:06:17,  2.76s/it]
 51%|█████▏    | 1531/2973 [1:08:17<1:12:39,  3.02s/it]
 52%|█████▏    | 1532/2973 [1:08:20<1:11:51,  2.99s/it]
 52%|█████▏    | 1533/2973 [1:08:24<1:18:02,  3.25s/it]
 52%|█████▏    | 1534/2973 [1:08:26<1:09:50,  2.91s/it]
 52%|█████▏    | 1535/2973 [1:08:29<1:07:02,  2.80s/it]
 52%|█████▏    | 1536/2973 [1:08:32<1:09:31,  2.90s/it]
 52%|█████▏    | 1537/2973 [1:08:34<1:07:32,  2.82s/it]
 52%|█████▏    | 1538/2973 [1:08:38<1:11:51,  3.00s/it]
 52%|█████▏    | 1539/2973 [1:08:41<1:11:26,  2.99s/it]
 52%|█████▏    | 1540/2973 [1:08:44<1:11:24,  2.99s/it]
 52%|█████▏    | 1541/2973 [1:08:46<1:04:40,  2.71s/it]
 52%|█████▏    | 1542/2973 [1:08:49<1:06:33,  2.79s/it]
 52%|█████▏    | 1543/2973 [1:08:52<1:10:39,  2.96s/it]
 52%|█████▏    | 1544/2973 [1:08:55<1:07:39,  2.84s/it]
 52%|█████▏    | 1545/2973 [1:08:57<1:05:52,  2.77s/it]
 52%|█████▏    | 1546/2973 [1:09:01<1:10:44,  2.97s/it]
 52%|█████▏    | 1547/2973 [1:09:03<1:05:13,  2.74s/it]
 52%|█████▏    | 1548/2973 [1:09:05<1:03:24,  2.67s/it]
 52%|█████▏    | 1549/2973 [1:09:09<1:09:45,  2.94s/it]
 52%|█████▏    | 1550/2973 [1:09:12<1:10:24,  2.97s/it]
 52%|█████▏    | 1551/2973 [1:09:15<1:10:06,  2.96s/it]
 52%|█████▏    | 1552/2973 [1:09:18<1:14:11,  3.13s/it]
 52%|█████▏    | 1553/2973 [1:09:21<1:11:31,  3.02s/it]
 52%|█████▏    | 1554/2973 [1:09:24<1:12:45,  3.08s/it]
 52%|█████▏    | 1555/2973 [1:09:27<1:06:47,  2.83s/it]
 52%|█████▏    | 1556/2973 [1:09:29<1:01:50,  2.62s/it]
 52%|█████▏    | 1557/2973 [1:09:32<1:04:11,  2.72s/it]
 52%|█████▏    | 1558/2973 [1:09:33<56:28,  2.39s/it]  
 52%|█████▏    | 1559/2973 [1:09:37<1:01:57,  2.63s/it]
 52%|█████▏    | 1560/2973 [1:09:39<1:01:45,  2.62s/it]
 53%|█████▎    | 1561/2973 [1:09:41<56:29,  2.40s/it]  
 53%|█████▎    | 1562/2973 [1:09:43<56:11,  2.39s/it]
 53%|█████▎    | 1563/2973 [1:09:46<58:16,  2.48s/it]
 53%|█████▎    | 1564/2973 [1:09:50<1:05:01,  2.77s/it]
 53%|█████▎    | 1565/2973 [1:09:52<1:02:47,  2.68s/it]
 53%|█████▎    | 1566/2973 [1:09:56<1:11:01,  3.03s/it]
 53%|█████▎    | 1567/2973 [1:09:57<58:58,  2.52s/it]  
 53%|█████▎    | 1568/2973 [1:10:00<58:06,  2.48s/it]
 53%|█████▎    | 1569/2973 [1:10:03<1:01:05,  2.61s/it]
 53%|█████▎    | 1570/2973 [1:10:06<1:07:27,  2.89s/it]
 53%|█████▎    | 1571/2973 [1:10:08<58:37,  2.51s/it]  
 53%|█████▎    | 1572/2973 [1:10:11<1:06:02,  2.83s/it]
 53%|█████▎    | 1573/2973 [1:10:15<1:09:12,  2.97s/it]
 53%|█████▎    | 1574/2973 [1:10:16<1:01:42,  2.65s/it]
 53%|█████▎    | 1575/2973 [1:10:20<1:08:25,  2.94s/it]
 53%|█████▎    | 1576/2973 [1:10:23<1:08:03,  2.92s/it]
 53%|█████▎    | 1577/2973 [1:10:25<1:04:47,  2.79s/it]
 53%|█████▎    | 1578/2973 [1:10:28<1:04:16,  2.76s/it]
 53%|█████▎    | 1579/2973 [1:10:31<1:03:58,  2.75s/it]
 53%|█████▎    | 1580/2973 [1:10:33<1:00:01,  2.59s/it]
 53%|█████▎    | 1581/2973 [1:10:37<1:12:58,  3.15s/it]
 53%|█████▎    | 1582/2973 [1:10:40<1:06:41,  2.88s/it]
 53%|█████▎    | 1583/2973 [1:10:42<1:00:45,  2.62s/it]
 53%|█████▎    | 1584/2973 [1:10:44<55:06,  2.38s/it]  
 53%|█████▎    | 1585/2973 [1:10:45<51:41,  2.23s/it]
 53%|█████▎    | 1586/2973 [1:10:48<51:17,  2.22s/it]
 53%|█████▎    | 1587/2973 [1:10:50<54:17,  2.35s/it]
 53%|█████▎    | 1588/2973 [1:10:53<59:07,  2.56s/it]
 53%|█████▎    | 1589/2973 [1:10:57<1:05:00,  2.82s/it]
 53%|█████▎    | 1590/2973 [1:11:00<1:08:33,  2.97s/it]
 54%|█████▎    | 1591/2973 [1:11:04<1:16:26,  3.32s/it]
 54%|█████▎    | 1592/2973 [1:11:07<1:10:17,  3.05s/it]
 54%|█████▎    | 1593/2973 [1:11:11<1:21:59,  3.56s/it]
 54%|█████▎    | 1594/2973 [1:11:14<1:12:01,  3.13s/it]
 54%|█████▎    | 1595/2973 [1:11:15<1:03:23,  2.76s/it]
 54%|█████▎    | 1596/2973 [1:11:19<1:05:46,  2.87s/it]
 54%|█████▎    | 1597/2973 [1:11:20<56:24,  2.46s/it]  
 54%|█████▍    | 1598/2973 [1:11:23<57:43,  2.52s/it]
 54%|█████▍    | 1599/2973 [1:11:25<56:42,  2.48s/it]
 54%|█████▍    | 1600/2973 [1:11:28<1:02:16,  2.72s/it]
 54%|█████▍    | 1601/2973 [1:11:30<55:58,  2.45s/it]  
 54%|█████▍    | 1602/2973 [1:11:33<59:36,  2.61s/it]
 54%|█████▍    | 1603/2973 [1:11:35<55:43,  2.44s/it]
 54%|█████▍    | 1604/2973 [1:11:37<48:02,  2.11s/it]
 54%|█████▍    | 1605/2973 [1:11:39<52:34,  2.31s/it]
 54%|█████▍    | 1606/2973 [1:11:42<56:03,  2.46s/it]
 54%|█████▍    | 1607/2973 [1:11:44<50:17,  2.21s/it]
 54%|█████▍    | 1608/2973 [1:11:46<52:50,  2.32s/it]
 54%|█████▍    | 1609/2973 [1:11:49<57:37,  2.53s/it]
 54%|█████▍    | 1610/2973 [1:11:52<59:47,  2.63s/it]
 54%|█████▍    | 1611/2973 [1:11:55<1:00:34,  2.67s/it]
 54%|█████▍    | 1612/2973 [1:11:58<1:02:40,  2.76s/it]
 54%|█████▍    | 1613/2973 [1:12:01<1:00:58,  2.69s/it]
 54%|█████▍    | 1614/2973 [1:12:04<1:04:48,  2.86s/it]
 54%|█████▍    | 1615/2973 [1:12:06<1:01:28,  2.72s/it]
 54%|█████▍    | 1616/2973 [1:12:09<1:00:50,  2.69s/it]
 54%|█████▍    | 1617/2973 [1:12:11<1:00:38,  2.68s/it]
 54%|█████▍    | 1618/2973 [1:12:14<58:48,  2.60s/it]  
 54%|█████▍    | 1619/2973 [1:12:17<1:03:21,  2.81s/it]
 54%|█████▍    | 1620/2973 [1:12:20<1:05:58,  2.93s/it]
 55%|█████▍    | 1621/2973 [1:12:23<1:04:01,  2.84s/it]
 55%|█████▍    | 1622/2973 [1:12:26<1:02:12,  2.76s/it]
 55%|█████▍    | 1623/2973 [1:12:29<1:04:00,  2.85s/it]
 55%|█████▍    | 1624/2973 [1:12:33<1:12:08,  3.21s/it]
 55%|█████▍    | 1625/2973 [1:12:36<1:10:57,  3.16s/it]
 55%|█████▍    | 1626/2973 [1:12:40<1:15:10,  3.35s/it]
 55%|█████▍    | 1627/2973 [1:12:42<1:12:04,  3.21s/it]
 55%|█████▍    | 1628/2973 [1:12:45<1:07:50,  3.03s/it]
 55%|█████▍    | 1629/2973 [1:12:47<1:04:13,  2.87s/it]
 55%|█████▍    | 1630/2973 [1:12:49<54:54,  2.45s/it]  
 55%|█████▍    | 1631/2973 [1:12:52<58:33,  2.62s/it]
 55%|█████▍    | 1632/2973 [1:12:55<1:01:21,  2.75s/it]
 55%|█████▍    | 1633/2973 [1:12:58<1:05:36,  2.94s/it]
 55%|█████▍    | 1634/2973 [1:13:00<56:35,  2.54s/it]  
 55%|█████▍    | 1635/2973 [1:13:03<58:49,  2.64s/it]
 55%|█████▌    | 1636/2973 [1:13:04<51:55,  2.33s/it]
 55%|█████▌    | 1637/2973 [1:13:07<53:08,  2.39s/it]
 55%|█████▌    | 1638/2973 [1:13:09<52:54,  2.38s/it]
 55%|█████▌    | 1639/2973 [1:13:12<54:57,  2.47s/it]
 55%|█████▌    | 1640/2973 [1:13:14<53:53,  2.43s/it]
 55%|█████▌    | 1641/2973 [1:13:18<59:15,  2.67s/it]
 55%|█████▌    | 1642/2973 [1:13:21<1:01:41,  2.78s/it]
 55%|█████▌    | 1643/2973 [1:13:23<58:09,  2.62s/it]  
 55%|█████▌    | 1644/2973 [1:13:26<58:32,  2.64s/it]
 55%|█████▌    | 1645/2973 [1:13:28<53:50,  2.43s/it]
 55%|█████▌    | 1646/2973 [1:13:30<51:49,  2.34s/it]
 55%|█████▌    | 1647/2973 [1:13:34<1:03:02,  2.85s/it]
 55%|█████▌    | 1648/2973 [1:13:36<57:03,  2.58s/it]  
 55%|█████▌    | 1649/2973 [1:13:39<1:00:20,  2.73s/it]
 55%|█████▌    | 1650/2973 [1:13:41<56:11,  2.55s/it]  
 56%|█████▌    | 1651/2973 [1:13:43<54:59,  2.50s/it]
 56%|█████▌    | 1652/2973 [1:13:46<54:47,  2.49s/it]
 56%|█████▌    | 1653/2973 [1:13:48<53:30,  2.43s/it]
 56%|█████▌    | 1654/2973 [1:13:51<55:18,  2.52s/it]
 56%|█████▌    | 1655/2973 [1:13:54<58:03,  2.64s/it]
 56%|█████▌    | 1656/2973 [1:13:57<1:04:19,  2.93s/it]
 56%|█████▌    | 1657/2973 [1:14:00<59:45,  2.72s/it]  
 56%|█████▌    | 1658/2973 [1:14:02<55:19,  2.52s/it]
 56%|█████▌    | 1659/2973 [1:14:05<1:01:31,  2.81s/it]
 56%|█████▌    | 1660/2973 [1:14:07<52:57,  2.42s/it]  
 56%|█████▌    | 1661/2973 [1:14:08<49:25,  2.26s/it]
 56%|█████▌    | 1662/2973 [1:14:11<54:07,  2.48s/it]
 56%|█████▌    | 1663/2973 [1:14:14<54:26,  2.49s/it]
 56%|█████▌    | 1664/2973 [1:14:16<52:47,  2.42s/it]
 56%|█████▌    | 1665/2973 [1:14:20<1:01:01,  2.80s/it]
 56%|█████▌    | 1666/2973 [1:14:23<59:51,  2.75s/it]  
 56%|█████▌    | 1667/2973 [1:14:25<59:39,  2.74s/it]
 56%|█████▌    | 1668/2973 [1:14:28<59:02,  2.71s/it]
 56%|█████▌    | 1669/2973 [1:14:31<1:02:09,  2.86s/it]
 56%|█████▌    | 1670/2973 [1:14:35<1:05:42,  3.03s/it]
 56%|█████▌    | 1671/2973 [1:14:37<1:03:37,  2.93s/it]
 56%|█████▌    | 1672/2973 [1:14:39<58:18,  2.69s/it]  
 56%|█████▋    | 1673/2973 [1:14:42<57:24,  2.65s/it]
 56%|█████▋    | 1674/2973 [1:14:45<1:00:18,  2.79s/it]
 56%|█████▋    | 1675/2973 [1:14:48<58:50,  2.72s/it]  
 56%|█████▋    | 1676/2973 [1:14:50<57:49,  2.67s/it]
 56%|█████▋    | 1677/2973 [1:14:54<1:04:13,  2.97s/it]
 56%|█████▋    | 1678/2973 [1:14:56<57:01,  2.64s/it]  
 56%|█████▋    | 1679/2973 [1:14:58<57:18,  2.66s/it]
 57%|█████▋    | 1680/2973 [1:15:01<57:17,  2.66s/it]
 57%|█████▋    | 1681/2973 [1:15:04<56:29,  2.62s/it]
 57%|█████▋    | 1682/2973 [1:15:07<1:02:12,  2.89s/it]
 57%|█████▋    | 1683/2973 [1:15:10<1:01:13,  2.85s/it]
 57%|█████▋    | 1684/2973 [1:15:12<54:14,  2.52s/it]  
 57%|█████▋    | 1685/2973 [1:15:14<50:39,  2.36s/it]
 57%|█████▋    | 1686/2973 [1:15:17<56:44,  2.65s/it]
 57%|█████▋    | 1687/2973 [1:15:20<59:36,  2.78s/it]
 57%|█████▋    | 1688/2973 [1:15:22<56:11,  2.62s/it]
 57%|█████▋    | 1689/2973 [1:15:26<1:04:32,  3.02s/it]
 57%|█████▋    | 1690/2973 [1:15:29<1:02:17,  2.91s/it]
 57%|█████▋    | 1691/2973 [1:15:30<53:51,  2.52s/it]  
 57%|█████▋    | 1692/2973 [1:15:33<52:56,  2.48s/it]
 57%|█████▋    | 1693/2973 [1:15:36<55:06,  2.58s/it]
 57%|█████▋    | 1694/2973 [1:15:38<51:42,  2.43s/it]
 57%|█████▋    | 1695/2973 [1:15:41<53:55,  2.53s/it]
 57%|█████▋    | 1696/2973 [1:15:43<55:37,  2.61s/it]
 57%|█████▋    | 1697/2973 [1:15:47<1:03:44,  3.00s/it]
 57%|█████▋    | 1698/2973 [1:15:51<1:07:57,  3.20s/it]
 57%|█████▋    | 1699/2973 [1:15:53<1:01:31,  2.90s/it]
 57%|█████▋    | 1700/2973 [1:15:55<55:34,  2.62s/it]  
 57%|█████▋    | 1701/2973 [1:15:57<51:10,  2.41s/it]
 57%|█████▋    | 1702/2973 [1:15:59<46:29,  2.19s/it]
 57%|█████▋    | 1703/2973 [1:16:01<48:13,  2.28s/it]
 57%|█████▋    | 1704/2973 [1:16:05<59:47,  2.83s/it]
 57%|█████▋    | 1705/2973 [1:16:08<58:28,  2.77s/it]
 57%|█████▋    | 1706/2973 [1:16:11<59:48,  2.83s/it]
 57%|█████▋    | 1707/2973 [1:16:13<58:07,  2.75s/it]
 57%|█████▋    | 1708/2973 [1:16:16<58:23,  2.77s/it]
 57%|█████▋    | 1709/2973 [1:16:18<51:10,  2.43s/it]
 58%|█████▊    | 1710/2973 [1:16:20<47:49,  2.27s/it]
 58%|█████▊    | 1711/2973 [1:16:23<53:23,  2.54s/it]
 58%|█████▊    | 1712/2973 [1:16:25<48:36,  2.31s/it]
 58%|█████▊    | 1713/2973 [1:16:28<57:06,  2.72s/it]
 58%|█████▊    | 1714/2973 [1:16:32<1:01:46,  2.94s/it]
 58%|█████▊    | 1715/2973 [1:16:34<56:13,  2.68s/it]  
 58%|█████▊    | 1716/2973 [1:16:37<56:41,  2.71s/it]
 58%|█████▊    | 1717/2973 [1:16:40<1:01:39,  2.95s/it]
 58%|█████▊    | 1718/2973 [1:16:43<58:34,  2.80s/it]  
 58%|█████▊    | 1719/2973 [1:16:45<58:19,  2.79s/it]
 58%|█████▊    | 1720/2973 [1:16:48<58:06,  2.78s/it]
 58%|█████▊    | 1721/2973 [1:16:50<54:45,  2.62s/it]
 58%|█████▊    | 1722/2973 [1:16:55<1:06:10,  3.17s/it]
 58%|█████▊    | 1723/2973 [1:16:58<1:03:25,  3.04s/it]
 58%|█████▊    | 1724/2973 [1:17:00<59:12,  2.84s/it]  
 58%|█████▊    | 1725/2973 [1:17:03<1:01:12,  2.94s/it]
 58%|█████▊    | 1726/2973 [1:17:06<1:01:28,  2.96s/it]
 58%|█████▊    | 1727/2973 [1:17:08<53:24,  2.57s/it]  
 58%|█████▊    | 1728/2973 [1:17:11<55:32,  2.68s/it]
 58%|█████▊    | 1729/2973 [1:17:13<52:25,  2.53s/it]
 58%|█████▊    | 1730/2973 [1:17:16<52:41,  2.54s/it]
 58%|█████▊    | 1731/2973 [1:17:18<49:25,  2.39s/it]
 58%|█████▊    | 1732/2973 [1:17:21<52:56,  2.56s/it]
 58%|█████▊    | 1733/2973 [1:17:23<50:04,  2.42s/it]
 58%|█████▊    | 1734/2973 [1:17:25<50:36,  2.45s/it]
 58%|█████▊    | 1735/2973 [1:17:27<48:35,  2.36s/it]
 58%|█████▊    | 1736/2973 [1:17:29<45:52,  2.22s/it]
 58%|█████▊    | 1737/2973 [1:17:32<48:06,  2.33s/it]
 58%|█████▊    | 1738/2973 [1:17:36<59:05,  2.87s/it]
 58%|█████▊    | 1739/2973 [1:17:38<56:21,  2.74s/it]
 59%|█████▊    | 1740/2973 [1:17:41<55:52,  2.72s/it]
 59%|█████▊    | 1741/2973 [1:17:43<48:22,  2.36s/it]
 59%|█████▊    | 1742/2973 [1:17:44<44:47,  2.18s/it]
 59%|█████▊    | 1743/2973 [1:17:48<51:21,  2.51s/it]
 59%|█████▊    | 1744/2973 [1:17:50<49:14,  2.40s/it]
 59%|█████▊    | 1745/2973 [1:17:52<45:37,  2.23s/it]
 59%|█████▊    | 1746/2973 [1:17:54<48:35,  2.38s/it]
 59%|█████▉    | 1747/2973 [1:17:57<53:12,  2.60s/it]
 59%|█████▉    | 1748/2973 [1:17:59<50:01,  2.45s/it]
 59%|█████▉    | 1749/2973 [1:18:03<56:01,  2.75s/it]
 59%|█████▉    | 1750/2973 [1:18:07<1:01:22,  3.01s/it]
 59%|█████▉    | 1751/2973 [1:18:10<1:02:30,  3.07s/it]
 59%|█████▉    | 1752/2973 [1:18:14<1:07:33,  3.32s/it]
 59%|█████▉    | 1753/2973 [1:18:16<59:32,  2.93s/it]  
 59%|█████▉    | 1754/2973 [1:18:18<53:29,  2.63s/it]
 59%|█████▉    | 1755/2973 [1:18:20<54:19,  2.68s/it]
 59%|█████▉    | 1756/2973 [1:18:23<51:20,  2.53s/it]
 59%|█████▉    | 1757/2973 [1:18:25<49:04,  2.42s/it]
 59%|█████▉    | 1758/2973 [1:18:28<56:09,  2.77s/it]
 59%|█████▉    | 1759/2973 [1:18:32<1:01:47,  3.05s/it]
 59%|█████▉    | 1760/2973 [1:18:36<1:04:39,  3.20s/it]
 59%|█████▉    | 1761/2973 [1:18:39<1:07:13,  3.33s/it]
 59%|█████▉    | 1762/2973 [1:18:43<1:08:42,  3.40s/it]
 59%|█████▉    | 1763/2973 [1:18:47<1:11:16,  3.53s/it]
 59%|█████▉    | 1764/2973 [1:18:50<1:08:38,  3.41s/it]
 59%|█████▉    | 1765/2973 [1:18:52<1:02:11,  3.09s/it]
 59%|█████▉    | 1766/2973 [1:18:54<57:11,  2.84s/it]  
 59%|█████▉    | 1767/2973 [1:18:57<57:14,  2.85s/it]
 59%|█████▉    | 1768/2973 [1:19:00<57:09,  2.85s/it]
 60%|█████▉    | 1769/2973 [1:19:02<54:20,  2.71s/it]
 60%|█████▉    | 1770/2973 [1:19:06<58:39,  2.93s/it]
 60%|█████▉    | 1771/2973 [1:19:09<1:01:50,  3.09s/it]
 60%|█████▉    | 1772/2973 [1:19:12<56:21,  2.82s/it]  
 60%|█████▉    | 1773/2973 [1:19:14<51:14,  2.56s/it]
 60%|█████▉    | 1774/2973 [1:19:16<49:41,  2.49s/it]
 60%|█████▉    | 1775/2973 [1:19:19<54:30,  2.73s/it]
 60%|█████▉    | 1776/2973 [1:19:22<55:13,  2.77s/it]
 60%|█████▉    | 1777/2973 [1:19:25<54:32,  2.74s/it]
 60%|█████▉    | 1778/2973 [1:19:27<53:21,  2.68s/it]
 60%|█████▉    | 1779/2973 [1:19:29<50:43,  2.55s/it]
 60%|█████▉    | 1780/2973 [1:19:32<49:00,  2.46s/it]
 60%|█████▉    | 1781/2973 [1:19:35<53:23,  2.69s/it]
 60%|█████▉    | 1782/2973 [1:19:38<54:22,  2.74s/it]
 60%|█████▉    | 1783/2973 [1:19:40<48:47,  2.46s/it]
 60%|██████    | 1784/2973 [1:19:41<45:31,  2.30s/it]
 60%|██████    | 1785/2973 [1:19:45<52:20,  2.64s/it]
 60%|██████    | 1786/2973 [1:19:47<50:32,  2.55s/it]
 60%|██████    | 1787/2973 [1:19:50<51:15,  2.59s/it]
 60%|██████    | 1788/2973 [1:19:53<53:42,  2.72s/it]
 60%|██████    | 1789/2973 [1:19:56<53:47,  2.73s/it]
 60%|██████    | 1790/2973 [1:19:59<55:25,  2.81s/it]
 60%|██████    | 1791/2973 [1:20:03<1:01:16,  3.11s/it]
 60%|██████    | 1792/2973 [1:20:05<58:12,  2.96s/it]  
 60%|██████    | 1793/2973 [1:20:09<1:02:40,  3.19s/it]
 60%|██████    | 1794/2973 [1:20:13<1:10:47,  3.60s/it]
 60%|██████    | 1795/2973 [1:20:16<1:03:51,  3.25s/it]
 60%|██████    | 1796/2973 [1:20:19<1:00:58,  3.11s/it]
 60%|██████    | 1797/2973 [1:20:21<55:03,  2.81s/it]  
 60%|██████    | 1798/2973 [1:20:24<55:15,  2.82s/it]
 61%|██████    | 1799/2973 [1:20:26<55:16,  2.83s/it]
 61%|██████    | 1800/2973 [1:20:29<54:26,  2.78s/it]
 61%|██████    | 1801/2973 [1:20:31<50:42,  2.60s/it]
 61%|██████    | 1802/2973 [1:20:34<49:24,  2.53s/it]
 61%|██████    | 1803/2973 [1:20:37<55:03,  2.82s/it]
 61%|██████    | 1804/2973 [1:20:39<47:03,  2.42s/it]
 61%|██████    | 1805/2973 [1:20:42<52:58,  2.72s/it]
 61%|██████    | 1806/2973 [1:20:46<57:11,  2.94s/it]
 61%|██████    | 1807/2973 [1:20:47<50:10,  2.58s/it]
 61%|██████    | 1808/2973 [1:20:50<51:48,  2.67s/it]
 61%|██████    | 1809/2973 [1:20:54<59:46,  3.08s/it]
 61%|██████    | 1810/2973 [1:20:57<59:26,  3.07s/it]
 61%|██████    | 1811/2973 [1:21:00<59:26,  3.07s/it]
 61%|██████    | 1812/2973 [1:21:03<55:40,  2.88s/it]
 61%|██████    | 1813/2973 [1:21:04<48:28,  2.51s/it]
 61%|██████    | 1814/2973 [1:21:06<45:39,  2.36s/it]
 61%|██████    | 1815/2973 [1:21:10<52:57,  2.74s/it]
 61%|██████    | 1816/2973 [1:21:13<53:25,  2.77s/it]
 61%|██████    | 1817/2973 [1:21:14<45:15,  2.35s/it]
 61%|██████    | 1818/2973 [1:21:18<54:06,  2.81s/it]
 61%|██████    | 1819/2973 [1:21:21<52:25,  2.73s/it]
 61%|██████    | 1820/2973 [1:21:23<50:39,  2.64s/it]
 61%|██████▏   | 1821/2973 [1:21:26<52:59,  2.76s/it]
 61%|██████▏   | 1822/2973 [1:21:28<49:58,  2.61s/it]
 61%|██████▏   | 1823/2973 [1:21:33<59:05,  3.08s/it]
 61%|██████▏   | 1824/2973 [1:21:36<1:03:08,  3.30s/it]
 61%|██████▏   | 1825/2973 [1:21:38<56:10,  2.94s/it]  
 61%|██████▏   | 1826/2973 [1:21:41<54:59,  2.88s/it]
 61%|██████▏   | 1827/2973 [1:21:45<1:00:39,  3.18s/it]
 61%|██████▏   | 1828/2973 [1:21:48<57:07,  2.99s/it]  
 62%|██████▏   | 1829/2973 [1:21:51<56:24,  2.96s/it]
 62%|██████▏   | 1830/2973 [1:21:54<1:01:09,  3.21s/it]
 62%|██████▏   | 1831/2973 [1:21:57<57:52,  3.04s/it]  
 62%|██████▏   | 1832/2973 [1:21:59<52:53,  2.78s/it]
 62%|██████▏   | 1833/2973 [1:22:01<49:13,  2.59s/it]
 62%|██████▏   | 1834/2973 [1:22:04<50:31,  2.66s/it]
 62%|██████▏   | 1835/2973 [1:22:06<46:43,  2.46s/it]
 62%|██████▏   | 1836/2973 [1:22:09<49:20,  2.60s/it]
 62%|██████▏   | 1837/2973 [1:22:14<1:01:27,  3.25s/it]
 62%|██████▏   | 1838/2973 [1:22:17<59:09,  3.13s/it]  
 62%|██████▏   | 1839/2973 [1:22:21<1:03:45,  3.37s/it]
 62%|██████▏   | 1840/2973 [1:22:24<1:02:56,  3.33s/it]
 62%|██████▏   | 1841/2973 [1:22:26<58:22,  3.09s/it]  
 62%|██████▏   | 1842/2973 [1:22:30<1:01:07,  3.24s/it]
 62%|██████▏   | 1843/2973 [1:22:33<59:13,  3.14s/it]  
 62%|██████▏   | 1844/2973 [1:22:36<1:00:01,  3.19s/it]
 62%|██████▏   | 1845/2973 [1:22:41<1:07:15,  3.58s/it]
 62%|██████▏   | 1846/2973 [1:22:43<1:00:44,  3.23s/it]
 62%|██████▏   | 1847/2973 [1:22:45<55:50,  2.98s/it]  
 62%|██████▏   | 1848/2973 [1:22:49<1:01:23,  3.27s/it]
 62%|██████▏   | 1849/2973 [1:22:52<58:03,  3.10s/it]  
 62%|██████▏   | 1850/2973 [1:22:55<54:32,  2.91s/it]
 62%|██████▏   | 1851/2973 [1:22:57<54:14,  2.90s/it]
 62%|██████▏   | 1852/2973 [1:23:00<53:58,  2.89s/it]
 62%|██████▏   | 1853/2973 [1:23:02<48:31,  2.60s/it]
 62%|██████▏   | 1854/2973 [1:23:05<48:00,  2.57s/it]
 62%|██████▏   | 1855/2973 [1:23:06<42:35,  2.29s/it]
 62%|██████▏   | 1856/2973 [1:23:09<43:57,  2.36s/it]
 62%|██████▏   | 1857/2973 [1:23:11<42:28,  2.28s/it]
 62%|██████▏   | 1858/2973 [1:23:13<42:33,  2.29s/it]
 63%|██████▎   | 1859/2973 [1:23:14<36:16,  1.95s/it]
 63%|██████▎   | 1860/2973 [1:23:17<39:49,  2.15s/it]
 63%|██████▎   | 1861/2973 [1:23:20<41:57,  2.26s/it]
 63%|██████▎   | 1862/2973 [1:23:22<42:20,  2.29s/it]
 63%|██████▎   | 1863/2973 [1:23:25<44:05,  2.38s/it]
 63%|██████▎   | 1864/2973 [1:23:28<50:23,  2.73s/it]
 63%|██████▎   | 1865/2973 [1:23:32<54:53,  2.97s/it]
 63%|██████▎   | 1866/2973 [1:23:34<51:53,  2.81s/it]
 63%|██████▎   | 1867/2973 [1:23:36<49:13,  2.67s/it]
 63%|██████▎   | 1868/2973 [1:23:40<54:38,  2.97s/it]
 63%|██████▎   | 1869/2973 [1:23:43<56:04,  3.05s/it]
 63%|██████▎   | 1870/2973 [1:23:45<49:42,  2.70s/it]
 63%|██████▎   | 1871/2973 [1:23:47<45:26,  2.47s/it]
 63%|██████▎   | 1872/2973 [1:23:50<49:05,  2.68s/it]
 63%|██████▎   | 1873/2973 [1:23:53<47:44,  2.60s/it]
 63%|██████▎   | 1874/2973 [1:23:56<48:55,  2.67s/it]
 63%|██████▎   | 1875/2973 [1:23:59<53:44,  2.94s/it]
 63%|██████▎   | 1876/2973 [1:24:03<59:19,  3.24s/it]
 63%|██████▎   | 1877/2973 [1:24:06<55:12,  3.02s/it]
 63%|██████▎   | 1878/2973 [1:24:08<51:51,  2.84s/it]
 63%|██████▎   | 1879/2973 [1:24:11<52:25,  2.88s/it]
 63%|██████▎   | 1880/2973 [1:24:14<53:57,  2.96s/it]
 63%|██████▎   | 1881/2973 [1:24:18<1:00:24,  3.32s/it]
 63%|██████▎   | 1882/2973 [1:24:21<56:59,  3.13s/it]  
 63%|██████▎   | 1883/2973 [1:24:23<52:18,  2.88s/it]
 63%|██████▎   | 1884/2973 [1:24:26<51:58,  2.86s/it]
 63%|██████▎   | 1885/2973 [1:24:28<47:17,  2.61s/it]
 63%|██████▎   | 1886/2973 [1:24:30<43:24,  2.40s/it]
 63%|██████▎   | 1887/2973 [1:24:33<45:10,  2.50s/it]
 64%|██████▎   | 1888/2973 [1:24:36<48:20,  2.67s/it]
 64%|██████▎   | 1889/2973 [1:24:39<49:48,  2.76s/it]
 64%|██████▎   | 1890/2973 [1:24:42<53:14,  2.95s/it]
 64%|██████▎   | 1891/2973 [1:24:45<55:05,  3.05s/it]
 64%|██████▎   | 1892/2973 [1:24:48<53:21,  2.96s/it]
 64%|██████▎   | 1893/2973 [1:24:52<56:51,  3.16s/it]
 64%|██████▎   | 1894/2973 [1:24:55<55:16,  3.07s/it]
 64%|██████▎   | 1895/2973 [1:24:57<49:54,  2.78s/it]
 64%|██████▍   | 1896/2973 [1:25:01<58:29,  3.26s/it]
 64%|██████▍   | 1897/2973 [1:25:04<55:05,  3.07s/it]
 64%|██████▍   | 1898/2973 [1:25:06<50:51,  2.84s/it]
 64%|██████▍   | 1899/2973 [1:25:10<55:47,  3.12s/it]
 64%|██████▍   | 1900/2973 [1:25:15<1:05:50,  3.68s/it]
 64%|██████▍   | 1901/2973 [1:25:18<1:00:26,  3.38s/it]
 64%|██████▍   | 1902/2973 [1:25:20<56:57,  3.19s/it]  
 64%|██████▍   | 1903/2973 [1:25:22<50:54,  2.85s/it]
 64%|██████▍   | 1904/2973 [1:25:25<50:11,  2.82s/it]
 64%|██████▍   | 1905/2973 [1:25:29<56:38,  3.18s/it]
 64%|██████▍   | 1906/2973 [1:25:32<55:46,  3.14s/it]
 64%|██████▍   | 1907/2973 [1:25:35<51:58,  2.93s/it]
 64%|██████▍   | 1908/2973 [1:25:39<59:49,  3.37s/it]
 64%|██████▍   | 1909/2973 [1:25:42<55:23,  3.12s/it]
 64%|██████▍   | 1910/2973 [1:25:44<52:47,  2.98s/it]
 64%|██████▍   | 1911/2973 [1:25:47<52:15,  2.95s/it]
 64%|██████▍   | 1912/2973 [1:25:49<48:36,  2.75s/it]
 64%|██████▍   | 1913/2973 [1:25:52<46:42,  2.64s/it]
 64%|██████▍   | 1914/2973 [1:25:54<47:03,  2.67s/it]
 64%|██████▍   | 1915/2973 [1:25:56<43:30,  2.47s/it]
 64%|██████▍   | 1916/2973 [1:25:59<45:45,  2.60s/it]
 64%|██████▍   | 1917/2973 [1:26:02<47:54,  2.72s/it]
 65%|██████▍   | 1918/2973 [1:26:04<44:23,  2.52s/it]
 65%|██████▍   | 1919/2973 [1:26:07<42:52,  2.44s/it]
 65%|██████▍   | 1920/2973 [1:26:10<48:01,  2.74s/it]
 65%|██████▍   | 1921/2973 [1:26:12<46:03,  2.63s/it]
 65%|██████▍   | 1922/2973 [1:26:14<41:00,  2.34s/it]
 65%|██████▍   | 1923/2973 [1:26:17<44:33,  2.55s/it]
 65%|██████▍   | 1924/2973 [1:26:20<46:41,  2.67s/it]
 65%|██████▍   | 1925/2973 [1:26:23<48:35,  2.78s/it]
 65%|██████▍   | 1926/2973 [1:26:27<56:13,  3.22s/it]
 65%|██████▍   | 1927/2973 [1:26:29<48:10,  2.76s/it]
 65%|██████▍   | 1928/2973 [1:26:31<44:19,  2.54s/it]
 65%|██████▍   | 1929/2973 [1:26:34<45:41,  2.63s/it]
 65%|██████▍   | 1930/2973 [1:26:36<42:40,  2.45s/it]
 65%|██████▍   | 1931/2973 [1:26:38<41:41,  2.40s/it]
 65%|██████▍   | 1932/2973 [1:26:42<50:38,  2.92s/it]
 65%|██████▌   | 1933/2973 [1:26:46<55:50,  3.22s/it]
 65%|██████▌   | 1934/2973 [1:26:48<46:45,  2.70s/it]
 65%|██████▌   | 1935/2973 [1:26:51<47:49,  2.76s/it]
 65%|██████▌   | 1936/2973 [1:26:53<46:26,  2.69s/it]
 65%|██████▌   | 1937/2973 [1:26:56<47:37,  2.76s/it]
 65%|██████▌   | 1938/2973 [1:26:59<45:57,  2.66s/it]
 65%|██████▌   | 1939/2973 [1:27:01<42:05,  2.44s/it]
 65%|██████▌   | 1940/2973 [1:27:03<43:26,  2.52s/it]
 65%|██████▌   | 1941/2973 [1:27:07<49:23,  2.87s/it]
 65%|██████▌   | 1942/2973 [1:27:09<43:45,  2.55s/it]
 65%|██████▌   | 1943/2973 [1:27:11<42:12,  2.46s/it]
 65%|██████▌   | 1944/2973 [1:27:13<41:13,  2.40s/it]
 65%|██████▌   | 1945/2973 [1:27:15<40:03,  2.34s/it]
 65%|██████▌   | 1946/2973 [1:27:18<41:20,  2.42s/it]
 65%|██████▌   | 1947/2973 [1:27:20<39:04,  2.29s/it]
 66%|██████▌   | 1948/2973 [1:27:22<35:43,  2.09s/it]
 66%|██████▌   | 1949/2973 [1:27:23<32:40,  1.91s/it]
 66%|██████▌   | 1950/2973 [1:27:27<40:21,  2.37s/it]
 66%|██████▌   | 1951/2973 [1:27:30<45:45,  2.69s/it]
 66%|██████▌   | 1952/2973 [1:27:31<39:15,  2.31s/it]
 66%|██████▌   | 1953/2973 [1:27:34<38:49,  2.28s/it]
 66%|██████▌   | 1954/2973 [1:27:36<38:23,  2.26s/it]
 66%|██████▌   | 1955/2973 [1:27:38<36:26,  2.15s/it]
 66%|██████▌   | 1956/2973 [1:27:40<38:19,  2.26s/it]
 66%|██████▌   | 1957/2973 [1:27:43<42:36,  2.52s/it]
 66%|██████▌   | 1958/2973 [1:27:46<44:43,  2.64s/it]
 66%|██████▌   | 1959/2973 [1:27:49<44:06,  2.61s/it]
 66%|██████▌   | 1960/2973 [1:27:51<40:18,  2.39s/it]
 66%|██████▌   | 1961/2973 [1:27:55<47:31,  2.82s/it]
 66%|██████▌   | 1962/2973 [1:27:59<55:57,  3.32s/it]
 66%|██████▌   | 1963/2973 [1:28:01<49:55,  2.97s/it]
 66%|██████▌   | 1964/2973 [1:28:04<50:53,  3.03s/it]
 66%|██████▌   | 1965/2973 [1:28:09<58:54,  3.51s/it]
 66%|██████▌   | 1966/2973 [1:28:12<54:44,  3.26s/it]
 66%|██████▌   | 1967/2973 [1:28:13<46:58,  2.80s/it]
 66%|██████▌   | 1968/2973 [1:28:17<49:00,  2.93s/it]
 66%|██████▌   | 1969/2973 [1:28:19<45:46,  2.74s/it]
 66%|██████▋   | 1970/2973 [1:28:23<51:54,  3.11s/it]
 66%|██████▋   | 1971/2973 [1:28:25<47:59,  2.87s/it]
 66%|██████▋   | 1972/2973 [1:28:29<50:44,  3.04s/it]
 66%|██████▋   | 1973/2973 [1:28:31<46:26,  2.79s/it]
 66%|██████▋   | 1974/2973 [1:28:34<46:36,  2.80s/it]
 66%|██████▋   | 1975/2973 [1:28:36<41:50,  2.52s/it]
 66%|██████▋   | 1976/2973 [1:28:39<45:02,  2.71s/it]
 66%|██████▋   | 1977/2973 [1:28:41<41:32,  2.50s/it]
 67%|██████▋   | 1978/2973 [1:28:43<39:53,  2.41s/it]
 67%|██████▋   | 1979/2973 [1:28:45<38:41,  2.34s/it]
 67%|██████▋   | 1980/2973 [1:28:48<40:52,  2.47s/it]
 67%|██████▋   | 1981/2973 [1:28:51<44:20,  2.68s/it]
 67%|██████▋   | 1982/2973 [1:28:53<40:30,  2.45s/it]
 67%|██████▋   | 1983/2973 [1:28:57<46:26,  2.81s/it]
 67%|██████▋   | 1984/2973 [1:28:59<42:05,  2.55s/it]
 67%|██████▋   | 1985/2973 [1:29:00<36:41,  2.23s/it]
 67%|██████▋   | 1986/2973 [1:29:02<36:59,  2.25s/it]
 67%|██████▋   | 1987/2973 [1:29:04<35:47,  2.18s/it]
 67%|██████▋   | 1988/2973 [1:29:07<40:09,  2.45s/it]
 67%|██████▋   | 1989/2973 [1:29:10<40:45,  2.49s/it]
 67%|██████▋   | 1990/2973 [1:29:12<36:51,  2.25s/it]
 67%|██████▋   | 1991/2973 [1:29:14<35:23,  2.16s/it]
 67%|██████▋   | 1992/2973 [1:29:16<37:44,  2.31s/it]
 67%|██████▋   | 1993/2973 [1:29:19<38:46,  2.37s/it]
 67%|██████▋   | 1994/2973 [1:29:21<35:59,  2.21s/it]
 67%|██████▋   | 1995/2973 [1:29:24<43:08,  2.65s/it]
 67%|██████▋   | 1996/2973 [1:29:27<43:08,  2.65s/it]
 67%|██████▋   | 1997/2973 [1:29:29<39:18,  2.42s/it]
 67%|██████▋   | 1998/2973 [1:29:31<38:54,  2.39s/it]
 67%|██████▋   | 1999/2973 [1:29:34<41:16,  2.54s/it]
 67%|██████▋   | 2000/2973 [1:29:36<38:24,  2.37s/it]
 67%|██████▋   | 2001/2973 [1:29:38<36:42,  2.27s/it]
 67%|██████▋   | 2002/2973 [1:29:41<40:30,  2.50s/it]
 67%|██████▋   | 2003/2973 [1:29:44<41:33,  2.57s/it]
 67%|██████▋   | 2004/2973 [1:29:46<39:46,  2.46s/it]
 67%|██████▋   | 2005/2973 [1:29:49<42:36,  2.64s/it]
 67%|██████▋   | 2006/2973 [1:29:51<39:10,  2.43s/it]
 68%|██████▊   | 2007/2973 [1:29:54<39:20,  2.44s/it]
 68%|██████▊   | 2008/2973 [1:29:56<38:36,  2.40s/it]
 68%|██████▊   | 2009/2973 [1:29:58<39:10,  2.44s/it]
 68%|██████▊   | 2010/2973 [1:30:02<45:12,  2.82s/it]
 68%|██████▊   | 2011/2973 [1:30:05<46:33,  2.90s/it]
 68%|██████▊   | 2012/2973 [1:30:08<44:23,  2.77s/it]
 68%|██████▊   | 2013/2973 [1:30:10<43:15,  2.70s/it]
 68%|██████▊   | 2014/2973 [1:30:11<36:28,  2.28s/it]
 68%|██████▊   | 2015/2973 [1:30:14<39:53,  2.50s/it]
 68%|██████▊   | 2016/2973 [1:30:17<40:12,  2.52s/it]
 68%|██████▊   | 2017/2973 [1:30:18<33:25,  2.10s/it]
 68%|██████▊   | 2018/2973 [1:30:20<33:20,  2.09s/it]
 68%|██████▊   | 2019/2973 [1:30:23<38:43,  2.44s/it]
 68%|██████▊   | 2020/2973 [1:30:26<37:40,  2.37s/it]
 68%|██████▊   | 2021/2973 [1:30:27<34:19,  2.16s/it]
 68%|██████▊   | 2022/2973 [1:30:30<34:50,  2.20s/it]
 68%|██████▊   | 2023/2973 [1:30:32<35:28,  2.24s/it]
 68%|██████▊   | 2024/2973 [1:30:35<37:19,  2.36s/it]
 68%|██████▊   | 2025/2973 [1:30:37<38:30,  2.44s/it]
 68%|██████▊   | 2026/2973 [1:30:39<34:44,  2.20s/it]
 68%|██████▊   | 2027/2973 [1:30:42<38:03,  2.41s/it]
 68%|██████▊   | 2028/2973 [1:30:45<40:07,  2.55s/it]
 68%|██████▊   | 2029/2973 [1:30:47<37:00,  2.35s/it]
 68%|██████▊   | 2030/2973 [1:30:49<39:23,  2.51s/it]
 68%|██████▊   | 2031/2973 [1:30:53<43:09,  2.75s/it]
 68%|██████▊   | 2032/2973 [1:30:55<42:20,  2.70s/it]
 68%|██████▊   | 2033/2973 [1:30:58<42:14,  2.70s/it]
 68%|██████▊   | 2034/2973 [1:31:00<37:47,  2.41s/it]
 68%|██████▊   | 2035/2973 [1:31:03<39:42,  2.54s/it]
 68%|██████▊   | 2036/2973 [1:31:05<41:03,  2.63s/it]
 69%|██████▊   | 2037/2973 [1:31:08<41:28,  2.66s/it]
 69%|██████▊   | 2038/2973 [1:31:11<44:04,  2.83s/it]
 69%|██████▊   | 2039/2973 [1:31:14<43:13,  2.78s/it]
 69%|██████▊   | 2040/2973 [1:31:18<47:40,  3.07s/it]
 69%|██████▊   | 2041/2973 [1:31:21<48:07,  3.10s/it]
 69%|██████▊   | 2042/2973 [1:31:23<42:58,  2.77s/it]
 69%|██████▊   | 2043/2973 [1:31:25<39:37,  2.56s/it]
 69%|██████▉   | 2044/2973 [1:31:27<35:56,  2.32s/it]
 69%|██████▉   | 2045/2973 [1:31:30<39:40,  2.57s/it]
 69%|██████▉   | 2046/2973 [1:31:33<41:55,  2.71s/it]
 69%|██████▉   | 2047/2973 [1:31:36<41:41,  2.70s/it]
 69%|██████▉   | 2048/2973 [1:31:38<38:22,  2.49s/it]
 69%|██████▉   | 2049/2973 [1:31:41<43:26,  2.82s/it]
 69%|██████▉   | 2050/2973 [1:31:45<48:09,  3.13s/it]
 69%|██████▉   | 2051/2973 [1:31:48<46:47,  3.04s/it]
 69%|██████▉   | 2052/2973 [1:31:51<44:27,  2.90s/it]
 69%|██████▉   | 2053/2973 [1:31:53<40:55,  2.67s/it]
 69%|██████▉   | 2054/2973 [1:31:57<48:39,  3.18s/it]
 69%|██████▉   | 2055/2973 [1:32:01<51:34,  3.37s/it]
 69%|██████▉   | 2056/2973 [1:32:03<46:45,  3.06s/it]
 69%|██████▉   | 2057/2973 [1:32:06<43:27,  2.85s/it]
 69%|██████▉   | 2058/2973 [1:32:09<44:59,  2.95s/it]
 69%|██████▉   | 2059/2973 [1:32:11<43:11,  2.84s/it]
 69%|██████▉   | 2060/2973 [1:32:13<39:38,  2.61s/it]
 69%|██████▉   | 2061/2973 [1:32:16<40:06,  2.64s/it]
 69%|██████▉   | 2062/2973 [1:32:18<37:56,  2.50s/it]
 69%|██████▉   | 2063/2973 [1:32:21<38:17,  2.53s/it]
 69%|██████▉   | 2064/2973 [1:32:24<43:21,  2.86s/it]
 69%|██████▉   | 2065/2973 [1:32:28<44:53,  2.97s/it]
 69%|██████▉   | 2066/2973 [1:32:30<41:02,  2.72s/it]
 70%|██████▉   | 2067/2973 [1:32:32<38:44,  2.57s/it]
 70%|██████▉   | 2068/2973 [1:32:35<40:29,  2.68s/it]
 70%|██████▉   | 2069/2973 [1:32:39<46:36,  3.09s/it]
 70%|██████▉   | 2070/2973 [1:32:43<48:36,  3.23s/it]
 70%|██████▉   | 2071/2973 [1:32:45<46:56,  3.12s/it]
 70%|██████▉   | 2072/2973 [1:32:48<43:04,  2.87s/it]
 70%|██████▉   | 2073/2973 [1:32:50<40:07,  2.67s/it]
 70%|██████▉   | 2074/2973 [1:32:53<39:37,  2.64s/it]
 70%|██████▉   | 2075/2973 [1:32:56<43:18,  2.89s/it]
 70%|██████▉   | 2076/2973 [1:32:59<45:22,  3.03s/it]
 70%|██████▉   | 2077/2973 [1:33:02<43:30,  2.91s/it]
 70%|██████▉   | 2078/2973 [1:33:04<41:18,  2.77s/it]
 70%|██████▉   | 2079/2973 [1:33:07<38:56,  2.61s/it]
 70%|██████▉   | 2080/2973 [1:33:10<40:57,  2.75s/it]
 70%|██████▉   | 2081/2973 [1:33:13<43:30,  2.93s/it]
 70%|███████   | 2082/2973 [1:33:15<38:49,  2.61s/it]
 70%|███████   | 2083/2973 [1:33:18<42:01,  2.83s/it]
 70%|███████   | 2084/2973 [1:33:20<37:40,  2.54s/it]
 70%|███████   | 2085/2973 [1:33:24<41:13,  2.78s/it]
 70%|███████   | 2086/2973 [1:33:26<38:38,  2.61s/it]
 70%|███████   | 2087/2973 [1:33:28<35:59,  2.44s/it]
 70%|███████   | 2088/2973 [1:33:30<37:01,  2.51s/it]
 70%|███████   | 2089/2973 [1:33:32<32:33,  2.21s/it]
 70%|███████   | 2090/2973 [1:33:35<35:39,  2.42s/it]
 70%|███████   | 2091/2973 [1:33:37<36:16,  2.47s/it]
 70%|███████   | 2092/2973 [1:33:39<34:17,  2.34s/it]
 70%|███████   | 2093/2973 [1:33:42<33:34,  2.29s/it]
 70%|███████   | 2094/2973 [1:33:44<32:14,  2.20s/it]
 70%|███████   | 2095/2973 [1:33:46<33:14,  2.27s/it]
 71%|███████   | 2096/2973 [1:33:48<33:38,  2.30s/it]
 71%|███████   | 2097/2973 [1:33:52<39:47,  2.73s/it]
 71%|███████   | 2098/2973 [1:33:55<38:55,  2.67s/it]
 71%|███████   | 2099/2973 [1:33:57<35:14,  2.42s/it]
 71%|███████   | 2100/2973 [1:34:00<40:00,  2.75s/it]
 71%|███████   | 2101/2973 [1:34:03<40:41,  2.80s/it]
 71%|███████   | 2102/2973 [1:34:05<36:53,  2.54s/it]
 71%|███████   | 2103/2973 [1:34:08<37:43,  2.60s/it]
 71%|███████   | 2104/2973 [1:34:10<37:05,  2.56s/it]
 71%|███████   | 2105/2973 [1:34:13<38:34,  2.67s/it]
 71%|███████   | 2106/2973 [1:34:17<42:51,  2.97s/it]
 71%|███████   | 2107/2973 [1:34:19<41:38,  2.89s/it]
 71%|███████   | 2108/2973 [1:34:21<38:06,  2.64s/it]
 71%|███████   | 2109/2973 [1:34:25<40:26,  2.81s/it]
 71%|███████   | 2110/2973 [1:34:28<41:32,  2.89s/it]
 71%|███████   | 2111/2973 [1:34:30<39:25,  2.74s/it]
 71%|███████   | 2112/2973 [1:34:34<42:12,  2.94s/it]
 71%|███████   | 2113/2973 [1:34:37<43:46,  3.05s/it]
 71%|███████   | 2114/2973 [1:34:39<40:42,  2.84s/it]
 71%|███████   | 2115/2973 [1:34:42<41:13,  2.88s/it]
 71%|███████   | 2116/2973 [1:34:45<39:12,  2.74s/it]
 71%|███████   | 2117/2973 [1:34:47<36:31,  2.56s/it]
 71%|███████   | 2118/2973 [1:34:50<39:35,  2.78s/it]
 71%|███████▏  | 2119/2973 [1:34:51<33:51,  2.38s/it]
 71%|███████▏  | 2120/2973 [1:34:54<34:37,  2.44s/it]
 71%|███████▏  | 2121/2973 [1:34:57<35:21,  2.49s/it]
 71%|███████▏  | 2122/2973 [1:35:00<39:32,  2.79s/it]
 71%|███████▏  | 2123/2973 [1:35:03<39:43,  2.80s/it]
 71%|███████▏  | 2124/2973 [1:35:06<41:22,  2.92s/it]
 71%|███████▏  | 2125/2973 [1:35:09<42:46,  3.03s/it]
 72%|███████▏  | 2126/2973 [1:35:13<45:07,  3.20s/it]
 72%|███████▏  | 2127/2973 [1:35:16<45:52,  3.25s/it]
 72%|███████▏  | 2128/2973 [1:35:19<42:19,  3.01s/it]
 72%|███████▏  | 2129/2973 [1:35:22<44:25,  3.16s/it]
 72%|███████▏  | 2130/2973 [1:35:25<43:12,  3.08s/it]
 72%|███████▏  | 2131/2973 [1:35:28<40:14,  2.87s/it]
 72%|███████▏  | 2132/2973 [1:35:30<40:01,  2.86s/it]
 72%|███████▏  | 2133/2973 [1:35:34<41:52,  2.99s/it]
 72%|███████▏  | 2134/2973 [1:35:37<40:54,  2.93s/it]
 72%|███████▏  | 2135/2973 [1:35:38<34:54,  2.50s/it]
 72%|███████▏  | 2136/2973 [1:35:40<33:14,  2.38s/it]
 72%|███████▏  | 2137/2973 [1:35:42<32:43,  2.35s/it]
 72%|███████▏  | 2138/2973 [1:35:45<33:51,  2.43s/it]
 72%|███████▏  | 2139/2973 [1:35:49<38:30,  2.77s/it]
 72%|███████▏  | 2140/2973 [1:35:52<39:31,  2.85s/it]
 72%|███████▏  | 2141/2973 [1:35:54<35:22,  2.55s/it]
 72%|███████▏  | 2142/2973 [1:35:56<36:22,  2.63s/it]
 72%|███████▏  | 2143/2973 [1:35:59<35:39,  2.58s/it]
 72%|███████▏  | 2144/2973 [1:36:01<36:07,  2.61s/it]
 72%|███████▏  | 2145/2973 [1:36:05<38:06,  2.76s/it]
 72%|███████▏  | 2146/2973 [1:36:07<36:48,  2.67s/it]
 72%|███████▏  | 2147/2973 [1:36:10<36:30,  2.65s/it]
 72%|███████▏  | 2148/2973 [1:36:12<35:44,  2.60s/it]
 72%|███████▏  | 2149/2973 [1:36:15<37:18,  2.72s/it]
 72%|███████▏  | 2150/2973 [1:36:17<35:28,  2.59s/it]
 72%|███████▏  | 2151/2973 [1:36:20<34:03,  2.49s/it]
 72%|███████▏  | 2152/2973 [1:36:22<34:41,  2.54s/it]
 72%|███████▏  | 2153/2973 [1:36:25<36:24,  2.66s/it]
 72%|███████▏  | 2154/2973 [1:36:29<40:45,  2.99s/it]
 72%|███████▏  | 2155/2973 [1:36:31<37:40,  2.76s/it]
 73%|███████▎  | 2156/2973 [1:36:35<41:00,  3.01s/it]
 73%|███████▎  | 2157/2973 [1:36:38<39:48,  2.93s/it]
 73%|███████▎  | 2158/2973 [1:36:41<40:14,  2.96s/it]
 73%|███████▎  | 2159/2973 [1:36:44<40:23,  2.98s/it]
 73%|███████▎  | 2160/2973 [1:36:46<39:03,  2.88s/it]
 73%|███████▎  | 2161/2973 [1:36:48<34:44,  2.57s/it]
 73%|███████▎  | 2162/2973 [1:36:52<39:53,  2.95s/it]
 73%|███████▎  | 2163/2973 [1:36:55<42:02,  3.11s/it]
 73%|███████▎  | 2164/2973 [1:36:58<38:54,  2.89s/it]
 73%|███████▎  | 2165/2973 [1:37:00<35:44,  2.65s/it]
 73%|███████▎  | 2166/2973 [1:37:03<35:34,  2.65s/it]
 73%|███████▎  | 2167/2973 [1:37:05<34:30,  2.57s/it]
 73%|███████▎  | 2168/2973 [1:37:08<34:58,  2.61s/it]
 73%|███████▎  | 2169/2973 [1:37:10<33:59,  2.54s/it]
 73%|███████▎  | 2170/2973 [1:37:12<31:23,  2.35s/it]
 73%|███████▎  | 2171/2973 [1:37:14<30:57,  2.32s/it]
 73%|███████▎  | 2172/2973 [1:37:17<31:31,  2.36s/it]
 73%|███████▎  | 2173/2973 [1:37:20<35:06,  2.63s/it]
 73%|███████▎  | 2174/2973 [1:37:23<37:13,  2.79s/it]
 73%|███████▎  | 2175/2973 [1:37:27<41:08,  3.09s/it]
 73%|███████▎  | 2176/2973 [1:37:30<39:21,  2.96s/it]
 73%|███████▎  | 2177/2973 [1:37:32<37:48,  2.85s/it]
 73%|███████▎  | 2178/2973 [1:37:36<40:47,  3.08s/it]
 73%|███████▎  | 2179/2973 [1:37:38<38:06,  2.88s/it]
 73%|███████▎  | 2180/2973 [1:37:40<35:22,  2.68s/it]
 73%|███████▎  | 2181/2973 [1:37:43<34:53,  2.64s/it]
 73%|███████▎  | 2182/2973 [1:37:45<33:48,  2.56s/it]
 73%|███████▎  | 2183/2973 [1:37:48<34:59,  2.66s/it]
 73%|███████▎  | 2184/2973 [1:37:51<36:33,  2.78s/it]
 73%|███████▎  | 2185/2973 [1:37:54<35:38,  2.71s/it]
 74%|███████▎  | 2186/2973 [1:37:55<30:45,  2.34s/it]
 74%|███████▎  | 2187/2973 [1:38:00<38:49,  2.96s/it]
 74%|███████▎  | 2188/2973 [1:38:01<32:52,  2.51s/it]
 74%|███████▎  | 2189/2973 [1:38:03<31:44,  2.43s/it]
 74%|███████▎  | 2190/2973 [1:38:06<31:54,  2.45s/it]
 74%|███████▎  | 2191/2973 [1:38:08<31:40,  2.43s/it]
 74%|███████▎  | 2192/2973 [1:38:11<33:51,  2.60s/it]
 74%|███████▍  | 2193/2973 [1:38:14<36:19,  2.79s/it]
 74%|███████▍  | 2194/2973 [1:38:17<37:06,  2.86s/it]
 74%|███████▍  | 2195/2973 [1:38:20<34:55,  2.69s/it]
 74%|███████▍  | 2196/2973 [1:38:22<32:54,  2.54s/it]
 74%|███████▍  | 2197/2973 [1:38:25<34:43,  2.69s/it]
 74%|███████▍  | 2198/2973 [1:38:27<32:24,  2.51s/it]
 74%|███████▍  | 2199/2973 [1:38:29<31:52,  2.47s/it]
 74%|███████▍  | 2200/2973 [1:38:33<36:59,  2.87s/it]
 74%|███████▍  | 2201/2973 [1:38:36<35:16,  2.74s/it]
 74%|███████▍  | 2202/2973 [1:38:39<38:29,  3.00s/it]
 74%|███████▍  | 2203/2973 [1:38:41<35:11,  2.74s/it]
 74%|███████▍  | 2204/2973 [1:38:43<31:10,  2.43s/it]
 74%|███████▍  | 2205/2973 [1:38:46<31:01,  2.42s/it]
 74%|███████▍  | 2206/2973 [1:38:48<29:16,  2.29s/it]
 74%|███████▍  | 2207/2973 [1:38:49<27:28,  2.15s/it]
 74%|███████▍  | 2208/2973 [1:38:51<25:06,  1.97s/it]
 74%|███████▍  | 2209/2973 [1:38:54<28:43,  2.26s/it]
 74%|███████▍  | 2210/2973 [1:38:56<26:22,  2.07s/it]
 74%|███████▍  | 2211/2973 [1:39:00<33:53,  2.67s/it]
 74%|███████▍  | 2212/2973 [1:39:02<34:17,  2.70s/it]
 74%|███████▍  | 2213/2973 [1:39:06<38:16,  3.02s/it]
 74%|███████▍  | 2214/2973 [1:39:09<37:17,  2.95s/it]
 75%|███████▍  | 2215/2973 [1:39:12<36:43,  2.91s/it]
 75%|███████▍  | 2216/2973 [1:39:15<37:24,  2.96s/it]
 75%|███████▍  | 2217/2973 [1:39:18<38:53,  3.09s/it]
 75%|███████▍  | 2218/2973 [1:39:20<35:14,  2.80s/it]
 75%|███████▍  | 2219/2973 [1:39:22<32:48,  2.61s/it]
 75%|███████▍  | 2220/2973 [1:39:25<31:42,  2.53s/it]
 75%|███████▍  | 2221/2973 [1:39:27<30:48,  2.46s/it]
 75%|███████▍  | 2222/2973 [1:39:30<32:20,  2.58s/it]
 75%|███████▍  | 2223/2973 [1:39:32<31:44,  2.54s/it]
 75%|███████▍  | 2224/2973 [1:39:36<34:10,  2.74s/it]
 75%|███████▍  | 2225/2973 [1:39:38<33:51,  2.72s/it]
 75%|███████▍  | 2226/2973 [1:39:42<36:47,  2.96s/it]
 75%|███████▍  | 2227/2973 [1:39:46<42:22,  3.41s/it]
 75%|███████▍  | 2228/2973 [1:39:48<37:56,  3.06s/it]
 75%|███████▍  | 2229/2973 [1:39:52<39:58,  3.22s/it]
 75%|███████▌  | 2230/2973 [1:39:54<33:58,  2.74s/it]
 75%|███████▌  | 2231/2973 [1:39:55<29:58,  2.42s/it]
 75%|███████▌  | 2232/2973 [1:39:58<30:49,  2.50s/it]
 75%|███████▌  | 2233/2973 [1:40:01<32:02,  2.60s/it]
 75%|███████▌  | 2234/2973 [1:40:03<31:56,  2.59s/it]
 75%|███████▌  | 2235/2973 [1:40:06<33:18,  2.71s/it]
 75%|███████▌  | 2236/2973 [1:40:10<37:28,  3.05s/it]
 75%|███████▌  | 2237/2973 [1:40:13<37:07,  3.03s/it]
 75%|███████▌  | 2238/2973 [1:40:15<33:00,  2.69s/it]
 75%|███████▌  | 2239/2973 [1:40:18<35:07,  2.87s/it]
 75%|███████▌  | 2240/2973 [1:40:22<35:39,  2.92s/it]
 75%|███████▌  | 2241/2973 [1:40:26<40:30,  3.32s/it]
 75%|███████▌  | 2242/2973 [1:40:28<36:36,  3.00s/it]
 75%|███████▌  | 2243/2973 [1:40:30<31:45,  2.61s/it]
 75%|███████▌  | 2244/2973 [1:40:32<30:56,  2.55s/it]
 76%|███████▌  | 2245/2973 [1:40:34<28:07,  2.32s/it]
 76%|███████▌  | 2246/2973 [1:40:37<31:03,  2.56s/it]
 76%|███████▌  | 2247/2973 [1:40:41<34:14,  2.83s/it]
 76%|███████▌  | 2248/2973 [1:40:43<33:20,  2.76s/it]
 76%|███████▌  | 2249/2973 [1:40:46<33:08,  2.75s/it]
 76%|███████▌  | 2250/2973 [1:40:51<41:15,  3.42s/it]
 76%|███████▌  | 2251/2973 [1:40:53<36:53,  3.07s/it]
 76%|███████▌  | 2252/2973 [1:40:55<33:25,  2.78s/it]
 76%|███████▌  | 2253/2973 [1:40:58<34:41,  2.89s/it]
 76%|███████▌  | 2254/2973 [1:41:01<32:24,  2.70s/it]
 76%|███████▌  | 2255/2973 [1:41:04<34:20,  2.87s/it]
 76%|███████▌  | 2256/2973 [1:41:06<32:19,  2.70s/it]
 76%|███████▌  | 2257/2973 [1:41:09<32:51,  2.75s/it]
 76%|███████▌  | 2258/2973 [1:41:12<32:51,  2.76s/it]
 76%|███████▌  | 2259/2973 [1:41:15<32:57,  2.77s/it]
 76%|███████▌  | 2260/2973 [1:41:17<30:53,  2.60s/it]
 76%|███████▌  | 2261/2973 [1:41:19<30:24,  2.56s/it]
 76%|███████▌  | 2262/2973 [1:41:23<34:42,  2.93s/it]
 76%|███████▌  | 2263/2973 [1:41:26<33:47,  2.86s/it]
 76%|███████▌  | 2264/2973 [1:41:28<33:14,  2.81s/it]
 76%|███████▌  | 2265/2973 [1:41:31<31:29,  2.67s/it]
 76%|███████▌  | 2266/2973 [1:41:34<32:47,  2.78s/it]
 76%|███████▋  | 2267/2973 [1:41:37<34:52,  2.96s/it]
 76%|███████▋  | 2268/2973 [1:41:40<35:37,  3.03s/it]
 76%|███████▋  | 2269/2973 [1:41:43<32:48,  2.80s/it]
 76%|███████▋  | 2270/2973 [1:41:46<32:59,  2.82s/it]
 76%|███████▋  | 2271/2973 [1:41:48<31:23,  2.68s/it]
 76%|███████▋  | 2272/2973 [1:41:50<30:15,  2.59s/it]
 76%|███████▋  | 2273/2973 [1:41:53<29:57,  2.57s/it]
 76%|███████▋  | 2274/2973 [1:41:56<33:01,  2.83s/it]
 77%|███████▋  | 2275/2973 [1:41:58<30:51,  2.65s/it]
 77%|███████▋  | 2276/2973 [1:42:00<28:35,  2.46s/it]
 77%|███████▋  | 2277/2973 [1:42:04<31:52,  2.75s/it]
 77%|███████▋  | 2278/2973 [1:42:06<28:33,  2.47s/it]
 77%|███████▋  | 2279/2973 [1:42:08<28:09,  2.43s/it]
 77%|███████▋  | 2280/2973 [1:42:09<24:08,  2.09s/it]
 77%|███████▋  | 2281/2973 [1:42:12<27:16,  2.36s/it]
 77%|███████▋  | 2282/2973 [1:42:16<31:31,  2.74s/it]
 77%|███████▋  | 2283/2973 [1:42:20<34:14,  2.98s/it]
 77%|███████▋  | 2284/2973 [1:42:22<32:20,  2.82s/it]
 77%|███████▋  | 2285/2973 [1:42:25<31:57,  2.79s/it]
 77%|███████▋  | 2286/2973 [1:42:26<27:35,  2.41s/it]
 77%|███████▋  | 2287/2973 [1:42:30<31:33,  2.76s/it]
 77%|███████▋  | 2288/2973 [1:42:31<27:43,  2.43s/it]
 77%|███████▋  | 2289/2973 [1:42:35<31:18,  2.75s/it]
 77%|███████▋  | 2290/2973 [1:42:39<34:09,  3.00s/it]
 77%|███████▋  | 2291/2973 [1:42:42<35:58,  3.17s/it]
 77%|███████▋  | 2292/2973 [1:42:44<30:43,  2.71s/it]
 77%|███████▋  | 2293/2973 [1:42:46<28:03,  2.48s/it]
 77%|███████▋  | 2294/2973 [1:42:48<26:40,  2.36s/it]
 77%|███████▋  | 2295/2973 [1:42:51<30:01,  2.66s/it]
 77%|███████▋  | 2296/2973 [1:42:53<27:05,  2.40s/it]
 77%|███████▋  | 2297/2973 [1:42:55<25:22,  2.25s/it]
 77%|███████▋  | 2298/2973 [1:42:57<26:03,  2.32s/it]
 77%|███████▋  | 2299/2973 [1:42:59<24:26,  2.18s/it]
 77%|███████▋  | 2300/2973 [1:43:03<28:34,  2.55s/it]
 77%|███████▋  | 2301/2973 [1:43:06<32:27,  2.90s/it]
 77%|███████▋  | 2302/2973 [1:43:07<26:46,  2.39s/it]
 77%|███████▋  | 2303/2973 [1:43:10<25:46,  2.31s/it]
 77%|███████▋  | 2304/2973 [1:43:12<26:34,  2.38s/it]
 78%|███████▊  | 2305/2973 [1:43:16<31:13,  2.80s/it]
 78%|███████▊  | 2306/2973 [1:43:20<37:02,  3.33s/it]
 78%|███████▊  | 2307/2973 [1:43:23<33:43,  3.04s/it]
 78%|███████▊  | 2308/2973 [1:43:26<35:37,  3.21s/it]
 78%|███████▊  | 2309/2973 [1:43:28<29:32,  2.67s/it]
 78%|███████▊  | 2310/2973 [1:43:31<31:47,  2.88s/it]
 78%|███████▊  | 2311/2973 [1:43:34<30:14,  2.74s/it]
 78%|███████▊  | 2312/2973 [1:43:37<31:34,  2.87s/it]
 78%|███████▊  | 2313/2973 [1:43:40<32:28,  2.95s/it]
 78%|███████▊  | 2314/2973 [1:43:42<30:49,  2.81s/it]
 78%|███████▊  | 2315/2973 [1:43:45<29:15,  2.67s/it]
 78%|███████▊  | 2316/2973 [1:43:49<35:53,  3.28s/it]
 78%|███████▊  | 2317/2973 [1:43:51<30:20,  2.78s/it]
 78%|███████▊  | 2318/2973 [1:43:53<27:35,  2.53s/it]
 78%|███████▊  | 2319/2973 [1:43:56<28:30,  2.62s/it]
 78%|███████▊  | 2320/2973 [1:43:59<29:26,  2.71s/it]
 78%|███████▊  | 2321/2973 [1:44:02<30:42,  2.83s/it]
 78%|███████▊  | 2322/2973 [1:44:05<32:27,  2.99s/it]
 78%|███████▊  | 2323/2973 [1:44:08<32:14,  2.98s/it]
 78%|███████▊  | 2324/2973 [1:44:12<34:19,  3.17s/it]
 78%|███████▊  | 2325/2973 [1:44:15<35:38,  3.30s/it]
 78%|███████▊  | 2326/2973 [1:44:18<31:54,  2.96s/it]
 78%|███████▊  | 2327/2973 [1:44:19<28:11,  2.62s/it]
 78%|███████▊  | 2328/2973 [1:44:21<26:24,  2.46s/it]
 78%|███████▊  | 2329/2973 [1:44:23<24:32,  2.29s/it]
 78%|███████▊  | 2330/2973 [1:44:25<22:35,  2.11s/it]
 78%|███████▊  | 2331/2973 [1:44:28<24:54,  2.33s/it]
 78%|███████▊  | 2332/2973 [1:44:29<22:25,  2.10s/it]
 78%|███████▊  | 2333/2973 [1:44:32<23:00,  2.16s/it]
 79%|███████▊  | 2334/2973 [1:44:36<28:44,  2.70s/it]
 79%|███████▊  | 2335/2973 [1:44:38<28:21,  2.67s/it]
 79%|███████▊  | 2336/2973 [1:44:41<27:03,  2.55s/it]
 79%|███████▊  | 2337/2973 [1:44:44<29:57,  2.83s/it]
 79%|███████▊  | 2338/2973 [1:44:46<28:43,  2.71s/it]
 79%|███████▊  | 2339/2973 [1:44:49<28:51,  2.73s/it]
 79%|███████▊  | 2340/2973 [1:44:52<28:42,  2.72s/it]
 79%|███████▊  | 2341/2973 [1:44:55<28:46,  2.73s/it]
 79%|███████▉  | 2342/2973 [1:44:57<27:04,  2.57s/it]
 79%|███████▉  | 2343/2973 [1:45:00<28:29,  2.71s/it]
 79%|███████▉  | 2344/2973 [1:45:02<26:27,  2.52s/it]
 79%|███████▉  | 2345/2973 [1:45:05<27:51,  2.66s/it]
 79%|███████▉  | 2346/2973 [1:45:08<29:49,  2.85s/it]
 79%|███████▉  | 2347/2973 [1:45:11<28:40,  2.75s/it]
 79%|███████▉  | 2348/2973 [1:45:14<29:55,  2.87s/it]
 79%|███████▉  | 2349/2973 [1:45:16<26:53,  2.59s/it]
 79%|███████▉  | 2350/2973 [1:45:20<30:15,  2.91s/it]
 79%|███████▉  | 2351/2973 [1:45:22<28:58,  2.79s/it]
 79%|███████▉  | 2352/2973 [1:45:25<29:00,  2.80s/it]
 79%|███████▉  | 2353/2973 [1:45:28<28:19,  2.74s/it]
 79%|███████▉  | 2354/2973 [1:45:30<28:23,  2.75s/it]
 79%|███████▉  | 2355/2973 [1:45:33<27:47,  2.70s/it]
 79%|███████▉  | 2356/2973 [1:45:35<27:07,  2.64s/it]
 79%|███████▉  | 2357/2973 [1:45:39<28:57,  2.82s/it]
 79%|███████▉  | 2358/2973 [1:45:42<29:29,  2.88s/it]
 79%|███████▉  | 2359/2973 [1:45:44<27:41,  2.71s/it]
 79%|███████▉  | 2360/2973 [1:45:46<25:44,  2.52s/it]
 79%|███████▉  | 2361/2973 [1:45:48<24:53,  2.44s/it]
 79%|███████▉  | 2362/2973 [1:45:51<26:45,  2.63s/it]
 79%|███████▉  | 2363/2973 [1:45:54<25:27,  2.50s/it]
 80%|███████▉  | 2364/2973 [1:45:57<27:22,  2.70s/it]
 80%|███████▉  | 2365/2973 [1:45:59<27:11,  2.68s/it]
 80%|███████▉  | 2366/2973 [1:46:01<23:33,  2.33s/it]
 80%|███████▉  | 2367/2973 [1:46:03<24:25,  2.42s/it]
 80%|███████▉  | 2368/2973 [1:46:05<21:36,  2.14s/it]
 80%|███████▉  | 2369/2973 [1:46:07<22:07,  2.20s/it]
 80%|███████▉  | 2370/2973 [1:46:10<25:03,  2.49s/it]
 80%|███████▉  | 2371/2973 [1:46:12<23:31,  2.34s/it]
 80%|███████▉  | 2372/2973 [1:46:15<22:34,  2.25s/it]
 80%|███████▉  | 2373/2973 [1:46:16<21:35,  2.16s/it]
 80%|███████▉  | 2374/2973 [1:46:20<26:12,  2.63s/it]
 80%|███████▉  | 2375/2973 [1:46:22<23:16,  2.34s/it]
 80%|███████▉  | 2376/2973 [1:46:25<24:24,  2.45s/it]
 80%|███████▉  | 2377/2973 [1:46:27<24:15,  2.44s/it]
 80%|███████▉  | 2378/2973 [1:46:29<23:41,  2.39s/it]
 80%|████████  | 2379/2973 [1:46:33<27:19,  2.76s/it]
 80%|████████  | 2380/2973 [1:46:36<27:51,  2.82s/it]
 80%|████████  | 2381/2973 [1:46:38<27:03,  2.74s/it]
 80%|████████  | 2382/2973 [1:46:40<24:22,  2.48s/it]
 80%|████████  | 2383/2973 [1:46:43<25:36,  2.60s/it]
 80%|████████  | 2384/2973 [1:46:47<27:49,  2.83s/it]
 80%|████████  | 2385/2973 [1:46:50<29:30,  3.01s/it]
 80%|████████  | 2386/2973 [1:46:53<29:18,  3.00s/it]
 80%|████████  | 2387/2973 [1:46:56<28:50,  2.95s/it]
 80%|████████  | 2388/2973 [1:46:59<28:49,  2.96s/it]
 80%|████████  | 2389/2973 [1:47:02<31:06,  3.20s/it]
 80%|████████  | 2390/2973 [1:47:06<32:31,  3.35s/it]
 80%|████████  | 2391/2973 [1:47:10<32:50,  3.39s/it]
 80%|████████  | 2392/2973 [1:47:14<34:32,  3.57s/it]
 80%|████████  | 2393/2973 [1:47:16<30:01,  3.11s/it]
 81%|████████  | 2394/2973 [1:47:19<30:29,  3.16s/it]
 81%|████████  | 2395/2973 [1:47:21<28:10,  2.93s/it]
 81%|████████  | 2396/2973 [1:47:23<24:25,  2.54s/it]
 81%|████████  | 2397/2973 [1:47:26<25:33,  2.66s/it]
 81%|████████  | 2398/2973 [1:47:27<22:06,  2.31s/it]
 81%|████████  | 2399/2973 [1:47:30<21:34,  2.26s/it]
 81%|████████  | 2400/2973 [1:47:32<22:35,  2.37s/it]
 81%|████████  | 2401/2973 [1:47:35<24:42,  2.59s/it]
 81%|████████  | 2402/2973 [1:47:37<23:21,  2.46s/it]
 81%|████████  | 2403/2973 [1:47:40<23:22,  2.46s/it]
 81%|████████  | 2404/2973 [1:47:42<22:04,  2.33s/it]
 81%|████████  | 2405/2973 [1:47:45<23:15,  2.46s/it]
 81%|████████  | 2406/2973 [1:47:48<25:25,  2.69s/it]
 81%|████████  | 2407/2973 [1:47:50<24:10,  2.56s/it]
 81%|████████  | 2408/2973 [1:47:52<23:13,  2.47s/it]
 81%|████████  | 2409/2973 [1:47:55<22:29,  2.39s/it]
 81%|████████  | 2410/2973 [1:47:56<20:14,  2.16s/it]
 81%|████████  | 2411/2973 [1:47:59<21:46,  2.32s/it]
 81%|████████  | 2412/2973 [1:48:01<21:12,  2.27s/it]
 81%|████████  | 2413/2973 [1:48:04<22:05,  2.37s/it]
 81%|████████  | 2414/2973 [1:48:08<27:50,  2.99s/it]
 81%|████████  | 2415/2973 [1:48:10<25:49,  2.78s/it]
 81%|████████▏ | 2416/2973 [1:48:13<24:59,  2.69s/it]
 81%|████████▏ | 2417/2973 [1:48:15<23:59,  2.59s/it]
 81%|████████▏ | 2418/2973 [1:48:19<26:09,  2.83s/it]
 81%|████████▏ | 2419/2973 [1:48:22<28:23,  3.08s/it]
 81%|████████▏ | 2420/2973 [1:48:25<26:25,  2.87s/it]
 81%|████████▏ | 2421/2973 [1:48:28<26:32,  2.88s/it]
 81%|████████▏ | 2422/2973 [1:48:31<26:41,  2.91s/it]
 82%|████████▏ | 2423/2973 [1:48:32<23:41,  2.58s/it]
 82%|████████▏ | 2424/2973 [1:48:35<23:20,  2.55s/it]
 82%|████████▏ | 2425/2973 [1:48:36<19:09,  2.10s/it]
 82%|████████▏ | 2426/2973 [1:48:38<20:19,  2.23s/it]
 82%|████████▏ | 2427/2973 [1:48:40<18:46,  2.06s/it]
 82%|████████▏ | 2428/2973 [1:48:42<19:34,  2.15s/it]
 82%|████████▏ | 2429/2973 [1:48:45<19:35,  2.16s/it]
 82%|████████▏ | 2430/2973 [1:48:48<22:16,  2.46s/it]
 82%|████████▏ | 2431/2973 [1:48:51<24:32,  2.72s/it]
 82%|████████▏ | 2432/2973 [1:48:54<25:02,  2.78s/it]
 82%|████████▏ | 2433/2973 [1:48:57<26:13,  2.91s/it]
 82%|████████▏ | 2434/2973 [1:49:00<26:24,  2.94s/it]
 82%|████████▏ | 2435/2973 [1:49:04<29:03,  3.24s/it]
 82%|████████▏ | 2436/2973 [1:49:08<29:56,  3.35s/it]
 82%|████████▏ | 2437/2973 [1:49:10<26:15,  2.94s/it]
 82%|████████▏ | 2438/2973 [1:49:14<28:36,  3.21s/it]
 82%|████████▏ | 2439/2973 [1:49:16<27:20,  3.07s/it]
 82%|████████▏ | 2440/2973 [1:49:19<25:36,  2.88s/it]
 82%|████████▏ | 2441/2973 [1:49:21<23:39,  2.67s/it]
 82%|████████▏ | 2442/2973 [1:49:23<22:41,  2.56s/it]
 82%|████████▏ | 2443/2973 [1:49:26<22:45,  2.58s/it]
 82%|████████▏ | 2444/2973 [1:49:29<22:55,  2.60s/it]
 82%|████████▏ | 2445/2973 [1:49:32<23:58,  2.72s/it]
 82%|████████▏ | 2446/2973 [1:49:35<26:20,  3.00s/it]
 82%|████████▏ | 2447/2973 [1:49:38<25:37,  2.92s/it]
 82%|████████▏ | 2448/2973 [1:49:41<24:46,  2.83s/it]
 82%|████████▏ | 2449/2973 [1:49:43<22:37,  2.59s/it]
 82%|████████▏ | 2450/2973 [1:49:45<22:43,  2.61s/it]
 82%|████████▏ | 2451/2973 [1:49:49<24:51,  2.86s/it]
 82%|████████▏ | 2452/2973 [1:49:51<23:45,  2.74s/it]
 83%|████████▎ | 2453/2973 [1:49:54<24:07,  2.78s/it]
 83%|████████▎ | 2454/2973 [1:49:57<24:05,  2.79s/it]
 83%|████████▎ | 2455/2973 [1:49:59<22:27,  2.60s/it]
 83%|████████▎ | 2456/2973 [1:50:01<19:39,  2.28s/it]
 83%|████████▎ | 2457/2973 [1:50:04<22:05,  2.57s/it]
 83%|████████▎ | 2458/2973 [1:50:08<26:29,  3.09s/it]
 83%|████████▎ | 2459/2973 [1:50:11<25:01,  2.92s/it]
 83%|████████▎ | 2460/2973 [1:50:14<25:30,  2.98s/it]
 83%|████████▎ | 2461/2973 [1:50:18<27:26,  3.22s/it]
 83%|████████▎ | 2462/2973 [1:50:21<27:55,  3.28s/it]
 83%|████████▎ | 2463/2973 [1:50:26<31:28,  3.70s/it]
 83%|████████▎ | 2464/2973 [1:50:28<28:11,  3.32s/it]
 83%|████████▎ | 2465/2973 [1:50:30<24:37,  2.91s/it]
 83%|████████▎ | 2466/2973 [1:50:34<26:26,  3.13s/it]
 83%|████████▎ | 2467/2973 [1:50:36<24:24,  2.90s/it]
 83%|████████▎ | 2468/2973 [1:50:38<21:20,  2.54s/it]
 83%|████████▎ | 2469/2973 [1:50:41<23:31,  2.80s/it]
 83%|████████▎ | 2470/2973 [1:50:43<22:15,  2.66s/it]
 83%|████████▎ | 2471/2973 [1:50:45<19:31,  2.33s/it]
 83%|████████▎ | 2472/2973 [1:50:48<20:00,  2.40s/it]
 83%|████████▎ | 2473/2973 [1:50:49<18:15,  2.19s/it]
 83%|████████▎ | 2474/2973 [1:50:52<19:19,  2.32s/it]
 83%|████████▎ | 2475/2973 [1:50:55<21:09,  2.55s/it]
 83%|████████▎ | 2476/2973 [1:50:57<20:29,  2.47s/it]
 83%|████████▎ | 2477/2973 [1:51:00<20:41,  2.50s/it]
 83%|████████▎ | 2478/2973 [1:51:04<24:10,  2.93s/it]
 83%|████████▎ | 2479/2973 [1:51:07<24:55,  3.03s/it]
 83%|████████▎ | 2480/2973 [1:51:10<24:51,  3.03s/it]
 83%|████████▎ | 2481/2973 [1:51:13<24:25,  2.98s/it]
 83%|████████▎ | 2482/2973 [1:51:15<22:14,  2.72s/it]
 84%|████████▎ | 2483/2973 [1:51:18<22:21,  2.74s/it]
 84%|████████▎ | 2484/2973 [1:51:22<24:38,  3.02s/it]
 84%|████████▎ | 2485/2973 [1:51:25<26:06,  3.21s/it]
 84%|████████▎ | 2486/2973 [1:51:28<24:05,  2.97s/it]
 84%|████████▎ | 2487/2973 [1:51:30<21:40,  2.67s/it]
 84%|████████▎ | 2488/2973 [1:51:32<21:09,  2.62s/it]
 84%|████████▎ | 2489/2973 [1:51:34<18:24,  2.28s/it]
 84%|████████▍ | 2490/2973 [1:51:37<21:09,  2.63s/it]
 84%|████████▍ | 2491/2973 [1:51:40<22:37,  2.82s/it]
 84%|████████▍ | 2492/2973 [1:51:42<19:36,  2.45s/it]
 84%|████████▍ | 2493/2973 [1:51:45<20:44,  2.59s/it]
 84%|████████▍ | 2494/2973 [1:51:46<17:50,  2.23s/it]
 84%|████████▍ | 2495/2973 [1:51:48<18:00,  2.26s/it]
 84%|████████▍ | 2496/2973 [1:51:52<19:57,  2.51s/it]
 84%|████████▍ | 2497/2973 [1:51:54<19:48,  2.50s/it]
 84%|████████▍ | 2498/2973 [1:51:56<18:37,  2.35s/it]
 84%|████████▍ | 2499/2973 [1:51:59<20:09,  2.55s/it]
 84%|████████▍ | 2500/2973 [1:52:02<21:45,  2.76s/it]
 84%|████████▍ | 2501/2973 [1:52:04<20:07,  2.56s/it]
 84%|████████▍ | 2502/2973 [1:52:08<22:08,  2.82s/it]
 84%|████████▍ | 2503/2973 [1:52:10<21:04,  2.69s/it]
 84%|████████▍ | 2504/2973 [1:52:12<19:50,  2.54s/it]
 84%|████████▍ | 2505/2973 [1:52:16<22:03,  2.83s/it]
 84%|████████▍ | 2506/2973 [1:52:18<20:18,  2.61s/it]
 84%|████████▍ | 2507/2973 [1:52:20<19:11,  2.47s/it]
 84%|████████▍ | 2508/2973 [1:52:23<21:05,  2.72s/it]
 84%|████████▍ | 2509/2973 [1:52:25<18:45,  2.43s/it]
 84%|████████▍ | 2510/2973 [1:52:28<19:01,  2.46s/it]
 84%|████████▍ | 2511/2973 [1:52:30<19:21,  2.51s/it]
 84%|████████▍ | 2512/2973 [1:52:33<18:46,  2.44s/it]
 85%|████████▍ | 2513/2973 [1:52:35<19:16,  2.51s/it]
 85%|████████▍ | 2514/2973 [1:52:39<21:53,  2.86s/it]
 85%|████████▍ | 2515/2973 [1:52:42<22:40,  2.97s/it]
 85%|████████▍ | 2516/2973 [1:52:45<22:53,  3.01s/it]
 85%|████████▍ | 2517/2973 [1:52:47<19:30,  2.57s/it]
 85%|████████▍ | 2518/2973 [1:52:49<18:19,  2.42s/it]
 85%|████████▍ | 2519/2973 [1:52:50<16:08,  2.13s/it]
 85%|████████▍ | 2520/2973 [1:52:54<19:14,  2.55s/it]
 85%|████████▍ | 2521/2973 [1:52:56<19:04,  2.53s/it]
 85%|████████▍ | 2522/2973 [1:52:59<19:49,  2.64s/it]
 85%|████████▍ | 2523/2973 [1:53:02<20:47,  2.77s/it]
 85%|████████▍ | 2524/2973 [1:53:05<20:12,  2.70s/it]
 85%|████████▍ | 2525/2973 [1:53:07<18:50,  2.52s/it]
 85%|████████▍ | 2526/2973 [1:53:10<18:58,  2.55s/it]
 85%|████████▍ | 2527/2973 [1:53:12<18:30,  2.49s/it]
 85%|████████▌ | 2528/2973 [1:53:15<20:09,  2.72s/it]
 85%|████████▌ | 2529/2973 [1:53:18<20:59,  2.84s/it]
 85%|████████▌ | 2530/2973 [1:53:20<17:44,  2.40s/it]
 85%|████████▌ | 2531/2973 [1:53:22<16:42,  2.27s/it]
 85%|████████▌ | 2532/2973 [1:53:26<20:09,  2.74s/it]
 85%|████████▌ | 2533/2973 [1:53:28<19:21,  2.64s/it]
 85%|████████▌ | 2534/2973 [1:53:30<19:00,  2.60s/it]
 85%|████████▌ | 2535/2973 [1:53:33<18:23,  2.52s/it]
 85%|████████▌ | 2536/2973 [1:53:36<19:34,  2.69s/it]
 85%|████████▌ | 2537/2973 [1:53:37<16:46,  2.31s/it]
 85%|████████▌ | 2538/2973 [1:53:40<17:41,  2.44s/it]
 85%|████████▌ | 2539/2973 [1:53:43<18:14,  2.52s/it]
 85%|████████▌ | 2540/2973 [1:53:45<17:26,  2.42s/it]
 85%|████████▌ | 2541/2973 [1:53:47<16:27,  2.29s/it]
 86%|████████▌ | 2542/2973 [1:53:48<14:46,  2.06s/it]
 86%|████████▌ | 2543/2973 [1:53:52<18:11,  2.54s/it]
 86%|████████▌ | 2544/2973 [1:53:55<18:16,  2.55s/it]
 86%|████████▌ | 2545/2973 [1:53:57<17:08,  2.40s/it]
 86%|████████▌ | 2546/2973 [1:54:00<18:26,  2.59s/it]
 86%|████████▌ | 2547/2973 [1:54:03<19:09,  2.70s/it]
 86%|████████▌ | 2548/2973 [1:54:05<18:06,  2.56s/it]
 86%|████████▌ | 2549/2973 [1:54:07<16:54,  2.39s/it]
 86%|████████▌ | 2550/2973 [1:54:10<18:34,  2.63s/it]
 86%|████████▌ | 2551/2973 [1:54:12<17:23,  2.47s/it]
 86%|████████▌ | 2552/2973 [1:54:15<18:11,  2.59s/it]
 86%|████████▌ | 2553/2973 [1:54:18<18:22,  2.63s/it]
 86%|████████▌ | 2554/2973 [1:54:21<20:16,  2.90s/it]
 86%|████████▌ | 2555/2973 [1:54:24<20:45,  2.98s/it]
 86%|████████▌ | 2556/2973 [1:54:28<20:47,  2.99s/it]
 86%|████████▌ | 2557/2973 [1:54:30<20:12,  2.91s/it]
 86%|████████▌ | 2558/2973 [1:54:33<20:45,  3.00s/it]
 86%|████████▌ | 2559/2973 [1:54:38<23:24,  3.39s/it]
 86%|████████▌ | 2560/2973 [1:54:40<20:31,  2.98s/it]
 86%|████████▌ | 2561/2973 [1:54:43<20:50,  3.04s/it]
 86%|████████▌ | 2562/2973 [1:54:46<20:23,  2.98s/it]
 86%|████████▌ | 2563/2973 [1:54:48<19:21,  2.83s/it]
 86%|████████▌ | 2564/2973 [1:54:51<20:01,  2.94s/it]
 86%|████████▋ | 2565/2973 [1:54:54<19:32,  2.87s/it]
 86%|████████▋ | 2566/2973 [1:54:56<18:17,  2.70s/it]
 86%|████████▋ | 2567/2973 [1:54:58<16:00,  2.37s/it]
 86%|████████▋ | 2568/2973 [1:55:01<17:56,  2.66s/it]
 86%|████████▋ | 2569/2973 [1:55:03<16:09,  2.40s/it]
 86%|████████▋ | 2570/2973 [1:55:06<16:29,  2.46s/it]
 86%|████████▋ | 2571/2973 [1:55:08<16:28,  2.46s/it]
 87%|████████▋ | 2572/2973 [1:55:11<16:09,  2.42s/it]
 87%|████████▋ | 2573/2973 [1:55:13<17:02,  2.56s/it]
 87%|████████▋ | 2574/2973 [1:55:16<16:58,  2.55s/it]
 87%|████████▋ | 2575/2973 [1:55:19<17:50,  2.69s/it]
 87%|████████▋ | 2576/2973 [1:55:22<17:33,  2.65s/it]
 87%|████████▋ | 2577/2973 [1:55:25<19:56,  3.02s/it]
 87%|████████▋ | 2578/2973 [1:55:29<20:26,  3.11s/it]
 87%|████████▋ | 2579/2973 [1:55:31<19:09,  2.92s/it]
 87%|████████▋ | 2580/2973 [1:55:34<18:37,  2.84s/it]
 87%|████████▋ | 2581/2973 [1:55:37<18:57,  2.90s/it]
 87%|████████▋ | 2582/2973 [1:55:40<18:21,  2.82s/it]
 87%|████████▋ | 2583/2973 [1:55:43<19:35,  3.01s/it]
 87%|████████▋ | 2584/2973 [1:55:46<19:24,  2.99s/it]
 87%|████████▋ | 2585/2973 [1:55:49<19:28,  3.01s/it]
 87%|████████▋ | 2586/2973 [1:55:52<19:50,  3.08s/it]
 87%|████████▋ | 2587/2973 [1:55:55<18:16,  2.84s/it]
 87%|████████▋ | 2588/2973 [1:55:58<18:49,  2.93s/it]
 87%|████████▋ | 2589/2973 [1:56:01<18:52,  2.95s/it]
 87%|████████▋ | 2590/2973 [1:56:03<17:38,  2.76s/it]
 87%|████████▋ | 2591/2973 [1:56:05<16:36,  2.61s/it]
 87%|████████▋ | 2592/2973 [1:56:09<17:55,  2.82s/it]
 87%|████████▋ | 2593/2973 [1:56:12<18:17,  2.89s/it]
 87%|████████▋ | 2594/2973 [1:56:14<17:42,  2.80s/it]
 87%|████████▋ | 2595/2973 [1:56:18<19:00,  3.02s/it]
 87%|████████▋ | 2596/2973 [1:56:21<19:57,  3.18s/it]
 87%|████████▋ | 2597/2973 [1:56:26<21:51,  3.49s/it]
 87%|████████▋ | 2598/2973 [1:56:28<20:48,  3.33s/it]
 87%|████████▋ | 2599/2973 [1:56:30<18:16,  2.93s/it]
 87%|████████▋ | 2600/2973 [1:56:34<19:18,  3.11s/it]
 87%|████████▋ | 2601/2973 [1:56:37<19:04,  3.08s/it]
 88%|████████▊ | 2602/2973 [1:56:40<18:22,  2.97s/it]
 88%|████████▊ | 2603/2973 [1:56:42<17:50,  2.89s/it]
 88%|████████▊ | 2604/2973 [1:56:45<16:46,  2.73s/it]
 88%|████████▊ | 2605/2973 [1:56:48<17:33,  2.86s/it]
 88%|████████▊ | 2606/2973 [1:56:50<16:21,  2.67s/it]
 88%|████████▊ | 2607/2973 [1:56:53<16:34,  2.72s/it]
 88%|████████▊ | 2608/2973 [1:56:55<15:31,  2.55s/it]
 88%|████████▊ | 2609/2973 [1:56:57<13:41,  2.26s/it]
 88%|████████▊ | 2610/2973 [1:57:00<15:59,  2.64s/it]
 88%|████████▊ | 2611/2973 [1:57:02<14:08,  2.34s/it]
 88%|████████▊ | 2612/2973 [1:57:05<14:49,  2.46s/it]
 88%|████████▊ | 2613/2973 [1:57:07<15:23,  2.57s/it]
 88%|████████▊ | 2614/2973 [1:57:09<13:28,  2.25s/it]
 88%|████████▊ | 2615/2973 [1:57:12<14:23,  2.41s/it]
 88%|████████▊ | 2616/2973 [1:57:15<15:25,  2.59s/it]
 88%|████████▊ | 2617/2973 [1:57:18<17:07,  2.89s/it]
 88%|████████▊ | 2618/2973 [1:57:21<17:07,  2.89s/it]
 88%|████████▊ | 2619/2973 [1:57:25<18:14,  3.09s/it]
 88%|████████▊ | 2620/2973 [1:57:28<18:58,  3.23s/it]
 88%|████████▊ | 2621/2973 [1:57:31<17:49,  3.04s/it]
 88%|████████▊ | 2622/2973 [1:57:33<16:50,  2.88s/it]
 88%|████████▊ | 2623/2973 [1:57:35<15:06,  2.59s/it]
 88%|████████▊ | 2624/2973 [1:57:37<13:42,  2.36s/it]
 88%|████████▊ | 2625/2973 [1:57:40<14:00,  2.42s/it]
 88%|████████▊ | 2626/2973 [1:57:42<13:09,  2.28s/it]
 88%|████████▊ | 2627/2973 [1:57:44<12:22,  2.15s/it]
 88%|████████▊ | 2628/2973 [1:57:46<13:30,  2.35s/it]
 88%|████████▊ | 2629/2973 [1:57:49<14:29,  2.53s/it]
 88%|████████▊ | 2630/2973 [1:57:51<12:46,  2.24s/it]
 88%|████████▊ | 2631/2973 [1:57:54<13:35,  2.38s/it]
 89%|████████▊ | 2632/2973 [1:57:57<14:55,  2.63s/it]
 89%|████████▊ | 2633/2973 [1:58:00<15:49,  2.79s/it]
 89%|████████▊ | 2634/2973 [1:58:02<14:54,  2.64s/it]
 89%|████████▊ | 2635/2973 [1:58:05<15:39,  2.78s/it]
 89%|████████▊ | 2636/2973 [1:58:08<15:58,  2.84s/it]
 89%|████████▊ | 2637/2973 [1:58:12<16:50,  3.01s/it]
 89%|████████▊ | 2638/2973 [1:58:15<16:48,  3.01s/it]
 89%|████████▉ | 2639/2973 [1:58:17<15:50,  2.85s/it]
 89%|████████▉ | 2640/2973 [1:58:20<16:25,  2.96s/it]
 89%|████████▉ | 2641/2973 [1:58:23<15:30,  2.80s/it]
 89%|████████▉ | 2642/2973 [1:58:25<14:38,  2.65s/it]
 89%|████████▉ | 2643/2973 [1:58:27<13:25,  2.44s/it]
 89%|████████▉ | 2644/2973 [1:58:29<11:54,  2.17s/it]
 89%|████████▉ | 2645/2973 [1:58:32<13:45,  2.52s/it]
 89%|████████▉ | 2646/2973 [1:58:35<14:37,  2.68s/it]
 89%|████████▉ | 2647/2973 [1:58:37<13:00,  2.39s/it]
 89%|████████▉ | 2648/2973 [1:58:39<12:18,  2.27s/it]
 89%|████████▉ | 2649/2973 [1:58:41<12:05,  2.24s/it]
 89%|████████▉ | 2650/2973 [1:58:43<12:22,  2.30s/it]
 89%|████████▉ | 2651/2973 [1:58:46<12:28,  2.32s/it]
 89%|████████▉ | 2652/2973 [1:58:49<13:26,  2.51s/it]
 89%|████████▉ | 2653/2973 [1:58:51<13:11,  2.47s/it]
 89%|████████▉ | 2654/2973 [1:58:54<14:23,  2.71s/it]
 89%|████████▉ | 2655/2973 [1:58:57<14:27,  2.73s/it]
 89%|████████▉ | 2656/2973 [1:58:59<13:44,  2.60s/it]
 89%|████████▉ | 2657/2973 [1:59:02<13:42,  2.60s/it]
 89%|████████▉ | 2658/2973 [1:59:05<14:58,  2.85s/it]
 89%|████████▉ | 2659/2973 [1:59:07<13:17,  2.54s/it]
 89%|████████▉ | 2660/2973 [1:59:11<14:33,  2.79s/it]
 90%|████████▉ | 2661/2973 [1:59:15<16:18,  3.14s/it]
 90%|████████▉ | 2662/2973 [1:59:19<17:39,  3.41s/it]
 90%|████████▉ | 2663/2973 [1:59:22<17:04,  3.31s/it]
 90%|████████▉ | 2664/2973 [1:59:24<15:38,  3.04s/it]
 90%|████████▉ | 2665/2973 [1:59:27<16:05,  3.14s/it]
 90%|████████▉ | 2666/2973 [1:59:29<13:57,  2.73s/it]
 90%|████████▉ | 2667/2973 [1:59:32<13:49,  2.71s/it]
 90%|████████▉ | 2668/2973 [1:59:35<13:38,  2.68s/it]
 90%|████████▉ | 2669/2973 [1:59:37<13:41,  2.70s/it]
 90%|████████▉ | 2670/2973 [1:59:41<15:03,  2.98s/it]
 90%|████████▉ | 2671/2973 [1:59:43<14:13,  2.83s/it]
 90%|████████▉ | 2672/2973 [1:59:45<12:17,  2.45s/it]
 90%|████████▉ | 2673/2973 [1:59:48<13:18,  2.66s/it]
 90%|████████▉ | 2674/2973 [1:59:50<12:25,  2.49s/it]
 90%|████████▉ | 2675/2973 [1:59:52<11:29,  2.31s/it]
 90%|█████████ | 2676/2973 [1:59:55<12:12,  2.47s/it]
 90%|█████████ | 2677/2973 [1:59:58<12:41,  2.57s/it]
 90%|█████████ | 2678/2973 [1:59:59<10:56,  2.23s/it]
 90%|█████████ | 2679/2973 [2:00:02<11:35,  2.37s/it]
 90%|█████████ | 2680/2973 [2:00:04<11:11,  2.29s/it]
 90%|█████████ | 2681/2973 [2:00:05<09:47,  2.01s/it]
 90%|█████████ | 2682/2973 [2:00:07<09:50,  2.03s/it]
 90%|█████████ | 2683/2973 [2:00:09<09:18,  1.93s/it]
 90%|█████████ | 2684/2973 [2:00:11<09:49,  2.04s/it]
 90%|█████████ | 2685/2973 [2:00:14<10:14,  2.13s/it]
 90%|█████████ | 2686/2973 [2:00:16<10:07,  2.12s/it]
 90%|█████████ | 2687/2973 [2:00:18<10:35,  2.22s/it]
 90%|█████████ | 2688/2973 [2:00:22<12:42,  2.68s/it]
 90%|█████████ | 2689/2973 [2:00:25<12:54,  2.73s/it]
 90%|█████████ | 2690/2973 [2:00:28<12:50,  2.72s/it]
 91%|█████████ | 2691/2973 [2:00:30<12:46,  2.72s/it]
 91%|█████████ | 2692/2973 [2:00:32<11:37,  2.48s/it]
 91%|█████████ | 2693/2973 [2:00:36<12:39,  2.71s/it]
 91%|█████████ | 2694/2973 [2:00:38<12:26,  2.67s/it]
 91%|█████████ | 2695/2973 [2:00:40<11:19,  2.44s/it]
 91%|█████████ | 2696/2973 [2:00:43<11:55,  2.58s/it]
 91%|█████████ | 2697/2973 [2:00:45<11:49,  2.57s/it]
 91%|█████████ | 2698/2973 [2:00:48<11:14,  2.45s/it]
 91%|█████████ | 2699/2973 [2:00:50<10:30,  2.30s/it]
 91%|█████████ | 2700/2973 [2:00:52<11:14,  2.47s/it]
 91%|█████████ | 2701/2973 [2:00:55<11:17,  2.49s/it]
 91%|█████████ | 2702/2973 [2:00:58<12:12,  2.70s/it]
 91%|█████████ | 2703/2973 [2:01:02<13:25,  2.98s/it]
 91%|█████████ | 2704/2973 [2:01:05<14:15,  3.18s/it]
 91%|█████████ | 2705/2973 [2:01:08<13:56,  3.12s/it]
 91%|█████████ | 2706/2973 [2:01:12<14:19,  3.22s/it]
 91%|█████████ | 2707/2973 [2:01:14<13:08,  2.97s/it]
 91%|█████████ | 2708/2973 [2:01:17<12:16,  2.78s/it]
 91%|█████████ | 2709/2973 [2:01:20<12:45,  2.90s/it]
 91%|█████████ | 2710/2973 [2:01:23<13:31,  3.08s/it]
 91%|█████████ | 2711/2973 [2:01:26<12:27,  2.85s/it]
 91%|█████████ | 2712/2973 [2:01:28<12:03,  2.77s/it]
 91%|█████████▏| 2713/2973 [2:01:31<11:48,  2.72s/it]
 91%|█████████▏| 2714/2973 [2:01:33<11:34,  2.68s/it]
 91%|█████████▏| 2715/2973 [2:01:37<12:08,  2.82s/it]
 91%|█████████▏| 2716/2973 [2:01:40<13:00,  3.04s/it]
 91%|█████████▏| 2717/2973 [2:01:44<13:57,  3.27s/it]
 91%|█████████▏| 2718/2973 [2:01:47<13:22,  3.15s/it]
 91%|█████████▏| 2719/2973 [2:01:50<13:37,  3.22s/it]
 91%|█████████▏| 2720/2973 [2:01:53<12:51,  3.05s/it]
 92%|█████████▏| 2721/2973 [2:01:55<11:52,  2.83s/it]
 92%|█████████▏| 2722/2973 [2:01:57<11:07,  2.66s/it]
 92%|█████████▏| 2723/2973 [2:02:00<11:24,  2.74s/it]
 92%|█████████▏| 2724/2973 [2:02:03<10:57,  2.64s/it]
 92%|█████████▏| 2725/2973 [2:02:05<11:01,  2.67s/it]
 92%|█████████▏| 2726/2973 [2:02:09<11:53,  2.89s/it]
 92%|█████████▏| 2727/2973 [2:02:12<11:36,  2.83s/it]
 92%|█████████▏| 2728/2973 [2:02:14<10:56,  2.68s/it]
 92%|█████████▏| 2729/2973 [2:02:16<09:40,  2.38s/it]
 92%|█████████▏| 2730/2973 [2:02:18<09:58,  2.46s/it]
 92%|█████████▏| 2731/2973 [2:02:21<10:49,  2.68s/it]
 92%|█████████▏| 2732/2973 [2:02:24<10:59,  2.73s/it]
 92%|█████████▏| 2733/2973 [2:02:28<12:16,  3.07s/it]
 92%|█████████▏| 2734/2973 [2:02:30<10:24,  2.61s/it]
 92%|█████████▏| 2735/2973 [2:02:31<09:06,  2.29s/it]
 92%|█████████▏| 2736/2973 [2:02:34<09:48,  2.48s/it]
 92%|█████████▏| 2737/2973 [2:02:35<08:25,  2.14s/it]
 92%|█████████▏| 2738/2973 [2:02:37<07:31,  1.92s/it]
 92%|█████████▏| 2739/2973 [2:02:41<10:28,  2.68s/it]
 92%|█████████▏| 2740/2973 [2:02:44<10:41,  2.75s/it]
 92%|█████████▏| 2741/2973 [2:02:46<09:24,  2.43s/it]
 92%|█████████▏| 2742/2973 [2:02:48<09:16,  2.41s/it]
 92%|█████████▏| 2743/2973 [2:02:50<08:51,  2.31s/it]
 92%|█████████▏| 2744/2973 [2:02:53<09:00,  2.36s/it]
 92%|█████████▏| 2745/2973 [2:02:56<10:15,  2.70s/it]
 92%|█████████▏| 2746/2973 [2:02:59<10:26,  2.76s/it]
 92%|█████████▏| 2747/2973 [2:03:01<09:25,  2.50s/it]
 92%|█████████▏| 2748/2973 [2:03:04<09:39,  2.57s/it]
 92%|█████████▏| 2749/2973 [2:03:07<09:52,  2.65s/it]
 92%|█████████▏| 2750/2973 [2:03:09<09:11,  2.47s/it]
 93%|█████████▎| 2751/2973 [2:03:12<10:07,  2.74s/it]
 93%|█████████▎| 2752/2973 [2:03:15<10:20,  2.81s/it]
 93%|█████████▎| 2753/2973 [2:03:18<09:54,  2.70s/it]
 93%|█████████▎| 2754/2973 [2:03:21<10:36,  2.91s/it]
 93%|█████████▎| 2755/2973 [2:03:24<10:46,  2.96s/it]
 93%|█████████▎| 2756/2973 [2:03:27<10:45,  2.97s/it]
 93%|█████████▎| 2757/2973 [2:03:30<11:12,  3.12s/it]
 93%|█████████▎| 2758/2973 [2:03:35<12:38,  3.53s/it]
 93%|█████████▎| 2759/2973 [2:03:37<11:25,  3.20s/it]
 93%|█████████▎| 2760/2973 [2:03:41<11:20,  3.19s/it]
 93%|█████████▎| 2761/2973 [2:03:43<10:37,  3.01s/it]
 93%|█████████▎| 2762/2973 [2:03:44<08:32,  2.43s/it]
 93%|█████████▎| 2763/2973 [2:03:46<08:11,  2.34s/it]
 93%|█████████▎| 2764/2973 [2:03:49<08:39,  2.49s/it]
 93%|█████████▎| 2765/2973 [2:03:51<07:59,  2.30s/it]
 93%|█████████▎| 2766/2973 [2:03:53<07:23,  2.14s/it]
 93%|█████████▎| 2767/2973 [2:03:55<07:40,  2.24s/it]
 93%|█████████▎| 2768/2973 [2:03:57<07:25,  2.17s/it]
 93%|█████████▎| 2769/2973 [2:04:00<08:05,  2.38s/it]
 93%|█████████▎| 2770/2973 [2:04:03<08:15,  2.44s/it]
 93%|█████████▎| 2771/2973 [2:04:05<07:45,  2.30s/it]
 93%|█████████▎| 2772/2973 [2:04:07<07:33,  2.25s/it]
 93%|█████████▎| 2773/2973 [2:04:09<07:46,  2.33s/it]
 93%|█████████▎| 2774/2973 [2:04:11<07:18,  2.20s/it]
 93%|█████████▎| 2775/2973 [2:04:14<08:10,  2.47s/it]
 93%|█████████▎| 2776/2973 [2:04:16<07:37,  2.32s/it]
 93%|█████████▎| 2777/2973 [2:04:18<06:57,  2.13s/it]
 93%|█████████▎| 2778/2973 [2:04:21<07:14,  2.23s/it]
 93%|█████████▎| 2779/2973 [2:04:23<07:31,  2.33s/it]
 94%|█████████▎| 2780/2973 [2:04:26<07:41,  2.39s/it]
 94%|█████████▎| 2781/2973 [2:04:29<08:29,  2.65s/it]
 94%|█████████▎| 2782/2973 [2:04:31<07:52,  2.47s/it]
 94%|█████████▎| 2783/2973 [2:04:34<07:55,  2.50s/it]
 94%|█████████▎| 2784/2973 [2:04:37<09:14,  2.94s/it]
 94%|█████████▎| 2785/2973 [2:04:41<09:20,  2.98s/it]
 94%|█████████▎| 2786/2973 [2:04:43<08:23,  2.69s/it]
 94%|█████████▎| 2787/2973 [2:04:45<07:57,  2.57s/it]
 94%|█████████▍| 2788/2973 [2:04:49<08:59,  2.92s/it]
 94%|█████████▍| 2789/2973 [2:04:51<08:14,  2.69s/it]
 94%|█████████▍| 2790/2973 [2:04:54<08:37,  2.83s/it]
 94%|█████████▍| 2791/2973 [2:04:58<09:20,  3.08s/it]
 94%|█████████▍| 2792/2973 [2:05:00<08:25,  2.80s/it]
 94%|█████████▍| 2793/2973 [2:05:05<10:33,  3.52s/it]
 94%|█████████▍| 2794/2973 [2:05:07<09:37,  3.23s/it]
 94%|█████████▍| 2795/2973 [2:05:09<08:27,  2.85s/it]
 94%|█████████▍| 2796/2973 [2:05:13<08:58,  3.04s/it]
 94%|█████████▍| 2797/2973 [2:05:16<09:06,  3.10s/it]
 94%|█████████▍| 2798/2973 [2:05:18<08:17,  2.84s/it]
 94%|█████████▍| 2799/2973 [2:05:20<07:27,  2.57s/it]
 94%|█████████▍| 2800/2973 [2:05:23<07:37,  2.64s/it]
 94%|█████████▍| 2801/2973 [2:05:26<07:54,  2.76s/it]
 94%|█████████▍| 2802/2973 [2:05:29<08:06,  2.84s/it]
 94%|█████████▍| 2803/2973 [2:05:32<08:01,  2.83s/it]
 94%|█████████▍| 2804/2973 [2:05:35<07:54,  2.81s/it]
 94%|█████████▍| 2805/2973 [2:05:37<07:48,  2.79s/it]
 94%|█████████▍| 2806/2973 [2:05:39<06:49,  2.45s/it]
 94%|█████████▍| 2807/2973 [2:05:41<06:12,  2.24s/it]
 94%|█████████▍| 2808/2973 [2:05:44<06:44,  2.45s/it]
 94%|█████████▍| 2809/2973 [2:05:47<07:14,  2.65s/it]
 95%|█████████▍| 2810/2973 [2:05:48<06:14,  2.30s/it]
 95%|█████████▍| 2811/2973 [2:05:53<07:43,  2.86s/it]
 95%|█████████▍| 2812/2973 [2:05:55<07:10,  2.68s/it]
 95%|█████████▍| 2813/2973 [2:05:58<07:42,  2.89s/it]
 95%|█████████▍| 2814/2973 [2:06:01<07:36,  2.87s/it]
 95%|█████████▍| 2815/2973 [2:06:03<06:59,  2.66s/it]
 95%|█████████▍| 2816/2973 [2:06:06<06:53,  2.64s/it]
 95%|█████████▍| 2817/2973 [2:06:09<07:16,  2.80s/it]
 95%|█████████▍| 2818/2973 [2:06:12<07:35,  2.94s/it]
 95%|█████████▍| 2819/2973 [2:06:16<08:22,  3.26s/it]
 95%|█████████▍| 2820/2973 [2:06:20<08:40,  3.40s/it]
 95%|█████████▍| 2821/2973 [2:06:24<08:43,  3.45s/it]
 95%|█████████▍| 2822/2973 [2:06:26<07:47,  3.10s/it]
 95%|█████████▍| 2823/2973 [2:06:28<07:21,  2.94s/it]
 95%|█████████▍| 2824/2973 [2:06:31<06:49,  2.75s/it]
 95%|█████████▌| 2825/2973 [2:06:33<06:15,  2.54s/it]
 95%|█████████▌| 2826/2973 [2:06:34<05:37,  2.30s/it]
 95%|█████████▌| 2827/2973 [2:06:37<05:41,  2.34s/it]
 95%|█████████▌| 2828/2973 [2:06:40<05:56,  2.46s/it]
 95%|█████████▌| 2829/2973 [2:06:43<06:26,  2.68s/it]
 95%|█████████▌| 2830/2973 [2:06:46<06:51,  2.88s/it]
 95%|█████████▌| 2831/2973 [2:06:49<06:47,  2.87s/it]
 95%|█████████▌| 2832/2973 [2:06:52<07:00,  2.98s/it]
 95%|█████████▌| 2833/2973 [2:06:55<06:39,  2.85s/it]
 95%|█████████▌| 2834/2973 [2:06:57<06:22,  2.75s/it]
 95%|█████████▌| 2835/2973 [2:07:00<06:05,  2.65s/it]
 95%|█████████▌| 2836/2973 [2:07:03<06:36,  2.89s/it]
 95%|█████████▌| 2837/2973 [2:07:05<05:37,  2.48s/it]
 95%|█████████▌| 2838/2973 [2:07:07<05:34,  2.48s/it]
 95%|█████████▌| 2839/2973 [2:07:09<05:02,  2.26s/it]
 96%|█████████▌| 2840/2973 [2:07:11<04:45,  2.15s/it]
 96%|█████████▌| 2841/2973 [2:07:13<04:35,  2.09s/it]
 96%|█████████▌| 2842/2973 [2:07:15<04:40,  2.14s/it]
 96%|█████████▌| 2843/2973 [2:07:17<04:49,  2.22s/it]
 96%|█████████▌| 2844/2973 [2:07:20<04:57,  2.31s/it]
 96%|█████████▌| 2845/2973 [2:07:22<05:01,  2.35s/it]
 96%|█████████▌| 2846/2973 [2:07:25<04:50,  2.29s/it]
 96%|█████████▌| 2847/2973 [2:07:28<05:15,  2.51s/it]
 96%|█████████▌| 2848/2973 [2:07:30<05:16,  2.53s/it]
 96%|█████████▌| 2849/2973 [2:07:33<05:32,  2.68s/it]
 96%|█████████▌| 2850/2973 [2:07:37<06:00,  2.93s/it]
 96%|█████████▌| 2851/2973 [2:07:40<05:59,  2.94s/it]
 96%|█████████▌| 2852/2973 [2:07:43<06:09,  3.06s/it]
 96%|█████████▌| 2853/2973 [2:07:46<06:05,  3.05s/it]
 96%|█████████▌| 2854/2973 [2:07:49<06:06,  3.08s/it]
 96%|█████████▌| 2855/2973 [2:07:52<06:08,  3.12s/it]
 96%|█████████▌| 2856/2973 [2:07:55<05:46,  2.96s/it]
 96%|█████████▌| 2857/2973 [2:07:59<06:00,  3.11s/it]
 96%|█████████▌| 2858/2973 [2:08:01<05:31,  2.88s/it]
 96%|█████████▌| 2859/2973 [2:08:05<06:18,  3.32s/it]
 96%|█████████▌| 2860/2973 [2:08:07<05:31,  2.94s/it]
 96%|█████████▌| 2861/2973 [2:08:10<05:30,  2.95s/it]
 96%|█████████▋| 2862/2973 [2:08:13<05:13,  2.82s/it]
 96%|█████████▋| 2863/2973 [2:08:16<05:20,  2.91s/it]
 96%|█████████▋| 2864/2973 [2:08:18<04:44,  2.61s/it]
 96%|█████████▋| 2865/2973 [2:08:20<04:27,  2.48s/it]
 96%|█████████▋| 2866/2973 [2:08:23<04:43,  2.65s/it]
 96%|█████████▋| 2867/2973 [2:08:25<04:22,  2.48s/it]
 96%|█████████▋| 2868/2973 [2:08:28<04:26,  2.54s/it]
 97%|█████████▋| 2869/2973 [2:08:29<03:48,  2.20s/it]
 97%|█████████▋| 2870/2973 [2:08:32<04:10,  2.43s/it]
 97%|█████████▋| 2871/2973 [2:08:35<04:28,  2.63s/it]
 97%|█████████▋| 2872/2973 [2:08:38<04:22,  2.60s/it]
 97%|█████████▋| 2873/2973 [2:08:41<04:42,  2.83s/it]
 97%|█████████▋| 2874/2973 [2:08:45<05:03,  3.07s/it]
 97%|█████████▋| 2875/2973 [2:08:48<05:12,  3.19s/it]
 97%|█████████▋| 2876/2973 [2:08:50<04:18,  2.66s/it]
 97%|█████████▋| 2877/2973 [2:08:51<03:51,  2.41s/it]
 97%|█████████▋| 2878/2973 [2:08:53<03:35,  2.27s/it]
 97%|█████████▋| 2879/2973 [2:08:56<03:30,  2.24s/it]
 97%|█████████▋| 2880/2973 [2:08:59<03:47,  2.45s/it]
 97%|█████████▋| 2881/2973 [2:09:02<04:07,  2.69s/it]
 97%|█████████▋| 2882/2973 [2:09:04<03:56,  2.60s/it]
 97%|█████████▋| 2883/2973 [2:09:06<03:46,  2.52s/it]
 97%|█████████▋| 2884/2973 [2:09:08<03:25,  2.31s/it]
 97%|█████████▋| 2885/2973 [2:09:10<03:14,  2.21s/it]
 97%|█████████▋| 2886/2973 [2:09:14<03:47,  2.62s/it]
 97%|█████████▋| 2887/2973 [2:09:17<03:54,  2.73s/it]
 97%|█████████▋| 2888/2973 [2:09:18<03:21,  2.38s/it]
 97%|█████████▋| 2889/2973 [2:09:21<03:28,  2.48s/it]
 97%|█████████▋| 2890/2973 [2:09:23<03:14,  2.34s/it]
 97%|█████████▋| 2891/2973 [2:09:25<03:09,  2.31s/it]
 97%|█████████▋| 2892/2973 [2:09:28<03:23,  2.52s/it]
 97%|█████████▋| 2893/2973 [2:09:33<04:24,  3.30s/it]
 97%|█████████▋| 2894/2973 [2:09:36<04:09,  3.15s/it]
 97%|█████████▋| 2895/2973 [2:09:39<04:03,  3.13s/it]
 97%|█████████▋| 2896/2973 [2:09:42<03:57,  3.09s/it]
 97%|█████████▋| 2897/2973 [2:09:44<03:27,  2.74s/it]
 97%|█████████▋| 2898/2973 [2:09:46<03:13,  2.58s/it]
 98%|█████████▊| 2899/2973 [2:09:49<03:07,  2.54s/it]
 98%|█████████▊| 2900/2973 [2:09:51<02:56,  2.42s/it]
 98%|█████████▊| 2901/2973 [2:09:54<03:07,  2.60s/it]
 98%|█████████▊| 2902/2973 [2:09:57<03:14,  2.74s/it]
 98%|█████████▊| 2903/2973 [2:09:59<02:57,  2.53s/it]
 98%|█████████▊| 2904/2973 [2:10:03<03:17,  2.87s/it]
 98%|█████████▊| 2905/2973 [2:10:04<02:48,  2.47s/it]
 98%|█████████▊| 2906/2973 [2:10:06<02:35,  2.31s/it]
 98%|█████████▊| 2907/2973 [2:10:09<02:46,  2.53s/it]
 98%|█████████▊| 2908/2973 [2:10:11<02:28,  2.28s/it]
 98%|█████████▊| 2909/2973 [2:10:14<02:41,  2.53s/it]
 98%|█████████▊| 2910/2973 [2:10:17<02:39,  2.52s/it]
 98%|█████████▊| 2911/2973 [2:10:19<02:28,  2.40s/it]
 98%|█████████▊| 2912/2973 [2:10:21<02:29,  2.45s/it]
 98%|█████████▊| 2913/2973 [2:10:26<02:58,  2.98s/it]
 98%|█████████▊| 2914/2973 [2:10:28<02:42,  2.76s/it]
 98%|█████████▊| 2915/2973 [2:10:31<02:45,  2.86s/it]
 98%|█████████▊| 2916/2973 [2:10:34<02:51,  3.00s/it]
 98%|█████████▊| 2917/2973 [2:10:37<02:48,  3.01s/it]
 98%|█████████▊| 2918/2973 [2:10:39<02:23,  2.62s/it]
 98%|█████████▊| 2919/2973 [2:10:42<02:21,  2.62s/it]
 98%|█████████▊| 2920/2973 [2:10:44<02:14,  2.53s/it]
 98%|█████████▊| 2921/2973 [2:10:47<02:13,  2.56s/it]
 98%|█████████▊| 2922/2973 [2:10:49<02:06,  2.48s/it]
 98%|█████████▊| 2923/2973 [2:10:52<02:06,  2.53s/it]
 98%|█████████▊| 2924/2973 [2:10:55<02:14,  2.74s/it]
 98%|█████████▊| 2925/2973 [2:10:57<02:06,  2.63s/it]
 98%|█████████▊| 2926/2973 [2:11:00<02:12,  2.82s/it]
 98%|█████████▊| 2927/2973 [2:11:03<02:08,  2.79s/it]
 98%|█████████▊| 2928/2973 [2:11:05<01:54,  2.55s/it]
 99%|█████████▊| 2929/2973 [2:11:07<01:45,  2.40s/it]
 99%|█████████▊| 2930/2973 [2:11:11<01:56,  2.70s/it]
 99%|█████████▊| 2931/2973 [2:11:14<02:06,  3.01s/it]
 99%|█████████▊| 2932/2973 [2:11:17<02:01,  2.97s/it]
 99%|█████████▊| 2933/2973 [2:11:21<02:04,  3.12s/it]
 99%|█████████▊| 2934/2973 [2:11:23<01:55,  2.96s/it]
 99%|█████████▊| 2935/2973 [2:11:26<01:45,  2.78s/it]
 99%|█████████▉| 2936/2973 [2:11:28<01:43,  2.80s/it]
 99%|█████████▉| 2937/2973 [2:11:31<01:36,  2.69s/it]
 99%|█████████▉| 2938/2973 [2:11:33<01:24,  2.41s/it]
 99%|█████████▉| 2939/2973 [2:11:35<01:17,  2.28s/it]
 99%|█████████▉| 2940/2973 [2:11:37<01:17,  2.36s/it]
 99%|█████████▉| 2941/2973 [2:11:39<01:13,  2.29s/it]
 99%|█████████▉| 2942/2973 [2:11:41<01:09,  2.26s/it]
 99%|█████████▉| 2943/2973 [2:11:44<01:07,  2.26s/it]
 99%|█████████▉| 2944/2973 [2:11:46<01:07,  2.32s/it]
 99%|█████████▉| 2945/2973 [2:11:48<01:03,  2.27s/it]
 99%|█████████▉| 2946/2973 [2:11:51<01:06,  2.46s/it]
 99%|█████████▉| 2947/2973 [2:11:54<01:07,  2.58s/it]
 99%|█████████▉| 2948/2973 [2:11:56<01:00,  2.43s/it]
 99%|█████████▉| 2949/2973 [2:11:59<01:04,  2.69s/it]
 99%|█████████▉| 2950/2973 [2:12:02<01:00,  2.63s/it]
 99%|█████████▉| 2951/2973 [2:12:04<00:54,  2.46s/it]
 99%|█████████▉| 2952/2973 [2:12:06<00:50,  2.43s/it]
 99%|█████████▉| 2953/2973 [2:12:09<00:49,  2.47s/it]
 99%|█████████▉| 2954/2973 [2:12:11<00:43,  2.31s/it]
 99%|█████████▉| 2955/2973 [2:12:14<00:45,  2.54s/it]
 99%|█████████▉| 2956/2973 [2:12:16<00:42,  2.51s/it]
 99%|█████████▉| 2957/2973 [2:12:19<00:41,  2.58s/it]
 99%|█████████▉| 2958/2973 [2:12:21<00:37,  2.51s/it]
100%|█████████▉| 2959/2973 [2:12:24<00:33,  2.38s/it]
100%|█████████▉| 2960/2973 [2:12:26<00:29,  2.29s/it]
100%|█████████▉| 2961/2973 [2:12:28<00:27,  2.32s/it]
100%|█████████▉| 2962/2973 [2:12:29<00:22,  2.02s/it]
100%|█████████▉| 2963/2973 [2:12:33<00:24,  2.47s/it]
100%|█████████▉| 2964/2973 [2:12:37<00:27,  3.01s/it]
100%|█████████▉| 2965/2973 [2:12:40<00:24,  3.05s/it]
100%|█████████▉| 2966/2973 [2:12:42<00:18,  2.63s/it]
100%|█████████▉| 2967/2973 [2:12:45<00:17,  2.90s/it]
100%|█████████▉| 2968/2973 [2:12:48<00:13,  2.79s/it]
100%|█████████▉| 2969/2973 [2:12:50<00:10,  2.59s/it]
100%|█████████▉| 2970/2973 [2:12:53<00:08,  2.79s/it]
100%|█████████▉| 2971/2973 [2:12:56<00:05,  2.66s/it]
100%|█████████▉| 2972/2973 [2:12:58<00:02,  2.45s/it]
100%|██████████| 2973/2973 [2:13:01<00:00,  2.64s/it]
100%|██████████| 2973/2973 [2:13:01<00:00,  2.68s/it]
Ergebnisse gespeichert unter: output/llavaov/2.cot_zero_shot.original.csv

==================================================
ERGEBNISSE FÜR LLAVA_OV AUF esnlive.csv
==================================================
Accuracy: 0.7696

Klassifikationsbericht:
               precision    recall  f1-score   support

   entailment       0.83      0.81      0.82       958
      neutral       0.65      0.83      0.73      1018
contradiction       0.92      0.66      0.77       997

     accuracy                           0.77      2973
    macro avg       0.80      0.77      0.77      2973
 weighted avg       0.80      0.77      0.77      2973

