slurmstepd-abakus11: error: Unable to create TMPDIR [/tmp/user/24151]: Permission denied
slurmstepd-abakus11: error: Setting TMPDIR to /tmp
Lade Datensatz: e-ViL/data/esnlive.csv
Lade Modell: qwen...
`torch_dtype` is deprecated! Use `dtype` instead!

Loading weights:   0%|          | 0/750 [00:00<?, ?it/s]
Loading weights:   0%|          | 1/750 [00:00<01:45,  7.11it/s]
Loading weights:   0%|          | 2/750 [00:00<02:12,  5.64it/s]
Loading weights:   2%|▏         | 16/750 [00:00<00:15, 47.85it/s]
Loading weights:   5%|▍         | 35/750 [00:00<00:07, 91.49it/s]
Loading weights:   7%|▋         | 49/750 [00:00<00:06, 104.32it/s]
Loading weights:   9%|▉         | 67/750 [00:00<00:05, 126.19it/s]
Loading weights:  11%|█         | 82/750 [00:00<00:05, 130.39it/s]
Loading weights:  14%|█▎        | 102/750 [00:00<00:04, 144.99it/s]
Loading weights:  16%|█▌        | 118/750 [00:01<00:04, 147.61it/s]
Loading weights:  18%|█▊        | 137/750 [00:01<00:03, 153.26it/s]
Loading weights:  21%|██        | 158/750 [00:01<00:03, 162.33it/s]
Loading weights:  23%|██▎       | 175/750 [00:01<00:03, 159.93it/s]
Loading weights:  26%|██▌       | 192/750 [00:01<00:03, 160.32it/s]
Loading weights:  28%|██▊       | 213/750 [00:01<00:03, 166.60it/s]
Loading weights:  31%|███       | 230/750 [00:01<00:03, 163.81it/s]
Loading weights:  33%|███▎      | 247/750 [00:01<00:03, 162.63it/s]
Loading weights:  35%|███▌      | 266/750 [00:01<00:02, 169.68it/s]
Loading weights:  38%|███▊      | 284/750 [00:02<00:02, 163.31it/s]
Loading weights:  40%|████      | 302/750 [00:02<00:02, 160.03it/s]
Loading weights:  43%|████▎     | 323/750 [00:02<00:02, 167.42it/s]
Loading weights:  45%|████▌     | 340/750 [00:02<00:02, 163.24it/s]
Loading weights:  48%|████▊     | 357/750 [00:02<00:02, 160.30it/s]
Loading weights:  50%|████▉     | 374/750 [00:02<00:02, 162.62it/s]
Loading weights:  52%|█████▏    | 391/750 [00:02<00:02, 155.73it/s]
Loading weights:  74%|███████▍  | 558/750 [00:02<00:00, 574.12it/s]
Loading weights:  97%|█████████▋| 727/750 [00:02<00:00, 880.87it/s]
Loading weights: 100%|██████████| 750/750 [00:03<00:00, 249.27it/s]
Starte Klassifikation für 2973 Beispiele...

  0%|          | 0/2973 [00:00<?, ?it/s]
  0%|          | 1/2973 [00:00<46:53,  1.06it/s]
  0%|          | 2/2973 [00:01<26:32,  1.87it/s]
  0%|          | 3/2973 [00:01<19:57,  2.48it/s]
  0%|          | 4/2973 [00:01<17:17,  2.86it/s]
  0%|          | 5/2973 [00:01<15:10,  3.26it/s]
  0%|          | 6/2973 [00:02<13:55,  3.55it/s]
  0%|          | 7/2973 [00:02<13:48,  3.58it/s]
  0%|          | 8/2973 [00:02<13:10,  3.75it/s]
  0%|          | 9/2973 [00:02<12:46,  3.87it/s]
  0%|          | 10/2973 [00:03<12:27,  3.96it/s]
  0%|          | 11/2973 [00:03<12:18,  4.01it/s]
  0%|          | 12/2973 [00:03<12:08,  4.06it/s]
  0%|          | 13/2973 [00:03<12:26,  3.96it/s]
  0%|          | 14/2973 [00:04<12:09,  4.06it/s]
  1%|          | 15/2973 [00:04<11:56,  4.13it/s]
  1%|          | 16/2973 [00:04<12:16,  4.01it/s]
  1%|          | 17/2973 [00:04<12:02,  4.09it/s]
  1%|          | 18/2973 [00:05<11:51,  4.16it/s]
  1%|          | 19/2973 [00:05<12:11,  4.04it/s]
  1%|          | 20/2973 [00:05<11:57,  4.12it/s]
  1%|          | 21/2973 [00:05<11:48,  4.17it/s]
  1%|          | 22/2973 [00:06<12:18,  4.00it/s]
  1%|          | 23/2973 [00:06<12:11,  4.03it/s]
  1%|          | 24/2973 [00:06<12:06,  4.06it/s]
  1%|          | 25/2973 [00:06<12:26,  3.95it/s]
  1%|          | 26/2973 [00:07<12:04,  4.07it/s]
  1%|          | 27/2973 [00:07<11:53,  4.13it/s]
  1%|          | 28/2973 [00:07<12:15,  4.01it/s]
  1%|          | 29/2973 [00:07<12:02,  4.08it/s]
  1%|          | 30/2973 [00:08<11:52,  4.13it/s]
  1%|          | 31/2973 [00:08<12:21,  3.97it/s]
  1%|          | 32/2973 [00:08<12:11,  4.02it/s]
  1%|          | 33/2973 [00:08<12:04,  4.06it/s]
  1%|          | 34/2973 [00:09<12:22,  3.96it/s]
  1%|          | 35/2973 [00:09<12:05,  4.05it/s]
  1%|          | 36/2973 [00:09<11:56,  4.10it/s]
  1%|          | 37/2973 [00:09<12:18,  3.98it/s]
  1%|▏         | 38/2973 [00:10<12:03,  4.05it/s]
  1%|▏         | 39/2973 [00:10<11:53,  4.11it/s]
  1%|▏         | 40/2973 [00:10<12:19,  3.97it/s]
  1%|▏         | 41/2973 [00:10<12:10,  4.02it/s]
  1%|▏         | 42/2973 [00:11<12:06,  4.03it/s]
  1%|▏         | 43/2973 [00:11<12:01,  4.06it/s]
  1%|▏         | 44/2973 [00:11<11:57,  4.08it/s]
  2%|▏         | 45/2973 [00:11<11:54,  4.10it/s]
  2%|▏         | 46/2973 [00:12<12:20,  3.95it/s]
  2%|▏         | 47/2973 [00:12<12:10,  4.01it/s]
  2%|▏         | 48/2973 [00:12<12:02,  4.05it/s]
  2%|▏         | 49/2973 [00:12<11:58,  4.07it/s]
  2%|▏         | 50/2973 [00:13<11:54,  4.09it/s]
  2%|▏         | 51/2973 [00:13<11:52,  4.10it/s]
  2%|▏         | 52/2973 [00:13<11:51,  4.10it/s]
  2%|▏         | 53/2973 [00:13<11:50,  4.11it/s]
  2%|▏         | 54/2973 [00:13<11:48,  4.12it/s]
  2%|▏         | 55/2973 [00:14<12:50,  3.79it/s]
  2%|▏         | 56/2973 [00:14<13:01,  3.73it/s]
  2%|▏         | 57/2973 [00:14<13:09,  3.69it/s]
  2%|▏         | 58/2973 [00:15<12:43,  3.82it/s]
  2%|▏         | 59/2973 [00:15<12:26,  3.90it/s]
  2%|▏         | 60/2973 [00:15<12:15,  3.96it/s]
  2%|▏         | 61/2973 [00:15<12:29,  3.89it/s]
  2%|▏         | 62/2973 [00:16<12:09,  3.99it/s]
  2%|▏         | 63/2973 [00:16<11:54,  4.07it/s]
  2%|▏         | 64/2973 [00:16<12:11,  3.98it/s]
  2%|▏         | 65/2973 [00:16<11:56,  4.06it/s]
  2%|▏         | 66/2973 [00:17<11:44,  4.13it/s]
  2%|▏         | 67/2973 [00:17<12:03,  4.02it/s]
  2%|▏         | 68/2973 [00:17<11:53,  4.07it/s]
  2%|▏         | 69/2973 [00:17<11:43,  4.13it/s]
  2%|▏         | 70/2973 [00:18<12:04,  4.01it/s]
  2%|▏         | 71/2973 [00:18<11:50,  4.08it/s]
  2%|▏         | 72/2973 [00:18<11:49,  4.09it/s]
  2%|▏         | 73/2973 [00:18<12:16,  3.94it/s]
  2%|▏         | 74/2973 [00:19<12:04,  4.00it/s]
  3%|▎         | 75/2973 [00:19<11:57,  4.04it/s]
  3%|▎         | 76/2973 [00:19<12:13,  3.95it/s]
  3%|▎         | 77/2973 [00:19<11:56,  4.04it/s]
  3%|▎         | 78/2973 [00:20<11:46,  4.10it/s]
  3%|▎         | 79/2973 [00:20<12:05,  3.99it/s]
  3%|▎         | 80/2973 [00:20<11:49,  4.08it/s]
  3%|▎         | 81/2973 [00:20<11:39,  4.13it/s]
  3%|▎         | 82/2973 [00:21<11:38,  4.14it/s]
  3%|▎         | 83/2973 [00:21<11:38,  4.14it/s]
  3%|▎         | 84/2973 [00:21<12:06,  3.98it/s]
  3%|▎         | 85/2973 [00:21<12:26,  3.87it/s]
  3%|▎         | 86/2973 [00:22<12:12,  3.94it/s]
  3%|▎         | 87/2973 [00:22<12:04,  3.99it/s]
  3%|▎         | 88/2973 [00:22<12:24,  3.87it/s]
  3%|▎         | 89/2973 [00:22<12:11,  3.94it/s]
  3%|▎         | 90/2973 [00:23<12:02,  3.99it/s]
  3%|▎         | 91/2973 [00:23<12:24,  3.87it/s]
  3%|▎         | 92/2973 [00:23<12:09,  3.95it/s]
  3%|▎         | 93/2973 [00:23<11:58,  4.01it/s]
  3%|▎         | 94/2973 [00:24<12:20,  3.89it/s]
  3%|▎         | 95/2973 [00:24<12:07,  3.95it/s]
  3%|▎         | 96/2973 [00:24<11:58,  4.00it/s]
  3%|▎         | 97/2973 [00:24<12:24,  3.86it/s]
  3%|▎         | 98/2973 [00:25<12:14,  3.91it/s]
  3%|▎         | 99/2973 [00:25<12:03,  3.97it/s]
  3%|▎         | 100/2973 [00:25<12:17,  3.90it/s]
  3%|▎         | 101/2973 [00:25<12:00,  3.98it/s]
  3%|▎         | 102/2973 [00:26<11:46,  4.06it/s]
  3%|▎         | 103/2973 [00:26<11:37,  4.11it/s]
  3%|▎         | 104/2973 [00:26<11:30,  4.16it/s]
  4%|▎         | 105/2973 [00:26<11:25,  4.19it/s]
  4%|▎         | 106/2973 [00:27<11:33,  4.14it/s]
  4%|▎         | 107/2973 [00:27<11:38,  4.10it/s]
  4%|▎         | 108/2973 [00:27<11:41,  4.08it/s]
  4%|▎         | 109/2973 [00:27<11:38,  4.10it/s]
  4%|▎         | 110/2973 [00:28<11:36,  4.11it/s]
  4%|▎         | 111/2973 [00:28<11:35,  4.12it/s]
  4%|▍         | 112/2973 [00:28<11:56,  3.99it/s]
  4%|▍         | 113/2973 [00:28<11:42,  4.07it/s]
  4%|▍         | 114/2973 [00:28<11:34,  4.12it/s]
  4%|▍         | 115/2973 [00:29<12:35,  3.78it/s]
  4%|▍         | 116/2973 [00:29<12:48,  3.72it/s]
  4%|▍         | 117/2973 [00:29<12:58,  3.67it/s]
  4%|▍         | 118/2973 [00:30<12:59,  3.66it/s]
  4%|▍         | 119/2973 [00:30<12:31,  3.80it/s]
  4%|▍         | 120/2973 [00:30<12:12,  3.90it/s]
  4%|▍         | 121/2973 [00:30<12:22,  3.84it/s]
  4%|▍         | 122/2973 [00:31<12:02,  3.95it/s]
  4%|▍         | 123/2973 [00:31<11:50,  4.01it/s]
  4%|▍         | 124/2973 [00:31<11:39,  4.07it/s]
  4%|▍         | 125/2973 [00:31<11:31,  4.12it/s]
  4%|▍         | 126/2973 [00:32<11:26,  4.14it/s]
  4%|▍         | 127/2973 [00:32<11:57,  3.97it/s]
  4%|▍         | 128/2973 [00:32<11:48,  4.02it/s]
  4%|▍         | 129/2973 [00:32<11:43,  4.04it/s]
  4%|▍         | 130/2973 [00:33<11:31,  4.11it/s]
  4%|▍         | 131/2973 [00:33<11:23,  4.16it/s]
  4%|▍         | 132/2973 [00:33<11:16,  4.20it/s]
  4%|▍         | 133/2973 [00:33<11:47,  4.01it/s]
  5%|▍         | 134/2973 [00:34<11:42,  4.04it/s]
  5%|▍         | 135/2973 [00:34<11:38,  4.06it/s]
  5%|▍         | 136/2973 [00:34<11:57,  3.95it/s]
  5%|▍         | 137/2973 [00:34<11:43,  4.03it/s]
  5%|▍         | 138/2973 [00:35<11:33,  4.09it/s]
  5%|▍         | 139/2973 [00:35<12:10,  3.88it/s]
  5%|▍         | 140/2973 [00:35<12:29,  3.78it/s]
  5%|▍         | 141/2973 [00:35<12:43,  3.71it/s]
  5%|▍         | 142/2973 [00:36<12:45,  3.70it/s]
  5%|▍         | 143/2973 [00:36<12:17,  3.84it/s]
  5%|▍         | 144/2973 [00:36<11:58,  3.94it/s]
  5%|▍         | 145/2973 [00:36<12:12,  3.86it/s]
  5%|▍         | 146/2973 [00:37<11:57,  3.94it/s]
  5%|▍         | 147/2973 [00:37<11:44,  4.01it/s]
  5%|▍         | 148/2973 [00:37<12:10,  3.87it/s]
  5%|▌         | 149/2973 [00:37<11:59,  3.93it/s]
  5%|▌         | 150/2973 [00:38<11:50,  3.97it/s]
  5%|▌         | 151/2973 [00:38<12:05,  3.89it/s]
  5%|▌         | 152/2973 [00:38<11:48,  3.98it/s]
  5%|▌         | 153/2973 [00:38<11:35,  4.05it/s]
  5%|▌         | 154/2973 [00:39<11:28,  4.09it/s]
  5%|▌         | 155/2973 [00:39<11:21,  4.13it/s]
  5%|▌         | 156/2973 [00:39<11:16,  4.16it/s]
  5%|▌         | 157/2973 [00:39<11:09,  4.20it/s]
  5%|▌         | 158/2973 [00:40<11:06,  4.22it/s]
  5%|▌         | 159/2973 [00:40<11:02,  4.25it/s]
  5%|▌         | 160/2973 [00:40<11:37,  4.04it/s]
  5%|▌         | 161/2973 [00:40<11:34,  4.05it/s]
  5%|▌         | 162/2973 [00:41<11:32,  4.06it/s]
  5%|▌         | 163/2973 [00:41<11:50,  3.95it/s]
  6%|▌         | 164/2973 [00:41<11:36,  4.03it/s]
  6%|▌         | 165/2973 [00:41<11:29,  4.07it/s]
  6%|▌         | 166/2973 [00:42<11:30,  4.06it/s]
  6%|▌         | 167/2973 [00:42<11:31,  4.06it/s]
  6%|▌         | 168/2973 [00:42<11:30,  4.06it/s]
  6%|▌         | 169/2973 [00:42<12:00,  3.89it/s]
  6%|▌         | 170/2973 [00:43<11:54,  3.92it/s]
  6%|▌         | 171/2973 [00:43<11:48,  3.96it/s]
  6%|▌         | 172/2973 [00:43<12:10,  3.83it/s]
  6%|▌         | 173/2973 [00:43<12:00,  3.89it/s]
  6%|▌         | 174/2973 [00:44<11:49,  3.94it/s]
  6%|▌         | 175/2973 [00:44<12:10,  3.83it/s]
  6%|▌         | 176/2973 [00:44<11:56,  3.91it/s]
  6%|▌         | 177/2973 [00:44<11:52,  3.92it/s]
  6%|▌         | 178/2973 [00:45<12:05,  3.85it/s]
  6%|▌         | 179/2973 [00:45<11:47,  3.95it/s]
  6%|▌         | 180/2973 [00:45<11:33,  4.03it/s]
  6%|▌         | 181/2973 [00:45<11:56,  3.90it/s]
  6%|▌         | 182/2973 [00:46<11:44,  3.96it/s]
  6%|▌         | 183/2973 [00:46<12:04,  3.85it/s]
  6%|▌         | 184/2973 [00:46<12:53,  3.61it/s]
  6%|▌         | 185/2973 [00:47<13:05,  3.55it/s]
  6%|▋         | 186/2973 [00:47<13:09,  3.53it/s]
  6%|▋         | 187/2973 [00:47<13:10,  3.53it/s]
  6%|▋         | 188/2973 [00:47<12:41,  3.66it/s]
  6%|▋         | 189/2973 [00:48<12:22,  3.75it/s]
  6%|▋         | 190/2973 [00:48<12:24,  3.74it/s]
  6%|▋         | 191/2973 [00:48<11:58,  3.87it/s]
  6%|▋         | 192/2973 [00:48<11:41,  3.97it/s]
  6%|▋         | 193/2973 [00:49<11:56,  3.88it/s]
  7%|▋         | 194/2973 [00:49<11:39,  3.97it/s]
  7%|▋         | 195/2973 [00:49<11:27,  4.04it/s]
  7%|▋         | 196/2973 [00:49<11:46,  3.93it/s]
  7%|▋         | 197/2973 [00:50<11:31,  4.01it/s]
  7%|▋         | 198/2973 [00:50<11:20,  4.08it/s]
  7%|▋         | 199/2973 [00:50<11:48,  3.91it/s]
  7%|▋         | 200/2973 [00:50<11:40,  3.96it/s]
  7%|▋         | 201/2973 [00:51<11:33,  3.99it/s]
  7%|▋         | 202/2973 [00:51<11:49,  3.90it/s]
  7%|▋         | 203/2973 [00:51<11:33,  4.00it/s]
  7%|▋         | 204/2973 [00:51<11:22,  4.06it/s]
  7%|▋         | 205/2973 [00:52<11:45,  3.92it/s]
  7%|▋         | 206/2973 [00:52<11:31,  4.00it/s]
  7%|▋         | 207/2973 [00:52<11:22,  4.05it/s]
  7%|▋         | 208/2973 [00:52<11:43,  3.93it/s]
  7%|▋         | 209/2973 [00:53<11:30,  4.00it/s]
  7%|▋         | 210/2973 [00:53<11:24,  4.03it/s]
  7%|▋         | 211/2973 [00:53<11:14,  4.09it/s]
  7%|▋         | 212/2973 [00:53<10:37,  4.33it/s]
  7%|▋         | 213/2973 [00:54<10:13,  4.50it/s]
  7%|▋         | 214/2973 [00:54<10:54,  4.22it/s]
  7%|▋         | 215/2973 [00:54<10:55,  4.21it/s]
  7%|▋         | 216/2973 [00:54<10:57,  4.20it/s]
  7%|▋         | 217/2973 [00:55<11:25,  4.02it/s]
  7%|▋         | 218/2973 [00:55<11:15,  4.08it/s]
  7%|▋         | 219/2973 [00:55<13:38,  3.36it/s]
  7%|▋         | 220/2973 [00:55<13:17,  3.45it/s]
  7%|▋         | 221/2973 [00:56<12:35,  3.64it/s]
  7%|▋         | 222/2973 [00:56<12:06,  3.79it/s]
  8%|▊         | 223/2973 [00:56<12:12,  3.76it/s]
  8%|▊         | 224/2973 [00:56<11:49,  3.87it/s]
  8%|▊         | 225/2973 [00:57<11:32,  3.97it/s]
  8%|▊         | 226/2973 [00:57<11:48,  3.88it/s]
  8%|▊         | 227/2973 [00:57<11:32,  3.97it/s]
  8%|▊         | 228/2973 [00:57<11:19,  4.04it/s]
  8%|▊         | 229/2973 [00:58<11:42,  3.91it/s]
  8%|▊         | 230/2973 [00:58<11:32,  3.96it/s]
  8%|▊         | 231/2973 [00:58<11:51,  3.85it/s]
  8%|▊         | 232/2973 [00:59<12:00,  3.81it/s]
  8%|▊         | 233/2973 [00:59<11:40,  3.91it/s]
  8%|▊         | 234/2973 [00:59<11:25,  3.99it/s]
  8%|▊         | 235/2973 [00:59<11:13,  4.06it/s]
  8%|▊         | 236/2973 [00:59<11:03,  4.12it/s]
  8%|▊         | 237/2973 [01:00<10:58,  4.16it/s]
  8%|▊         | 238/2973 [01:00<11:31,  3.95it/s]
  8%|▊         | 239/2973 [01:00<11:26,  3.98it/s]
  8%|▊         | 240/2973 [01:00<11:21,  4.01it/s]
  8%|▊         | 241/2973 [01:01<11:51,  3.84it/s]
  8%|▊         | 242/2973 [01:01<11:43,  3.88it/s]
  8%|▊         | 243/2973 [01:01<11:38,  3.91it/s]
  8%|▊         | 244/2973 [01:02<11:51,  3.84it/s]
  8%|▊         | 245/2973 [01:02<11:32,  3.94it/s]
  8%|▊         | 246/2973 [01:02<11:18,  4.02it/s]
  8%|▊         | 247/2973 [01:02<11:40,  3.89it/s]
  8%|▊         | 248/2973 [01:03<11:30,  3.95it/s]
  8%|▊         | 249/2973 [01:03<11:22,  3.99it/s]
  8%|▊         | 250/2973 [01:03<11:38,  3.90it/s]
  8%|▊         | 251/2973 [01:03<11:23,  3.98it/s]
  8%|▊         | 252/2973 [01:04<11:14,  4.04it/s]
  9%|▊         | 253/2973 [01:04<11:04,  4.09it/s]
  9%|▊         | 254/2973 [01:04<10:56,  4.14it/s]
  9%|▊         | 255/2973 [01:04<10:53,  4.16it/s]
  9%|▊         | 256/2973 [01:05<11:25,  3.97it/s]
  9%|▊         | 257/2973 [01:05<11:20,  3.99it/s]
  9%|▊         | 258/2973 [01:05<11:18,  4.00it/s]
  9%|▊         | 259/2973 [01:05<11:13,  4.03it/s]
  9%|▊         | 260/2973 [01:05<11:08,  4.06it/s]
  9%|▉         | 261/2973 [01:06<11:06,  4.07it/s]
  9%|▉         | 262/2973 [01:06<11:27,  3.94it/s]
  9%|▉         | 263/2973 [01:06<11:14,  4.02it/s]
  9%|▉         | 264/2973 [01:07<11:33,  3.91it/s]
  9%|▉         | 265/2973 [01:07<11:45,  3.84it/s]
  9%|▉         | 266/2973 [01:07<11:28,  3.93it/s]
  9%|▉         | 267/2973 [01:07<11:16,  4.00it/s]
  9%|▉         | 268/2973 [01:08<11:40,  3.86it/s]
  9%|▉         | 269/2973 [01:08<11:29,  3.92it/s]
  9%|▉         | 270/2973 [01:08<11:22,  3.96it/s]
  9%|▉         | 271/2973 [01:08<11:44,  3.84it/s]
  9%|▉         | 272/2973 [01:09<11:31,  3.90it/s]
  9%|▉         | 273/2973 [01:09<11:23,  3.95it/s]
  9%|▉         | 274/2973 [01:09<11:38,  3.87it/s]
  9%|▉         | 275/2973 [01:09<11:20,  3.96it/s]
  9%|▉         | 276/2973 [01:10<11:35,  3.88it/s]
  9%|▉         | 277/2973 [01:10<11:20,  3.96it/s]
  9%|▉         | 278/2973 [01:10<11:09,  4.02it/s]
  9%|▉         | 279/2973 [01:10<11:03,  4.06it/s]
  9%|▉         | 280/2973 [01:11<11:24,  3.94it/s]
  9%|▉         | 281/2973 [01:11<11:11,  4.01it/s]
  9%|▉         | 282/2973 [01:11<11:06,  4.04it/s]
 10%|▉         | 283/2973 [01:11<11:27,  3.92it/s]
 10%|▉         | 284/2973 [01:12<11:13,  3.99it/s]
 10%|▉         | 285/2973 [01:12<11:05,  4.04it/s]
 10%|▉         | 286/2973 [01:12<11:24,  3.93it/s]
 10%|▉         | 287/2973 [01:12<11:13,  3.99it/s]
 10%|▉         | 288/2973 [01:13<11:02,  4.05it/s]
 10%|▉         | 289/2973 [01:13<11:56,  3.74it/s]
 10%|▉         | 290/2973 [01:13<11:42,  3.82it/s]
 10%|▉         | 291/2973 [01:13<11:32,  3.87it/s]
 10%|▉         | 292/2973 [01:14<11:50,  3.78it/s]
 10%|▉         | 293/2973 [01:14<11:29,  3.88it/s]
 10%|▉         | 294/2973 [01:14<11:15,  3.96it/s]
 10%|▉         | 295/2973 [01:14<11:31,  3.87it/s]
 10%|▉         | 296/2973 [01:15<11:34,  3.85it/s]
 10%|▉         | 297/2973 [01:15<11:18,  3.94it/s]
 10%|█         | 298/2973 [01:15<11:08,  4.00it/s]
 10%|█         | 299/2973 [01:15<10:59,  4.06it/s]
 10%|█         | 300/2973 [01:16<10:57,  4.07it/s]
 10%|█         | 301/2973 [01:16<11:22,  3.91it/s]
 10%|█         | 302/2973 [01:16<11:14,  3.96it/s]
 10%|█         | 303/2973 [01:16<11:07,  4.00it/s]
 10%|█         | 304/2973 [01:17<10:59,  4.04it/s]
 10%|█         | 305/2973 [01:17<10:52,  4.09it/s]
 10%|█         | 306/2973 [01:17<10:48,  4.11it/s]
 10%|█         | 307/2973 [01:17<11:12,  3.97it/s]
 10%|█         | 308/2973 [01:18<11:00,  4.04it/s]
 10%|█         | 309/2973 [01:18<10:52,  4.08it/s]
 10%|█         | 310/2973 [01:18<11:14,  3.95it/s]
 10%|█         | 311/2973 [01:18<11:03,  4.01it/s]
 10%|█         | 312/2973 [01:19<10:54,  4.07it/s]
 11%|█         | 313/2973 [01:19<11:16,  3.93it/s]
 11%|█         | 314/2973 [01:19<11:03,  4.01it/s]
 11%|█         | 315/2973 [01:19<10:54,  4.06it/s]
 11%|█         | 316/2973 [01:20<11:22,  3.90it/s]
 11%|█         | 317/2973 [01:20<11:16,  3.93it/s]
 11%|█         | 318/2973 [01:20<11:10,  3.96it/s]
 11%|█         | 319/2973 [01:20<11:33,  3.83it/s]
 11%|█         | 320/2973 [01:21<11:20,  3.90it/s]
 11%|█         | 321/2973 [01:21<11:13,  3.94it/s]
 11%|█         | 322/2973 [01:21<11:34,  3.82it/s]
 11%|█         | 323/2973 [01:21<11:21,  3.89it/s]
 11%|█         | 324/2973 [01:22<11:13,  3.93it/s]
 11%|█         | 325/2973 [01:22<11:30,  3.83it/s]
 11%|█         | 326/2973 [01:22<11:13,  3.93it/s]
 11%|█         | 327/2973 [01:22<11:00,  4.00it/s]
 11%|█         | 328/2973 [01:23<11:21,  3.88it/s]
 11%|█         | 329/2973 [01:23<11:06,  3.97it/s]
 11%|█         | 330/2973 [01:23<10:58,  4.02it/s]
 11%|█         | 331/2973 [01:23<10:56,  4.02it/s]
 11%|█         | 332/2973 [01:24<10:53,  4.04it/s]
 11%|█         | 333/2973 [01:24<10:48,  4.07it/s]
 11%|█         | 334/2973 [01:24<11:16,  3.90it/s]
 11%|█▏        | 335/2973 [01:24<11:09,  3.94it/s]
 11%|█▏        | 336/2973 [01:25<11:04,  3.97it/s]
 11%|█▏        | 337/2973 [01:25<11:21,  3.87it/s]
 11%|█▏        | 338/2973 [01:25<11:05,  3.96it/s]
 11%|█▏        | 339/2973 [01:26<11:20,  3.87it/s]
 11%|█▏        | 340/2973 [01:26<11:38,  3.77it/s]
 11%|█▏        | 341/2973 [01:26<11:24,  3.85it/s]
 12%|█▏        | 342/2973 [01:26<11:14,  3.90it/s]
 12%|█▏        | 343/2973 [01:27<11:38,  3.77it/s]
 12%|█▏        | 344/2973 [01:27<11:53,  3.68it/s]
 12%|█▏        | 345/2973 [01:27<12:07,  3.61it/s]
 12%|█▏        | 346/2973 [01:27<12:02,  3.64it/s]
 12%|█▏        | 347/2973 [01:28<11:32,  3.79it/s]
 12%|█▏        | 348/2973 [01:28<11:10,  3.91it/s]
 12%|█▏        | 349/2973 [01:28<11:32,  3.79it/s]
 12%|█▏        | 350/2973 [01:28<11:25,  3.83it/s]
 12%|█▏        | 351/2973 [01:29<11:15,  3.88it/s]
 12%|█▏        | 352/2973 [01:29<11:28,  3.81it/s]
 12%|█▏        | 353/2973 [01:29<11:10,  3.91it/s]
 12%|█▏        | 354/2973 [01:29<10:56,  3.99it/s]
 12%|█▏        | 355/2973 [01:30<11:12,  3.89it/s]
 12%|█▏        | 356/2973 [01:30<10:55,  3.99it/s]
 12%|█▏        | 357/2973 [01:30<10:44,  4.06it/s]
 12%|█▏        | 358/2973 [01:30<10:41,  4.08it/s]
 12%|█▏        | 359/2973 [01:31<10:36,  4.11it/s]
 12%|█▏        | 360/2973 [01:31<10:36,  4.11it/s]
 12%|█▏        | 361/2973 [01:31<10:59,  3.96it/s]
 12%|█▏        | 362/2973 [01:31<10:49,  4.02it/s]
 12%|█▏        | 363/2973 [01:32<10:42,  4.06it/s]
 12%|█▏        | 364/2973 [01:32<11:00,  3.95it/s]
 12%|█▏        | 365/2973 [01:32<10:47,  4.03it/s]
 12%|█▏        | 366/2973 [01:32<10:38,  4.08it/s]
 12%|█▏        | 367/2973 [01:33<11:00,  3.94it/s]
 12%|█▏        | 368/2973 [01:33<10:50,  4.01it/s]
 12%|█▏        | 369/2973 [01:33<10:42,  4.05it/s]
 12%|█▏        | 370/2973 [01:33<10:41,  4.05it/s]
 12%|█▏        | 371/2973 [01:34<11:07,  3.90it/s]
 13%|█▎        | 372/2973 [01:34<11:06,  3.90it/s]
 13%|█▎        | 373/2973 [01:34<10:59,  3.94it/s]
 13%|█▎        | 374/2973 [01:34<10:48,  4.01it/s]
 13%|█▎        | 375/2973 [01:35<10:41,  4.05it/s]
 13%|█▎        | 376/2973 [01:35<10:57,  3.95it/s]
 13%|█▎        | 377/2973 [01:35<10:40,  4.06it/s]
 13%|█▎        | 378/2973 [01:35<10:27,  4.13it/s]
 13%|█▎        | 379/2973 [01:36<10:24,  4.16it/s]
 13%|█▎        | 380/2973 [01:36<10:19,  4.18it/s]
 13%|█▎        | 381/2973 [01:36<10:17,  4.20it/s]
 13%|█▎        | 382/2973 [01:36<10:19,  4.18it/s]
 13%|█▎        | 383/2973 [01:37<10:19,  4.18it/s]
 13%|█▎        | 384/2973 [01:37<10:23,  4.15it/s]
 13%|█▎        | 385/2973 [01:37<10:48,  3.99it/s]
 13%|█▎        | 386/2973 [01:37<10:39,  4.05it/s]
 13%|█▎        | 387/2973 [01:38<10:34,  4.07it/s]
 13%|█▎        | 388/2973 [01:38<10:58,  3.93it/s]
 13%|█▎        | 389/2973 [01:38<10:47,  3.99it/s]
 13%|█▎        | 390/2973 [01:38<10:43,  4.01it/s]
 13%|█▎        | 391/2973 [01:39<11:02,  3.90it/s]
 13%|█▎        | 392/2973 [01:39<10:48,  3.98it/s]
 13%|█▎        | 393/2973 [01:39<10:40,  4.03it/s]
 13%|█▎        | 394/2973 [01:39<10:34,  4.06it/s]
 13%|█▎        | 395/2973 [01:40<10:31,  4.08it/s]
 13%|█▎        | 396/2973 [01:40<10:27,  4.11it/s]
 13%|█▎        | 397/2973 [01:40<10:51,  3.96it/s]
 13%|█▎        | 398/2973 [01:40<10:41,  4.01it/s]
 13%|█▎        | 399/2973 [01:41<10:37,  4.04it/s]
 13%|█▎        | 400/2973 [01:41<11:25,  3.75it/s]
 13%|█▎        | 401/2973 [01:41<11:04,  3.87it/s]
 14%|█▎        | 402/2973 [01:41<10:50,  3.95it/s]
 14%|█▎        | 403/2973 [01:42<11:13,  3.82it/s]
 14%|█▎        | 404/2973 [01:42<11:04,  3.87it/s]
 14%|█▎        | 405/2973 [01:42<10:57,  3.91it/s]
 14%|█▎        | 406/2973 [01:42<11:17,  3.79it/s]
 14%|█▎        | 407/2973 [01:43<11:06,  3.85it/s]
 14%|█▎        | 408/2973 [01:43<10:57,  3.90it/s]
 14%|█▍        | 409/2973 [01:43<11:09,  3.83it/s]
 14%|█▍        | 410/2973 [01:43<10:49,  3.94it/s]
 14%|█▍        | 411/2973 [01:44<10:36,  4.03it/s]
 14%|█▍        | 412/2973 [01:44<10:56,  3.90it/s]
 14%|█▍        | 413/2973 [01:44<10:44,  3.97it/s]
 14%|█▍        | 414/2973 [01:44<10:36,  4.02it/s]
 14%|█▍        | 415/2973 [01:45<10:56,  3.90it/s]
 14%|█▍        | 416/2973 [01:45<10:43,  3.98it/s]
 14%|█▍        | 417/2973 [01:45<10:33,  4.04it/s]
 14%|█▍        | 418/2973 [01:45<10:28,  4.07it/s]
 14%|█▍        | 419/2973 [01:46<10:24,  4.09it/s]
 14%|█▍        | 420/2973 [01:46<10:22,  4.10it/s]
 14%|█▍        | 421/2973 [01:46<10:43,  3.96it/s]
 14%|█▍        | 422/2973 [01:46<10:31,  4.04it/s]
 14%|█▍        | 423/2973 [01:47<10:48,  3.93it/s]
 14%|█▍        | 424/2973 [01:47<10:57,  3.88it/s]
 14%|█▍        | 425/2973 [01:47<10:38,  3.99it/s]
 14%|█▍        | 426/2973 [01:47<10:25,  4.07it/s]
 14%|█▍        | 427/2973 [01:48<10:53,  3.89it/s]
 14%|█▍        | 428/2973 [01:48<10:47,  3.93it/s]
 14%|█▍        | 429/2973 [01:48<10:43,  3.95it/s]
 14%|█▍        | 430/2973 [01:48<11:00,  3.85it/s]
 14%|█▍        | 431/2973 [01:49<10:44,  3.94it/s]
 15%|█▍        | 432/2973 [01:49<10:35,  4.00it/s]
 15%|█▍        | 433/2973 [01:49<10:57,  3.86it/s]
 15%|█▍        | 434/2973 [01:49<10:48,  3.92it/s]
 15%|█▍        | 435/2973 [01:50<10:42,  3.95it/s]
 15%|█▍        | 436/2973 [01:50<10:40,  3.96it/s]
 15%|█▍        | 437/2973 [01:50<10:37,  3.98it/s]
 15%|█▍        | 438/2973 [01:50<10:35,  3.99it/s]
 15%|█▍        | 439/2973 [01:51<10:55,  3.87it/s]
 15%|█▍        | 440/2973 [01:51<10:42,  3.94it/s]
 15%|█▍        | 441/2973 [01:51<10:36,  3.98it/s]
 15%|█▍        | 442/2973 [01:52<10:54,  3.87it/s]
 15%|█▍        | 443/2973 [01:52<10:40,  3.95it/s]
 15%|█▍        | 444/2973 [01:52<10:31,  4.01it/s]
 15%|█▍        | 445/2973 [01:52<10:49,  3.89it/s]
 15%|█▌        | 446/2973 [01:53<10:36,  3.97it/s]
 15%|█▌        | 447/2973 [01:53<10:27,  4.03it/s]
 15%|█▌        | 448/2973 [01:53<10:50,  3.88it/s]
 15%|█▌        | 449/2973 [01:53<10:42,  3.93it/s]
 15%|█▌        | 450/2973 [01:54<10:35,  3.97it/s]
 15%|█▌        | 451/2973 [01:54<11:03,  3.80it/s]
 15%|█▌        | 452/2973 [01:54<10:56,  3.84it/s]
 15%|█▌        | 453/2973 [01:54<11:16,  3.72it/s]
 15%|█▌        | 454/2973 [01:55<11:20,  3.70it/s]
 15%|█▌        | 455/2973 [01:55<11:00,  3.81it/s]
 15%|█▌        | 456/2973 [01:55<10:43,  3.91it/s]
 15%|█▌        | 457/2973 [01:55<11:33,  3.63it/s]
 15%|█▌        | 458/2973 [01:56<11:42,  3.58it/s]
 15%|█▌        | 459/2973 [01:56<12:12,  3.43it/s]
 15%|█▌        | 460/2973 [01:56<11:59,  3.49it/s]
 16%|█▌        | 461/2973 [01:57<11:24,  3.67it/s]
 16%|█▌        | 462/2973 [01:57<10:59,  3.81it/s]
 16%|█▌        | 463/2973 [01:57<10:48,  3.87it/s]
 16%|█▌        | 464/2973 [01:57<10:39,  3.92it/s]
 16%|█▌        | 465/2973 [01:58<10:32,  3.97it/s]
 16%|█▌        | 466/2973 [01:58<10:48,  3.87it/s]
 16%|█▌        | 467/2973 [01:58<10:34,  3.95it/s]
 16%|█▌        | 468/2973 [01:58<10:49,  3.86it/s]
 16%|█▌        | 469/2973 [01:59<11:06,  3.75it/s]
 16%|█▌        | 470/2973 [01:59<10:53,  3.83it/s]
 16%|█▌        | 471/2973 [01:59<11:08,  3.74it/s]
 16%|█▌        | 472/2973 [01:59<11:20,  3.68it/s]
 16%|█▌        | 473/2973 [02:00<11:02,  3.77it/s]
 16%|█▌        | 474/2973 [02:00<10:50,  3.84it/s]
 16%|█▌        | 475/2973 [02:00<11:07,  3.74it/s]
 16%|█▌        | 476/2973 [02:00<10:50,  3.84it/s]
 16%|█▌        | 477/2973 [02:01<10:40,  3.90it/s]
 16%|█▌        | 478/2973 [02:01<10:53,  3.82it/s]
 16%|█▌        | 479/2973 [02:01<10:36,  3.92it/s]
 16%|█▌        | 480/2973 [02:01<10:25,  3.99it/s]
 16%|█▌        | 481/2973 [02:02<10:24,  3.99it/s]
 16%|█▌        | 482/2973 [02:02<10:22,  4.00it/s]
 16%|█▌        | 483/2973 [02:02<10:24,  3.99it/s]
 16%|█▋        | 484/2973 [02:03<10:50,  3.83it/s]
 16%|█▋        | 485/2973 [02:03<10:41,  3.88it/s]
 16%|█▋        | 486/2973 [02:03<10:36,  3.91it/s]
 16%|█▋        | 487/2973 [02:03<10:57,  3.78it/s]
 16%|█▋        | 488/2973 [02:04<10:46,  3.84it/s]
 16%|█▋        | 489/2973 [02:04<10:38,  3.89it/s]
 16%|█▋        | 490/2973 [02:04<11:00,  3.76it/s]
 17%|█▋        | 491/2973 [02:05<13:23,  3.09it/s]
 17%|█▋        | 492/2973 [02:05<12:28,  3.32it/s]
 17%|█▋        | 493/2973 [02:05<12:15,  3.37it/s]
 17%|█▋        | 494/2973 [02:05<11:40,  3.54it/s]
 17%|█▋        | 495/2973 [02:06<11:16,  3.66it/s]
 17%|█▋        | 496/2973 [02:06<11:00,  3.75it/s]
 17%|█▋        | 497/2973 [02:06<10:47,  3.82it/s]
 17%|█▋        | 498/2973 [02:06<11:03,  3.73it/s]
 17%|█▋        | 499/2973 [02:07<11:09,  3.70it/s]
 17%|█▋        | 500/2973 [02:07<10:46,  3.82it/s]
 17%|█▋        | 501/2973 [02:07<10:31,  3.91it/s]
 17%|█▋        | 502/2973 [02:07<10:45,  3.83it/s]
 17%|█▋        | 503/2973 [02:08<10:31,  3.91it/s]
 17%|█▋        | 504/2973 [02:08<10:23,  3.96it/s]
 17%|█▋        | 505/2973 [02:08<10:15,  4.01it/s]
 17%|█▋        | 506/2973 [02:08<10:09,  4.05it/s]
 17%|█▋        | 507/2973 [02:09<10:04,  4.08it/s]
 17%|█▋        | 508/2973 [02:09<10:33,  3.89it/s]
 17%|█▋        | 509/2973 [02:09<10:27,  3.93it/s]
 17%|█▋        | 510/2973 [02:09<10:25,  3.94it/s]
 17%|█▋        | 511/2973 [02:10<10:54,  3.76it/s]
 17%|█▋        | 512/2973 [02:10<10:41,  3.84it/s]
 17%|█▋        | 513/2973 [02:10<10:32,  3.89it/s]
 17%|█▋        | 514/2973 [02:10<10:19,  3.97it/s]
 17%|█▋        | 515/2973 [02:11<10:17,  3.98it/s]
 17%|█▋        | 516/2973 [02:11<10:12,  4.01it/s]
 17%|█▋        | 517/2973 [02:11<10:47,  3.80it/s]
 17%|█▋        | 518/2973 [02:11<10:32,  3.88it/s]
 17%|█▋        | 519/2973 [02:12<10:20,  3.95it/s]
 17%|█▋        | 520/2973 [02:12<10:39,  3.84it/s]
 18%|█▊        | 521/2973 [02:12<10:25,  3.92it/s]
 18%|█▊        | 522/2973 [02:12<10:17,  3.97it/s]
 18%|█▊        | 523/2973 [02:13<10:22,  3.94it/s]
 18%|█▊        | 524/2973 [02:13<10:23,  3.93it/s]
 18%|█▊        | 525/2973 [02:13<10:25,  3.91it/s]
 18%|█▊        | 526/2973 [02:14<10:49,  3.77it/s]
 18%|█▊        | 527/2973 [02:14<10:38,  3.83it/s]
 18%|█▊        | 528/2973 [02:14<10:31,  3.87it/s]
 18%|█▊        | 529/2973 [02:14<10:50,  3.76it/s]
 18%|█▊        | 530/2973 [02:15<10:33,  3.86it/s]
 18%|█▊        | 531/2973 [02:15<10:44,  3.79it/s]
 18%|█▊        | 532/2973 [02:15<11:00,  3.70it/s]
 18%|█▊        | 533/2973 [02:15<10:45,  3.78it/s]
 18%|█▊        | 534/2973 [02:16<10:35,  3.84it/s]
 18%|█▊        | 535/2973 [02:16<10:41,  3.80it/s]
 18%|█▊        | 536/2973 [02:16<10:32,  3.85it/s]
 18%|█▊        | 537/2973 [02:16<10:28,  3.88it/s]
 18%|█▊        | 538/2973 [02:17<10:52,  3.73it/s]
 18%|█▊        | 539/2973 [02:17<10:43,  3.78it/s]
 18%|█▊        | 540/2973 [02:17<11:04,  3.66it/s]
 18%|█▊        | 541/2973 [02:18<11:20,  3.57it/s]
 18%|█▊        | 542/2973 [02:18<10:58,  3.69it/s]
 18%|█▊        | 543/2973 [02:18<10:42,  3.78it/s]
 18%|█▊        | 544/2973 [02:18<10:33,  3.84it/s]
 18%|█▊        | 545/2973 [02:19<10:24,  3.89it/s]
 18%|█▊        | 546/2973 [02:19<10:19,  3.92it/s]
 18%|█▊        | 547/2973 [02:19<10:32,  3.83it/s]
 18%|█▊        | 548/2973 [02:19<10:17,  3.93it/s]
 18%|█▊        | 549/2973 [02:20<10:31,  3.84it/s]
 18%|█▊        | 550/2973 [02:20<10:41,  3.78it/s]
 19%|█▊        | 551/2973 [02:20<10:25,  3.87it/s]
 19%|█▊        | 552/2973 [02:20<10:15,  3.93it/s]
 19%|█▊        | 553/2973 [02:21<10:15,  3.93it/s]
 19%|█▊        | 554/2973 [02:21<10:11,  3.96it/s]
 19%|█▊        | 555/2973 [02:21<10:09,  3.97it/s]
 19%|█▊        | 556/2973 [02:21<10:36,  3.80it/s]
 19%|█▊        | 557/2973 [02:22<10:19,  3.90it/s]
 19%|█▉        | 558/2973 [02:22<10:31,  3.82it/s]
 19%|█▉        | 559/2973 [02:22<10:44,  3.75it/s]
 19%|█▉        | 560/2973 [02:22<10:35,  3.80it/s]
 19%|█▉        | 561/2973 [02:23<10:44,  3.74it/s]
 19%|█▉        | 562/2973 [02:23<10:33,  3.81it/s]
 19%|█▉        | 563/2973 [02:23<10:25,  3.85it/s]
 19%|█▉        | 564/2973 [02:23<10:19,  3.89it/s]
 19%|█▉        | 565/2973 [02:24<10:33,  3.80it/s]
 19%|█▉        | 566/2973 [02:24<10:22,  3.87it/s]
 19%|█▉        | 567/2973 [02:24<10:35,  3.79it/s]
 19%|█▉        | 568/2973 [02:25<10:50,  3.70it/s]
 19%|█▉        | 569/2973 [02:25<10:39,  3.76it/s]
 19%|█▉        | 570/2973 [02:25<10:27,  3.83it/s]
 19%|█▉        | 571/2973 [02:25<10:43,  3.74it/s]
 19%|█▉        | 572/2973 [02:26<10:28,  3.82it/s]
 19%|█▉        | 573/2973 [02:26<10:17,  3.88it/s]
 19%|█▉        | 574/2973 [02:26<10:36,  3.77it/s]
 19%|█▉        | 575/2973 [02:26<10:20,  3.86it/s]
 19%|█▉        | 576/2973 [02:27<10:11,  3.92it/s]
 19%|█▉        | 577/2973 [02:27<10:12,  3.91it/s]
 19%|█▉        | 578/2973 [02:27<10:13,  3.91it/s]
 19%|█▉        | 579/2973 [02:27<10:13,  3.90it/s]
 20%|█▉        | 580/2973 [02:28<11:02,  3.61it/s]
 20%|█▉        | 581/2973 [02:28<11:10,  3.57it/s]
 20%|█▉        | 582/2973 [02:28<11:16,  3.53it/s]
 20%|█▉        | 583/2973 [02:29<11:23,  3.50it/s]
 20%|█▉        | 584/2973 [02:29<10:51,  3.67it/s]
 20%|█▉        | 585/2973 [02:29<10:27,  3.80it/s]
 20%|█▉        | 586/2973 [02:29<10:40,  3.73it/s]
 20%|█▉        | 587/2973 [02:30<10:20,  3.85it/s]
 20%|█▉        | 588/2973 [02:30<10:30,  3.78it/s]
 20%|█▉        | 589/2973 [02:30<10:19,  3.85it/s]
 20%|█▉        | 590/2973 [02:30<10:09,  3.91it/s]
 20%|█▉        | 591/2973 [02:31<10:25,  3.81it/s]
 20%|█▉        | 592/2973 [02:31<10:40,  3.72it/s]
 20%|█▉        | 593/2973 [02:31<10:26,  3.80it/s]
 20%|█▉        | 594/2973 [02:31<10:16,  3.86it/s]
 20%|██        | 595/2973 [02:32<10:37,  3.73it/s]
 20%|██        | 596/2973 [02:32<10:23,  3.81it/s]
 20%|██        | 597/2973 [02:32<10:14,  3.87it/s]
 20%|██        | 598/2973 [02:32<10:04,  3.93it/s]
 20%|██        | 599/2973 [02:33<09:55,  3.99it/s]
 20%|██        | 600/2973 [02:33<09:48,  4.03it/s]
 20%|██        | 601/2973 [02:33<10:14,  3.86it/s]
 20%|██        | 602/2973 [02:33<10:08,  3.90it/s]
 20%|██        | 603/2973 [02:34<10:04,  3.92it/s]
 20%|██        | 604/2973 [02:34<10:25,  3.79it/s]
 20%|██        | 605/2973 [02:34<10:39,  3.70it/s]
 20%|██        | 606/2973 [02:35<10:25,  3.78it/s]
 20%|██        | 607/2973 [02:35<10:37,  3.71it/s]
 20%|██        | 608/2973 [02:35<10:22,  3.80it/s]
 20%|██        | 609/2973 [02:35<10:11,  3.87it/s]
 21%|██        | 610/2973 [02:36<10:29,  3.76it/s]
 21%|██        | 611/2973 [02:36<10:15,  3.84it/s]
 21%|██        | 612/2973 [02:36<10:04,  3.90it/s]
 21%|██        | 613/2973 [02:36<09:59,  3.93it/s]
 21%|██        | 614/2973 [02:37<09:50,  4.00it/s]
 21%|██        | 615/2973 [02:37<09:43,  4.04it/s]
 21%|██        | 616/2973 [02:37<09:45,  4.03it/s]
 21%|██        | 617/2973 [02:37<09:44,  4.03it/s]
 21%|██        | 618/2973 [02:38<09:44,  4.03it/s]
 21%|██        | 619/2973 [02:38<10:03,  3.90it/s]
 21%|██        | 620/2973 [02:38<09:52,  3.97it/s]
 21%|██        | 621/2973 [02:38<09:44,  4.03it/s]
 21%|██        | 622/2973 [02:39<10:09,  3.86it/s]
 21%|██        | 623/2973 [02:39<10:02,  3.90it/s]
 21%|██        | 624/2973 [02:39<09:58,  3.93it/s]
 21%|██        | 625/2973 [02:39<10:20,  3.79it/s]
 21%|██        | 626/2973 [02:40<10:11,  3.84it/s]
 21%|██        | 627/2973 [02:40<10:27,  3.74it/s]
 21%|██        | 628/2973 [02:40<10:20,  3.78it/s]
 21%|██        | 629/2973 [02:40<10:10,  3.84it/s]
 21%|██        | 630/2973 [02:41<10:05,  3.87it/s]
 21%|██        | 631/2973 [02:41<10:22,  3.76it/s]
 21%|██▏       | 632/2973 [02:41<10:09,  3.84it/s]
 21%|██▏       | 633/2973 [02:41<10:00,  3.90it/s]
 21%|██▏       | 634/2973 [02:42<10:13,  3.81it/s]
 21%|██▏       | 635/2973 [02:42<09:58,  3.90it/s]
 21%|██▏       | 636/2973 [02:42<09:47,  3.98it/s]
 21%|██▏       | 637/2973 [02:43<10:07,  3.84it/s]
 21%|██▏       | 638/2973 [02:43<09:54,  3.93it/s]
 21%|██▏       | 639/2973 [02:43<09:45,  3.99it/s]
 22%|██▏       | 640/2973 [02:43<09:44,  3.99it/s]
 22%|██▏       | 641/2973 [02:43<09:42,  4.01it/s]
 22%|██▏       | 642/2973 [02:44<09:40,  4.01it/s]
 22%|██▏       | 643/2973 [02:44<09:58,  3.89it/s]
 22%|██▏       | 644/2973 [02:44<09:47,  3.96it/s]
 22%|██▏       | 645/2973 [02:44<09:41,  4.00it/s]
 22%|██▏       | 646/2973 [02:45<10:00,  3.87it/s]
 22%|██▏       | 647/2973 [02:45<09:49,  3.94it/s]
 22%|██▏       | 648/2973 [02:45<09:41,  4.00it/s]
 22%|██▏       | 649/2973 [02:45<09:38,  4.02it/s]
 22%|██▏       | 650/2973 [02:46<09:31,  4.07it/s]
 22%|██▏       | 651/2973 [02:46<09:26,  4.10it/s]
 22%|██▏       | 652/2973 [02:46<10:04,  3.84it/s]
 22%|██▏       | 653/2973 [02:47<10:00,  3.86it/s]
 22%|██▏       | 654/2973 [02:47<09:59,  3.87it/s]
 22%|██▏       | 655/2973 [02:47<10:20,  3.74it/s]
 22%|██▏       | 656/2973 [02:47<10:01,  3.85it/s]
 22%|██▏       | 657/2973 [02:48<09:49,  3.93it/s]
 22%|██▏       | 658/2973 [02:48<10:04,  3.83it/s]
 22%|██▏       | 659/2973 [02:48<09:51,  3.91it/s]
 22%|██▏       | 660/2973 [02:48<10:05,  3.82it/s]
 22%|██▏       | 661/2973 [02:49<10:15,  3.75it/s]
 22%|██▏       | 662/2973 [02:49<09:59,  3.86it/s]
 22%|██▏       | 663/2973 [02:49<09:56,  3.87it/s]
 22%|██▏       | 664/2973 [02:49<10:16,  3.75it/s]
 22%|██▏       | 665/2973 [02:50<10:05,  3.81it/s]
 22%|██▏       | 666/2973 [02:50<09:57,  3.86it/s]
 22%|██▏       | 667/2973 [02:50<10:08,  3.79it/s]
 22%|██▏       | 668/2973 [02:50<09:53,  3.88it/s]
 23%|██▎       | 669/2973 [02:51<09:42,  3.95it/s]
 23%|██▎       | 670/2973 [02:51<10:05,  3.81it/s]
 23%|██▎       | 671/2973 [02:51<09:57,  3.85it/s]
 23%|██▎       | 672/2973 [02:51<09:51,  3.89it/s]
 23%|██▎       | 673/2973 [02:52<10:05,  3.80it/s]
 23%|██▎       | 674/2973 [02:52<09:54,  3.87it/s]
 23%|██▎       | 675/2973 [02:52<10:06,  3.79it/s]
 23%|██▎       | 676/2973 [02:53<10:15,  3.73it/s]
 23%|██▎       | 677/2973 [02:53<09:57,  3.84it/s]
 23%|██▎       | 678/2973 [02:53<09:47,  3.91it/s]
 23%|██▎       | 679/2973 [02:53<10:00,  3.82it/s]
 23%|██▎       | 680/2973 [02:54<09:46,  3.91it/s]
 23%|██▎       | 681/2973 [02:54<09:37,  3.97it/s]
 23%|██▎       | 682/2973 [02:54<09:52,  3.87it/s]
 23%|██▎       | 683/2973 [02:54<09:37,  3.97it/s]
 23%|██▎       | 684/2973 [02:55<09:28,  4.03it/s]
 23%|██▎       | 685/2973 [02:55<09:47,  3.90it/s]
 23%|██▎       | 686/2973 [02:55<09:36,  3.96it/s]
 23%|██▎       | 687/2973 [02:55<09:29,  4.01it/s]
 23%|██▎       | 688/2973 [02:56<09:53,  3.85it/s]
 23%|██▎       | 689/2973 [02:56<09:50,  3.87it/s]
 23%|██▎       | 690/2973 [02:56<09:44,  3.90it/s]
 23%|██▎       | 691/2973 [02:56<10:03,  3.78it/s]
 23%|██▎       | 692/2973 [02:57<09:54,  3.84it/s]
 23%|██▎       | 693/2973 [02:57<09:47,  3.88it/s]
 23%|██▎       | 694/2973 [02:57<10:06,  3.76it/s]
 23%|██▎       | 695/2973 [02:57<09:50,  3.86it/s]
 23%|██▎       | 696/2973 [02:58<09:39,  3.93it/s]
 23%|██▎       | 697/2973 [02:58<10:02,  3.78it/s]
 23%|██▎       | 698/2973 [02:58<09:52,  3.84it/s]
 24%|██▎       | 699/2973 [02:58<09:45,  3.88it/s]
 24%|██▎       | 700/2973 [02:59<10:08,  3.73it/s]
 24%|██▎       | 701/2973 [02:59<09:51,  3.84it/s]
 24%|██▎       | 702/2973 [02:59<09:38,  3.92it/s]
 24%|██▎       | 703/2973 [03:00<09:59,  3.79it/s]
 24%|██▎       | 704/2973 [03:00<09:49,  3.85it/s]
 24%|██▎       | 705/2973 [03:00<09:44,  3.88it/s]
 24%|██▎       | 706/2973 [03:00<09:45,  3.87it/s]
 24%|██▍       | 707/2973 [03:01<09:44,  3.88it/s]
 24%|██▍       | 708/2973 [03:01<09:43,  3.88it/s]
 24%|██▍       | 709/2973 [03:01<09:56,  3.80it/s]
 24%|██▍       | 710/2973 [03:01<09:42,  3.88it/s]
 24%|██▍       | 711/2973 [03:02<09:54,  3.81it/s]
 24%|██▍       | 712/2973 [03:02<09:46,  3.86it/s]
 24%|██▍       | 713/2973 [03:02<09:40,  3.89it/s]
 24%|██▍       | 714/2973 [03:02<09:35,  3.93it/s]
 24%|██▍       | 715/2973 [03:03<09:28,  3.97it/s]
 24%|██▍       | 716/2973 [03:03<09:22,  4.01it/s]
 24%|██▍       | 717/2973 [03:03<09:17,  4.04it/s]
 24%|██▍       | 718/2973 [03:03<09:36,  3.91it/s]
 24%|██▍       | 719/2973 [03:04<09:27,  3.97it/s]
 24%|██▍       | 720/2973 [03:04<09:21,  4.02it/s]
 24%|██▍       | 721/2973 [03:04<09:43,  3.86it/s]
 24%|██▍       | 722/2973 [03:04<09:35,  3.91it/s]
 24%|██▍       | 723/2973 [03:05<09:31,  3.94it/s]
 24%|██▍       | 724/2973 [03:05<09:45,  3.84it/s]
 24%|██▍       | 725/2973 [03:05<09:32,  3.93it/s]
 24%|██▍       | 726/2973 [03:05<09:23,  3.99it/s]
 24%|██▍       | 727/2973 [03:06<09:40,  3.87it/s]
 24%|██▍       | 728/2973 [03:06<09:29,  3.94it/s]
 25%|██▍       | 729/2973 [03:06<09:25,  3.97it/s]
 25%|██▍       | 730/2973 [03:06<09:47,  3.82it/s]
 25%|██▍       | 731/2973 [03:07<09:39,  3.87it/s]
 25%|██▍       | 732/2973 [03:07<09:35,  3.89it/s]
 25%|██▍       | 733/2973 [03:07<09:50,  3.79it/s]
 25%|██▍       | 734/2973 [03:07<09:35,  3.89it/s]
 25%|██▍       | 735/2973 [03:08<09:46,  3.82it/s]
 25%|██▍       | 736/2973 [03:08<09:33,  3.90it/s]
 25%|██▍       | 737/2973 [03:08<09:22,  3.98it/s]
 25%|██▍       | 738/2973 [03:08<09:38,  3.86it/s]
 25%|██▍       | 739/2973 [03:09<09:58,  3.73it/s]
 25%|██▍       | 740/2973 [03:09<09:46,  3.81it/s]
 25%|██▍       | 741/2973 [03:09<09:38,  3.86it/s]
 25%|██▍       | 742/2973 [03:10<09:53,  3.76it/s]
 25%|██▍       | 743/2973 [03:10<09:36,  3.87it/s]
 25%|██▌       | 744/2973 [03:10<09:24,  3.95it/s]
 25%|██▌       | 745/2973 [03:10<09:40,  3.84it/s]
 25%|██▌       | 746/2973 [03:11<09:27,  3.93it/s]
 25%|██▌       | 747/2973 [03:11<09:18,  3.99it/s]
 25%|██▌       | 748/2973 [03:11<09:33,  3.88it/s]
 25%|██▌       | 749/2973 [03:11<09:19,  3.98it/s]
 25%|██▌       | 750/2973 [03:12<09:10,  4.04it/s]
 25%|██▌       | 751/2973 [03:12<09:28,  3.91it/s]
 25%|██▌       | 752/2973 [03:12<09:19,  3.97it/s]
 25%|██▌       | 753/2973 [03:12<09:12,  4.02it/s]
 25%|██▌       | 754/2973 [03:13<09:37,  3.84it/s]
 25%|██▌       | 755/2973 [03:13<11:48,  3.13it/s]
 25%|██▌       | 756/2973 [03:13<11:02,  3.35it/s]
 25%|██▌       | 757/2973 [03:14<10:55,  3.38it/s]
 25%|██▌       | 758/2973 [03:14<10:43,  3.44it/s]
 26%|██▌       | 759/2973 [03:14<10:11,  3.62it/s]
 26%|██▌       | 760/2973 [03:14<10:08,  3.64it/s]
 26%|██▌       | 761/2973 [03:15<09:44,  3.78it/s]
 26%|██▌       | 762/2973 [03:15<09:26,  3.90it/s]
 26%|██▌       | 763/2973 [03:15<09:40,  3.81it/s]
 26%|██▌       | 764/2973 [03:15<09:27,  3.89it/s]
 26%|██▌       | 765/2973 [03:16<09:17,  3.96it/s]
 26%|██▌       | 766/2973 [03:16<09:10,  4.01it/s]
 26%|██▌       | 767/2973 [03:16<09:08,  4.02it/s]
 26%|██▌       | 768/2973 [03:16<09:04,  4.05it/s]
 26%|██▌       | 769/2973 [03:17<09:10,  4.00it/s]
 26%|██▌       | 770/2973 [03:17<09:15,  3.97it/s]
 26%|██▌       | 771/2973 [03:17<09:18,  3.94it/s]
 26%|██▌       | 772/2973 [03:17<09:08,  4.01it/s]
 26%|██▌       | 773/2973 [03:18<09:01,  4.07it/s]
 26%|██▌       | 774/2973 [03:18<09:17,  3.94it/s]
 26%|██▌       | 775/2973 [03:18<09:39,  3.80it/s]
 26%|██▌       | 776/2973 [03:18<09:25,  3.89it/s]
 26%|██▌       | 777/2973 [03:19<09:18,  3.93it/s]
 26%|██▌       | 778/2973 [03:19<09:16,  3.94it/s]
 26%|██▌       | 779/2973 [03:19<09:15,  3.95it/s]
 26%|██▌       | 780/2973 [03:19<09:38,  3.79it/s]
 26%|██▋       | 781/2973 [03:20<09:32,  3.83it/s]
 26%|██▋       | 782/2973 [03:20<09:26,  3.87it/s]
 26%|██▋       | 783/2973 [03:20<09:24,  3.88it/s]
 26%|██▋       | 784/2973 [03:20<09:47,  3.73it/s]
 26%|██▋       | 785/2973 [03:21<09:35,  3.80it/s]
 26%|██▋       | 786/2973 [03:21<09:27,  3.85it/s]
 26%|██▋       | 787/2973 [03:21<09:44,  3.74it/s]
 27%|██▋       | 788/2973 [03:22<09:27,  3.85it/s]
 27%|██▋       | 789/2973 [03:22<09:38,  3.78it/s]
 27%|██▋       | 790/2973 [03:22<09:46,  3.72it/s]
 27%|██▋       | 791/2973 [03:22<09:29,  3.83it/s]
 27%|██▋       | 792/2973 [03:23<09:17,  3.91it/s]
 27%|██▋       | 793/2973 [03:23<09:32,  3.81it/s]
 27%|██▋       | 794/2973 [03:23<09:18,  3.90it/s]
 27%|██▋       | 795/2973 [03:23<09:30,  3.82it/s]
 27%|██▋       | 796/2973 [03:24<09:40,  3.75it/s]
 27%|██▋       | 797/2973 [03:24<09:24,  3.86it/s]
 27%|██▋       | 798/2973 [03:24<09:12,  3.94it/s]
 27%|██▋       | 799/2973 [03:24<09:11,  3.94it/s]
 27%|██▋       | 800/2973 [03:25<09:09,  3.95it/s]
 27%|██▋       | 801/2973 [03:25<09:08,  3.96it/s]
 27%|██▋       | 802/2973 [03:25<09:26,  3.83it/s]
 27%|██▋       | 803/2973 [03:25<09:13,  3.92it/s]
 27%|██▋       | 804/2973 [03:26<09:08,  3.95it/s]
 27%|██▋       | 805/2973 [03:26<09:03,  3.99it/s]
 27%|██▋       | 806/2973 [03:26<08:56,  4.04it/s]
 27%|██▋       | 807/2973 [03:26<08:53,  4.06it/s]
 27%|██▋       | 808/2973 [03:27<09:15,  3.89it/s]
 27%|██▋       | 809/2973 [03:27<09:06,  3.96it/s]
 27%|██▋       | 810/2973 [03:27<08:59,  4.01it/s]
 27%|██▋       | 811/2973 [03:27<09:16,  3.88it/s]
 27%|██▋       | 812/2973 [03:28<09:06,  3.95it/s]
 27%|██▋       | 813/2973 [03:28<09:00,  4.00it/s]
 27%|██▋       | 814/2973 [03:28<09:01,  3.99it/s]
 27%|██▋       | 815/2973 [03:28<09:01,  3.98it/s]
 27%|██▋       | 816/2973 [03:29<09:01,  3.98it/s]
 27%|██▋       | 817/2973 [03:29<08:56,  4.02it/s]
 28%|██▊       | 818/2973 [03:29<08:51,  4.05it/s]
 28%|██▊       | 819/2973 [03:29<08:48,  4.08it/s]
 28%|██▊       | 820/2973 [03:30<08:55,  4.02it/s]
 28%|██▊       | 821/2973 [03:30<09:01,  3.98it/s]
 28%|██▊       | 822/2973 [03:30<09:04,  3.95it/s]
 28%|██▊       | 823/2973 [03:30<08:57,  4.00it/s]
 28%|██▊       | 824/2973 [03:31<08:52,  4.03it/s]
 28%|██▊       | 825/2973 [03:31<08:51,  4.04it/s]
 28%|██▊       | 826/2973 [03:31<09:14,  3.87it/s]
 28%|██▊       | 827/2973 [03:31<09:08,  3.91it/s]
 28%|██▊       | 828/2973 [03:32<09:03,  3.94it/s]
 28%|██▊       | 829/2973 [03:32<09:19,  3.84it/s]
 28%|██▊       | 830/2973 [03:32<09:07,  3.92it/s]
 28%|██▊       | 831/2973 [03:32<09:19,  3.83it/s]
 28%|██▊       | 832/2973 [03:33<09:31,  3.75it/s]
 28%|██▊       | 833/2973 [03:33<09:14,  3.86it/s]
 28%|██▊       | 834/2973 [03:33<09:03,  3.93it/s]
 28%|██▊       | 835/2973 [03:33<09:03,  3.93it/s]
 28%|██▊       | 836/2973 [03:34<09:00,  3.95it/s]
 28%|██▊       | 837/2973 [03:34<08:57,  3.97it/s]
 28%|██▊       | 838/2973 [03:34<09:19,  3.82it/s]
 28%|██▊       | 839/2973 [03:35<09:12,  3.86it/s]
 28%|██▊       | 840/2973 [03:35<09:08,  3.89it/s]
 28%|██▊       | 841/2973 [03:35<09:05,  3.91it/s]
 28%|██▊       | 842/2973 [03:35<09:03,  3.92it/s]
 28%|██▊       | 843/2973 [03:36<09:00,  3.94it/s]
 28%|██▊       | 844/2973 [03:36<08:59,  3.95it/s]
 28%|██▊       | 845/2973 [03:36<08:58,  3.95it/s]
 28%|██▊       | 846/2973 [03:36<08:56,  3.96it/s]
 28%|██▊       | 847/2973 [03:37<09:17,  3.82it/s]
 29%|██▊       | 848/2973 [03:37<09:08,  3.87it/s]
 29%|██▊       | 849/2973 [03:37<09:03,  3.91it/s]
 29%|██▊       | 850/2973 [03:37<09:49,  3.60it/s]
 29%|██▊       | 851/2973 [03:38<09:58,  3.55it/s]
 29%|██▊       | 852/2973 [03:38<10:04,  3.51it/s]
 29%|██▊       | 853/2973 [03:38<09:59,  3.53it/s]
 29%|██▊       | 854/2973 [03:39<09:33,  3.69it/s]
 29%|██▉       | 855/2973 [03:39<09:16,  3.81it/s]
 29%|██▉       | 856/2973 [03:39<09:24,  3.75it/s]
 29%|██▉       | 857/2973 [03:39<09:08,  3.85it/s]
 29%|██▉       | 858/2973 [03:40<08:57,  3.93it/s]
 29%|██▉       | 859/2973 [03:40<09:14,  3.81it/s]
 29%|██▉       | 860/2973 [03:40<09:01,  3.90it/s]
 29%|██▉       | 861/2973 [03:40<08:52,  3.97it/s]
 29%|██▉       | 862/2973 [03:41<09:08,  3.85it/s]
 29%|██▉       | 863/2973 [03:41<08:57,  3.93it/s]
 29%|██▉       | 864/2973 [03:41<08:48,  3.99it/s]
 29%|██▉       | 865/2973 [03:41<09:08,  3.84it/s]
 29%|██▉       | 866/2973 [03:42<09:01,  3.89it/s]
 29%|██▉       | 867/2973 [03:42<08:57,  3.92it/s]
 29%|██▉       | 868/2973 [03:42<09:11,  3.82it/s]
 29%|██▉       | 869/2973 [03:42<08:58,  3.90it/s]
 29%|██▉       | 870/2973 [03:43<08:51,  3.96it/s]
 29%|██▉       | 871/2973 [03:43<09:09,  3.82it/s]
 29%|██▉       | 872/2973 [03:43<09:02,  3.88it/s]
 29%|██▉       | 873/2973 [03:43<08:56,  3.92it/s]
 29%|██▉       | 874/2973 [03:44<08:54,  3.93it/s]
 29%|██▉       | 875/2973 [03:44<08:52,  3.94it/s]
 29%|██▉       | 876/2973 [03:44<08:51,  3.95it/s]
 29%|██▉       | 877/2973 [03:44<09:12,  3.80it/s]
 30%|██▉       | 878/2973 [03:45<09:04,  3.85it/s]
 30%|██▉       | 879/2973 [03:45<09:20,  3.74it/s]
 30%|██▉       | 880/2973 [03:45<09:25,  3.70it/s]
 30%|██▉       | 881/2973 [03:45<09:13,  3.78it/s]
 30%|██▉       | 882/2973 [03:46<09:04,  3.84it/s]
 30%|██▉       | 883/2973 [03:46<09:21,  3.73it/s]
 30%|██▉       | 884/2973 [03:46<09:10,  3.80it/s]
 30%|██▉       | 885/2973 [03:47<09:02,  3.85it/s]
 30%|██▉       | 886/2973 [03:47<09:22,  3.71it/s]
 30%|██▉       | 887/2973 [03:47<09:14,  3.77it/s]
 30%|██▉       | 888/2973 [03:47<09:09,  3.79it/s]
 30%|██▉       | 889/2973 [03:48<09:23,  3.70it/s]
 30%|██▉       | 890/2973 [03:48<09:11,  3.78it/s]
 30%|██▉       | 891/2973 [03:48<09:03,  3.83it/s]
 30%|███       | 892/2973 [03:48<09:18,  3.73it/s]
 30%|███       | 893/2973 [03:49<09:05,  3.81it/s]
 30%|███       | 894/2973 [03:49<08:53,  3.90it/s]
 30%|███       | 895/2973 [03:49<09:18,  3.72it/s]
 30%|███       | 896/2973 [03:49<09:01,  3.84it/s]
 30%|███       | 897/2973 [03:50<08:49,  3.92it/s]
 30%|███       | 898/2973 [03:50<09:00,  3.84it/s]
 30%|███       | 899/2973 [03:50<08:47,  3.93it/s]
 30%|███       | 900/2973 [03:50<08:37,  4.00it/s]
 30%|███       | 901/2973 [03:51<08:39,  3.99it/s]
 30%|███       | 902/2973 [03:51<08:39,  3.98it/s]
 30%|███       | 903/2973 [03:51<08:40,  3.98it/s]
 30%|███       | 904/2973 [03:51<08:49,  3.91it/s]
 30%|███       | 905/2973 [03:52<08:46,  3.92it/s]
 30%|███       | 906/2973 [03:52<08:45,  3.93it/s]
 31%|███       | 907/2973 [03:52<08:48,  3.91it/s]
 31%|███       | 908/2973 [03:52<08:45,  3.93it/s]
 31%|███       | 909/2973 [03:53<08:44,  3.94it/s]
 31%|███       | 910/2973 [03:53<08:58,  3.83it/s]
 31%|███       | 911/2973 [03:53<08:46,  3.91it/s]
 31%|███       | 912/2973 [03:53<08:38,  3.97it/s]
 31%|███       | 913/2973 [03:54<09:00,  3.81it/s]
 31%|███       | 914/2973 [03:54<08:53,  3.86it/s]
 31%|███       | 915/2973 [03:54<08:48,  3.89it/s]
 31%|███       | 916/2973 [03:55<08:39,  3.96it/s]
 31%|███       | 917/2973 [03:55<08:34,  4.00it/s]
 31%|███       | 918/2973 [03:55<08:28,  4.04it/s]
 31%|███       | 919/2973 [03:55<09:18,  3.68it/s]
 31%|███       | 920/2973 [03:56<09:31,  3.59it/s]
 31%|███       | 921/2973 [03:56<09:40,  3.53it/s]
 31%|███       | 922/2973 [03:56<09:36,  3.56it/s]
 31%|███       | 923/2973 [03:56<09:12,  3.71it/s]
 31%|███       | 924/2973 [03:57<09:15,  3.69it/s]
 31%|███       | 925/2973 [03:57<09:19,  3.66it/s]
 31%|███       | 926/2973 [03:57<09:00,  3.79it/s]
 31%|███       | 927/2973 [03:57<08:47,  3.88it/s]
 31%|███       | 928/2973 [03:58<08:58,  3.80it/s]
 31%|███       | 929/2973 [03:58<08:45,  3.89it/s]
 31%|███▏      | 930/2973 [03:58<08:36,  3.96it/s]
 31%|███▏      | 931/2973 [03:59<08:53,  3.83it/s]
 31%|███▏      | 932/2973 [03:59<08:41,  3.91it/s]
 31%|███▏      | 933/2973 [03:59<08:36,  3.95it/s]
 31%|███▏      | 934/2973 [03:59<08:50,  3.85it/s]
 31%|███▏      | 935/2973 [04:00<08:39,  3.92it/s]
 31%|███▏      | 936/2973 [04:00<08:31,  3.98it/s]
 32%|███▏      | 937/2973 [04:00<08:29,  3.99it/s]
 32%|███▏      | 938/2973 [04:00<08:25,  4.03it/s]
 32%|███▏      | 939/2973 [04:01<08:23,  4.04it/s]
 32%|███▏      | 940/2973 [04:01<08:46,  3.86it/s]
 32%|███▏      | 941/2973 [04:01<08:41,  3.89it/s]
 32%|███▏      | 942/2973 [04:01<08:38,  3.92it/s]
 32%|███▏      | 943/2973 [04:02<08:51,  3.82it/s]
 32%|███▏      | 944/2973 [04:02<08:39,  3.91it/s]
 32%|███▏      | 945/2973 [04:02<08:31,  3.97it/s]
 32%|███▏      | 946/2973 [04:02<08:49,  3.83it/s]
 32%|███▏      | 947/2973 [04:03<08:42,  3.88it/s]
 32%|███▏      | 948/2973 [04:03<08:36,  3.92it/s]
 32%|███▏      | 949/2973 [04:03<08:55,  3.78it/s]
 32%|███▏      | 950/2973 [04:03<08:47,  3.84it/s]
 32%|███▏      | 951/2973 [04:04<08:42,  3.87it/s]
 32%|███▏      | 952/2973 [04:04<08:52,  3.79it/s]
 32%|███▏      | 953/2973 [04:04<08:39,  3.89it/s]
 32%|███▏      | 954/2973 [04:04<08:30,  3.96it/s]
 32%|███▏      | 955/2973 [04:05<08:44,  3.85it/s]
 32%|███▏      | 956/2973 [04:05<08:33,  3.93it/s]
 32%|███▏      | 957/2973 [04:05<08:26,  3.98it/s]
 32%|███▏      | 958/2973 [04:05<08:46,  3.83it/s]
 32%|███▏      | 959/2973 [04:06<08:43,  3.85it/s]
 32%|███▏      | 960/2973 [04:06<08:37,  3.89it/s]
 32%|███▏      | 961/2973 [04:06<08:29,  3.95it/s]
 32%|███▏      | 962/2973 [04:06<08:22,  4.00it/s]
 32%|███▏      | 963/2973 [04:07<08:18,  4.03it/s]
 32%|███▏      | 964/2973 [04:07<08:35,  3.89it/s]
 32%|███▏      | 965/2973 [04:07<08:27,  3.95it/s]
 32%|███▏      | 966/2973 [04:07<08:21,  4.00it/s]
 33%|███▎      | 967/2973 [04:08<08:17,  4.03it/s]
 33%|███▎      | 968/2973 [04:08<08:13,  4.07it/s]
 33%|███▎      | 969/2973 [04:08<08:10,  4.09it/s]
 33%|███▎      | 970/2973 [04:08<08:28,  3.94it/s]
 33%|███▎      | 971/2973 [04:09<08:20,  4.00it/s]
 33%|███▎      | 972/2973 [04:09<08:15,  4.04it/s]
 33%|███▎      | 973/2973 [04:09<08:32,  3.90it/s]
 33%|███▎      | 974/2973 [04:09<08:24,  3.96it/s]
 33%|███▎      | 975/2973 [04:10<08:17,  4.02it/s]
 33%|███▎      | 976/2973 [04:10<08:21,  3.98it/s]
 33%|███▎      | 977/2973 [04:10<08:24,  3.95it/s]
 33%|███▎      | 978/2973 [04:10<08:26,  3.94it/s]
 33%|███▎      | 979/2973 [04:11<08:44,  3.80it/s]
 33%|███▎      | 980/2973 [04:11<08:37,  3.85it/s]
 33%|███▎      | 981/2973 [04:11<08:31,  3.90it/s]
 33%|███▎      | 982/2973 [04:12<08:49,  3.76it/s]
 33%|███▎      | 983/2973 [04:12<08:40,  3.82it/s]
 33%|███▎      | 984/2973 [04:12<08:35,  3.86it/s]
 33%|███▎      | 985/2973 [04:12<08:32,  3.88it/s]
 33%|███▎      | 986/2973 [04:13<08:28,  3.91it/s]
 33%|███▎      | 987/2973 [04:13<08:26,  3.92it/s]
 33%|███▎      | 988/2973 [04:13<08:39,  3.82it/s]
 33%|███▎      | 989/2973 [04:13<08:27,  3.91it/s]
 33%|███▎      | 990/2973 [04:14<08:19,  3.97it/s]
 33%|███▎      | 991/2973 [04:14<08:34,  3.85it/s]
 33%|███▎      | 992/2973 [04:14<08:23,  3.93it/s]
 33%|███▎      | 993/2973 [04:14<08:16,  3.99it/s]
 33%|███▎      | 994/2973 [04:15<08:31,  3.87it/s]
 33%|███▎      | 995/2973 [04:15<08:21,  3.94it/s]
 34%|███▎      | 996/2973 [04:15<08:14,  4.00it/s]
 34%|███▎      | 997/2973 [04:15<08:10,  4.03it/s]
 34%|███▎      | 998/2973 [04:16<08:06,  4.06it/s]
 34%|███▎      | 999/2973 [04:16<08:03,  4.09it/s]
 34%|███▎      | 1000/2973 [04:16<08:21,  3.94it/s]
 34%|███▎      | 1001/2973 [04:16<08:13,  3.99it/s]
 34%|███▎      | 1002/2973 [04:17<08:08,  4.04it/s]
 34%|███▎      | 1003/2973 [04:17<08:09,  4.03it/s]
 34%|███▍      | 1004/2973 [04:17<08:09,  4.03it/s]
 34%|███▍      | 1005/2973 [04:17<08:08,  4.03it/s]
 34%|███▍      | 1006/2973 [04:18<08:29,  3.86it/s]
 34%|███▍      | 1007/2973 [04:18<08:23,  3.90it/s]
 34%|███▍      | 1008/2973 [04:18<08:20,  3.93it/s]
 34%|███▍      | 1009/2973 [04:18<08:37,  3.79it/s]
 34%|███▍      | 1010/2973 [04:19<08:29,  3.85it/s]
 34%|███▍      | 1011/2973 [04:19<08:23,  3.90it/s]
 34%|███▍      | 1012/2973 [04:19<08:39,  3.78it/s]
 34%|███▍      | 1013/2973 [04:19<08:30,  3.84it/s]
 34%|███▍      | 1014/2973 [04:20<08:24,  3.89it/s]
 34%|███▍      | 1015/2973 [04:20<10:35,  3.08it/s]
 34%|███▍      | 1016/2973 [04:20<09:49,  3.32it/s]
 34%|███▍      | 1017/2973 [04:21<09:14,  3.52it/s]
 34%|███▍      | 1018/2973 [04:21<09:11,  3.55it/s]
 34%|███▍      | 1019/2973 [04:21<08:47,  3.70it/s]
 34%|███▍      | 1020/2973 [04:21<08:31,  3.82it/s]
 34%|███▍      | 1021/2973 [04:22<08:39,  3.75it/s]
 34%|███▍      | 1022/2973 [04:22<08:48,  3.69it/s]
 34%|███▍      | 1023/2973 [04:22<08:31,  3.81it/s]
 34%|███▍      | 1024/2973 [04:22<08:39,  3.75it/s]
 34%|███▍      | 1025/2973 [04:23<08:24,  3.86it/s]
 35%|███▍      | 1026/2973 [04:23<08:14,  3.94it/s]
 35%|███▍      | 1027/2973 [04:23<08:13,  3.94it/s]
 35%|███▍      | 1028/2973 [04:23<08:11,  3.96it/s]
 35%|███▍      | 1029/2973 [04:24<08:29,  3.82it/s]
 35%|███▍      | 1030/2973 [04:24<08:29,  3.81it/s]
 35%|███▍      | 1031/2973 [04:24<08:22,  3.86it/s]
 35%|███▍      | 1032/2973 [04:25<08:16,  3.91it/s]
 35%|███▍      | 1033/2973 [04:25<08:34,  3.77it/s]
 35%|███▍      | 1034/2973 [04:25<08:24,  3.84it/s]
 35%|███▍      | 1035/2973 [04:25<08:16,  3.90it/s]
 35%|███▍      | 1036/2973 [04:26<08:15,  3.91it/s]
 35%|███▍      | 1037/2973 [04:26<08:11,  3.94it/s]
 35%|███▍      | 1038/2973 [04:26<08:09,  3.95it/s]
 35%|███▍      | 1039/2973 [04:26<08:20,  3.86it/s]
 35%|███▍      | 1040/2973 [04:27<08:08,  3.96it/s]
 35%|███▌      | 1041/2973 [04:27<08:19,  3.87it/s]
 35%|███▌      | 1042/2973 [04:27<08:28,  3.79it/s]
 35%|███▌      | 1043/2973 [04:27<08:16,  3.89it/s]
 35%|███▌      | 1044/2973 [04:28<08:05,  3.97it/s]
 35%|███▌      | 1045/2973 [04:28<08:06,  3.96it/s]
 35%|███▌      | 1046/2973 [04:28<08:04,  3.98it/s]
 35%|███▌      | 1047/2973 [04:28<08:03,  3.99it/s]
 35%|███▌      | 1048/2973 [04:29<08:22,  3.83it/s]
 35%|███▌      | 1049/2973 [04:29<08:16,  3.88it/s]
 35%|███▌      | 1050/2973 [04:29<08:11,  3.91it/s]
 35%|███▌      | 1051/2973 [04:29<08:23,  3.81it/s]
 35%|███▌      | 1052/2973 [04:30<08:12,  3.90it/s]
 35%|███▌      | 1053/2973 [04:30<08:02,  3.98it/s]
 35%|███▌      | 1054/2973 [04:30<08:22,  3.82it/s]
 35%|███▌      | 1055/2973 [04:30<08:16,  3.86it/s]
 36%|███▌      | 1056/2973 [04:31<08:12,  3.89it/s]
 36%|███▌      | 1057/2973 [04:31<08:23,  3.80it/s]
 36%|███▌      | 1058/2973 [04:31<08:11,  3.89it/s]
 36%|███▌      | 1059/2973 [04:31<08:03,  3.96it/s]
 36%|███▌      | 1060/2973 [04:32<08:17,  3.85it/s]
 36%|███▌      | 1061/2973 [04:32<08:06,  3.93it/s]
 36%|███▌      | 1062/2973 [04:32<07:58,  3.99it/s]
 36%|███▌      | 1063/2973 [04:32<08:14,  3.87it/s]
 36%|███▌      | 1064/2973 [04:33<08:03,  3.94it/s]
 36%|███▌      | 1065/2973 [04:33<07:56,  4.00it/s]
 36%|███▌      | 1066/2973 [04:33<07:57,  3.99it/s]
 36%|███▌      | 1067/2973 [04:33<07:56,  4.00it/s]
 36%|███▌      | 1068/2973 [04:34<07:56,  4.00it/s]
 36%|███▌      | 1069/2973 [04:34<08:10,  3.88it/s]
 36%|███▌      | 1070/2973 [04:34<08:01,  3.95it/s]
 36%|███▌      | 1071/2973 [04:34<07:55,  4.00it/s]
 36%|███▌      | 1072/2973 [04:35<07:55,  4.00it/s]
 36%|███▌      | 1073/2973 [04:35<07:55,  3.99it/s]
 36%|███▌      | 1074/2973 [04:35<07:56,  3.99it/s]
 36%|███▌      | 1075/2973 [04:35<08:10,  3.87it/s]
 36%|███▌      | 1076/2973 [04:36<08:00,  3.95it/s]
 36%|███▌      | 1077/2973 [04:36<07:53,  4.00it/s]
 36%|███▋      | 1078/2973 [04:36<08:11,  3.85it/s]
 36%|███▋      | 1079/2973 [04:37<08:01,  3.94it/s]
 36%|███▋      | 1080/2973 [04:37<07:53,  4.00it/s]
 36%|███▋      | 1081/2973 [04:37<08:07,  3.88it/s]
 36%|███▋      | 1082/2973 [04:37<08:00,  3.94it/s]
 36%|███▋      | 1083/2973 [04:38<07:53,  3.99it/s]
 36%|███▋      | 1084/2973 [04:38<08:13,  3.83it/s]
 36%|███▋      | 1085/2973 [04:38<08:06,  3.88it/s]
 37%|███▋      | 1086/2973 [04:38<08:02,  3.91it/s]
 37%|███▋      | 1087/2973 [04:39<08:13,  3.82it/s]
 37%|███▋      | 1088/2973 [04:39<08:01,  3.91it/s]
 37%|███▋      | 1089/2973 [04:39<07:53,  3.98it/s]
 37%|███▋      | 1090/2973 [04:39<08:12,  3.83it/s]
 37%|███▋      | 1091/2973 [04:40<08:05,  3.88it/s]
 37%|███▋      | 1092/2973 [04:40<08:01,  3.91it/s]
 37%|███▋      | 1093/2973 [04:40<07:54,  3.96it/s]
 37%|███▋      | 1094/2973 [04:40<07:48,  4.01it/s]
 37%|███▋      | 1095/2973 [04:41<08:02,  3.89it/s]
 37%|███▋      | 1096/2973 [04:41<08:14,  3.80it/s]
 37%|███▋      | 1097/2973 [04:41<08:01,  3.89it/s]
 37%|███▋      | 1098/2973 [04:41<08:11,  3.81it/s]
 37%|███▋      | 1099/2973 [04:42<08:04,  3.87it/s]
 37%|███▋      | 1100/2973 [04:42<07:58,  3.91it/s]
 37%|███▋      | 1101/2973 [04:42<07:54,  3.95it/s]
 37%|███▋      | 1102/2973 [04:42<07:54,  3.95it/s]
 37%|███▋      | 1103/2973 [04:43<07:52,  3.96it/s]
 37%|███▋      | 1104/2973 [04:43<07:50,  3.97it/s]
 37%|███▋      | 1105/2973 [04:43<07:54,  3.94it/s]
 37%|███▋      | 1106/2973 [04:43<07:54,  3.93it/s]
 37%|███▋      | 1107/2973 [04:44<07:55,  3.92it/s]
 37%|███▋      | 1108/2973 [04:44<07:56,  3.91it/s]
 37%|███▋      | 1109/2973 [04:44<07:57,  3.90it/s]
 37%|███▋      | 1110/2973 [04:44<07:57,  3.90it/s]
 37%|███▋      | 1111/2973 [04:45<08:12,  3.78it/s]
 37%|███▋      | 1112/2973 [04:45<08:00,  3.88it/s]
 37%|███▋      | 1113/2973 [04:45<07:52,  3.94it/s]
 37%|███▋      | 1114/2973 [04:45<08:13,  3.77it/s]
 38%|███▊      | 1115/2973 [04:46<08:07,  3.81it/s]
 38%|███▊      | 1116/2973 [04:46<08:03,  3.84it/s]
 38%|███▊      | 1117/2973 [04:46<07:58,  3.88it/s]
 38%|███▊      | 1118/2973 [04:47<07:55,  3.90it/s]
 38%|███▊      | 1119/2973 [04:47<07:51,  3.93it/s]
 38%|███▊      | 1120/2973 [04:47<08:09,  3.79it/s]
 38%|███▊      | 1121/2973 [04:47<08:02,  3.84it/s]
 38%|███▊      | 1122/2973 [04:48<07:57,  3.87it/s]
 38%|███▊      | 1123/2973 [04:48<08:08,  3.79it/s]
 38%|███▊      | 1124/2973 [04:48<07:56,  3.88it/s]
 38%|███▊      | 1125/2973 [04:48<07:47,  3.95it/s]
 38%|███▊      | 1126/2973 [04:49<08:06,  3.80it/s]
 38%|███▊      | 1127/2973 [04:49<08:00,  3.84it/s]
 38%|███▊      | 1128/2973 [04:49<08:13,  3.74it/s]
 38%|███▊      | 1129/2973 [04:49<08:19,  3.69it/s]
 38%|███▊      | 1130/2973 [04:50<08:03,  3.81it/s]
 38%|███▊      | 1131/2973 [04:50<07:53,  3.89it/s]
 38%|███▊      | 1132/2973 [04:50<08:11,  3.75it/s]
 38%|███▊      | 1133/2973 [04:50<08:04,  3.80it/s]
 38%|███▊      | 1134/2973 [04:51<07:57,  3.85it/s]
 38%|███▊      | 1135/2973 [04:51<07:56,  3.86it/s]
 38%|███▊      | 1136/2973 [04:51<07:54,  3.87it/s]
 38%|███▊      | 1137/2973 [04:52<08:12,  3.73it/s]
 38%|███▊      | 1138/2973 [04:52<07:59,  3.83it/s]
 38%|███▊      | 1139/2973 [04:52<07:48,  3.92it/s]
 38%|███▊      | 1140/2973 [04:52<07:40,  3.98it/s]
 38%|███▊      | 1141/2973 [04:53<07:55,  3.86it/s]
 38%|███▊      | 1142/2973 [04:53<07:45,  3.93it/s]
 38%|███▊      | 1143/2973 [04:53<07:38,  3.99it/s]
 38%|███▊      | 1144/2973 [04:53<07:57,  3.83it/s]
 39%|███▊      | 1145/2973 [04:54<07:52,  3.87it/s]
 39%|███▊      | 1146/2973 [04:54<07:48,  3.90it/s]
 39%|███▊      | 1147/2973 [04:54<08:05,  3.76it/s]
 39%|███▊      | 1148/2973 [04:54<07:56,  3.83it/s]
 39%|███▊      | 1149/2973 [04:55<07:50,  3.88it/s]
 39%|███▊      | 1150/2973 [04:55<07:59,  3.80it/s]
 39%|███▊      | 1151/2973 [04:55<07:46,  3.91it/s]
 39%|███▊      | 1152/2973 [04:55<07:55,  3.83it/s]
 39%|███▉      | 1153/2973 [04:56<08:08,  3.72it/s]
 39%|███▉      | 1154/2973 [04:56<08:01,  3.78it/s]
 39%|███▉      | 1155/2973 [04:56<07:54,  3.83it/s]
 39%|███▉      | 1156/2973 [04:56<08:01,  3.77it/s]
 39%|███▉      | 1157/2973 [04:57<07:48,  3.88it/s]
 39%|███▉      | 1158/2973 [04:57<07:39,  3.95it/s]
 39%|███▉      | 1159/2973 [04:57<07:53,  3.83it/s]
 39%|███▉      | 1160/2973 [04:57<07:43,  3.91it/s]
 39%|███▉      | 1161/2973 [04:58<07:37,  3.96it/s]
 39%|███▉      | 1162/2973 [04:58<07:54,  3.81it/s]
 39%|███▉      | 1163/2973 [04:58<07:47,  3.87it/s]
 39%|███▉      | 1164/2973 [04:58<07:43,  3.90it/s]
 39%|███▉      | 1165/2973 [04:59<07:58,  3.78it/s]
 39%|███▉      | 1166/2973 [04:59<07:51,  3.84it/s]
 39%|███▉      | 1167/2973 [04:59<07:46,  3.87it/s]
 39%|███▉      | 1168/2973 [05:00<08:04,  3.72it/s]
 39%|███▉      | 1169/2973 [05:00<07:58,  3.77it/s]
 39%|███▉      | 1170/2973 [05:00<07:53,  3.80it/s]
 39%|███▉      | 1171/2973 [05:00<08:01,  3.74it/s]
 39%|███▉      | 1172/2973 [05:01<07:47,  3.85it/s]
 39%|███▉      | 1173/2973 [05:01<07:35,  3.95it/s]
 39%|███▉      | 1174/2973 [05:01<07:53,  3.80it/s]
 40%|███▉      | 1175/2973 [05:01<07:46,  3.85it/s]
 40%|███▉      | 1176/2973 [05:02<07:42,  3.88it/s]
 40%|███▉      | 1177/2973 [05:02<07:53,  3.80it/s]
 40%|███▉      | 1178/2973 [05:02<07:41,  3.89it/s]
 40%|███▉      | 1179/2973 [05:02<07:33,  3.95it/s]
 40%|███▉      | 1180/2973 [05:03<07:36,  3.93it/s]
 40%|███▉      | 1181/2973 [05:03<07:37,  3.91it/s]
 40%|███▉      | 1182/2973 [05:03<07:38,  3.91it/s]
 40%|███▉      | 1183/2973 [05:03<08:15,  3.61it/s]
 40%|███▉      | 1184/2973 [05:04<08:24,  3.55it/s]
 40%|███▉      | 1185/2973 [05:04<08:47,  3.39it/s]
 40%|███▉      | 1186/2973 [05:04<08:37,  3.45it/s]
 40%|███▉      | 1187/2973 [05:05<08:11,  3.63it/s]
 40%|███▉      | 1188/2973 [05:05<08:14,  3.61it/s]
 40%|███▉      | 1189/2973 [05:05<08:04,  3.68it/s]
 40%|████      | 1190/2973 [05:05<07:56,  3.74it/s]
 40%|████      | 1191/2973 [05:06<07:51,  3.78it/s]
 40%|████      | 1192/2973 [05:06<07:40,  3.87it/s]
 40%|████      | 1193/2973 [05:06<07:31,  3.95it/s]
 40%|████      | 1194/2973 [05:06<07:25,  3.99it/s]
 40%|████      | 1195/2973 [05:07<07:44,  3.83it/s]
 40%|████      | 1196/2973 [05:07<07:38,  3.88it/s]
 40%|████      | 1197/2973 [05:07<07:34,  3.90it/s]
 40%|████      | 1198/2973 [05:07<07:50,  3.77it/s]
 40%|████      | 1199/2973 [05:08<07:43,  3.83it/s]
 40%|████      | 1200/2973 [05:08<07:37,  3.88it/s]
 40%|████      | 1201/2973 [05:08<07:46,  3.80it/s]
 40%|████      | 1202/2973 [05:08<07:35,  3.89it/s]
 40%|████      | 1203/2973 [05:09<07:28,  3.95it/s]
 40%|████      | 1204/2973 [05:09<07:45,  3.80it/s]
 41%|████      | 1205/2973 [05:09<07:39,  3.85it/s]
 41%|████      | 1206/2973 [05:10<07:34,  3.89it/s]
 41%|████      | 1207/2973 [05:10<07:49,  3.76it/s]
 41%|████      | 1208/2973 [05:10<07:42,  3.82it/s]
 41%|████      | 1209/2973 [05:10<07:53,  3.72it/s]
 41%|████      | 1210/2973 [05:11<07:57,  3.69it/s]
 41%|████      | 1211/2973 [05:11<07:42,  3.81it/s]
 41%|████      | 1212/2973 [05:11<07:31,  3.90it/s]
 41%|████      | 1213/2973 [05:11<07:43,  3.80it/s]
 41%|████      | 1214/2973 [05:12<07:34,  3.87it/s]
 41%|████      | 1215/2973 [05:12<07:26,  3.94it/s]
 41%|████      | 1216/2973 [05:12<07:24,  3.95it/s]
 41%|████      | 1217/2973 [05:12<07:41,  3.80it/s]
 41%|████      | 1218/2973 [05:13<07:35,  3.86it/s]
 41%|████      | 1219/2973 [05:13<07:51,  3.72it/s]
 41%|████      | 1220/2973 [05:13<07:42,  3.79it/s]
 41%|████      | 1221/2973 [05:13<07:36,  3.84it/s]
 41%|████      | 1222/2973 [05:14<07:35,  3.84it/s]
 41%|████      | 1223/2973 [05:14<07:34,  3.85it/s]
 41%|████      | 1224/2973 [05:14<07:33,  3.86it/s]
 41%|████      | 1225/2973 [05:15<07:48,  3.73it/s]
 41%|████      | 1226/2973 [05:15<07:39,  3.80it/s]
 41%|████▏     | 1227/2973 [05:15<07:33,  3.85it/s]
 41%|████▏     | 1228/2973 [05:15<07:41,  3.78it/s]
 41%|████▏     | 1229/2973 [05:16<07:29,  3.88it/s]
 41%|████▏     | 1230/2973 [05:16<07:21,  3.95it/s]
 41%|████▏     | 1231/2973 [05:16<07:33,  3.84it/s]
 41%|████▏     | 1232/2973 [05:16<07:24,  3.92it/s]
 41%|████▏     | 1233/2973 [05:17<07:19,  3.96it/s]
 42%|████▏     | 1234/2973 [05:17<07:20,  3.95it/s]
 42%|████▏     | 1235/2973 [05:17<07:18,  3.97it/s]
 42%|████▏     | 1236/2973 [05:17<07:16,  3.98it/s]
 42%|████▏     | 1237/2973 [05:18<07:39,  3.78it/s]
 42%|████▏     | 1238/2973 [05:18<07:53,  3.66it/s]
 42%|████▏     | 1239/2973 [05:18<08:04,  3.58it/s]
 42%|████▏     | 1240/2973 [05:18<07:45,  3.72it/s]
 42%|████▏     | 1241/2973 [05:19<07:31,  3.84it/s]
 42%|████▏     | 1242/2973 [05:19<07:21,  3.92it/s]
 42%|████▏     | 1243/2973 [05:19<07:17,  3.95it/s]
 42%|████▏     | 1244/2973 [05:19<07:12,  4.00it/s]
 42%|████▏     | 1245/2973 [05:20<07:09,  4.03it/s]
 42%|████▏     | 1246/2973 [05:20<07:11,  4.00it/s]
 42%|████▏     | 1247/2973 [05:20<07:11,  4.00it/s]
 42%|████▏     | 1248/2973 [05:20<07:12,  3.99it/s]
 42%|████▏     | 1249/2973 [05:21<07:51,  3.65it/s]
 42%|████▏     | 1250/2973 [05:21<08:01,  3.58it/s]
 42%|████▏     | 1251/2973 [05:21<08:07,  3.53it/s]
 42%|████▏     | 1252/2973 [05:22<08:11,  3.50it/s]
 42%|████▏     | 1253/2973 [05:22<07:55,  3.61it/s]
 42%|████▏     | 1254/2973 [05:22<07:45,  3.69it/s]
 42%|████▏     | 1255/2973 [05:22<07:51,  3.64it/s]
 42%|████▏     | 1256/2973 [05:23<07:37,  3.75it/s]
 42%|████▏     | 1257/2973 [05:23<07:27,  3.83it/s]
 42%|████▏     | 1258/2973 [05:23<07:23,  3.87it/s]
 42%|████▏     | 1259/2973 [05:23<07:18,  3.91it/s]
 42%|████▏     | 1260/2973 [05:24<07:15,  3.93it/s]
 42%|████▏     | 1261/2973 [05:24<07:15,  3.93it/s]
 42%|████▏     | 1262/2973 [05:24<07:13,  3.95it/s]
 42%|████▏     | 1263/2973 [05:24<07:29,  3.81it/s]
 43%|████▎     | 1264/2973 [05:25<07:36,  3.75it/s]
 43%|████▎     | 1265/2973 [05:25<07:22,  3.86it/s]
 43%|████▎     | 1266/2973 [05:25<07:30,  3.79it/s]
 43%|████▎     | 1267/2973 [05:26<07:36,  3.73it/s]
 43%|████▎     | 1268/2973 [05:26<07:23,  3.85it/s]
 43%|████▎     | 1269/2973 [05:26<07:13,  3.93it/s]
 43%|████▎     | 1270/2973 [05:26<07:27,  3.80it/s]
 43%|████▎     | 1271/2973 [05:27<07:19,  3.87it/s]
 43%|████▎     | 1272/2973 [05:27<07:14,  3.92it/s]
 43%|████▎     | 1273/2973 [05:27<07:29,  3.78it/s]
 43%|████▎     | 1274/2973 [05:27<07:22,  3.84it/s]
 43%|████▎     | 1275/2973 [05:28<07:16,  3.89it/s]
 43%|████▎     | 1276/2973 [05:28<07:26,  3.80it/s]
 43%|████▎     | 1277/2973 [05:28<07:15,  3.89it/s]
 43%|████▎     | 1278/2973 [05:28<07:24,  3.81it/s]
 43%|████▎     | 1279/2973 [05:29<07:36,  3.71it/s]
 43%|████▎     | 1280/2973 [05:29<07:26,  3.79it/s]
 43%|████▎     | 1281/2973 [05:29<07:19,  3.85it/s]
 43%|████▎     | 1282/2973 [05:29<07:28,  3.77it/s]
 43%|████▎     | 1283/2973 [05:30<07:16,  3.88it/s]
 43%|████▎     | 1284/2973 [05:30<07:09,  3.93it/s]
 43%|████▎     | 1285/2973 [05:30<07:24,  3.79it/s]
 43%|████▎     | 1286/2973 [05:30<07:18,  3.85it/s]
 43%|████▎     | 1287/2973 [05:31<07:13,  3.89it/s]
 43%|████▎     | 1288/2973 [05:31<09:09,  3.07it/s]
 43%|████▎     | 1289/2973 [05:31<08:26,  3.32it/s]
 43%|████▎     | 1290/2973 [05:32<07:56,  3.53it/s]
 43%|████▎     | 1291/2973 [05:32<08:00,  3.50it/s]
 43%|████▎     | 1292/2973 [05:32<07:43,  3.63it/s]
 43%|████▎     | 1293/2973 [05:32<07:30,  3.73it/s]
 44%|████▎     | 1294/2973 [05:33<07:59,  3.50it/s]
 44%|████▎     | 1295/2973 [05:33<08:01,  3.49it/s]
 44%|████▎     | 1296/2973 [05:33<08:02,  3.48it/s]
 44%|████▎     | 1297/2973 [05:34<08:01,  3.48it/s]
 44%|████▎     | 1298/2973 [05:34<07:43,  3.61it/s]
 44%|████▎     | 1299/2973 [05:34<07:30,  3.72it/s]
 44%|████▎     | 1300/2973 [05:34<07:18,  3.82it/s]
 44%|████▍     | 1301/2973 [05:35<07:08,  3.90it/s]
 44%|████▍     | 1302/2973 [05:35<07:00,  3.97it/s]
 44%|████▍     | 1303/2973 [05:35<07:17,  3.81it/s]
 44%|████▍     | 1304/2973 [05:35<07:11,  3.87it/s]
 44%|████▍     | 1305/2973 [05:36<07:08,  3.89it/s]
 44%|████▍     | 1306/2973 [05:36<07:05,  3.92it/s]
 44%|████▍     | 1307/2973 [05:36<07:02,  3.94it/s]
 44%|████▍     | 1308/2973 [05:36<07:17,  3.80it/s]
 44%|████▍     | 1309/2973 [05:37<07:08,  3.88it/s]
 44%|████▍     | 1310/2973 [05:37<07:00,  3.95it/s]
 44%|████▍     | 1311/2973 [05:37<06:54,  4.01it/s]
 44%|████▍     | 1312/2973 [05:38<07:17,  3.80it/s]
 44%|████▍     | 1313/2973 [05:38<07:32,  3.67it/s]
 44%|████▍     | 1314/2973 [05:38<07:42,  3.58it/s]
 44%|████▍     | 1315/2973 [05:38<07:25,  3.72it/s]
 44%|████▍     | 1316/2973 [05:39<07:12,  3.83it/s]
 44%|████▍     | 1317/2973 [05:39<07:02,  3.92it/s]
 44%|████▍     | 1318/2973 [05:39<07:12,  3.83it/s]
 44%|████▍     | 1319/2973 [05:39<07:02,  3.91it/s]
 44%|████▍     | 1320/2973 [05:40<06:55,  3.97it/s]
 44%|████▍     | 1321/2973 [05:40<07:15,  3.80it/s]
 44%|████▍     | 1322/2973 [05:40<07:27,  3.69it/s]
 45%|████▍     | 1323/2973 [05:40<07:36,  3.62it/s]
 45%|████▍     | 1324/2973 [05:41<07:40,  3.58it/s]
 45%|████▍     | 1325/2973 [05:41<07:24,  3.70it/s]
 45%|████▍     | 1326/2973 [05:41<07:30,  3.66it/s]
 45%|████▍     | 1327/2973 [05:42<07:32,  3.64it/s]
 45%|████▍     | 1328/2973 [05:42<07:15,  3.78it/s]
 45%|████▍     | 1329/2973 [05:42<07:03,  3.88it/s]
 45%|████▍     | 1330/2973 [05:42<07:12,  3.80it/s]
 45%|████▍     | 1331/2973 [05:43<07:02,  3.88it/s]
 45%|████▍     | 1332/2973 [05:43<06:56,  3.94it/s]
 45%|████▍     | 1333/2973 [05:43<06:54,  3.96it/s]
 45%|████▍     | 1334/2973 [05:43<06:52,  3.98it/s]
 45%|████▍     | 1335/2973 [05:44<06:51,  3.98it/s]
 45%|████▍     | 1336/2973 [05:44<07:07,  3.83it/s]
 45%|████▍     | 1337/2973 [05:44<07:01,  3.88it/s]
 45%|████▌     | 1338/2973 [05:44<06:57,  3.92it/s]
 45%|████▌     | 1339/2973 [05:45<07:08,  3.81it/s]
 45%|████▌     | 1340/2973 [05:45<06:58,  3.90it/s]
 45%|████▌     | 1341/2973 [05:45<06:52,  3.96it/s]
 45%|████▌     | 1342/2973 [05:45<07:04,  3.84it/s]
 45%|████▌     | 1343/2973 [05:46<06:56,  3.91it/s]
 45%|████▌     | 1344/2973 [05:46<06:52,  3.95it/s]
 45%|████▌     | 1345/2973 [05:46<07:08,  3.80it/s]
 45%|████▌     | 1346/2973 [05:46<07:03,  3.85it/s]
 45%|████▌     | 1347/2973 [05:47<06:58,  3.88it/s]
 45%|████▌     | 1348/2973 [05:47<06:55,  3.91it/s]
 45%|████▌     | 1349/2973 [05:47<06:51,  3.94it/s]
 45%|████▌     | 1350/2973 [05:47<06:49,  3.96it/s]
 45%|████▌     | 1351/2973 [05:48<07:06,  3.81it/s]
 45%|████▌     | 1352/2973 [05:48<06:58,  3.87it/s]
 46%|████▌     | 1353/2973 [05:48<06:54,  3.91it/s]
 46%|████▌     | 1354/2973 [05:48<07:05,  3.81it/s]
 46%|████▌     | 1355/2973 [05:49<06:55,  3.89it/s]
 46%|████▌     | 1356/2973 [05:49<06:49,  3.95it/s]
 46%|████▌     | 1357/2973 [05:49<07:02,  3.83it/s]
 46%|████▌     | 1358/2973 [05:49<06:52,  3.91it/s]
 46%|████▌     | 1359/2973 [05:50<06:46,  3.97it/s]
 46%|████▌     | 1360/2973 [05:50<06:47,  3.96it/s]
 46%|████▌     | 1361/2973 [05:50<06:47,  3.96it/s]
 46%|████▌     | 1362/2973 [05:50<06:47,  3.95it/s]
 46%|████▌     | 1363/2973 [05:51<07:03,  3.80it/s]
 46%|████▌     | 1364/2973 [05:51<06:57,  3.86it/s]
 46%|████▌     | 1365/2973 [05:51<06:52,  3.89it/s]
 46%|████▌     | 1366/2973 [05:52<07:06,  3.77it/s]
 46%|████▌     | 1367/2973 [05:52<07:02,  3.80it/s]
 46%|████▌     | 1368/2973 [05:52<06:57,  3.84it/s]
 46%|████▌     | 1369/2973 [05:52<07:06,  3.76it/s]
 46%|████▌     | 1370/2973 [05:53<06:55,  3.86it/s]
 46%|████▌     | 1371/2973 [05:53<06:47,  3.93it/s]
 46%|████▌     | 1372/2973 [05:53<06:59,  3.82it/s]
 46%|████▌     | 1373/2973 [05:53<06:50,  3.90it/s]
 46%|████▌     | 1374/2973 [05:54<06:43,  3.97it/s]
 46%|████▌     | 1375/2973 [05:54<06:54,  3.86it/s]
 46%|████▋     | 1376/2973 [05:54<06:44,  3.95it/s]
 46%|████▋     | 1377/2973 [05:54<06:37,  4.01it/s]
 46%|████▋     | 1378/2973 [05:55<06:34,  4.04it/s]
 46%|████▋     | 1379/2973 [05:55<06:31,  4.07it/s]
 46%|████▋     | 1380/2973 [05:55<06:30,  4.08it/s]
 46%|████▋     | 1381/2973 [05:55<06:33,  4.05it/s]
 46%|████▋     | 1382/2973 [05:56<06:35,  4.02it/s]
 47%|████▋     | 1383/2973 [05:56<06:35,  4.02it/s]
 47%|████▋     | 1384/2973 [05:56<06:48,  3.89it/s]
 47%|████▋     | 1385/2973 [05:56<06:41,  3.96it/s]
 47%|████▋     | 1386/2973 [05:57<06:35,  4.01it/s]
 47%|████▋     | 1387/2973 [05:57<06:52,  3.85it/s]
 47%|████▋     | 1388/2973 [05:57<06:46,  3.90it/s]
 47%|████▋     | 1389/2973 [05:57<06:42,  3.94it/s]
 47%|████▋     | 1390/2973 [05:58<06:57,  3.79it/s]
 47%|████▋     | 1391/2973 [05:58<06:50,  3.85it/s]
 47%|████▋     | 1392/2973 [05:58<06:46,  3.89it/s]
 47%|████▋     | 1393/2973 [05:58<06:56,  3.80it/s]
 47%|████▋     | 1394/2973 [05:59<06:46,  3.89it/s]
 47%|████▋     | 1395/2973 [05:59<06:38,  3.96it/s]
 47%|████▋     | 1396/2973 [05:59<06:35,  3.99it/s]
 47%|████▋     | 1397/2973 [05:59<06:30,  4.03it/s]
 47%|████▋     | 1398/2973 [06:00<06:27,  4.06it/s]
 47%|████▋     | 1399/2973 [06:00<06:46,  3.87it/s]
 47%|████▋     | 1400/2973 [06:00<06:42,  3.91it/s]
 47%|████▋     | 1401/2973 [06:00<06:40,  3.93it/s]
 47%|████▋     | 1402/2973 [06:01<06:56,  3.77it/s]
 47%|████▋     | 1403/2973 [06:01<06:49,  3.84it/s]
 47%|████▋     | 1404/2973 [06:01<06:44,  3.87it/s]
 47%|████▋     | 1405/2973 [06:02<06:52,  3.80it/s]
 47%|████▋     | 1406/2973 [06:02<06:42,  3.89it/s]
 47%|████▋     | 1407/2973 [06:02<06:35,  3.96it/s]
 47%|████▋     | 1408/2973 [06:02<06:34,  3.97it/s]
 47%|████▋     | 1409/2973 [06:02<06:34,  3.96it/s]
 47%|████▋     | 1410/2973 [06:03<06:48,  3.83it/s]
 47%|████▋     | 1411/2973 [06:03<07:01,  3.71it/s]
 47%|████▋     | 1412/2973 [06:03<06:52,  3.78it/s]
 48%|████▊     | 1413/2973 [06:04<06:46,  3.84it/s]
 48%|████▊     | 1414/2973 [06:04<06:38,  3.91it/s]
 48%|████▊     | 1415/2973 [06:04<06:32,  3.97it/s]
 48%|████▊     | 1416/2973 [06:04<06:27,  4.01it/s]
 48%|████▊     | 1417/2973 [06:05<06:41,  3.88it/s]
 48%|████▊     | 1418/2973 [06:05<06:33,  3.95it/s]
 48%|████▊     | 1419/2973 [06:05<06:28,  4.00it/s]
 48%|████▊     | 1420/2973 [06:05<06:47,  3.81it/s]
 48%|████▊     | 1421/2973 [06:06<06:42,  3.86it/s]
 48%|████▊     | 1422/2973 [06:06<06:39,  3.88it/s]
 48%|████▊     | 1423/2973 [06:06<06:33,  3.94it/s]
 48%|████▊     | 1424/2973 [06:06<06:27,  4.00it/s]
 48%|████▊     | 1425/2973 [06:07<06:23,  4.04it/s]
 48%|████▊     | 1426/2973 [06:07<06:36,  3.90it/s]
 48%|████▊     | 1427/2973 [06:07<06:30,  3.96it/s]
 48%|████▊     | 1428/2973 [06:07<06:25,  4.00it/s]
 48%|████▊     | 1429/2973 [06:08<06:37,  3.88it/s]
 48%|████▊     | 1430/2973 [06:08<06:30,  3.95it/s]
 48%|████▊     | 1431/2973 [06:08<06:25,  4.00it/s]
 48%|████▊     | 1432/2973 [06:08<06:47,  3.78it/s]
 48%|████▊     | 1433/2973 [06:09<06:43,  3.82it/s]
 48%|████▊     | 1434/2973 [06:09<06:40,  3.84it/s]
 48%|████▊     | 1435/2973 [06:09<06:51,  3.73it/s]
 48%|████▊     | 1436/2973 [06:09<06:43,  3.81it/s]
 48%|████▊     | 1437/2973 [06:10<06:37,  3.86it/s]
 48%|████▊     | 1438/2973 [06:10<06:33,  3.90it/s]
 48%|████▊     | 1439/2973 [06:10<06:27,  3.96it/s]
 48%|████▊     | 1440/2973 [06:10<06:37,  3.86it/s]
 48%|████▊     | 1441/2973 [06:11<06:46,  3.77it/s]
 49%|████▊     | 1442/2973 [06:11<06:35,  3.87it/s]
 49%|████▊     | 1443/2973 [06:11<06:43,  3.80it/s]
 49%|████▊     | 1444/2973 [06:12<06:48,  3.74it/s]
 49%|████▊     | 1445/2973 [06:12<06:36,  3.85it/s]
 49%|████▊     | 1446/2973 [06:12<06:28,  3.93it/s]
 49%|████▊     | 1447/2973 [06:12<06:38,  3.83it/s]
 49%|████▊     | 1448/2973 [06:13<06:29,  3.91it/s]
 49%|████▊     | 1449/2973 [06:13<06:23,  3.98it/s]
 49%|████▉     | 1450/2973 [06:13<06:35,  3.85it/s]
 49%|████▉     | 1451/2973 [06:13<06:27,  3.93it/s]
 49%|████▉     | 1452/2973 [06:14<06:21,  3.98it/s]
 49%|████▉     | 1453/2973 [06:14<06:22,  3.97it/s]
 49%|████▉     | 1454/2973 [06:14<06:21,  3.98it/s]
 49%|████▉     | 1455/2973 [06:14<06:36,  3.83it/s]
 49%|████▉     | 1456/2973 [06:15<06:26,  3.92it/s]
 49%|████▉     | 1457/2973 [06:15<06:18,  4.00it/s]
 49%|████▉     | 1458/2973 [06:15<06:28,  3.90it/s]
 49%|████▉     | 1459/2973 [06:15<06:42,  3.77it/s]
 49%|████▉     | 1460/2973 [06:16<06:34,  3.83it/s]
 49%|████▉     | 1461/2973 [06:16<06:30,  3.88it/s]
 49%|████▉     | 1462/2973 [06:16<07:01,  3.59it/s]
 49%|████▉     | 1463/2973 [06:17<07:07,  3.53it/s]
 49%|████▉     | 1464/2973 [06:17<07:10,  3.50it/s]
 49%|████▉     | 1465/2973 [06:17<07:04,  3.55it/s]
 49%|████▉     | 1466/2973 [06:17<06:45,  3.71it/s]
 49%|████▉     | 1467/2973 [06:18<06:32,  3.84it/s]
 49%|████▉     | 1468/2973 [06:18<06:39,  3.77it/s]
 49%|████▉     | 1469/2973 [06:18<06:29,  3.87it/s]
 49%|████▉     | 1470/2973 [06:18<06:21,  3.94it/s]
 49%|████▉     | 1471/2973 [06:19<06:32,  3.83it/s]
 50%|████▉     | 1472/2973 [06:19<06:23,  3.92it/s]
 50%|████▉     | 1473/2973 [06:19<06:17,  3.98it/s]
 50%|████▉     | 1474/2973 [06:19<06:31,  3.83it/s]
 50%|████▉     | 1475/2973 [06:20<06:26,  3.88it/s]
 50%|████▉     | 1476/2973 [06:20<06:22,  3.91it/s]
 50%|████▉     | 1477/2973 [06:20<06:32,  3.81it/s]
 50%|████▉     | 1478/2973 [06:20<06:23,  3.90it/s]
 50%|████▉     | 1479/2973 [06:21<06:32,  3.81it/s]
 50%|████▉     | 1480/2973 [06:21<06:39,  3.74it/s]
 50%|████▉     | 1481/2973 [06:21<06:27,  3.85it/s]
 50%|████▉     | 1482/2973 [06:21<06:19,  3.92it/s]
 50%|████▉     | 1483/2973 [06:22<06:31,  3.81it/s]
 50%|████▉     | 1484/2973 [06:22<06:25,  3.86it/s]
 50%|████▉     | 1485/2973 [06:22<06:27,  3.84it/s]
 50%|████▉     | 1486/2973 [06:22<06:37,  3.74it/s]
 50%|█████     | 1487/2973 [06:23<06:29,  3.82it/s]
 50%|█████     | 1488/2973 [06:23<06:23,  3.87it/s]
 50%|█████     | 1489/2973 [06:23<06:16,  3.94it/s]
 50%|█████     | 1490/2973 [06:23<06:11,  3.99it/s]
 50%|█████     | 1491/2973 [06:24<06:07,  4.03it/s]
 50%|█████     | 1492/2973 [06:24<06:05,  4.05it/s]
 50%|█████     | 1493/2973 [06:24<06:03,  4.07it/s]
 50%|█████     | 1494/2973 [06:24<06:01,  4.09it/s]
 50%|█████     | 1495/2973 [06:25<06:18,  3.90it/s]
 50%|█████     | 1496/2973 [06:25<06:15,  3.94it/s]
 50%|█████     | 1497/2973 [06:25<06:11,  3.97it/s]
 50%|█████     | 1498/2973 [06:26<06:22,  3.86it/s]
 50%|█████     | 1499/2973 [06:26<06:15,  3.93it/s]
 50%|█████     | 1500/2973 [06:26<06:09,  3.98it/s]
 50%|█████     | 1501/2973 [06:26<06:08,  4.00it/s]
 51%|█████     | 1502/2973 [06:26<06:04,  4.03it/s]
 51%|█████     | 1503/2973 [06:27<06:02,  4.05it/s]
 51%|█████     | 1504/2973 [06:27<06:08,  3.98it/s]
 51%|█████     | 1505/2973 [06:27<06:11,  3.95it/s]
 51%|█████     | 1506/2973 [06:28<06:28,  3.78it/s]
 51%|█████     | 1507/2973 [06:28<06:23,  3.83it/s]
 51%|█████     | 1508/2973 [06:28<06:18,  3.87it/s]
 51%|█████     | 1509/2973 [06:28<06:15,  3.89it/s]
 51%|█████     | 1510/2973 [06:29<06:28,  3.76it/s]
 51%|█████     | 1511/2973 [06:29<06:22,  3.82it/s]
 51%|█████     | 1512/2973 [06:29<06:17,  3.87it/s]
 51%|█████     | 1513/2973 [06:29<06:11,  3.93it/s]
 51%|█████     | 1514/2973 [06:30<06:22,  3.81it/s]
 51%|█████     | 1515/2973 [06:30<06:14,  3.89it/s]
 51%|█████     | 1516/2973 [06:30<06:07,  3.96it/s]
 51%|█████     | 1517/2973 [06:30<06:01,  4.03it/s]
 51%|█████     | 1518/2973 [06:31<05:58,  4.06it/s]
 51%|█████     | 1519/2973 [06:31<06:10,  3.93it/s]
 51%|█████     | 1520/2973 [06:31<06:02,  4.01it/s]
 51%|█████     | 1521/2973 [06:31<05:57,  4.06it/s]
 51%|█████     | 1522/2973 [06:32<05:58,  4.05it/s]
 51%|█████     | 1523/2973 [06:32<05:56,  4.07it/s]
 51%|█████▏    | 1524/2973 [06:32<05:54,  4.09it/s]
 51%|█████▏    | 1525/2973 [06:32<06:03,  3.99it/s]
 51%|█████▏    | 1526/2973 [06:33<06:08,  3.92it/s]
 51%|█████▏    | 1527/2973 [06:33<06:09,  3.91it/s]
 51%|█████▏    | 1528/2973 [06:33<06:18,  3.82it/s]
 51%|█████▏    | 1529/2973 [06:33<06:10,  3.90it/s]
 51%|█████▏    | 1530/2973 [06:34<06:04,  3.96it/s]
 51%|█████▏    | 1531/2973 [06:34<06:04,  3.95it/s]
 52%|█████▏    | 1532/2973 [06:34<06:03,  3.96it/s]
 52%|█████▏    | 1533/2973 [06:34<06:02,  3.97it/s]
 52%|█████▏    | 1534/2973 [06:35<06:09,  3.89it/s]
 52%|█████▏    | 1535/2973 [06:35<05:59,  4.00it/s]
 52%|█████▏    | 1536/2973 [06:35<05:52,  4.08it/s]
 52%|█████▏    | 1537/2973 [06:35<06:08,  3.90it/s]
 52%|█████▏    | 1538/2973 [06:36<06:04,  3.94it/s]
 52%|█████▏    | 1539/2973 [06:36<06:02,  3.96it/s]
 52%|█████▏    | 1540/2973 [06:36<05:58,  3.99it/s]
 52%|█████▏    | 1541/2973 [06:36<05:54,  4.04it/s]
 52%|█████▏    | 1542/2973 [06:37<05:52,  4.06it/s]
 52%|█████▏    | 1543/2973 [06:37<06:02,  3.95it/s]
 52%|█████▏    | 1544/2973 [06:37<06:08,  3.88it/s]
 52%|█████▏    | 1545/2973 [06:37<05:57,  3.99it/s]
 52%|█████▏    | 1546/2973 [06:38<06:08,  3.87it/s]
 52%|█████▏    | 1547/2973 [06:38<06:00,  3.96it/s]
 52%|█████▏    | 1548/2973 [06:38<05:54,  4.02it/s]
 52%|█████▏    | 1549/2973 [06:38<06:06,  3.88it/s]
 52%|█████▏    | 1550/2973 [06:39<06:00,  3.95it/s]
 52%|█████▏    | 1551/2973 [06:39<05:55,  4.00it/s]
 52%|█████▏    | 1552/2973 [06:39<05:53,  4.02it/s]
 52%|█████▏    | 1553/2973 [06:39<05:50,  4.05it/s]
 52%|█████▏    | 1554/2973 [06:40<05:48,  4.07it/s]
 52%|█████▏    | 1555/2973 [06:40<06:06,  3.87it/s]
 52%|█████▏    | 1556/2973 [06:40<06:02,  3.91it/s]
 52%|█████▏    | 1557/2973 [06:40<06:00,  3.92it/s]
 52%|█████▏    | 1558/2973 [06:41<07:39,  3.08it/s]
 52%|█████▏    | 1559/2973 [06:41<07:06,  3.31it/s]
 52%|█████▏    | 1560/2973 [06:41<06:41,  3.52it/s]
 53%|█████▎    | 1561/2973 [06:42<06:42,  3.51it/s]
 53%|█████▎    | 1562/2973 [06:42<06:27,  3.64it/s]
 53%|█████▎    | 1563/2973 [06:42<06:18,  3.72it/s]
 53%|█████▎    | 1564/2973 [06:42<06:29,  3.62it/s]
 53%|█████▎    | 1565/2973 [06:43<06:20,  3.70it/s]
 53%|█████▎    | 1566/2973 [06:43<06:15,  3.75it/s]
 53%|█████▎    | 1567/2973 [06:43<06:24,  3.65it/s]
 53%|█████▎    | 1568/2973 [06:44<06:15,  3.75it/s]
 53%|█████▎    | 1569/2973 [06:44<06:08,  3.82it/s]
 53%|█████▎    | 1570/2973 [06:44<06:04,  3.85it/s]
 53%|█████▎    | 1571/2973 [06:44<06:00,  3.89it/s]
 53%|█████▎    | 1572/2973 [06:45<05:57,  3.92it/s]
 53%|█████▎    | 1573/2973 [06:45<05:53,  3.96it/s]
 53%|█████▎    | 1574/2973 [06:45<05:48,  4.01it/s]
 53%|█████▎    | 1575/2973 [06:45<05:46,  4.04it/s]
 53%|█████▎    | 1576/2973 [06:46<05:58,  3.90it/s]
 53%|█████▎    | 1577/2973 [06:46<05:52,  3.96it/s]
 53%|█████▎    | 1578/2973 [06:46<06:01,  3.86it/s]
 53%|█████▎    | 1579/2973 [06:46<06:28,  3.58it/s]
 53%|█████▎    | 1580/2973 [06:47<06:33,  3.54it/s]
 53%|█████▎    | 1581/2973 [06:47<06:35,  3.52it/s]
 53%|█████▎    | 1582/2973 [06:47<06:33,  3.54it/s]
 53%|█████▎    | 1583/2973 [06:48<06:15,  3.70it/s]
 53%|█████▎    | 1584/2973 [06:48<06:04,  3.81it/s]
 53%|█████▎    | 1585/2973 [06:48<06:30,  3.55it/s]
 53%|█████▎    | 1586/2973 [06:48<06:34,  3.52it/s]
 53%|█████▎    | 1587/2973 [06:49<06:36,  3.50it/s]
 53%|█████▎    | 1588/2973 [06:49<06:19,  3.65it/s]
 53%|█████▎    | 1589/2973 [06:49<06:06,  3.78it/s]
 53%|█████▎    | 1590/2973 [06:49<05:56,  3.88it/s]
 54%|█████▎    | 1591/2973 [06:50<06:04,  3.79it/s]
 54%|█████▎    | 1592/2973 [06:50<05:55,  3.88it/s]
 54%|█████▎    | 1593/2973 [06:50<05:49,  3.95it/s]
 54%|█████▎    | 1594/2973 [06:50<05:45,  3.99it/s]
 54%|█████▎    | 1595/2973 [06:51<05:41,  4.03it/s]
 54%|█████▎    | 1596/2973 [06:51<05:38,  4.06it/s]
 54%|█████▎    | 1597/2973 [06:51<05:41,  4.03it/s]
 54%|█████▍    | 1598/2973 [06:51<05:41,  4.03it/s]
 54%|█████▍    | 1599/2973 [06:52<05:41,  4.03it/s]
 54%|█████▍    | 1600/2973 [06:52<05:56,  3.85it/s]
 54%|█████▍    | 1601/2973 [06:52<05:52,  3.90it/s]
 54%|█████▍    | 1602/2973 [06:52<05:49,  3.92it/s]
 54%|█████▍    | 1603/2973 [06:53<05:57,  3.83it/s]
 54%|█████▍    | 1604/2973 [06:53<05:47,  3.94it/s]
 54%|█████▍    | 1605/2973 [06:53<05:41,  4.01it/s]
 54%|█████▍    | 1606/2973 [06:53<05:55,  3.85it/s]
 54%|█████▍    | 1607/2973 [06:54<05:50,  3.90it/s]
 54%|█████▍    | 1608/2973 [06:54<05:44,  3.96it/s]
 54%|█████▍    | 1609/2973 [06:54<05:46,  3.93it/s]
 54%|█████▍    | 1610/2973 [06:54<05:49,  3.90it/s]
 54%|█████▍    | 1611/2973 [06:55<05:49,  3.89it/s]
 54%|█████▍    | 1612/2973 [06:55<06:02,  3.76it/s]
 54%|█████▍    | 1613/2973 [06:55<05:56,  3.82it/s]
 54%|█████▍    | 1614/2973 [06:56<05:52,  3.86it/s]
 54%|█████▍    | 1615/2973 [06:56<06:03,  3.73it/s]
 54%|█████▍    | 1616/2973 [06:56<05:57,  3.79it/s]
 54%|█████▍    | 1617/2973 [06:56<05:53,  3.83it/s]
 54%|█████▍    | 1618/2973 [06:57<06:00,  3.76it/s]
 54%|█████▍    | 1619/2973 [06:57<05:53,  3.83it/s]
 54%|█████▍    | 1620/2973 [06:57<05:47,  3.89it/s]
 55%|█████▍    | 1621/2973 [06:57<05:55,  3.80it/s]
 55%|█████▍    | 1622/2973 [06:58<05:47,  3.88it/s]
 55%|█████▍    | 1623/2973 [06:58<05:42,  3.94it/s]
 55%|█████▍    | 1624/2973 [06:58<05:57,  3.77it/s]
 55%|█████▍    | 1625/2973 [06:58<05:51,  3.83it/s]
 55%|█████▍    | 1626/2973 [06:59<05:47,  3.88it/s]
 55%|█████▍    | 1627/2973 [06:59<06:14,  3.60it/s]
 55%|█████▍    | 1628/2973 [06:59<06:18,  3.55it/s]
 55%|█████▍    | 1629/2973 [07:00<06:35,  3.40it/s]
 55%|█████▍    | 1630/2973 [07:00<06:28,  3.46it/s]
 55%|█████▍    | 1631/2973 [07:00<06:11,  3.62it/s]
 55%|█████▍    | 1632/2973 [07:00<05:57,  3.75it/s]
 55%|█████▍    | 1633/2973 [07:01<05:47,  3.85it/s]
 55%|█████▍    | 1634/2973 [07:01<05:42,  3.91it/s]
 55%|█████▍    | 1635/2973 [07:01<05:36,  3.98it/s]
 55%|█████▌    | 1636/2973 [07:01<05:50,  3.82it/s]
 55%|█████▌    | 1637/2973 [07:02<05:45,  3.87it/s]
 55%|█████▌    | 1638/2973 [07:02<05:55,  3.75it/s]
 55%|█████▌    | 1639/2973 [07:02<05:59,  3.71it/s]
 55%|█████▌    | 1640/2973 [07:02<05:48,  3.83it/s]
 55%|█████▌    | 1641/2973 [07:03<05:53,  3.77it/s]
 55%|█████▌    | 1642/2973 [07:03<05:48,  3.82it/s]
 55%|█████▌    | 1643/2973 [07:03<05:44,  3.86it/s]
 55%|█████▌    | 1644/2973 [07:03<05:41,  3.89it/s]
 55%|█████▌    | 1645/2973 [07:04<05:53,  3.76it/s]
 55%|█████▌    | 1646/2973 [07:04<05:46,  3.83it/s]
 55%|█████▌    | 1647/2973 [07:04<05:41,  3.88it/s]
 55%|█████▌    | 1648/2973 [07:05<05:40,  3.90it/s]
 55%|█████▌    | 1649/2973 [07:05<05:38,  3.92it/s]
 55%|█████▌    | 1650/2973 [07:05<05:36,  3.94it/s]
 56%|█████▌    | 1651/2973 [07:05<05:48,  3.79it/s]
 56%|█████▌    | 1652/2973 [07:06<05:43,  3.85it/s]
 56%|█████▌    | 1653/2973 [07:06<05:40,  3.88it/s]
 56%|█████▌    | 1654/2973 [07:06<05:51,  3.76it/s]
 56%|█████▌    | 1655/2973 [07:06<05:45,  3.81it/s]
 56%|█████▌    | 1656/2973 [07:07<05:54,  3.72it/s]
 56%|█████▌    | 1657/2973 [07:07<05:56,  3.69it/s]
 56%|█████▌    | 1658/2973 [07:07<05:45,  3.81it/s]
 56%|█████▌    | 1659/2973 [07:07<05:37,  3.90it/s]
 56%|█████▌    | 1660/2973 [07:08<05:31,  3.96it/s]
 56%|█████▌    | 1661/2973 [07:08<05:27,  4.01it/s]
 56%|█████▌    | 1662/2973 [07:08<05:24,  4.04it/s]
 56%|█████▌    | 1663/2973 [07:08<05:38,  3.86it/s]
 56%|█████▌    | 1664/2973 [07:09<05:35,  3.90it/s]
 56%|█████▌    | 1665/2973 [07:09<05:33,  3.92it/s]
 56%|█████▌    | 1666/2973 [07:09<05:46,  3.77it/s]
 56%|█████▌    | 1667/2973 [07:09<05:41,  3.83it/s]
 56%|█████▌    | 1668/2973 [07:10<05:39,  3.84it/s]
 56%|█████▌    | 1669/2973 [07:10<05:46,  3.76it/s]
 56%|█████▌    | 1670/2973 [07:10<05:37,  3.86it/s]
 56%|█████▌    | 1671/2973 [07:10<05:31,  3.93it/s]
 56%|█████▌    | 1672/2973 [07:11<05:43,  3.78it/s]
 56%|█████▋    | 1673/2973 [07:11<05:38,  3.84it/s]
 56%|█████▋    | 1674/2973 [07:11<05:35,  3.87it/s]
 56%|█████▋    | 1675/2973 [07:12<05:43,  3.77it/s]
 56%|█████▋    | 1676/2973 [07:12<05:35,  3.87it/s]
 56%|█████▋    | 1677/2973 [07:12<05:29,  3.94it/s]
 56%|█████▋    | 1678/2973 [07:12<05:37,  3.84it/s]
 56%|█████▋    | 1679/2973 [07:13<05:30,  3.92it/s]
 57%|█████▋    | 1680/2973 [07:13<05:25,  3.97it/s]
 57%|█████▋    | 1681/2973 [07:13<05:24,  3.99it/s]
 57%|█████▋    | 1682/2973 [07:13<05:20,  4.02it/s]
 57%|█████▋    | 1683/2973 [07:14<05:19,  4.04it/s]
 57%|█████▋    | 1684/2973 [07:14<05:34,  3.85it/s]
 57%|█████▋    | 1685/2973 [07:14<05:31,  3.89it/s]
 57%|█████▋    | 1686/2973 [07:14<05:28,  3.91it/s]
 57%|█████▋    | 1687/2973 [07:15<05:37,  3.81it/s]
 57%|█████▋    | 1688/2973 [07:15<05:29,  3.90it/s]
 57%|█████▋    | 1689/2973 [07:15<05:24,  3.96it/s]
 57%|█████▋    | 1690/2973 [07:15<05:34,  3.84it/s]
 57%|█████▋    | 1691/2973 [07:16<05:27,  3.92it/s]
 57%|█████▋    | 1692/2973 [07:16<05:34,  3.83it/s]
 57%|█████▋    | 1693/2973 [07:16<05:28,  3.90it/s]
 57%|█████▋    | 1694/2973 [07:16<05:21,  3.98it/s]
 57%|█████▋    | 1695/2973 [07:17<05:17,  4.02it/s]
 57%|█████▋    | 1696/2973 [07:17<05:30,  3.87it/s]
 57%|█████▋    | 1697/2973 [07:17<05:23,  3.94it/s]
 57%|█████▋    | 1698/2973 [07:17<05:18,  4.00it/s]
 57%|█████▋    | 1699/2973 [07:18<05:29,  3.86it/s]
 57%|█████▋    | 1700/2973 [07:18<05:23,  3.94it/s]
 57%|█████▋    | 1701/2973 [07:18<05:19,  3.98it/s]
 57%|█████▋    | 1702/2973 [07:18<05:34,  3.80it/s]
 57%|█████▋    | 1703/2973 [07:19<05:29,  3.85it/s]
 57%|█████▋    | 1704/2973 [07:19<05:26,  3.88it/s]
 57%|█████▋    | 1705/2973 [07:19<05:34,  3.80it/s]
 57%|█████▋    | 1706/2973 [07:19<05:25,  3.89it/s]
 57%|█████▋    | 1707/2973 [07:20<05:19,  3.97it/s]
 57%|█████▋    | 1708/2973 [07:20<05:31,  3.82it/s]
 57%|█████▋    | 1709/2973 [07:20<05:27,  3.87it/s]
 58%|█████▊    | 1710/2973 [07:20<05:23,  3.90it/s]
 58%|█████▊    | 1711/2973 [07:21<05:35,  3.76it/s]
 58%|█████▊    | 1712/2973 [07:21<05:30,  3.82it/s]
 58%|█████▊    | 1713/2973 [07:21<05:26,  3.86it/s]
 58%|█████▊    | 1714/2973 [07:22<05:37,  3.73it/s]
 58%|█████▊    | 1715/2973 [07:22<05:30,  3.80it/s]
 58%|█████▊    | 1716/2973 [07:22<05:26,  3.85it/s]
 58%|█████▊    | 1717/2973 [07:22<05:33,  3.77it/s]
 58%|█████▊    | 1718/2973 [07:23<05:24,  3.87it/s]
 58%|█████▊    | 1719/2973 [07:23<05:18,  3.94it/s]
 58%|█████▊    | 1720/2973 [07:23<05:28,  3.81it/s]
 58%|█████▊    | 1721/2973 [07:23<05:23,  3.88it/s]
 58%|█████▊    | 1722/2973 [07:24<05:19,  3.91it/s]
 58%|█████▊    | 1723/2973 [07:24<05:27,  3.81it/s]
 58%|█████▊    | 1724/2973 [07:24<05:19,  3.91it/s]
 58%|█████▊    | 1725/2973 [07:24<05:14,  3.97it/s]
 58%|█████▊    | 1726/2973 [07:25<05:23,  3.86it/s]
 58%|█████▊    | 1727/2973 [07:25<05:16,  3.94it/s]
 58%|█████▊    | 1728/2973 [07:25<05:24,  3.84it/s]
 58%|█████▊    | 1729/2973 [07:25<05:17,  3.91it/s]
 58%|█████▊    | 1730/2973 [07:26<05:12,  3.97it/s]
 58%|█████▊    | 1731/2973 [07:26<05:09,  4.02it/s]
 58%|█████▊    | 1732/2973 [07:26<05:07,  4.04it/s]
 58%|█████▊    | 1733/2973 [07:26<05:05,  4.07it/s]
 58%|█████▊    | 1734/2973 [07:27<05:03,  4.09it/s]
 58%|█████▊    | 1735/2973 [07:27<05:14,  3.94it/s]
 58%|█████▊    | 1736/2973 [07:27<05:09,  3.99it/s]
 58%|█████▊    | 1737/2973 [07:27<05:06,  4.03it/s]
 58%|█████▊    | 1738/2973 [07:28<05:08,  4.00it/s]
 58%|█████▊    | 1739/2973 [07:28<05:08,  4.00it/s]
 59%|█████▊    | 1740/2973 [07:28<05:08,  3.99it/s]
 59%|█████▊    | 1741/2973 [07:28<05:18,  3.87it/s]
 59%|█████▊    | 1742/2973 [07:29<05:11,  3.95it/s]
 59%|█████▊    | 1743/2973 [07:29<05:07,  4.00it/s]
 59%|█████▊    | 1744/2973 [07:29<05:08,  3.99it/s]
 59%|█████▊    | 1745/2973 [07:29<05:07,  3.99it/s]
 59%|█████▊    | 1746/2973 [07:30<05:20,  3.83it/s]
 59%|█████▉    | 1747/2973 [07:30<05:12,  3.93it/s]
 59%|█████▉    | 1748/2973 [07:30<05:06,  4.00it/s]
 59%|█████▉    | 1749/2973 [07:30<05:01,  4.06it/s]
 59%|█████▉    | 1750/2973 [07:31<05:14,  3.88it/s]
 59%|█████▉    | 1751/2973 [07:31<05:09,  3.94it/s]
 59%|█████▉    | 1752/2973 [07:31<05:06,  3.99it/s]
 59%|█████▉    | 1753/2973 [07:31<05:15,  3.87it/s]
 59%|█████▉    | 1754/2973 [07:32<05:09,  3.94it/s]
 59%|█████▉    | 1755/2973 [07:32<05:04,  4.00it/s]
 59%|█████▉    | 1756/2973 [07:32<05:15,  3.86it/s]
 59%|█████▉    | 1757/2973 [07:32<05:08,  3.94it/s]
 59%|█████▉    | 1758/2973 [07:33<05:04,  4.00it/s]
 59%|█████▉    | 1759/2973 [07:33<05:02,  4.01it/s]
 59%|█████▉    | 1760/2973 [07:33<04:58,  4.06it/s]
 59%|█████▉    | 1761/2973 [07:33<04:56,  4.09it/s]
 59%|█████▉    | 1762/2973 [07:34<04:56,  4.08it/s]
 59%|█████▉    | 1763/2973 [07:34<04:55,  4.09it/s]
 59%|█████▉    | 1764/2973 [07:34<04:54,  4.10it/s]
 59%|█████▉    | 1765/2973 [07:34<05:06,  3.94it/s]
 59%|█████▉    | 1766/2973 [07:35<05:02,  3.99it/s]
 59%|█████▉    | 1767/2973 [07:35<04:59,  4.03it/s]
 59%|█████▉    | 1768/2973 [07:35<05:10,  3.88it/s]
 60%|█████▉    | 1769/2973 [07:35<05:04,  3.95it/s]
 60%|█████▉    | 1770/2973 [07:36<05:00,  4.00it/s]
 60%|█████▉    | 1771/2973 [07:36<05:11,  3.86it/s]
 60%|█████▉    | 1772/2973 [07:36<05:05,  3.93it/s]
 60%|█████▉    | 1773/2973 [07:36<05:01,  3.98it/s]
 60%|█████▉    | 1774/2973 [07:37<05:10,  3.86it/s]
 60%|█████▉    | 1775/2973 [07:37<05:04,  3.94it/s]
 60%|█████▉    | 1776/2973 [07:37<05:11,  3.84it/s]
 60%|█████▉    | 1777/2973 [07:38<05:17,  3.76it/s]
 60%|█████▉    | 1778/2973 [07:38<05:09,  3.86it/s]
 60%|█████▉    | 1779/2973 [07:38<05:03,  3.94it/s]
 60%|█████▉    | 1780/2973 [07:38<05:02,  3.94it/s]
 60%|█████▉    | 1781/2973 [07:39<05:01,  3.95it/s]
 60%|█████▉    | 1782/2973 [07:39<05:00,  3.96it/s]
 60%|█████▉    | 1783/2973 [07:39<05:13,  3.80it/s]
 60%|██████    | 1784/2973 [07:39<05:08,  3.85it/s]
 60%|██████    | 1785/2973 [07:40<05:05,  3.89it/s]
 60%|██████    | 1786/2973 [07:40<05:12,  3.80it/s]
 60%|██████    | 1787/2973 [07:40<05:04,  3.89it/s]
 60%|██████    | 1788/2973 [07:40<04:59,  3.96it/s]
 60%|██████    | 1789/2973 [07:41<05:07,  3.85it/s]
 60%|██████    | 1790/2973 [07:41<05:00,  3.94it/s]
 60%|██████    | 1791/2973 [07:41<04:56,  3.99it/s]
 60%|██████    | 1792/2973 [07:41<05:09,  3.82it/s]
 60%|██████    | 1793/2973 [07:42<05:03,  3.88it/s]
 60%|██████    | 1794/2973 [07:42<05:00,  3.92it/s]
 60%|██████    | 1795/2973 [07:42<05:12,  3.77it/s]
 60%|██████    | 1796/2973 [07:42<05:07,  3.83it/s]
 60%|██████    | 1797/2973 [07:43<05:15,  3.73it/s]
 60%|██████    | 1798/2973 [07:43<05:09,  3.80it/s]
 61%|██████    | 1799/2973 [07:43<05:04,  3.85it/s]
 61%|██████    | 1800/2973 [07:43<05:01,  3.89it/s]
 61%|██████    | 1801/2973 [07:44<05:13,  3.74it/s]
 61%|██████    | 1802/2973 [07:44<05:09,  3.79it/s]
 61%|██████    | 1803/2973 [07:44<05:06,  3.82it/s]
 61%|██████    | 1804/2973 [07:45<05:14,  3.72it/s]
 61%|██████    | 1805/2973 [07:45<05:08,  3.79it/s]
 61%|██████    | 1806/2973 [07:45<05:03,  3.85it/s]
 61%|██████    | 1807/2973 [07:45<05:09,  3.77it/s]
 61%|██████    | 1808/2973 [07:46<05:01,  3.86it/s]
 61%|██████    | 1809/2973 [07:46<04:56,  3.92it/s]
 61%|██████    | 1810/2973 [07:46<04:56,  3.92it/s]
 61%|██████    | 1811/2973 [07:46<04:54,  3.94it/s]
 61%|██████    | 1812/2973 [07:47<05:05,  3.80it/s]
 61%|██████    | 1813/2973 [07:47<05:10,  3.74it/s]
 61%|██████    | 1814/2973 [07:47<05:01,  3.85it/s]
 61%|██████    | 1815/2973 [07:47<04:54,  3.93it/s]
 61%|██████    | 1816/2973 [07:48<05:02,  3.83it/s]
 61%|██████    | 1817/2973 [07:48<04:55,  3.91it/s]
 61%|██████    | 1818/2973 [07:48<05:01,  3.83it/s]
 61%|██████    | 1819/2973 [07:48<05:07,  3.76it/s]
 61%|██████    | 1820/2973 [07:49<05:00,  3.84it/s]
 61%|██████▏   | 1821/2973 [07:49<04:53,  3.92it/s]
 61%|██████▏   | 1822/2973 [07:49<05:01,  3.82it/s]
 61%|██████▏   | 1823/2973 [07:49<04:54,  3.91it/s]
 61%|██████▏   | 1824/2973 [07:50<04:49,  3.97it/s]
 61%|██████▏   | 1825/2973 [07:50<05:02,  3.79it/s]
 61%|██████▏   | 1826/2973 [07:50<05:00,  3.82it/s]
 61%|██████▏   | 1827/2973 [07:51<06:10,  3.10it/s]
 61%|██████▏   | 1828/2973 [07:51<05:57,  3.20it/s]
 62%|██████▏   | 1829/2973 [07:51<05:36,  3.40it/s]
 62%|██████▏   | 1830/2973 [07:51<05:21,  3.55it/s]
 62%|██████▏   | 1831/2973 [07:52<05:19,  3.57it/s]
 62%|██████▏   | 1832/2973 [07:52<05:06,  3.72it/s]
 62%|██████▏   | 1833/2973 [07:52<05:08,  3.69it/s]
 62%|██████▏   | 1834/2973 [07:53<05:14,  3.62it/s]
 62%|██████▏   | 1835/2973 [07:53<05:07,  3.70it/s]
 62%|██████▏   | 1836/2973 [07:53<05:02,  3.75it/s]
 62%|██████▏   | 1837/2973 [07:53<04:56,  3.84it/s]
 62%|██████▏   | 1838/2973 [07:54<04:50,  3.91it/s]
 62%|██████▏   | 1839/2973 [07:54<04:45,  3.97it/s]
 62%|██████▏   | 1840/2973 [07:54<04:57,  3.81it/s]
 62%|██████▏   | 1841/2973 [07:54<04:53,  3.86it/s]
 62%|██████▏   | 1842/2973 [07:55<04:50,  3.89it/s]
 62%|██████▏   | 1843/2973 [07:55<05:14,  3.59it/s]
 62%|██████▏   | 1844/2973 [07:55<05:30,  3.41it/s]
 62%|██████▏   | 1845/2973 [07:56<05:30,  3.41it/s]
 62%|██████▏   | 1846/2973 [07:56<05:24,  3.47it/s]
 62%|██████▏   | 1847/2973 [07:56<05:09,  3.64it/s]
 62%|██████▏   | 1848/2973 [07:56<04:58,  3.77it/s]
 62%|██████▏   | 1849/2973 [07:57<05:05,  3.68it/s]
 62%|██████▏   | 1850/2973 [07:57<04:58,  3.76it/s]
 62%|██████▏   | 1851/2973 [07:57<04:53,  3.83it/s]
 62%|██████▏   | 1852/2973 [07:57<04:49,  3.88it/s]
 62%|██████▏   | 1853/2973 [07:58<04:43,  3.95it/s]
 62%|██████▏   | 1854/2973 [07:58<04:39,  4.00it/s]
 62%|██████▏   | 1855/2973 [07:58<04:51,  3.83it/s]
 62%|██████▏   | 1856/2973 [07:58<04:48,  3.87it/s]
 62%|██████▏   | 1857/2973 [07:59<04:45,  3.91it/s]
 62%|██████▏   | 1858/2973 [07:59<04:55,  3.77it/s]
 63%|██████▎   | 1859/2973 [07:59<04:50,  3.83it/s]
 63%|██████▎   | 1860/2973 [07:59<04:58,  3.73it/s]
 63%|██████▎   | 1861/2973 [08:00<05:00,  3.70it/s]
 63%|██████▎   | 1862/2973 [08:00<04:50,  3.82it/s]
 63%|██████▎   | 1863/2973 [08:00<04:44,  3.90it/s]
 63%|██████▎   | 1864/2973 [08:00<04:40,  3.95it/s]
 63%|██████▎   | 1865/2973 [08:01<04:37,  4.00it/s]
 63%|██████▎   | 1866/2973 [08:01<04:35,  4.02it/s]
 63%|██████▎   | 1867/2973 [08:01<04:44,  3.88it/s]
 63%|██████▎   | 1868/2973 [08:01<04:39,  3.95it/s]
 63%|██████▎   | 1869/2973 [08:02<04:36,  4.00it/s]
 63%|██████▎   | 1870/2973 [08:02<04:34,  4.02it/s]
 63%|██████▎   | 1871/2973 [08:02<04:31,  4.05it/s]
 63%|██████▎   | 1872/2973 [08:02<04:30,  4.07it/s]
 63%|██████▎   | 1873/2973 [08:03<04:30,  4.06it/s]
 63%|██████▎   | 1874/2973 [08:03<04:30,  4.06it/s]
 63%|██████▎   | 1875/2973 [08:03<04:29,  4.08it/s]
 63%|██████▎   | 1876/2973 [08:03<04:30,  4.06it/s]
 63%|██████▎   | 1877/2973 [08:04<04:30,  4.05it/s]
 63%|██████▎   | 1878/2973 [08:04<04:39,  3.91it/s]
 63%|██████▎   | 1879/2973 [08:04<04:48,  3.79it/s]
 63%|██████▎   | 1880/2973 [08:05<04:54,  3.71it/s]
 63%|██████▎   | 1881/2973 [08:05<04:47,  3.79it/s]
 63%|██████▎   | 1882/2973 [08:05<04:55,  3.70it/s]
 63%|██████▎   | 1883/2973 [08:05<04:49,  3.77it/s]
 63%|██████▎   | 1884/2973 [08:06<04:55,  3.68it/s]
 63%|██████▎   | 1885/2973 [08:06<05:00,  3.62it/s]
 63%|██████▎   | 1886/2973 [08:06<04:52,  3.72it/s]
 63%|██████▎   | 1887/2973 [08:06<04:46,  3.79it/s]
 64%|██████▎   | 1888/2973 [08:07<04:54,  3.69it/s]
 64%|██████▎   | 1889/2973 [08:07<04:47,  3.77it/s]
 64%|██████▎   | 1890/2973 [08:07<04:43,  3.82it/s]
 64%|██████▎   | 1891/2973 [08:07<04:40,  3.86it/s]
 64%|██████▎   | 1892/2973 [08:08<04:36,  3.91it/s]
 64%|██████▎   | 1893/2973 [08:08<04:34,  3.94it/s]
 64%|██████▎   | 1894/2973 [08:08<04:42,  3.82it/s]
 64%|██████▎   | 1895/2973 [08:08<04:35,  3.91it/s]
 64%|██████▍   | 1896/2973 [08:09<04:32,  3.95it/s]
 64%|██████▍   | 1897/2973 [08:09<04:40,  3.83it/s]
 64%|██████▍   | 1898/2973 [08:09<04:34,  3.92it/s]
 64%|██████▍   | 1899/2973 [08:09<04:30,  3.97it/s]
 64%|██████▍   | 1900/2973 [08:10<04:28,  4.00it/s]
 64%|██████▍   | 1901/2973 [08:10<04:25,  4.04it/s]
 64%|██████▍   | 1902/2973 [08:10<04:23,  4.07it/s]
 64%|██████▍   | 1903/2973 [08:10<04:35,  3.88it/s]
 64%|██████▍   | 1904/2973 [08:11<04:33,  3.91it/s]
 64%|██████▍   | 1905/2973 [08:11<04:31,  3.93it/s]
 64%|██████▍   | 1906/2973 [08:11<04:28,  3.97it/s]
 64%|██████▍   | 1907/2973 [08:11<04:25,  4.01it/s]
 64%|██████▍   | 1908/2973 [08:12<04:23,  4.04it/s]
 64%|██████▍   | 1909/2973 [08:12<04:33,  3.90it/s]
 64%|██████▍   | 1910/2973 [08:12<04:28,  3.96it/s]
 64%|██████▍   | 1911/2973 [08:12<04:24,  4.01it/s]
 64%|██████▍   | 1912/2973 [08:13<04:36,  3.84it/s]
 64%|██████▍   | 1913/2973 [08:13<04:33,  3.88it/s]
 64%|██████▍   | 1914/2973 [08:13<04:30,  3.91it/s]
 64%|██████▍   | 1915/2973 [08:14<04:37,  3.81it/s]
 64%|██████▍   | 1916/2973 [08:14<04:31,  3.90it/s]
 64%|██████▍   | 1917/2973 [08:14<04:26,  3.96it/s]
 65%|██████▍   | 1918/2973 [08:14<04:34,  3.84it/s]
 65%|██████▍   | 1919/2973 [08:15<04:28,  3.93it/s]
 65%|██████▍   | 1920/2973 [08:15<04:24,  3.98it/s]
 65%|██████▍   | 1921/2973 [08:15<04:24,  3.98it/s]
 65%|██████▍   | 1922/2973 [08:15<04:24,  3.98it/s]
 65%|██████▍   | 1923/2973 [08:16<04:24,  3.98it/s]
 65%|██████▍   | 1924/2973 [08:16<04:20,  4.03it/s]
 65%|██████▍   | 1925/2973 [08:16<04:17,  4.07it/s]
 65%|██████▍   | 1926/2973 [08:16<04:25,  3.94it/s]
 65%|██████▍   | 1927/2973 [08:17<04:34,  3.81it/s]
 65%|██████▍   | 1928/2973 [08:17<04:29,  3.87it/s]
 65%|██████▍   | 1929/2973 [08:17<04:36,  3.77it/s]
 65%|██████▍   | 1930/2973 [08:17<04:40,  3.71it/s]
 65%|██████▍   | 1931/2973 [08:18<04:32,  3.83it/s]
 65%|██████▍   | 1932/2973 [08:18<04:26,  3.91it/s]
 65%|██████▌   | 1933/2973 [08:18<04:24,  3.93it/s]
 65%|██████▌   | 1934/2973 [08:18<04:23,  3.94it/s]
 65%|██████▌   | 1935/2973 [08:19<04:23,  3.94it/s]
 65%|██████▌   | 1936/2973 [08:19<04:22,  3.95it/s]
 65%|██████▌   | 1937/2973 [08:19<04:21,  3.96it/s]
 65%|██████▌   | 1938/2973 [08:19<04:31,  3.81it/s]
 65%|██████▌   | 1939/2973 [08:20<04:36,  3.75it/s]
 65%|██████▌   | 1940/2973 [08:20<04:28,  3.85it/s]
 65%|██████▌   | 1941/2973 [08:20<04:22,  3.92it/s]
 65%|██████▌   | 1942/2973 [08:20<04:29,  3.82it/s]
 65%|██████▌   | 1943/2973 [08:21<04:23,  3.91it/s]
 65%|██████▌   | 1944/2973 [08:21<04:19,  3.97it/s]
 65%|██████▌   | 1945/2973 [08:21<04:26,  3.85it/s]
 65%|██████▌   | 1946/2973 [08:21<04:22,  3.92it/s]
 65%|██████▌   | 1947/2973 [08:22<04:17,  3.98it/s]
 66%|██████▌   | 1948/2973 [08:22<04:25,  3.86it/s]
 66%|██████▌   | 1949/2973 [08:22<04:20,  3.93it/s]
 66%|██████▌   | 1950/2973 [08:22<04:16,  3.98it/s]
 66%|██████▌   | 1951/2973 [08:23<04:24,  3.86it/s]
 66%|██████▌   | 1952/2973 [08:23<04:19,  3.94it/s]
 66%|██████▌   | 1953/2973 [08:23<04:15,  3.99it/s]
 66%|██████▌   | 1954/2973 [08:24<04:25,  3.84it/s]
 66%|██████▌   | 1955/2973 [08:24<04:21,  3.90it/s]
 66%|██████▌   | 1956/2973 [08:24<04:18,  3.93it/s]
 66%|██████▌   | 1957/2973 [08:24<04:24,  3.83it/s]
 66%|██████▌   | 1958/2973 [08:25<04:20,  3.90it/s]
 66%|██████▌   | 1959/2973 [08:25<04:15,  3.97it/s]
 66%|██████▌   | 1960/2973 [08:25<04:27,  3.79it/s]
 66%|██████▌   | 1961/2973 [08:25<04:25,  3.82it/s]
 66%|██████▌   | 1962/2973 [08:26<04:23,  3.84it/s]
 66%|██████▌   | 1963/2973 [08:26<04:30,  3.73it/s]
 66%|██████▌   | 1964/2973 [08:26<04:24,  3.81it/s]
 66%|██████▌   | 1965/2973 [08:26<04:31,  3.72it/s]
 66%|██████▌   | 1966/2973 [08:27<04:33,  3.69it/s]
 66%|██████▌   | 1967/2973 [08:27<04:34,  3.67it/s]
 66%|██████▌   | 1968/2973 [08:27<04:34,  3.66it/s]
 66%|██████▌   | 1969/2973 [08:27<04:25,  3.79it/s]
 66%|██████▋   | 1970/2973 [08:28<04:19,  3.86it/s]
 66%|██████▋   | 1971/2973 [08:28<04:14,  3.94it/s]
 66%|██████▋   | 1972/2973 [08:28<04:25,  3.77it/s]
 66%|██████▋   | 1973/2973 [08:29<04:33,  3.66it/s]
 66%|██████▋   | 1974/2973 [08:29<04:38,  3.59it/s]
 66%|██████▋   | 1975/2973 [08:29<04:40,  3.56it/s]
 66%|██████▋   | 1976/2973 [08:29<04:30,  3.68it/s]
 66%|██████▋   | 1977/2973 [08:30<04:24,  3.77it/s]
 67%|██████▋   | 1978/2973 [08:30<04:27,  3.71it/s]
 67%|██████▋   | 1979/2973 [08:30<04:19,  3.83it/s]
 67%|██████▋   | 1980/2973 [08:30<04:23,  3.76it/s]
 67%|██████▋   | 1981/2973 [08:31<04:26,  3.72it/s]
 67%|██████▋   | 1982/2973 [08:31<04:18,  3.83it/s]
 67%|██████▋   | 1983/2973 [08:31<04:13,  3.90it/s]
 67%|██████▋   | 1984/2973 [08:31<04:19,  3.81it/s]
 67%|██████▋   | 1985/2973 [08:32<04:12,  3.91it/s]
 67%|██████▋   | 1986/2973 [08:32<04:08,  3.97it/s]
 67%|██████▋   | 1987/2973 [08:32<04:18,  3.81it/s]
 67%|██████▋   | 1988/2973 [08:32<04:15,  3.86it/s]
 67%|██████▋   | 1989/2973 [08:33<04:12,  3.90it/s]
 67%|██████▋   | 1990/2973 [08:33<04:18,  3.80it/s]
 67%|██████▋   | 1991/2973 [08:33<04:11,  3.90it/s]
 67%|██████▋   | 1992/2973 [08:34<04:16,  3.82it/s]
 67%|██████▋   | 1993/2973 [08:34<04:23,  3.72it/s]
 67%|██████▋   | 1994/2973 [08:34<04:18,  3.79it/s]
 67%|██████▋   | 1995/2973 [08:34<04:23,  3.71it/s]
 67%|██████▋   | 1996/2973 [08:35<04:28,  3.64it/s]
 67%|██████▋   | 1997/2973 [08:35<04:20,  3.74it/s]
 67%|██████▋   | 1998/2973 [08:35<04:15,  3.82it/s]
 67%|██████▋   | 1999/2973 [08:35<04:12,  3.86it/s]
 67%|██████▋   | 2000/2973 [08:36<04:10,  3.89it/s]
 67%|██████▋   | 2001/2973 [08:36<04:07,  3.92it/s]
 67%|██████▋   | 2002/2973 [08:36<04:05,  3.96it/s]
 67%|██████▋   | 2003/2973 [08:36<04:02,  4.01it/s]
 67%|██████▋   | 2004/2973 [08:37<03:59,  4.04it/s]
 67%|██████▋   | 2005/2973 [08:37<04:09,  3.88it/s]
 67%|██████▋   | 2006/2973 [08:37<04:06,  3.92it/s]
 68%|██████▊   | 2007/2973 [08:37<04:04,  3.96it/s]
 68%|██████▊   | 2008/2973 [08:38<04:04,  3.95it/s]
 68%|██████▊   | 2009/2973 [08:38<04:03,  3.96it/s]
 68%|██████▊   | 2010/2973 [08:38<04:02,  3.97it/s]
 68%|██████▊   | 2011/2973 [08:38<04:09,  3.85it/s]
 68%|██████▊   | 2012/2973 [08:39<04:04,  3.94it/s]
 68%|██████▊   | 2013/2973 [08:39<04:00,  4.00it/s]
 68%|██████▊   | 2014/2973 [08:39<04:07,  3.87it/s]
 68%|██████▊   | 2015/2973 [08:39<04:02,  3.95it/s]
 68%|██████▊   | 2016/2973 [08:40<03:59,  4.00it/s]
 68%|██████▊   | 2017/2973 [08:40<04:09,  3.84it/s]
 68%|██████▊   | 2018/2973 [08:40<04:05,  3.88it/s]
 68%|██████▊   | 2019/2973 [08:40<04:04,  3.91it/s]
 68%|██████▊   | 2020/2973 [08:41<04:10,  3.81it/s]
 68%|██████▊   | 2021/2973 [08:41<04:03,  3.90it/s]
 68%|██████▊   | 2022/2973 [08:41<03:59,  3.97it/s]
 68%|██████▊   | 2023/2973 [08:41<03:55,  4.04it/s]
 68%|██████▊   | 2024/2973 [08:42<03:43,  4.24it/s]
 68%|██████▊   | 2025/2973 [08:42<03:34,  4.42it/s]
 68%|██████▊   | 2026/2973 [08:42<03:51,  4.09it/s]
 68%|██████▊   | 2027/2973 [08:42<03:52,  4.06it/s]
 68%|██████▊   | 2028/2973 [08:43<03:54,  4.03it/s]
 68%|██████▊   | 2029/2973 [08:43<03:55,  4.00it/s]
 68%|██████▊   | 2030/2973 [08:43<03:56,  3.99it/s]
 68%|██████▊   | 2031/2973 [08:43<03:56,  3.99it/s]
 68%|██████▊   | 2032/2973 [08:44<04:06,  3.82it/s]
 68%|██████▊   | 2033/2973 [08:44<04:03,  3.87it/s]
 68%|██████▊   | 2034/2973 [08:44<04:00,  3.90it/s]
 68%|██████▊   | 2035/2973 [08:44<03:54,  3.99it/s]
 68%|██████▊   | 2036/2973 [08:45<03:50,  4.06it/s]
 69%|██████▊   | 2037/2973 [08:45<03:47,  4.12it/s]
 69%|██████▊   | 2038/2973 [08:45<03:49,  4.08it/s]
 69%|██████▊   | 2039/2973 [08:45<03:49,  4.06it/s]
 69%|██████▊   | 2040/2973 [08:46<03:50,  4.04it/s]
 69%|██████▊   | 2041/2973 [08:46<04:01,  3.86it/s]
 69%|██████▊   | 2042/2973 [08:46<03:57,  3.91it/s]
 69%|██████▊   | 2043/2973 [08:46<03:55,  3.95it/s]
 69%|██████▉   | 2044/2973 [08:47<04:16,  3.63it/s]
 69%|██████▉   | 2045/2973 [08:47<04:20,  3.56it/s]
 69%|██████▉   | 2046/2973 [08:47<04:23,  3.52it/s]
 69%|██████▉   | 2047/2973 [08:48<04:24,  3.50it/s]
 69%|██████▉   | 2048/2973 [08:48<04:16,  3.61it/s]
 69%|██████▉   | 2049/2973 [08:48<04:10,  3.69it/s]
 69%|██████▉   | 2050/2973 [08:48<04:11,  3.67it/s]
 69%|██████▉   | 2051/2973 [08:49<04:03,  3.79it/s]
 69%|██████▉   | 2052/2973 [08:49<03:58,  3.86it/s]
 69%|██████▉   | 2053/2973 [08:49<04:06,  3.74it/s]
 69%|██████▉   | 2054/2973 [08:49<04:01,  3.80it/s]
 69%|██████▉   | 2055/2973 [08:50<03:58,  3.85it/s]
 69%|██████▉   | 2056/2973 [08:50<04:05,  3.73it/s]
 69%|██████▉   | 2057/2973 [08:50<04:00,  3.80it/s]
 69%|██████▉   | 2058/2973 [08:51<03:57,  3.85it/s]
 69%|██████▉   | 2059/2973 [08:51<04:04,  3.73it/s]
 69%|██████▉   | 2060/2973 [08:51<04:00,  3.80it/s]
 69%|██████▉   | 2061/2973 [08:51<04:05,  3.71it/s]
 69%|██████▉   | 2062/2973 [08:52<04:08,  3.67it/s]
 69%|██████▉   | 2063/2973 [08:52<03:59,  3.80it/s]
 69%|██████▉   | 2064/2973 [08:52<03:53,  3.89it/s]
 69%|██████▉   | 2065/2973 [08:52<03:58,  3.80it/s]
 69%|██████▉   | 2066/2973 [08:53<03:52,  3.89it/s]
 70%|██████▉   | 2067/2973 [08:53<03:57,  3.81it/s]
 70%|██████▉   | 2068/2973 [08:53<04:04,  3.70it/s]
 70%|██████▉   | 2069/2973 [08:53<03:59,  3.78it/s]
 70%|██████▉   | 2070/2973 [08:54<03:55,  3.83it/s]
 70%|██████▉   | 2071/2973 [08:54<03:59,  3.76it/s]
 70%|██████▉   | 2072/2973 [08:54<03:53,  3.87it/s]
 70%|██████▉   | 2073/2973 [08:54<03:57,  3.79it/s]
 70%|██████▉   | 2074/2973 [08:55<04:03,  3.69it/s]
 70%|██████▉   | 2075/2973 [08:55<03:57,  3.78it/s]
 70%|██████▉   | 2076/2973 [08:55<03:54,  3.83it/s]
 70%|██████▉   | 2077/2973 [08:56<03:58,  3.76it/s]
 70%|██████▉   | 2078/2973 [08:56<03:51,  3.87it/s]
 70%|██████▉   | 2079/2973 [08:56<03:46,  3.94it/s]
 70%|██████▉   | 2080/2973 [08:56<03:44,  3.99it/s]
 70%|██████▉   | 2081/2973 [08:57<03:41,  4.03it/s]
 70%|███████   | 2082/2973 [08:57<03:39,  4.06it/s]
 70%|███████   | 2083/2973 [08:57<03:47,  3.92it/s]
 70%|███████   | 2084/2973 [08:57<03:43,  3.98it/s]
 70%|███████   | 2085/2973 [08:58<03:40,  4.03it/s]
 70%|███████   | 2086/2973 [08:58<03:50,  3.85it/s]
 70%|███████   | 2087/2973 [08:58<03:47,  3.89it/s]
 70%|███████   | 2088/2973 [08:59<04:41,  3.15it/s]
 70%|███████   | 2089/2973 [08:59<04:29,  3.28it/s]
 70%|███████   | 2090/2973 [08:59<04:15,  3.46it/s]
 70%|███████   | 2091/2973 [08:59<04:02,  3.64it/s]
 70%|███████   | 2092/2973 [09:00<04:03,  3.62it/s]
 70%|███████   | 2093/2973 [09:00<03:53,  3.76it/s]
 70%|███████   | 2094/2973 [09:00<03:47,  3.87it/s]
 70%|███████   | 2095/2973 [09:00<03:43,  3.93it/s]
 71%|███████   | 2096/2973 [09:01<03:39,  3.99it/s]
 71%|███████   | 2097/2973 [09:01<03:37,  4.03it/s]
 71%|███████   | 2098/2973 [09:01<03:39,  3.98it/s]
 71%|███████   | 2099/2973 [09:01<03:39,  3.98it/s]
 71%|███████   | 2100/2973 [09:02<03:39,  3.98it/s]
 71%|███████   | 2101/2973 [09:02<03:46,  3.86it/s]
 71%|███████   | 2102/2973 [09:02<03:41,  3.94it/s]
 71%|███████   | 2103/2973 [09:02<03:38,  3.99it/s]
 71%|███████   | 2104/2973 [09:03<03:38,  3.98it/s]
 71%|███████   | 2105/2973 [09:03<03:38,  3.97it/s]
 71%|███████   | 2106/2973 [09:03<03:38,  3.96it/s]
 71%|███████   | 2107/2973 [09:03<03:48,  3.78it/s]
 71%|███████   | 2108/2973 [09:04<03:45,  3.83it/s]
 71%|███████   | 2109/2973 [09:04<03:52,  3.72it/s]
 71%|███████   | 2110/2973 [09:04<03:54,  3.68it/s]
 71%|███████   | 2111/2973 [09:04<03:47,  3.80it/s]
 71%|███████   | 2112/2973 [09:05<03:43,  3.86it/s]
 71%|███████   | 2113/2973 [09:05<03:41,  3.88it/s]
 71%|███████   | 2114/2973 [09:05<03:39,  3.91it/s]
 71%|███████   | 2115/2973 [09:05<03:38,  3.92it/s]
 71%|███████   | 2116/2973 [09:06<03:47,  3.77it/s]
 71%|███████   | 2117/2973 [09:06<03:43,  3.82it/s]
 71%|███████   | 2118/2973 [09:06<03:41,  3.86it/s]
 71%|███████▏  | 2119/2973 [09:07<03:44,  3.80it/s]
 71%|███████▏  | 2120/2973 [09:07<03:38,  3.90it/s]
 71%|███████▏  | 2121/2973 [09:07<03:34,  3.97it/s]
 71%|███████▏  | 2122/2973 [09:07<03:32,  4.00it/s]
 71%|███████▏  | 2123/2973 [09:07<03:31,  4.02it/s]
 71%|███████▏  | 2124/2973 [09:08<03:29,  4.05it/s]
 71%|███████▏  | 2125/2973 [09:08<03:31,  4.01it/s]
 72%|███████▏  | 2126/2973 [09:08<03:31,  4.00it/s]
 72%|███████▏  | 2127/2973 [09:08<03:32,  3.98it/s]
 72%|███████▏  | 2128/2973 [09:09<03:38,  3.86it/s]
 72%|███████▏  | 2129/2973 [09:09<03:34,  3.93it/s]
 72%|███████▏  | 2130/2973 [09:09<03:31,  3.98it/s]
 72%|███████▏  | 2131/2973 [09:10<03:40,  3.81it/s]
 72%|███████▏  | 2132/2973 [09:10<03:38,  3.86it/s]
 72%|███████▏  | 2133/2973 [09:10<03:36,  3.89it/s]
 72%|███████▏  | 2134/2973 [09:10<03:43,  3.76it/s]
 72%|███████▏  | 2135/2973 [09:11<03:39,  3.81it/s]
 72%|███████▏  | 2136/2973 [09:11<03:37,  3.86it/s]
 72%|███████▏  | 2137/2973 [09:11<03:43,  3.73it/s]
 72%|███████▏  | 2138/2973 [09:11<03:39,  3.80it/s]
 72%|███████▏  | 2139/2973 [09:12<03:45,  3.71it/s]
 72%|███████▏  | 2140/2973 [09:12<03:50,  3.62it/s]
 72%|███████▏  | 2141/2973 [09:12<03:45,  3.69it/s]
 72%|███████▏  | 2142/2973 [09:12<03:41,  3.75it/s]
 72%|███████▏  | 2143/2973 [09:13<03:44,  3.70it/s]
 72%|███████▏  | 2144/2973 [09:13<03:37,  3.81it/s]
 72%|███████▏  | 2145/2973 [09:13<03:41,  3.75it/s]
 72%|███████▏  | 2146/2973 [09:14<03:46,  3.66it/s]
 72%|███████▏  | 2147/2973 [09:14<03:40,  3.74it/s]
 72%|███████▏  | 2148/2973 [09:14<03:37,  3.80it/s]
 72%|███████▏  | 2149/2973 [09:14<03:34,  3.84it/s]
 72%|███████▏  | 2150/2973 [09:15<03:31,  3.88it/s]
 72%|███████▏  | 2151/2973 [09:15<03:30,  3.90it/s]
 72%|███████▏  | 2152/2973 [09:15<03:28,  3.95it/s]
 72%|███████▏  | 2153/2973 [09:15<03:25,  3.99it/s]
 72%|███████▏  | 2154/2973 [09:16<03:23,  4.02it/s]
 72%|███████▏  | 2155/2973 [09:16<03:30,  3.89it/s]
 73%|███████▎  | 2156/2973 [09:16<03:35,  3.78it/s]
 73%|███████▎  | 2157/2973 [09:16<03:30,  3.88it/s]
 73%|███████▎  | 2158/2973 [09:17<03:36,  3.76it/s]
 73%|███████▎  | 2159/2973 [09:17<03:32,  3.83it/s]
 73%|███████▎  | 2160/2973 [09:17<03:29,  3.88it/s]
 73%|███████▎  | 2161/2973 [09:17<03:36,  3.75it/s]
 73%|███████▎  | 2162/2973 [09:18<03:32,  3.81it/s]
 73%|███████▎  | 2163/2973 [09:18<03:29,  3.86it/s]
 73%|███████▎  | 2164/2973 [09:18<03:34,  3.78it/s]
 73%|███████▎  | 2165/2973 [09:18<03:28,  3.88it/s]
 73%|███████▎  | 2166/2973 [09:19<03:32,  3.80it/s]
 73%|███████▎  | 2167/2973 [09:19<03:35,  3.74it/s]
 73%|███████▎  | 2168/2973 [09:19<03:29,  3.85it/s]
 73%|███████▎  | 2169/2973 [09:19<03:24,  3.92it/s]
 73%|███████▎  | 2170/2973 [09:20<03:30,  3.82it/s]
 73%|███████▎  | 2171/2973 [09:20<03:25,  3.90it/s]
 73%|███████▎  | 2172/2973 [09:20<03:22,  3.96it/s]
 73%|███████▎  | 2173/2973 [09:21<03:30,  3.81it/s]
 73%|███████▎  | 2174/2973 [09:21<03:27,  3.85it/s]
 73%|███████▎  | 2175/2973 [09:21<03:25,  3.88it/s]
 73%|███████▎  | 2176/2973 [09:21<03:32,  3.76it/s]
 73%|███████▎  | 2177/2973 [09:22<03:28,  3.82it/s]
 73%|███████▎  | 2178/2973 [09:22<03:26,  3.85it/s]
 73%|███████▎  | 2179/2973 [09:22<03:32,  3.73it/s]
 73%|███████▎  | 2180/2973 [09:22<03:28,  3.80it/s]
 73%|███████▎  | 2181/2973 [09:23<03:25,  3.86it/s]
 73%|███████▎  | 2182/2973 [09:23<03:31,  3.74it/s]
 73%|███████▎  | 2183/2973 [09:23<03:27,  3.81it/s]
 73%|███████▎  | 2184/2973 [09:23<03:24,  3.85it/s]
 73%|███████▎  | 2185/2973 [09:24<03:22,  3.89it/s]
 74%|███████▎  | 2186/2973 [09:24<03:19,  3.95it/s]
 74%|███████▎  | 2187/2973 [09:24<03:17,  3.99it/s]
 74%|███████▎  | 2188/2973 [09:24<03:25,  3.81it/s]
 74%|███████▎  | 2189/2973 [09:25<03:23,  3.86it/s]
 74%|███████▎  | 2190/2973 [09:25<03:21,  3.89it/s]
 74%|███████▎  | 2191/2973 [09:25<03:28,  3.75it/s]
 74%|███████▎  | 2192/2973 [09:25<03:25,  3.81it/s]
 74%|███████▍  | 2193/2973 [09:26<03:30,  3.71it/s]
 74%|███████▍  | 2194/2973 [09:26<03:24,  3.81it/s]
 74%|███████▍  | 2195/2973 [09:26<03:19,  3.90it/s]
 74%|███████▍  | 2196/2973 [09:27<03:16,  3.96it/s]
 74%|███████▍  | 2197/2973 [09:27<03:20,  3.88it/s]
 74%|███████▍  | 2198/2973 [09:27<03:13,  4.00it/s]
 74%|███████▍  | 2199/2973 [09:27<03:09,  4.09it/s]
 74%|███████▍  | 2200/2973 [09:28<03:20,  3.86it/s]
 74%|███████▍  | 2201/2973 [09:28<03:19,  3.87it/s]
 74%|███████▍  | 2202/2973 [09:28<03:18,  3.87it/s]
 74%|███████▍  | 2203/2973 [09:28<03:23,  3.79it/s]
 74%|███████▍  | 2204/2973 [09:29<03:17,  3.89it/s]
 74%|███████▍  | 2205/2973 [09:29<03:13,  3.96it/s]
 74%|███████▍  | 2206/2973 [09:29<03:21,  3.81it/s]
 74%|███████▍  | 2207/2973 [09:29<03:18,  3.86it/s]
 74%|███████▍  | 2208/2973 [09:30<03:16,  3.90it/s]
 74%|███████▍  | 2209/2973 [09:30<03:21,  3.80it/s]
 74%|███████▍  | 2210/2973 [09:30<03:16,  3.89it/s]
 74%|███████▍  | 2211/2973 [09:30<03:12,  3.95it/s]
 74%|███████▍  | 2212/2973 [09:31<03:21,  3.78it/s]
 74%|███████▍  | 2213/2973 [09:31<03:18,  3.83it/s]
 74%|███████▍  | 2214/2973 [09:31<03:16,  3.87it/s]
 75%|███████▍  | 2215/2973 [09:31<03:23,  3.72it/s]
 75%|███████▍  | 2216/2973 [09:32<03:21,  3.76it/s]
 75%|███████▍  | 2217/2973 [09:32<03:19,  3.79it/s]
 75%|███████▍  | 2218/2973 [09:32<03:24,  3.69it/s]
 75%|███████▍  | 2219/2973 [09:33<03:19,  3.77it/s]
 75%|███████▍  | 2220/2973 [09:33<03:16,  3.83it/s]
 75%|███████▍  | 2221/2973 [09:33<03:31,  3.56it/s]
 75%|███████▍  | 2222/2973 [09:33<03:33,  3.52it/s]
 75%|███████▍  | 2223/2973 [09:34<03:35,  3.48it/s]
 75%|███████▍  | 2224/2973 [09:34<03:32,  3.53it/s]
 75%|███████▍  | 2225/2973 [09:34<03:22,  3.70it/s]
 75%|███████▍  | 2226/2973 [09:34<03:15,  3.83it/s]
 75%|███████▍  | 2227/2973 [09:35<03:18,  3.76it/s]
 75%|███████▍  | 2228/2973 [09:35<03:12,  3.87it/s]
 75%|███████▍  | 2229/2973 [09:35<03:08,  3.94it/s]
 75%|███████▌  | 2230/2973 [09:35<03:13,  3.84it/s]
 75%|███████▌  | 2231/2973 [09:36<03:09,  3.92it/s]
 75%|███████▌  | 2232/2973 [09:36<03:06,  3.98it/s]
 75%|███████▌  | 2233/2973 [09:36<03:11,  3.86it/s]
 75%|███████▌  | 2234/2973 [09:36<03:08,  3.93it/s]
 75%|███████▌  | 2235/2973 [09:37<03:05,  3.98it/s]
 75%|███████▌  | 2236/2973 [09:37<03:10,  3.86it/s]
 75%|███████▌  | 2237/2973 [09:37<03:06,  3.94it/s]
 75%|███████▌  | 2238/2973 [09:37<03:04,  3.99it/s]
 75%|███████▌  | 2239/2973 [09:38<03:11,  3.82it/s]
 75%|███████▌  | 2240/2973 [09:38<03:09,  3.87it/s]
 75%|███████▌  | 2241/2973 [09:38<03:08,  3.89it/s]
 75%|███████▌  | 2242/2973 [09:39<03:08,  3.89it/s]
 75%|███████▌  | 2243/2973 [09:39<03:06,  3.92it/s]
 75%|███████▌  | 2244/2973 [09:39<03:05,  3.94it/s]
 76%|███████▌  | 2245/2973 [09:39<03:02,  3.98it/s]
 76%|███████▌  | 2246/2973 [09:40<03:01,  4.00it/s]
 76%|███████▌  | 2247/2973 [09:40<03:00,  4.03it/s]
 76%|███████▌  | 2248/2973 [09:40<03:08,  3.85it/s]
 76%|███████▌  | 2249/2973 [09:40<03:06,  3.88it/s]
 76%|███████▌  | 2250/2973 [09:41<03:04,  3.91it/s]
 76%|███████▌  | 2251/2973 [09:41<03:09,  3.81it/s]
 76%|███████▌  | 2252/2973 [09:41<03:04,  3.90it/s]
 76%|███████▌  | 2253/2973 [09:41<03:02,  3.94it/s]
 76%|███████▌  | 2254/2973 [09:42<03:07,  3.83it/s]
 76%|███████▌  | 2255/2973 [09:42<03:03,  3.91it/s]
 76%|███████▌  | 2256/2973 [09:42<03:00,  3.96it/s]
 76%|███████▌  | 2257/2973 [09:42<03:06,  3.85it/s]
 76%|███████▌  | 2258/2973 [09:43<03:02,  3.92it/s]
 76%|███████▌  | 2259/2973 [09:43<02:59,  3.97it/s]
 76%|███████▌  | 2260/2973 [09:43<03:07,  3.81it/s]
 76%|███████▌  | 2261/2973 [09:43<03:04,  3.86it/s]
 76%|███████▌  | 2262/2973 [09:44<03:02,  3.89it/s]
 76%|███████▌  | 2263/2973 [09:44<03:17,  3.59it/s]
 76%|███████▌  | 2264/2973 [09:44<03:20,  3.53it/s]
 76%|███████▌  | 2265/2973 [09:45<03:22,  3.49it/s]
 76%|███████▌  | 2266/2973 [09:45<03:22,  3.48it/s]
 76%|███████▋  | 2267/2973 [09:45<03:15,  3.62it/s]
 76%|███████▋  | 2268/2973 [09:45<03:09,  3.72it/s]
 76%|███████▋  | 2269/2973 [09:46<03:11,  3.67it/s]
 76%|███████▋  | 2270/2973 [09:46<03:05,  3.79it/s]
 76%|███████▋  | 2271/2973 [09:46<03:00,  3.88it/s]
 76%|███████▋  | 2272/2973 [09:46<03:05,  3.78it/s]
 76%|███████▋  | 2273/2973 [09:47<03:00,  3.88it/s]
 76%|███████▋  | 2274/2973 [09:47<02:56,  3.95it/s]
 77%|███████▋  | 2275/2973 [09:47<02:54,  3.99it/s]
 77%|███████▋  | 2276/2973 [09:47<02:53,  4.03it/s]
 77%|███████▋  | 2277/2973 [09:48<02:51,  4.05it/s]
 77%|███████▋  | 2278/2973 [09:48<03:00,  3.85it/s]
 77%|███████▋  | 2279/2973 [09:48<02:58,  3.88it/s]
 77%|███████▋  | 2280/2973 [09:48<03:04,  3.76it/s]
 77%|███████▋  | 2281/2973 [09:49<03:06,  3.71it/s]
 77%|███████▋  | 2282/2973 [09:49<03:00,  3.83it/s]
 77%|███████▋  | 2283/2973 [09:49<02:56,  3.91it/s]
 77%|███████▋  | 2284/2973 [09:49<03:00,  3.81it/s]
 77%|███████▋  | 2285/2973 [09:50<02:56,  3.90it/s]
 77%|███████▋  | 2286/2973 [09:50<02:53,  3.96it/s]
 77%|███████▋  | 2287/2973 [09:50<02:59,  3.83it/s]
 77%|███████▋  | 2288/2973 [09:51<02:56,  3.88it/s]
 77%|███████▋  | 2289/2973 [09:51<03:01,  3.77it/s]
 77%|███████▋  | 2290/2973 [09:51<03:03,  3.72it/s]
 77%|███████▋  | 2291/2973 [09:51<02:58,  3.83it/s]
 77%|███████▋  | 2292/2973 [09:52<02:54,  3.91it/s]
 77%|███████▋  | 2293/2973 [09:52<02:58,  3.81it/s]
 77%|███████▋  | 2294/2973 [09:52<02:55,  3.87it/s]
 77%|███████▋  | 2295/2973 [09:52<02:52,  3.94it/s]
 77%|███████▋  | 2296/2973 [09:53<02:56,  3.83it/s]
 77%|███████▋  | 2297/2973 [09:53<02:52,  3.92it/s]
 77%|███████▋  | 2298/2973 [09:53<02:49,  3.97it/s]
 77%|███████▋  | 2299/2973 [09:53<02:56,  3.81it/s]
 77%|███████▋  | 2300/2973 [09:54<02:54,  3.86it/s]
 77%|███████▋  | 2301/2973 [09:54<02:53,  3.87it/s]
 77%|███████▋  | 2302/2973 [09:54<02:57,  3.78it/s]
 77%|███████▋  | 2303/2973 [09:54<02:52,  3.87it/s]
 77%|███████▋  | 2304/2973 [09:55<02:49,  3.94it/s]
 78%|███████▊  | 2305/2973 [09:55<02:58,  3.75it/s]
 78%|███████▊  | 2306/2973 [09:55<03:03,  3.64it/s]
 78%|███████▊  | 2307/2973 [09:56<03:07,  3.56it/s]
 78%|███████▊  | 2308/2973 [09:56<03:03,  3.63it/s]
 78%|███████▊  | 2309/2973 [09:56<02:59,  3.70it/s]
 78%|███████▊  | 2310/2973 [09:56<02:56,  3.75it/s]
 78%|███████▊  | 2311/2973 [09:57<02:59,  3.70it/s]
 78%|███████▊  | 2312/2973 [09:57<02:53,  3.81it/s]
 78%|███████▊  | 2313/2973 [09:57<02:49,  3.89it/s]
 78%|███████▊  | 2314/2973 [09:57<02:53,  3.80it/s]
 78%|███████▊  | 2315/2973 [09:58<02:49,  3.89it/s]
 78%|███████▊  | 2316/2973 [09:58<02:45,  3.96it/s]
 78%|███████▊  | 2317/2973 [09:58<02:50,  3.84it/s]
 78%|███████▊  | 2318/2973 [09:58<02:46,  3.93it/s]
 78%|███████▊  | 2319/2973 [09:59<02:44,  3.98it/s]
 78%|███████▊  | 2320/2973 [09:59<02:49,  3.86it/s]
 78%|███████▊  | 2321/2973 [09:59<02:46,  3.91it/s]
 78%|███████▊  | 2322/2973 [09:59<02:43,  3.97it/s]
 78%|███████▊  | 2323/2973 [10:00<02:43,  3.98it/s]
 78%|███████▊  | 2324/2973 [10:00<02:41,  4.02it/s]
 78%|███████▊  | 2325/2973 [10:00<02:40,  4.04it/s]
 78%|███████▊  | 2326/2973 [10:00<02:47,  3.87it/s]
 78%|███████▊  | 2327/2973 [10:01<02:45,  3.91it/s]
 78%|███████▊  | 2328/2973 [10:01<02:43,  3.94it/s]
 78%|███████▊  | 2329/2973 [10:01<02:48,  3.82it/s]
 78%|███████▊  | 2330/2973 [10:01<02:44,  3.91it/s]
 78%|███████▊  | 2331/2973 [10:02<02:41,  3.96it/s]
 78%|███████▊  | 2332/2973 [10:02<02:46,  3.85it/s]
 78%|███████▊  | 2333/2973 [10:02<02:43,  3.92it/s]
 79%|███████▊  | 2334/2973 [10:02<02:41,  3.96it/s]
 79%|███████▊  | 2335/2973 [10:03<02:46,  3.84it/s]
 79%|███████▊  | 2336/2973 [10:03<02:43,  3.90it/s]
 79%|███████▊  | 2337/2973 [10:03<02:40,  3.96it/s]
 79%|███████▊  | 2338/2973 [10:03<02:44,  3.85it/s]
 79%|███████▊  | 2339/2973 [10:04<02:41,  3.93it/s]
 79%|███████▊  | 2340/2973 [10:04<02:38,  3.98it/s]
 79%|███████▊  | 2341/2973 [10:04<02:44,  3.84it/s]
 79%|███████▉  | 2342/2973 [10:04<02:40,  3.92it/s]
 79%|███████▉  | 2343/2973 [10:05<02:38,  3.98it/s]
 79%|███████▉  | 2344/2973 [10:05<02:43,  3.85it/s]
 79%|███████▉  | 2345/2973 [10:05<02:39,  3.93it/s]
 79%|███████▉  | 2346/2973 [10:05<02:37,  3.98it/s]
 79%|███████▉  | 2347/2973 [10:06<02:42,  3.86it/s]
 79%|███████▉  | 2348/2973 [10:06<02:39,  3.93it/s]
 79%|███████▉  | 2349/2973 [10:06<03:15,  3.19it/s]
 79%|███████▉  | 2350/2973 [10:07<03:08,  3.30it/s]
 79%|███████▉  | 2351/2973 [10:07<02:57,  3.51it/s]
 79%|███████▉  | 2352/2973 [10:07<02:48,  3.68it/s]
 79%|███████▉  | 2353/2973 [10:08<02:59,  3.46it/s]
 79%|███████▉  | 2354/2973 [10:08<02:59,  3.44it/s]
 79%|███████▉  | 2355/2973 [10:08<02:59,  3.44it/s]
 79%|███████▉  | 2356/2973 [10:08<02:58,  3.46it/s]
 79%|███████▉  | 2357/2973 [10:09<02:49,  3.63it/s]
 79%|███████▉  | 2358/2973 [10:09<02:43,  3.77it/s]
 79%|███████▉  | 2359/2973 [10:09<02:45,  3.72it/s]
 79%|███████▉  | 2360/2973 [10:09<02:39,  3.83it/s]
 79%|███████▉  | 2361/2973 [10:10<02:36,  3.91it/s]
 79%|███████▉  | 2362/2973 [10:10<02:40,  3.81it/s]
 79%|███████▉  | 2363/2973 [10:10<02:36,  3.90it/s]
 80%|███████▉  | 2364/2973 [10:10<02:33,  3.96it/s]
 80%|███████▉  | 2365/2973 [10:11<02:40,  3.79it/s]
 80%|███████▉  | 2366/2973 [10:11<02:37,  3.85it/s]
 80%|███████▉  | 2367/2973 [10:11<02:35,  3.90it/s]
 80%|███████▉  | 2368/2973 [10:12<02:39,  3.80it/s]
 80%|███████▉  | 2369/2973 [10:12<02:35,  3.89it/s]
 80%|███████▉  | 2370/2973 [10:12<02:33,  3.94it/s]
 80%|███████▉  | 2371/2973 [10:12<02:37,  3.83it/s]
 80%|███████▉  | 2372/2973 [10:13<02:34,  3.90it/s]
 80%|███████▉  | 2373/2973 [10:13<02:31,  3.95it/s]
 80%|███████▉  | 2374/2973 [10:13<02:30,  3.99it/s]
 80%|███████▉  | 2375/2973 [10:13<02:28,  4.02it/s]
 80%|███████▉  | 2376/2973 [10:13<02:27,  4.04it/s]
 80%|███████▉  | 2377/2973 [10:14<02:34,  3.87it/s]
 80%|███████▉  | 2378/2973 [10:14<02:31,  3.93it/s]
 80%|████████  | 2379/2973 [10:14<02:29,  3.98it/s]
 80%|████████  | 2380/2973 [10:15<02:27,  4.01it/s]
 80%|████████  | 2381/2973 [10:15<02:26,  4.04it/s]
 80%|████████  | 2382/2973 [10:15<02:25,  4.06it/s]
 80%|████████  | 2383/2973 [10:15<02:31,  3.90it/s]
 80%|████████  | 2384/2973 [10:16<02:28,  3.96it/s]
 80%|████████  | 2385/2973 [10:16<02:27,  3.99it/s]
 80%|████████  | 2386/2973 [10:16<02:34,  3.80it/s]
 80%|████████  | 2387/2973 [10:16<02:32,  3.83it/s]
 80%|████████  | 2388/2973 [10:17<02:32,  3.85it/s]
 80%|████████  | 2389/2973 [10:17<02:29,  3.90it/s]
 80%|████████  | 2390/2973 [10:17<02:26,  3.97it/s]
 80%|████████  | 2391/2973 [10:17<02:25,  4.01it/s]
 80%|████████  | 2392/2973 [10:18<02:31,  3.84it/s]
 80%|████████  | 2393/2973 [10:18<02:27,  3.92it/s]
 81%|████████  | 2394/2973 [10:18<02:25,  3.97it/s]
 81%|████████  | 2395/2973 [10:18<02:31,  3.81it/s]
 81%|████████  | 2396/2973 [10:19<02:29,  3.85it/s]
 81%|████████  | 2397/2973 [10:19<02:28,  3.88it/s]
 81%|████████  | 2398/2973 [10:19<02:31,  3.79it/s]
 81%|████████  | 2399/2973 [10:19<02:27,  3.88it/s]
 81%|████████  | 2400/2973 [10:20<02:25,  3.95it/s]
 81%|████████  | 2401/2973 [10:20<02:22,  4.00it/s]
 81%|████████  | 2402/2973 [10:20<02:21,  4.05it/s]
 81%|████████  | 2403/2973 [10:20<02:19,  4.08it/s]
 81%|████████  | 2404/2973 [10:21<02:26,  3.88it/s]
 81%|████████  | 2405/2973 [10:21<02:25,  3.91it/s]
 81%|████████  | 2406/2973 [10:21<02:24,  3.93it/s]
 81%|████████  | 2407/2973 [10:21<02:27,  3.82it/s]
 81%|████████  | 2408/2973 [10:22<02:24,  3.91it/s]
 81%|████████  | 2409/2973 [10:22<02:22,  3.96it/s]
 81%|████████  | 2410/2973 [10:22<02:21,  3.99it/s]
 81%|████████  | 2411/2973 [10:22<02:19,  4.03it/s]
 81%|████████  | 2412/2973 [10:23<02:18,  4.05it/s]
 81%|████████  | 2413/2973 [10:23<02:23,  3.89it/s]
 81%|████████  | 2414/2973 [10:23<02:21,  3.96it/s]
 81%|████████  | 2415/2973 [10:23<02:24,  3.86it/s]
 81%|████████▏ | 2416/2973 [10:24<02:28,  3.76it/s]
 81%|████████▏ | 2417/2973 [10:24<02:25,  3.83it/s]
 81%|████████▏ | 2418/2973 [10:24<02:22,  3.88it/s]
 81%|████████▏ | 2419/2973 [10:25<02:26,  3.78it/s]
 81%|████████▏ | 2420/2973 [10:25<02:22,  3.87it/s]
 81%|████████▏ | 2421/2973 [10:25<02:20,  3.94it/s]
 81%|████████▏ | 2422/2973 [10:25<02:18,  3.98it/s]
 82%|████████▏ | 2423/2973 [10:25<02:16,  4.02it/s]
 82%|████████▏ | 2424/2973 [10:26<02:15,  4.06it/s]
 82%|████████▏ | 2425/2973 [10:26<02:20,  3.89it/s]
 82%|████████▏ | 2426/2973 [10:26<02:18,  3.96it/s]
 82%|████████▏ | 2427/2973 [10:26<02:16,  4.00it/s]
 82%|████████▏ | 2428/2973 [10:27<02:17,  3.98it/s]
 82%|████████▏ | 2429/2973 [10:27<02:16,  3.98it/s]
 82%|████████▏ | 2430/2973 [10:27<02:16,  3.97it/s]
 82%|████████▏ | 2431/2973 [10:28<02:20,  3.85it/s]
 82%|████████▏ | 2432/2973 [10:28<02:17,  3.93it/s]
 82%|████████▏ | 2433/2973 [10:28<02:15,  3.98it/s]
 82%|████████▏ | 2434/2973 [10:28<02:21,  3.81it/s]
 82%|████████▏ | 2435/2973 [10:29<02:19,  3.85it/s]
 82%|████████▏ | 2436/2973 [10:29<02:18,  3.88it/s]
 82%|████████▏ | 2437/2973 [10:29<02:21,  3.80it/s]
 82%|████████▏ | 2438/2973 [10:29<02:17,  3.88it/s]
 82%|████████▏ | 2439/2973 [10:30<02:15,  3.95it/s]
 82%|████████▏ | 2440/2973 [10:30<02:18,  3.84it/s]
 82%|████████▏ | 2441/2973 [10:30<02:15,  3.92it/s]
 82%|████████▏ | 2442/2973 [10:30<02:13,  3.97it/s]
 82%|████████▏ | 2443/2973 [10:31<02:18,  3.81it/s]
 82%|████████▏ | 2444/2973 [10:31<02:16,  3.86it/s]
 82%|████████▏ | 2445/2973 [10:31<02:15,  3.89it/s]
 82%|████████▏ | 2446/2973 [10:31<02:13,  3.94it/s]
 82%|████████▏ | 2447/2973 [10:32<02:12,  3.98it/s]
 82%|████████▏ | 2448/2973 [10:32<02:10,  4.02it/s]
 82%|████████▏ | 2449/2973 [10:32<02:15,  3.88it/s]
 82%|████████▏ | 2450/2973 [10:32<02:12,  3.94it/s]
 82%|████████▏ | 2451/2973 [10:33<02:10,  3.99it/s]
 82%|████████▏ | 2452/2973 [10:33<02:09,  4.04it/s]
 83%|████████▎ | 2453/2973 [10:33<02:07,  4.07it/s]
 83%|████████▎ | 2454/2973 [10:33<02:06,  4.09it/s]
 83%|████████▎ | 2455/2973 [10:34<02:19,  3.72it/s]
 83%|████████▎ | 2456/2973 [10:34<02:22,  3.63it/s]
 83%|████████▎ | 2457/2973 [10:34<02:24,  3.57it/s]
 83%|████████▎ | 2458/2973 [10:35<02:20,  3.68it/s]
 83%|████████▎ | 2459/2973 [10:35<02:16,  3.77it/s]
 83%|████████▎ | 2460/2973 [10:35<02:13,  3.83it/s]
 83%|████████▎ | 2461/2973 [10:35<02:12,  3.87it/s]
 83%|████████▎ | 2462/2973 [10:36<02:11,  3.89it/s]
 83%|████████▎ | 2463/2973 [10:36<02:10,  3.91it/s]
 83%|████████▎ | 2464/2973 [10:36<02:13,  3.81it/s]
 83%|████████▎ | 2465/2973 [10:36<02:10,  3.89it/s]
 83%|████████▎ | 2466/2973 [10:37<02:08,  3.95it/s]
 83%|████████▎ | 2467/2973 [10:37<02:19,  3.62it/s]
 83%|████████▎ | 2468/2973 [10:37<02:22,  3.55it/s]
 83%|████████▎ | 2469/2973 [10:37<02:23,  3.51it/s]
 83%|████████▎ | 2470/2973 [10:38<02:22,  3.53it/s]
 83%|████████▎ | 2471/2973 [10:38<02:16,  3.68it/s]
 83%|████████▎ | 2472/2973 [10:38<02:11,  3.80it/s]
 83%|████████▎ | 2473/2973 [10:39<02:13,  3.75it/s]
 83%|████████▎ | 2474/2973 [10:39<02:08,  3.87it/s]
 83%|████████▎ | 2475/2973 [10:39<02:10,  3.80it/s]
 83%|████████▎ | 2476/2973 [10:39<02:14,  3.71it/s]
 83%|████████▎ | 2477/2973 [10:40<02:10,  3.79it/s]
 83%|████████▎ | 2478/2973 [10:40<02:08,  3.85it/s]
 83%|████████▎ | 2479/2973 [10:40<02:07,  3.87it/s]
 83%|████████▎ | 2480/2973 [10:40<02:06,  3.89it/s]
 83%|████████▎ | 2481/2973 [10:41<02:05,  3.91it/s]
 83%|████████▎ | 2482/2973 [10:41<02:08,  3.82it/s]
 84%|████████▎ | 2483/2973 [10:41<02:05,  3.90it/s]
 84%|████████▎ | 2484/2973 [10:41<02:08,  3.82it/s]
 84%|████████▎ | 2485/2973 [10:42<02:10,  3.75it/s]
 84%|████████▎ | 2486/2973 [10:42<02:06,  3.86it/s]
 84%|████████▎ | 2487/2973 [10:42<02:03,  3.93it/s]
 84%|████████▎ | 2488/2973 [10:42<02:13,  3.63it/s]
 84%|████████▎ | 2489/2973 [10:43<02:15,  3.57it/s]
 84%|████████▍ | 2490/2973 [10:43<02:16,  3.53it/s]
 84%|████████▍ | 2491/2973 [10:43<02:10,  3.70it/s]
 84%|████████▍ | 2492/2973 [10:44<02:05,  3.83it/s]
 84%|████████▍ | 2493/2973 [10:44<02:01,  3.93it/s]
 84%|████████▍ | 2494/2973 [10:44<02:06,  3.79it/s]
 84%|████████▍ | 2495/2973 [10:44<02:04,  3.85it/s]
 84%|████████▍ | 2496/2973 [10:45<02:02,  3.89it/s]
 84%|████████▍ | 2497/2973 [10:45<02:01,  3.91it/s]
 84%|████████▍ | 2498/2973 [10:45<02:00,  3.93it/s]
 84%|████████▍ | 2499/2973 [10:45<02:00,  3.95it/s]
 84%|████████▍ | 2500/2973 [10:46<01:58,  3.99it/s]
 84%|████████▍ | 2501/2973 [10:46<01:56,  4.04it/s]
 84%|████████▍ | 2502/2973 [10:46<01:55,  4.07it/s]
 84%|████████▍ | 2503/2973 [10:46<02:00,  3.89it/s]
 84%|████████▍ | 2504/2973 [10:47<01:58,  3.95it/s]
 84%|████████▍ | 2505/2973 [10:47<01:57,  3.98it/s]
 84%|████████▍ | 2506/2973 [10:47<01:56,  4.02it/s]
 84%|████████▍ | 2507/2973 [10:47<01:55,  4.04it/s]
 84%|████████▍ | 2508/2973 [10:48<01:54,  4.06it/s]
 84%|████████▍ | 2509/2973 [10:48<01:53,  4.07it/s]
 84%|████████▍ | 2510/2973 [10:48<01:53,  4.08it/s]
 84%|████████▍ | 2511/2973 [10:48<01:53,  4.07it/s]
 84%|████████▍ | 2512/2973 [10:48<01:52,  4.08it/s]
 85%|████████▍ | 2513/2973 [10:49<01:52,  4.09it/s]
 85%|████████▍ | 2514/2973 [10:49<01:52,  4.09it/s]
 85%|████████▍ | 2515/2973 [10:49<01:58,  3.87it/s]
 85%|████████▍ | 2516/2973 [10:50<01:57,  3.88it/s]
 85%|████████▍ | 2517/2973 [10:50<01:57,  3.88it/s]
 85%|████████▍ | 2518/2973 [10:50<02:00,  3.79it/s]
 85%|████████▍ | 2519/2973 [10:50<01:56,  3.89it/s]
 85%|████████▍ | 2520/2973 [10:51<01:54,  3.95it/s]
 85%|████████▍ | 2521/2973 [10:51<01:54,  3.95it/s]
 85%|████████▍ | 2522/2973 [10:51<01:54,  3.96it/s]
 85%|████████▍ | 2523/2973 [10:51<01:53,  3.96it/s]
 85%|████████▍ | 2524/2973 [10:52<01:56,  3.84it/s]
 85%|████████▍ | 2525/2973 [10:52<01:54,  3.93it/s]
 85%|████████▍ | 2526/2973 [10:52<01:52,  3.98it/s]
 85%|████████▍ | 2527/2973 [10:52<01:56,  3.84it/s]
 85%|████████▌ | 2528/2973 [10:53<01:53,  3.91it/s]
 85%|████████▌ | 2529/2973 [10:53<01:52,  3.96it/s]
 85%|████████▌ | 2530/2973 [10:53<01:55,  3.84it/s]
 85%|████████▌ | 2531/2973 [10:53<01:52,  3.92it/s]
 85%|████████▌ | 2532/2973 [10:54<01:51,  3.95it/s]
 85%|████████▌ | 2533/2973 [10:54<01:55,  3.80it/s]
 85%|████████▌ | 2534/2973 [10:54<01:54,  3.84it/s]
 85%|████████▌ | 2535/2973 [10:54<01:53,  3.87it/s]
 85%|████████▌ | 2536/2973 [10:55<01:56,  3.75it/s]
 85%|████████▌ | 2537/2973 [10:55<01:54,  3.81it/s]
 85%|████████▌ | 2538/2973 [10:55<01:52,  3.86it/s]
 85%|████████▌ | 2539/2973 [10:55<01:54,  3.78it/s]
 85%|████████▌ | 2540/2973 [10:56<01:51,  3.87it/s]
 85%|████████▌ | 2541/2973 [10:56<01:49,  3.94it/s]
 86%|████████▌ | 2542/2973 [10:56<01:52,  3.83it/s]
 86%|████████▌ | 2543/2973 [10:56<01:49,  3.92it/s]
 86%|████████▌ | 2544/2973 [10:57<01:47,  3.97it/s]
 86%|████████▌ | 2545/2973 [10:57<01:57,  3.64it/s]
 86%|████████▌ | 2546/2973 [10:57<01:59,  3.57it/s]
 86%|████████▌ | 2547/2973 [10:58<02:01,  3.52it/s]
 86%|████████▌ | 2548/2973 [10:58<01:59,  3.54it/s]
 86%|████████▌ | 2549/2973 [10:58<01:54,  3.71it/s]
 86%|████████▌ | 2550/2973 [10:58<01:50,  3.83it/s]
 86%|████████▌ | 2551/2973 [10:59<01:52,  3.75it/s]
 86%|████████▌ | 2552/2973 [10:59<01:48,  3.87it/s]
 86%|████████▌ | 2553/2973 [10:59<01:46,  3.96it/s]
 86%|████████▌ | 2554/2973 [10:59<01:46,  3.93it/s]
 86%|████████▌ | 2555/2973 [11:00<01:46,  3.91it/s]
 86%|████████▌ | 2556/2973 [11:00<01:46,  3.91it/s]
 86%|████████▌ | 2557/2973 [11:00<01:48,  3.85it/s]
 86%|████████▌ | 2558/2973 [11:00<01:44,  3.97it/s]
 86%|████████▌ | 2559/2973 [11:01<01:42,  4.05it/s]
 86%|████████▌ | 2560/2973 [11:01<01:46,  3.89it/s]
 86%|████████▌ | 2561/2973 [11:01<01:44,  3.94it/s]
 86%|████████▌ | 2562/2973 [11:01<01:43,  3.98it/s]
 86%|████████▌ | 2563/2973 [11:02<01:46,  3.86it/s]
 86%|████████▌ | 2564/2973 [11:02<01:43,  3.94it/s]
 86%|████████▋ | 2565/2973 [11:02<01:42,  3.98it/s]
 86%|████████▋ | 2566/2973 [11:02<01:45,  3.85it/s]
 86%|████████▋ | 2567/2973 [11:03<01:43,  3.93it/s]
 86%|████████▋ | 2568/2973 [11:03<01:41,  3.99it/s]
 86%|████████▋ | 2569/2973 [11:03<01:45,  3.83it/s]
 86%|████████▋ | 2570/2973 [11:04<01:48,  3.73it/s]
 86%|████████▋ | 2571/2973 [11:04<01:45,  3.80it/s]
 87%|████████▋ | 2572/2973 [11:04<01:46,  3.75it/s]
 87%|████████▋ | 2573/2973 [11:04<01:43,  3.87it/s]
 87%|████████▋ | 2574/2973 [11:05<01:40,  3.96it/s]
 87%|████████▋ | 2575/2973 [11:05<01:39,  3.99it/s]
 87%|████████▋ | 2576/2973 [11:05<01:38,  4.01it/s]
 87%|████████▋ | 2577/2973 [11:05<01:37,  4.05it/s]
 87%|████████▋ | 2578/2973 [11:06<01:41,  3.90it/s]
 87%|████████▋ | 2579/2973 [11:06<01:39,  3.97it/s]
 87%|████████▋ | 2580/2973 [11:06<01:38,  4.01it/s]
 87%|████████▋ | 2581/2973 [11:06<01:42,  3.84it/s]
 87%|████████▋ | 2582/2973 [11:07<01:40,  3.88it/s]
 87%|████████▋ | 2583/2973 [11:07<01:39,  3.91it/s]
 87%|████████▋ | 2584/2973 [11:07<01:38,  3.96it/s]
 87%|████████▋ | 2585/2973 [11:07<01:36,  4.01it/s]
 87%|████████▋ | 2586/2973 [11:08<01:36,  4.03it/s]
 87%|████████▋ | 2587/2973 [11:08<01:39,  3.89it/s]
 87%|████████▋ | 2588/2973 [11:08<01:37,  3.95it/s]
 87%|████████▋ | 2589/2973 [11:08<01:35,  4.00it/s]
 87%|████████▋ | 2590/2973 [11:09<01:38,  3.87it/s]
 87%|████████▋ | 2591/2973 [11:09<01:36,  3.95it/s]
 87%|████████▋ | 2592/2973 [11:09<01:35,  4.00it/s]
 87%|████████▋ | 2593/2973 [11:09<01:38,  3.87it/s]
 87%|████████▋ | 2594/2973 [11:10<01:36,  3.94it/s]
 87%|████████▋ | 2595/2973 [11:10<01:35,  3.97it/s]
 87%|████████▋ | 2596/2973 [11:10<01:37,  3.86it/s]
 87%|████████▋ | 2597/2973 [11:10<01:35,  3.93it/s]
 87%|████████▋ | 2598/2973 [11:11<01:34,  3.99it/s]
 87%|████████▋ | 2599/2973 [11:11<01:37,  3.85it/s]
 87%|████████▋ | 2600/2973 [11:11<01:34,  3.93it/s]
 87%|████████▋ | 2601/2973 [11:11<01:33,  3.99it/s]
 88%|████████▊ | 2602/2973 [11:12<01:36,  3.86it/s]
 88%|████████▊ | 2603/2973 [11:12<01:34,  3.94it/s]
 88%|████████▊ | 2604/2973 [11:12<01:36,  3.84it/s]
 88%|████████▊ | 2605/2973 [11:12<01:37,  3.77it/s]
 88%|████████▊ | 2606/2973 [11:13<01:35,  3.85it/s]
 88%|████████▊ | 2607/2973 [11:13<01:33,  3.91it/s]
 88%|████████▊ | 2608/2973 [11:13<01:36,  3.78it/s]
 88%|████████▊ | 2609/2973 [11:13<01:34,  3.84it/s]
 88%|████████▊ | 2610/2973 [11:14<01:33,  3.89it/s]
 88%|████████▊ | 2611/2973 [11:14<01:35,  3.78it/s]
 88%|████████▊ | 2612/2973 [11:14<01:33,  3.84it/s]
 88%|████████▊ | 2613/2973 [11:15<01:32,  3.90it/s]
 88%|████████▊ | 2614/2973 [11:15<01:34,  3.80it/s]
 88%|████████▊ | 2615/2973 [11:15<01:31,  3.90it/s]
 88%|████████▊ | 2616/2973 [11:15<01:30,  3.96it/s]
 88%|████████▊ | 2617/2973 [11:16<01:29,  3.96it/s]
 88%|████████▊ | 2618/2973 [11:16<01:29,  3.98it/s]
 88%|████████▊ | 2619/2973 [11:16<01:28,  3.99it/s]
 88%|████████▊ | 2620/2973 [11:16<01:36,  3.65it/s]
 88%|████████▊ | 2621/2973 [11:17<02:00,  2.92it/s]
 88%|████████▊ | 2622/2973 [11:17<01:54,  3.06it/s]
 88%|████████▊ | 2623/2973 [11:17<01:50,  3.17it/s]
 88%|████████▊ | 2624/2973 [11:18<01:43,  3.38it/s]
 88%|████████▊ | 2625/2973 [11:18<01:38,  3.54it/s]
 88%|████████▊ | 2626/2973 [11:18<01:37,  3.56it/s]
 88%|████████▊ | 2627/2973 [11:18<01:33,  3.71it/s]
 88%|████████▊ | 2628/2973 [11:19<01:30,  3.83it/s]
 88%|████████▊ | 2629/2973 [11:19<01:31,  3.76it/s]
 88%|████████▊ | 2630/2973 [11:19<01:28,  3.87it/s]
 88%|████████▊ | 2631/2973 [11:19<01:26,  3.94it/s]
 89%|████████▊ | 2632/2973 [11:20<01:29,  3.79it/s]
 89%|████████▊ | 2633/2973 [11:20<01:28,  3.84it/s]
 89%|████████▊ | 2634/2973 [11:20<01:27,  3.88it/s]
 89%|████████▊ | 2635/2973 [11:21<01:26,  3.90it/s]
 89%|████████▊ | 2636/2973 [11:21<01:25,  3.93it/s]
 89%|████████▊ | 2637/2973 [11:21<01:25,  3.95it/s]
 89%|████████▊ | 2638/2973 [11:21<01:28,  3.80it/s]
 89%|████████▉ | 2639/2973 [11:22<01:26,  3.85it/s]
 89%|████████▉ | 2640/2973 [11:22<01:25,  3.89it/s]
 89%|████████▉ | 2641/2973 [11:22<01:28,  3.76it/s]
 89%|████████▉ | 2642/2973 [11:22<01:26,  3.83it/s]
 89%|████████▉ | 2643/2973 [11:23<01:28,  3.73it/s]
 89%|████████▉ | 2644/2973 [11:23<01:30,  3.64it/s]
 89%|████████▉ | 2645/2973 [11:23<01:27,  3.75it/s]
 89%|████████▉ | 2646/2973 [11:23<01:25,  3.83it/s]
 89%|████████▉ | 2647/2973 [11:24<01:28,  3.70it/s]
 89%|████████▉ | 2648/2973 [11:24<01:26,  3.75it/s]
 89%|████████▉ | 2649/2973 [11:24<01:25,  3.79it/s]
 89%|████████▉ | 2650/2973 [11:24<01:26,  3.73it/s]
 89%|████████▉ | 2651/2973 [11:25<01:24,  3.83it/s]
 89%|████████▉ | 2652/2973 [11:25<01:22,  3.89it/s]
 89%|████████▉ | 2653/2973 [11:25<01:25,  3.73it/s]
 89%|████████▉ | 2654/2973 [11:26<01:24,  3.77it/s]
 89%|████████▉ | 2655/2973 [11:26<01:23,  3.80it/s]
 89%|████████▉ | 2656/2973 [11:26<01:25,  3.71it/s]
 89%|████████▉ | 2657/2973 [11:26<01:23,  3.78it/s]
 89%|████████▉ | 2658/2973 [11:27<01:22,  3.83it/s]
 89%|████████▉ | 2659/2973 [11:27<01:23,  3.76it/s]
 89%|████████▉ | 2660/2973 [11:27<01:21,  3.83it/s]
 90%|████████▉ | 2661/2973 [11:27<01:19,  3.92it/s]
 90%|████████▉ | 2662/2973 [11:28<01:21,  3.81it/s]
 90%|████████▉ | 2663/2973 [11:28<01:19,  3.90it/s]
 90%|████████▉ | 2664/2973 [11:28<01:21,  3.81it/s]
 90%|████████▉ | 2665/2973 [11:28<01:22,  3.73it/s]
 90%|████████▉ | 2666/2973 [11:29<01:20,  3.83it/s]
 90%|████████▉ | 2667/2973 [11:29<01:18,  3.91it/s]
 90%|████████▉ | 2668/2973 [11:29<01:17,  3.95it/s]
 90%|████████▉ | 2669/2973 [11:29<01:16,  4.00it/s]
 90%|████████▉ | 2670/2973 [11:30<01:15,  4.03it/s]
 90%|████████▉ | 2671/2973 [11:30<01:17,  3.89it/s]
 90%|████████▉ | 2672/2973 [11:30<01:16,  3.95it/s]
 90%|████████▉ | 2673/2973 [11:30<01:14,  4.00it/s]
 90%|████████▉ | 2674/2973 [11:31<01:17,  3.87it/s]
 90%|████████▉ | 2675/2973 [11:31<01:15,  3.94it/s]
 90%|█████████ | 2676/2973 [11:31<01:14,  3.99it/s]
 90%|█████████ | 2677/2973 [11:31<01:17,  3.83it/s]
 90%|█████████ | 2678/2973 [11:32<01:16,  3.88it/s]
 90%|█████████ | 2679/2973 [11:32<01:14,  3.93it/s]
 90%|█████████ | 2680/2973 [11:32<01:17,  3.78it/s]
 90%|█████████ | 2681/2973 [11:32<01:16,  3.83it/s]
 90%|█████████ | 2682/2973 [11:33<01:15,  3.88it/s]
 90%|█████████ | 2683/2973 [11:33<01:16,  3.77it/s]
 90%|█████████ | 2684/2973 [11:33<01:15,  3.84it/s]
 90%|█████████ | 2685/2973 [11:34<01:14,  3.89it/s]
 90%|█████████ | 2686/2973 [11:34<01:16,  3.74it/s]
 90%|█████████ | 2687/2973 [11:34<01:15,  3.80it/s]
 90%|█████████ | 2688/2973 [11:34<01:16,  3.70it/s]
 90%|█████████ | 2689/2973 [11:35<01:15,  3.77it/s]
 90%|█████████ | 2690/2973 [11:35<01:13,  3.83it/s]
 91%|█████████ | 2691/2973 [11:35<01:12,  3.87it/s]
 91%|█████████ | 2692/2973 [11:35<01:14,  3.77it/s]
 91%|█████████ | 2693/2973 [11:36<01:12,  3.87it/s]
 91%|█████████ | 2694/2973 [11:36<01:10,  3.94it/s]
 91%|█████████ | 2695/2973 [11:36<01:13,  3.79it/s]
 91%|█████████ | 2696/2973 [11:36<01:12,  3.82it/s]
 91%|█████████ | 2697/2973 [11:37<01:11,  3.86it/s]
 91%|█████████ | 2698/2973 [11:37<01:13,  3.74it/s]
 91%|█████████ | 2699/2973 [11:37<01:11,  3.81it/s]
 91%|█████████ | 2700/2973 [11:38<01:13,  3.71it/s]
 91%|█████████ | 2701/2973 [11:38<01:11,  3.78it/s]
 91%|█████████ | 2702/2973 [11:38<01:10,  3.87it/s]
 91%|█████████ | 2703/2973 [11:38<01:08,  3.94it/s]
 91%|█████████ | 2704/2973 [11:38<01:08,  3.94it/s]
 91%|█████████ | 2705/2973 [11:39<01:07,  3.95it/s]
 91%|█████████ | 2706/2973 [11:39<01:07,  3.95it/s]
 91%|█████████ | 2707/2973 [11:39<01:09,  3.80it/s]
 91%|█████████ | 2708/2973 [11:40<01:08,  3.87it/s]
 91%|█████████ | 2709/2973 [11:40<01:07,  3.91it/s]
 91%|█████████ | 2710/2973 [11:40<01:10,  3.73it/s]
 91%|█████████ | 2711/2973 [11:40<01:12,  3.63it/s]
 91%|█████████ | 2712/2973 [11:41<01:13,  3.56it/s]
 91%|█████████▏| 2713/2973 [11:41<01:13,  3.54it/s]
 91%|█████████▏| 2714/2973 [11:41<01:10,  3.66it/s]
 91%|█████████▏| 2715/2973 [11:41<01:08,  3.75it/s]
 91%|█████████▏| 2716/2973 [11:42<01:06,  3.85it/s]
 91%|█████████▏| 2717/2973 [11:42<01:05,  3.93it/s]
 91%|█████████▏| 2718/2973 [11:42<01:04,  3.98it/s]
 91%|█████████▏| 2719/2973 [11:42<01:03,  4.01it/s]
 91%|█████████▏| 2720/2973 [11:43<01:02,  4.05it/s]
 92%|█████████▏| 2721/2973 [11:43<01:02,  4.05it/s]
 92%|█████████▏| 2722/2973 [11:43<01:04,  3.89it/s]
 92%|█████████▏| 2723/2973 [11:43<01:03,  3.95it/s]
 92%|█████████▏| 2724/2973 [11:44<01:02,  3.99it/s]
 92%|█████████▏| 2725/2973 [11:44<01:04,  3.87it/s]
 92%|█████████▏| 2726/2973 [11:44<01:03,  3.91it/s]
 92%|█████████▏| 2727/2973 [11:44<01:01,  3.97it/s]
 92%|█████████▏| 2728/2973 [11:45<01:01,  3.97it/s]
 92%|█████████▏| 2729/2973 [11:45<01:01,  3.98it/s]
 92%|█████████▏| 2730/2973 [11:45<01:03,  3.84it/s]
 92%|█████████▏| 2731/2973 [11:45<01:02,  3.90it/s]
 92%|█████████▏| 2732/2973 [11:46<01:00,  3.96it/s]
 92%|█████████▏| 2733/2973 [11:46<01:00,  4.00it/s]
 92%|█████████▏| 2734/2973 [11:46<01:01,  3.87it/s]
 92%|█████████▏| 2735/2973 [11:46<01:00,  3.94it/s]
 92%|█████████▏| 2736/2973 [11:47<00:59,  3.99it/s]
 92%|█████████▏| 2737/2973 [11:47<01:01,  3.83it/s]
 92%|█████████▏| 2738/2973 [11:47<01:00,  3.87it/s]
 92%|█████████▏| 2739/2973 [11:48<01:00,  3.90it/s]
 92%|█████████▏| 2740/2973 [11:48<01:01,  3.78it/s]
 92%|█████████▏| 2741/2973 [11:48<01:00,  3.84it/s]
 92%|█████████▏| 2742/2973 [11:48<00:59,  3.89it/s]
 92%|█████████▏| 2743/2973 [11:49<01:01,  3.74it/s]
 92%|█████████▏| 2744/2973 [11:49<01:00,  3.79it/s]
 92%|█████████▏| 2745/2973 [11:49<00:59,  3.82it/s]
 92%|█████████▏| 2746/2973 [11:49<01:01,  3.71it/s]
 92%|█████████▏| 2747/2973 [11:50<00:59,  3.78it/s]
 92%|█████████▏| 2748/2973 [11:50<00:58,  3.83it/s]
 92%|█████████▏| 2749/2973 [11:50<00:57,  3.87it/s]
 92%|█████████▏| 2750/2973 [11:50<00:57,  3.90it/s]
 93%|█████████▎| 2751/2973 [11:51<00:58,  3.78it/s]
 93%|█████████▎| 2752/2973 [11:51<00:57,  3.83it/s]
 93%|█████████▎| 2753/2973 [11:51<00:56,  3.87it/s]
 93%|█████████▎| 2754/2973 [11:51<00:56,  3.90it/s]
 93%|█████████▎| 2755/2973 [11:52<00:57,  3.77it/s]
 93%|█████████▎| 2756/2973 [11:52<00:56,  3.83it/s]
 93%|█████████▎| 2757/2973 [11:52<00:55,  3.88it/s]
 93%|█████████▎| 2758/2973 [11:52<00:54,  3.94it/s]
 93%|█████████▎| 2759/2973 [11:53<00:53,  3.97it/s]
 93%|█████████▎| 2760/2973 [11:53<00:53,  4.01it/s]
 93%|█████████▎| 2761/2973 [11:53<00:54,  3.88it/s]
 93%|█████████▎| 2762/2973 [11:53<00:53,  3.95it/s]
 93%|█████████▎| 2763/2973 [11:54<00:52,  4.00it/s]
 93%|█████████▎| 2764/2973 [11:54<00:52,  3.96it/s]
 93%|█████████▎| 2765/2973 [11:54<00:52,  3.96it/s]
 93%|█████████▎| 2766/2973 [11:55<00:54,  3.81it/s]
 93%|█████████▎| 2767/2973 [11:55<00:55,  3.71it/s]
 93%|█████████▎| 2768/2973 [11:55<00:53,  3.80it/s]
 93%|█████████▎| 2769/2973 [11:55<00:52,  3.86it/s]
 93%|█████████▎| 2770/2973 [11:56<00:53,  3.77it/s]
 93%|█████████▎| 2771/2973 [11:56<00:52,  3.84it/s]
 93%|█████████▎| 2772/2973 [11:56<00:51,  3.92it/s]
 93%|█████████▎| 2773/2973 [11:56<00:52,  3.78it/s]
 93%|█████████▎| 2774/2973 [11:57<00:51,  3.83it/s]
 93%|█████████▎| 2775/2973 [11:57<00:51,  3.87it/s]
 93%|█████████▎| 2776/2973 [11:57<00:52,  3.74it/s]
 93%|█████████▎| 2777/2973 [11:57<00:51,  3.79it/s]
 93%|█████████▎| 2778/2973 [11:58<00:50,  3.83it/s]
 93%|█████████▎| 2779/2973 [11:58<00:51,  3.75it/s]
 94%|█████████▎| 2780/2973 [11:58<00:50,  3.86it/s]
 94%|█████████▎| 2781/2973 [11:58<00:49,  3.91it/s]
 94%|█████████▎| 2782/2973 [11:59<00:50,  3.77it/s]
 94%|█████████▎| 2783/2973 [11:59<00:49,  3.83it/s]
 94%|█████████▎| 2784/2973 [11:59<00:48,  3.87it/s]
 94%|█████████▎| 2785/2973 [12:00<00:49,  3.79it/s]
 94%|█████████▎| 2786/2973 [12:00<00:48,  3.88it/s]
 94%|█████████▎| 2787/2973 [12:00<00:47,  3.94it/s]
 94%|█████████▍| 2788/2973 [12:00<00:48,  3.84it/s]
 94%|█████████▍| 2789/2973 [12:01<00:46,  3.94it/s]
 94%|█████████▍| 2790/2973 [12:01<00:45,  4.00it/s]
 94%|█████████▍| 2791/2973 [12:01<00:47,  3.87it/s]
 94%|█████████▍| 2792/2973 [12:01<00:46,  3.93it/s]
 94%|█████████▍| 2793/2973 [12:02<00:45,  3.99it/s]
 94%|█████████▍| 2794/2973 [12:02<00:47,  3.80it/s]
 94%|█████████▍| 2795/2973 [12:02<00:46,  3.85it/s]
 94%|█████████▍| 2796/2973 [12:02<00:45,  3.89it/s]
 94%|█████████▍| 2797/2973 [12:03<00:46,  3.80it/s]
 94%|█████████▍| 2798/2973 [12:03<00:44,  3.89it/s]
 94%|█████████▍| 2799/2973 [12:03<00:43,  3.97it/s]
 94%|█████████▍| 2800/2973 [12:03<00:45,  3.80it/s]
 94%|█████████▍| 2801/2973 [12:04<00:44,  3.86it/s]
 94%|█████████▍| 2802/2973 [12:04<00:43,  3.89it/s]
 94%|█████████▍| 2803/2973 [12:04<00:44,  3.79it/s]
 94%|█████████▍| 2804/2973 [12:04<00:43,  3.88it/s]
 94%|█████████▍| 2805/2973 [12:05<00:42,  3.95it/s]
 94%|█████████▍| 2806/2973 [12:05<00:44,  3.78it/s]
 94%|█████████▍| 2807/2973 [12:05<00:43,  3.83it/s]
 94%|█████████▍| 2808/2973 [12:05<00:42,  3.87it/s]
 94%|█████████▍| 2809/2973 [12:06<00:43,  3.78it/s]
 95%|█████████▍| 2810/2973 [12:06<00:42,  3.87it/s]
 95%|█████████▍| 2811/2973 [12:06<00:41,  3.93it/s]
 95%|█████████▍| 2812/2973 [12:06<00:42,  3.79it/s]
 95%|█████████▍| 2813/2973 [12:07<00:41,  3.85it/s]
 95%|█████████▍| 2814/2973 [12:07<00:40,  3.88it/s]
 95%|█████████▍| 2815/2973 [12:07<00:41,  3.76it/s]
 95%|█████████▍| 2816/2973 [12:08<00:40,  3.84it/s]
 95%|█████████▍| 2817/2973 [12:08<00:40,  3.89it/s]
 95%|█████████▍| 2818/2973 [12:08<00:40,  3.79it/s]
 95%|█████████▍| 2819/2973 [12:08<00:39,  3.88it/s]
 95%|█████████▍| 2820/2973 [12:09<00:38,  3.95it/s]
 95%|█████████▍| 2821/2973 [12:09<00:38,  3.99it/s]
 95%|█████████▍| 2822/2973 [12:09<00:37,  4.02it/s]
 95%|█████████▍| 2823/2973 [12:09<00:37,  4.03it/s]
 95%|█████████▍| 2824/2973 [12:10<00:38,  3.89it/s]
 95%|█████████▌| 2825/2973 [12:10<00:37,  3.95it/s]
 95%|█████████▌| 2826/2973 [12:10<00:36,  4.00it/s]
 95%|█████████▌| 2827/2973 [12:10<00:37,  3.87it/s]
 95%|█████████▌| 2828/2973 [12:11<00:37,  3.92it/s]
 95%|█████████▌| 2829/2973 [12:11<00:36,  3.91it/s]
 95%|█████████▌| 2830/2973 [12:11<00:37,  3.80it/s]
 95%|█████████▌| 2831/2973 [12:11<00:36,  3.86it/s]
 95%|█████████▌| 2832/2973 [12:12<00:36,  3.89it/s]
 95%|█████████▌| 2833/2973 [12:12<00:37,  3.75it/s]
 95%|█████████▌| 2834/2973 [12:12<00:36,  3.80it/s]
 95%|█████████▌| 2835/2973 [12:12<00:35,  3.84it/s]
 95%|█████████▌| 2836/2973 [12:13<00:36,  3.72it/s]
 95%|█████████▌| 2837/2973 [12:13<00:35,  3.80it/s]
 95%|█████████▌| 2838/2973 [12:13<00:35,  3.85it/s]
 95%|█████████▌| 2839/2973 [12:13<00:35,  3.77it/s]
 96%|█████████▌| 2840/2973 [12:14<00:34,  3.86it/s]
 96%|█████████▌| 2841/2973 [12:14<00:33,  3.92it/s]
 96%|█████████▌| 2842/2973 [12:14<00:34,  3.76it/s]
 96%|█████████▌| 2843/2973 [12:15<00:34,  3.82it/s]
 96%|█████████▌| 2844/2973 [12:15<00:33,  3.85it/s]
 96%|█████████▌| 2845/2973 [12:15<00:34,  3.71it/s]
 96%|█████████▌| 2846/2973 [12:15<00:33,  3.77it/s]
 96%|█████████▌| 2847/2973 [12:16<00:33,  3.81it/s]
 96%|█████████▌| 2848/2973 [12:16<00:33,  3.75it/s]
 96%|█████████▌| 2849/2973 [12:16<00:32,  3.85it/s]
 96%|█████████▌| 2850/2973 [12:16<00:31,  3.93it/s]
 96%|█████████▌| 2851/2973 [12:17<00:30,  3.97it/s]
 96%|█████████▌| 2852/2973 [12:17<00:30,  4.00it/s]
 96%|█████████▌| 2853/2973 [12:17<00:30,  3.88it/s]
 96%|█████████▌| 2854/2973 [12:17<00:31,  3.75it/s]
 96%|█████████▌| 2855/2973 [12:18<00:30,  3.81it/s]
 96%|█████████▌| 2856/2973 [12:18<00:31,  3.71it/s]
 96%|█████████▌| 2857/2973 [12:18<00:30,  3.79it/s]
 96%|█████████▌| 2858/2973 [12:18<00:29,  3.86it/s]
 96%|█████████▌| 2859/2973 [12:19<00:29,  3.93it/s]
 96%|█████████▌| 2860/2973 [12:19<00:29,  3.82it/s]
 96%|█████████▌| 2861/2973 [12:19<00:28,  3.90it/s]
 96%|█████████▋| 2862/2973 [12:19<00:28,  3.95it/s]
 96%|█████████▋| 2863/2973 [12:20<00:28,  3.85it/s]
 96%|█████████▋| 2864/2973 [12:20<00:27,  3.92it/s]
 96%|█████████▋| 2865/2973 [12:20<00:27,  3.98it/s]
 96%|█████████▋| 2866/2973 [12:20<00:28,  3.81it/s]
 96%|█████████▋| 2867/2973 [12:21<00:27,  3.86it/s]
 96%|█████████▋| 2868/2973 [12:21<00:26,  3.89it/s]
 97%|█████████▋| 2869/2973 [12:21<00:27,  3.80it/s]
 97%|█████████▋| 2870/2973 [12:22<00:26,  3.88it/s]
 97%|█████████▋| 2871/2973 [12:22<00:25,  3.95it/s]
 97%|█████████▋| 2872/2973 [12:22<00:26,  3.83it/s]
 97%|█████████▋| 2873/2973 [12:22<00:25,  3.89it/s]
 97%|█████████▋| 2874/2973 [12:23<00:24,  3.96it/s]
 97%|█████████▋| 2875/2973 [12:23<00:25,  3.83it/s]
 97%|█████████▋| 2876/2973 [12:23<00:24,  3.89it/s]
 97%|█████████▋| 2877/2973 [12:23<00:24,  3.93it/s]
 97%|█████████▋| 2878/2973 [12:24<00:23,  3.98it/s]
 97%|█████████▋| 2879/2973 [12:24<00:23,  4.02it/s]
 97%|█████████▋| 2880/2973 [12:24<00:23,  4.04it/s]
 97%|█████████▋| 2881/2973 [12:24<00:23,  3.90it/s]
 97%|█████████▋| 2882/2973 [12:25<00:23,  3.96it/s]
 97%|█████████▋| 2883/2973 [12:25<00:22,  3.99it/s]
 97%|█████████▋| 2884/2973 [12:25<00:24,  3.66it/s]
 97%|█████████▋| 2885/2973 [12:26<00:30,  2.93it/s]
 97%|█████████▋| 2886/2973 [12:26<00:28,  3.04it/s]
 97%|█████████▋| 2887/2973 [12:26<00:27,  3.17it/s]
 97%|█████████▋| 2888/2973 [12:26<00:25,  3.37it/s]
 97%|█████████▋| 2889/2973 [12:27<00:24,  3.41it/s]
 97%|█████████▋| 2890/2973 [12:27<00:24,  3.44it/s]
 97%|█████████▋| 2891/2973 [12:27<00:22,  3.58it/s]
 97%|█████████▋| 2892/2973 [12:28<00:21,  3.69it/s]
 97%|█████████▋| 2893/2973 [12:28<00:22,  3.59it/s]
 97%|█████████▋| 2894/2973 [12:28<00:22,  3.54it/s]
 97%|█████████▋| 2895/2973 [12:28<00:22,  3.50it/s]
 97%|█████████▋| 2896/2973 [12:29<00:21,  3.62it/s]
 97%|█████████▋| 2897/2973 [12:29<00:20,  3.72it/s]
 97%|█████████▋| 2898/2973 [12:29<00:19,  3.79it/s]
 98%|█████████▊| 2899/2973 [12:29<00:19,  3.80it/s]
 98%|█████████▊| 2900/2973 [12:30<00:19,  3.83it/s]
 98%|█████████▊| 2901/2973 [12:30<00:18,  3.85it/s]
 98%|█████████▊| 2902/2973 [12:30<00:19,  3.73it/s]
 98%|█████████▊| 2903/2973 [12:30<00:18,  3.80it/s]
 98%|█████████▊| 2904/2973 [12:31<00:17,  3.85it/s]
 98%|█████████▊| 2905/2973 [12:31<00:18,  3.74it/s]
 98%|█████████▊| 2906/2973 [12:31<00:17,  3.82it/s]
 98%|█████████▊| 2907/2973 [12:32<00:17,  3.88it/s]
 98%|█████████▊| 2908/2973 [12:32<00:16,  3.97it/s]
 98%|█████████▊| 2909/2973 [12:32<00:15,  4.20it/s]
 98%|█████████▊| 2910/2973 [12:32<00:14,  4.40it/s]
 98%|█████████▊| 2911/2973 [12:32<00:14,  4.30it/s]
 98%|█████████▊| 2912/2973 [12:33<00:14,  4.25it/s]
 98%|█████████▊| 2913/2973 [12:33<00:14,  4.21it/s]
 98%|█████████▊| 2914/2973 [12:33<00:14,  4.01it/s]
 98%|█████████▊| 2915/2973 [12:33<00:14,  4.04it/s]
 98%|█████████▊| 2916/2973 [12:34<00:13,  4.07it/s]
 98%|█████████▊| 2917/2973 [12:34<00:15,  3.71it/s]
 98%|█████████▊| 2918/2973 [12:34<00:15,  3.63it/s]
 98%|█████████▊| 2919/2973 [12:35<00:15,  3.57it/s]
 98%|█████████▊| 2920/2973 [12:35<00:14,  3.71it/s]
 98%|█████████▊| 2921/2973 [12:35<00:13,  3.83it/s]
 98%|█████████▊| 2922/2973 [12:35<00:13,  3.91it/s]
 98%|█████████▊| 2923/2973 [12:36<00:13,  3.81it/s]
 98%|█████████▊| 2924/2973 [12:36<00:12,  3.90it/s]
 98%|█████████▊| 2925/2973 [12:36<00:12,  3.81it/s]
 98%|█████████▊| 2926/2973 [12:36<00:13,  3.54it/s]
 98%|█████████▊| 2927/2973 [12:37<00:13,  3.49it/s]
 98%|█████████▊| 2928/2973 [12:37<00:12,  3.47it/s]
 99%|█████████▊| 2929/2973 [12:37<00:12,  3.49it/s]
 99%|█████████▊| 2930/2973 [12:38<00:11,  3.66it/s]
 99%|█████████▊| 2931/2973 [12:38<00:11,  3.79it/s]
 99%|█████████▊| 2932/2973 [12:38<00:10,  3.73it/s]
 99%|█████████▊| 2933/2973 [12:38<00:10,  3.83it/s]
 99%|█████████▊| 2934/2973 [12:39<00:09,  3.91it/s]
 99%|█████████▊| 2935/2973 [12:39<00:09,  3.89it/s]
 99%|█████████▉| 2936/2973 [12:39<00:09,  3.91it/s]
 99%|█████████▉| 2937/2973 [12:39<00:09,  3.93it/s]
 99%|█████████▉| 2938/2973 [12:40<00:09,  3.82it/s]
 99%|█████████▉| 2939/2973 [12:40<00:08,  3.89it/s]
 99%|█████████▉| 2940/2973 [12:40<00:08,  3.81it/s]
 99%|█████████▉| 2941/2973 [12:40<00:09,  3.54it/s]
 99%|█████████▉| 2942/2973 [12:41<00:08,  3.49it/s]
 99%|█████████▉| 2943/2973 [12:41<00:08,  3.35it/s]
 99%|█████████▉| 2944/2973 [12:41<00:08,  3.54it/s]
 99%|█████████▉| 2945/2973 [12:42<00:07,  3.69it/s]
 99%|█████████▉| 2946/2973 [12:42<00:07,  3.81it/s]
 99%|█████████▉| 2947/2973 [12:42<00:07,  3.71it/s]
 99%|█████████▉| 2948/2973 [12:42<00:06,  3.78it/s]
 99%|█████████▉| 2949/2973 [12:43<00:06,  3.84it/s]
 99%|█████████▉| 2950/2973 [12:43<00:06,  3.77it/s]
 99%|█████████▉| 2951/2973 [12:43<00:05,  3.87it/s]
 99%|█████████▉| 2952/2973 [12:43<00:05,  3.94it/s]
 99%|█████████▉| 2953/2973 [12:44<00:05,  3.80it/s]
 99%|█████████▉| 2954/2973 [12:44<00:04,  3.87it/s]
 99%|█████████▉| 2955/2973 [12:44<00:04,  3.91it/s]
 99%|█████████▉| 2956/2973 [12:44<00:04,  3.77it/s]
 99%|█████████▉| 2957/2973 [12:45<00:04,  3.82it/s]
 99%|█████████▉| 2958/2973 [12:45<00:03,  3.87it/s]
100%|█████████▉| 2959/2973 [12:45<00:03,  3.74it/s]
100%|█████████▉| 2960/2973 [12:45<00:03,  3.81it/s]
100%|█████████▉| 2961/2973 [12:46<00:03,  3.86it/s]
100%|█████████▉| 2962/2973 [12:46<00:02,  3.74it/s]
100%|█████████▉| 2963/2973 [12:46<00:02,  3.80it/s]
100%|█████████▉| 2964/2973 [12:46<00:02,  3.85it/s]
100%|█████████▉| 2965/2973 [12:47<00:02,  3.92it/s]
100%|█████████▉| 2966/2973 [12:47<00:01,  3.98it/s]
100%|█████████▉| 2967/2973 [12:47<00:01,  4.01it/s]
100%|█████████▉| 2968/2973 [12:48<00:01,  3.87it/s]
100%|█████████▉| 2969/2973 [12:48<00:01,  3.94it/s]
100%|█████████▉| 2970/2973 [12:48<00:00,  3.98it/s]
100%|█████████▉| 2971/2973 [12:48<00:00,  4.02it/s]
100%|█████████▉| 2972/2973 [12:48<00:00,  4.04it/s]
100%|██████████| 2973/2973 [12:49<00:00,  4.06it/s]
100%|██████████| 2973/2973 [12:49<00:00,  3.86it/s]
Ergebnisse gespeichert unter: output/qwen/0.zero_shot.original.csv

==================================================
ERGEBNISSE FÜR QWEN AUF esnlive.csv
==================================================
Accuracy: 0.8540

Klassifikationsbericht:
               precision    recall  f1-score   support

   entailment       0.93      0.84      0.88       958
      neutral       0.78      0.86      0.82      1018
contradiction       0.88      0.87      0.87       997

     accuracy                           0.85      2973
    macro avg       0.86      0.85      0.86      2973
 weighted avg       0.86      0.85      0.86      2973

