image_id,captions,clip_score
1011572216.jpg,bride and groom walking side by side out of focus on pathway next to brick building . A beautiful bride walking on a sidewalk with her new husband . A recently married couple pose for the camera . A groom and bride are standing arm in arm . A couple getting married .,0.8478613197803497
1012150929.jpg,A little boy plays with a Nintendo GameCube controller inside a McDonald 's . A young boy plays a video game in a McDonald 's restaurant . A young boy plays with a GameCube kiosk at McDonald 's . A little boy playing GameCube at a McDonald 's . A little kid playing GameCube at McDonald 's .,1.1283023655414581
101262930.jpg,"Two asian or spanish people , a woman and a man , sitting together in front of a glass window as cars pass . A man in sunglasses puts his arm around a woman in a black and white blouse . A man in sunglasses puts his arm around a woman . A man and woman pose in front of some traffic . An Asian couple sitting on the bench .",0.9718939661979675
1015118661.jpg,Smiling boy in white shirt and blue jeans in front of rock wall with man in overalls behind him . A little boy is standing on the street while a man in overalls is working on a stone wall . A young child is walking on a stone paved street with a metal pole and a man behind him . A boy smiles in front of a stony wall in a city . A young boy runs aross the street .,1.1657243221998215
101669240.jpg,A person wearing skis looking at framed pictures set up in the snow . A man in a hat is displaying pictures next to a skier in a blue hat . A man skis past another man displaying paintings in the snow . A skier looks at framed pictures in the snow next to trees . Man on skis looking at artwork for sale in the snow,1.0428069531917572
1016887272.jpg,Several climbers in a row are climbing the rock while the man in red watches and holds the line . Seven climbers are ascending a rock face whilst another man stands holding the rope . A group of people are rock climbing on a rock climbing wall . A group of people climbing a rock while one man belays A collage of one person climbing a cliff .,1.0042652487754822
104285082.jpg,A man with glasses is sitting a chair playing the oboe while a man in a purple shirt plays percussion and spectators look on . An older man with gray hair is sitting in a chair playing a large instrument made of bamboo . Gray-haired man in dress shirt plays the bassoon while reading sheet music from a stand A gray-haired man sitting in a chair playing a wind instrument among other musicians . A man playing a musical instrument .,0.9285363554954529
1053116826.jpg,"Two little children , one boy and one girl , laugh as they sit on the grass . A little boy and a girl sitting down in the grass having fun . A young boy and a young girl sitting in the grass laughing . Two children smiling and sitting on grass . Two kids are laughing in the grass .",0.9618739038705826
1066831905.jpg,Elderly man with cane bends down to look at some plants and is steadied from behind . A man and a woman are standing behind an elderly man who is looking at a bush . A man holds up an older man as the older man bends down to check out plants . An older man in a white short-sleeve shirt admiring a bush . Elderly man with a cane bends over near a man and woman .,1.0889805108308792
1089755335.jpg,A woman stands with children on a boardwalk at night overlooking the sea . Woman with three children fishing over boardwalk in the evening . A woman and three children stand on a deck with a fishing pole . Some people on a pier at night with one girl fishing off it . A mother and children is fishing on a boardwalk at night .,1.1753921210765839
1097710887.jpg,"A very young girl playing with a bubble-blowing wand , holding a bottle of bubble solution and walking through a park or field . A little girl with brown hair is blowing the petals off of a flower . A small girl in a dress blows bubbles in a grassy field . A little girl is blowing bubbles in a field . A little girl blowing bubbles .",1.0267334431409836
1112334131.jpg,A kid wearing a Gap hat looks into the camera with a funny face and ice cream cone in his hand while a woman looks on from behind him . A woman sits with a boy in an orange hat with a cookie in his hand as he makes a funny face . A lady and a boy who is having ice cream are sitting together . A child finishing an ice cream cone mugs for the camera . A boy in a Gap hat is making a silly face .,0.9963679313659668
1117972841.jpg,A brown dog is running in the sand . A brown dog playing in the sand . A dog running fast in the sand . A brown dog plays at the beach . A dog is standing in the sand .,0.9739913791418076
1138784872.jpg,A small child in green clothing walks past a store opening and a woman in pink pants . The child in the green one piece suit is walking past a store window . A young boy is walking in front of some stores A girl in green walks down a city street . A small child walks down a sidewalk .,1.084752380847931
11551286.jpg,A little toddler boy is crying while walking . A dark-haired little boy is very upset . A baby boy in overalls is crying . A little boy in overalls crying . A barefoot boy is crying .,0.8668220043182373
1157215900.jpg,"A woman in an outdoor marketplace , wearing a large cone shaped hat , standing behind two large baskets containing loaves of bread . A woman in a hat is either selling or buying bread that is stacked in two different woven baskets . An older person sits on the street to sell their bread . A person is sitting behind two large baskets of bread . An older asian woman displaying bread for sale",1.0388244688510895
1160441615.jpg,Three girls are walking across a bridge covered with wood and surrounded by trees . Three girls walk under an arbor on a path surrounded by trees . Three women walk through a plant covered atrium hallway . Three girls walking along an arched garden pathway . Three women walking through a tunnel in a park .,1.018923670053482
116409198.jpg,A mountaineer sits in the snow in front of a yellow tent under clear blue sky . Person wearing a hooded jacket sitting on snow in front of a yellow tent . Young man in hooded jacket sitting on snow in mountain area . A man sitting near a tent in the snow and ice . A man eats near a tent in the snow .,1.029847115278244
1181708011.jpg,"A woman in a green tank top looking at a drill while a crowd looks on . a woman using a power drill in front of a group of people . A woman uses a drill while another man takes her picture . A woman , in a teal tank top , holding a power drill . Spectators about to watch a woman use a drill .",1.1442545801401138
118854260.jpg,A blond woman wearing glasses and a gray sweatshirt is cutting something with scissors . A woman wearing glasses is trimming her nails with a pair of scissors . A woman with dirty blond-hair and glasses is cutting something . A blond woman in a gray sweatshirt is cutting with scissors . A woman cutting construction paper for a detailed project .,0.9752331674098969
118939364.jpg,Redhead woman in pigtails and glasses sewing on a sewing machine . A woman in a brown sweater is sewing on her machine . A woman with glasses uses a sewing machine . The woman in the brown sweater is sewing . A woman using a sewing machine .,0.9243510663509369
1196746186.jpg,"A woman in a jacket walks on the beach in someone 's footprints while holding her shoes in her hands . A person is walking along the beach , making footprints while holding their shoes . A child hold green shoes is walking in the sand by the water . A woman carrying shoes is walking barefoot on the beach . A woman walks in the sand as she carries her shoes .",0.8765197545289993
1196886054.jpg,"A group of people , a wedding party including a bride and groom , are walking down a path lined by benches and surrounded by grass and trees . Several members of a wedding party , including the bride , are walking past a lamp and some park benches . A bride and a groom walk down a sidewalk with other guests surrounding them . The people are following the Bride and the Groom at a wedding . A wedding day with the bride in a bright white beautiful dress",0.9844592958688736
122301379.jpg,Two men wearing khaki pants are looking at a tree that has just been felled by a saw . Two men are in the woods cutting down trees with a chainsaw . Two men with a chainsaw fell trees in a leafless forest . Two men in the woods using a chainsaw to cut some trees . Two men are standing in a forest with trees cut down .,0.9129402786493301
123101580.jpg,"Two girls are playing soccer and one is wearing a white shirt with green shorts showing the number 4 , while the other girl is wearing a red and white shirt . Two teenage girls , one wearing a white jersey and the other wearing a red jersey , playing soccer . Two girls fight for the soccer ball while playing soccer on the grass . Two girls on separate teams fighting for a soccer ball . Two female soccer players compete for the ball .",1.0171452164649963
1234206849.jpg,"Two women donning hats adorned with flowers pose for a picture . There are two older ladies in straw hats covered in flowers . Two well-dressed , elderly ladies wearing extravagant hats . Two women in hats decorated with flowers and fruit smile . Two women wearing hats covered in flowers are posing .",1.1032851785421371
1235099089.jpg,A young girl in dark shorts and a blue tank top runs on the grass near an orange cone and tape . A young lady wearing blue and black is running past an orange cone . A young woman running by an orange ribbon . A young girl running by herself in a park . A girl in a blue tank top winning a race .,0.9690298140048981
1235455146.jpg,"An asian family is picnicking at the beach while others play in the water . A family sits at the beach while swimmers can be seen in the background . Two women , a man and a small child picnic on a busy beach . A group of people are sitting on the beach with a cooler . family sits on beach with a blue cooler .",0.9043803811073303
123997871.jpg,The woman lacrosse player in blue is about to catch the ball . These girls are in uniforms and are playing field hockey . Several female lacrosse players are going after a ball . Girls wearing sports uniforms and eye protection . Women play lacrosse .,0.9869575500488281
1246863003.jpg,"Three chefs , wearing white hats and black aprons , are preparing food in a crowded kitchen . Three men work quickly preparing food in the kitchen of an upper-class Chinese restaurant . Workers prepare the restaurant for hungry customers . Three men are preparing food in a kitchen setting . Three men are cooking in a large kitchen .",0.8896955847740173
125635185.jpg,"Three children are playing outdoors , two of them on a metal barrel swing . Two children swing in dusty rooftop from a swing made from a steel drum . Two children are playing on a makeshift barrel swing . Two children play on a barrel turned swing . A boy and a girl swinging on a barrel .",0.9698496013879776
1260816604.jpg,"A person in a red car , with a bridge in the background . The lady in the red car is crossing the bridge . A person waits inside a red compact car . A red car driving over a bridge . A person drives in a red car .",1.1576056480407715
128395402.jpg,A woman on a blue bike with a pink helmet rides by a public fountain as the sun rises over an urban area . A woman is riding her bike past a water fountain display . A woman in a light blue jacket is riding a bike . A woman is riding a bicycle on the pavement . A girl rides a bike down a city sidewalk .,1.0312306880950928
1285874746.jpg,"The back of a lady wearing a blue halter top is shown , a crowd in the distance . A dark-skinned woman in a blue dress is standing near a crowd . A girl in a blue dress walks through a crowd of people . a african-american woman stands in the crowd . A woman in a blue dress stands in a crowd .",1.0997485369443893
1286805224.jpg,A pretty asian girl smiles from a window next to a neon takeout sign . A woman is smiling out of a window next to a takeout sign . Woman inside of a food truck smiles out of the window . A woman standing at the counter of a takeout window . Asian cashier lady smiling .,0.9461580961942673
1288909046.jpg,"A dog takes a leap of faith as he jumps into a pool to grab an orange toy . A brown , fluffy dog jumping into a swimming pool after a red toy . a brown dog is leaping into a garden swimming pool . A dog jumps into a swimming pool after a toy . A brown dog leaps into a swimming pool .",0.9644754230976105
1295719054.jpg,A child in a black cape is being chased by other children . School children running through the play yard . Four young boys are running down a sidewalk . Four boys run down a stone paved sidewalk . Kids running to the playground .,0.9987831115722656
129662899.jpg,"A man with sunglasses , a red hat and peach coveralls stands next to a large rope wound around a large spool . Man with his hat on backwards wearing an orange suit with his hand on a spindle with large rope . A man in an orange jumpsuit rests a hand on a very large reel of thick rope . A man in a jumpsuit and hat tends to a large spool of rope . One man is rolling in an anchor for a boat .",0.9948671609163284
1303727066.jpg,A dark-haired bearded man wearing a turquoise shirt with a yellow peace sign on it . The T-shirt worn by the man has a bright orange peace symbol on the back . A smiling bearded man wears a shirt with an orange peace sign A man with a peace sign shirt stops to look at something . A man wearing a peace sign on his shirt smiles .,0.7202264666557312
1313961775.jpg,A young girl floats on her back in water and peers over her life jacket . a young girl wearing a bulky red life jacket floating in a lake . The little girl is wearing a floating device in the water . A girl wearing a life vest floats in water . A girl floating wearing a life vest .,1.0471797734498978
1329832826.jpg,"This is a picture of a Broadway Rite Aid Pharmacy that has a bright neon sign and people are prepared to cross the street in front of it . People stand on a street corner at dusk , with a pharmacy in the background . People waiting to cross the street in front of a pharmacy with lit up sign . Some people look to cross the street in front of a drug store . People stand outside of the Rite Aid pharmacy on Broadway .",1.0985095798969269
1330645772.jpg,A black dog is running across a low cut field nearby an area of trees . A large black and white dog is running through a grassy field . A black and white dog is running in the grass . a black dog runs through a field . A dog runs in a field .,1.0135926306247711
135444196.jpg,"An African American in a red top and white and brown skirt crosses a street while a man in a blue shirt runs on it . A woman wearing a pink white and orange dress with braids in her hair walking down a busy street . A dark-skinned woman , wearing a pink top and brown and white skirt , is crossing the street . A woman walking in a street with a young boy in front of her , and a running man behind her . Woman in red white and brown dress walking down a busy street .",1.0153649747371674
137444466.jpg,A night street scene with a line of people waiting for something in a dome . People socialize at the center of town during the evening . People in a courtyard plaza are sitting and standing . A large crowd gathers for a night in the city . People standing in a long line .,0.9596377611160278
137444523.jpg,A man in a green shirt and backpack is standing under cover along with a woman behind him taking a picture . A young man wearing a green T-shirt and a backpack is waiting with some other people for transportation . A man in a bright green flux shirt walks along a crowded sidewalk under metal scaffolding at night . A man in a lime green shirt waits for the subway while a woman films using her phone . A girl in the background takes a picture as many people busily walk by .,1.0772304236888885
1378557186.jpg,"The man is aiming to shoot something while his dog watches . A man aiming a rifle with a dog standing beside him . Man aiming a rifle with his dog at his side . A man shoots a rifle while a dog looks on . A man , a gun , and a dog .",0.9426027536392212
1387014885.jpg,A man wearing a brown t-shirt is talking to a woman wearing a flowered tank top at an outdoor music concert . A crowd is gathered for some event while a woman in a flowered blouse talks with a man in a brown t-shirt . A man in a brown shirt standing in the crowd at an outdoor concert . A man and a woman at an outing talking to each other . A couple are speaking at an event on 09-09-2007 .,1.1286866664886475
1389264266.jpg,"Two girls facing each other one has a skull face bag wearing a red and black shirt , the other is wearing a beaded belt . A girl with pink streaked hair and fur uggs looks back while the girl walking next to her looks at her . Two girls wearing goth trendy clothing while one looks back at the camera . Two young girls wearing goth clothes . Two girls walking down the street .",0.981614962220192
1406296515.jpg,"Many people are sitting outside the leaning tower of Piza , one girl dressed in green is facing the camera and eating a sandwich . A woman is laying in the grass eating something outside the leaning tower of pizza . A girl lays in the grass in front of the Leaning Tower of Pisa in Italy . A woman laying down in the grass in front of the leaning tower of Pisa . A woman enjoying a meal at the leaning tower of pisa .",0.9808123111724854
140774394.jpg,"A man wearing a green shirt and an orange safety hat works on mechanical equipment inside a fenced area , while a group of people walk on a lawn behind him . A man wearing safety gear operates a machine with tents on the background . Man demonstrating an industrial saw at a fair . a man works outdoors with some machinery A man is milling wood at a festival .",1.0899033397436142
1408958345.jpg,A little girl in a flower swimsuit running across the beach with waves in the background . a little girl in a flowered bathingsuit runs through the sand at the beach A girl smiles as she runs across the white sandy beach in her swimsuit . There is a little girl running on the beach . The young girl is running on a sandy beach .,1.0302309691905975
141203926.jpg,"A young woman dressed in a black shirt and apron , viewing a piece of machinery . A dark-haired woman in a black shirt is looking at a silver machine . A woman in an apron is standing in a kitchen , looking confused . A woman in a apron is working in a cafe . A woman wearing an apron is working .",0.8547396957874298
1417941060.jpg,An infant sitting on a cot reaching over to touch the face of an older boy . A boy who seems ill is being touched in the face by a toddler . A baby touches the man 's face while he is lying down . A little baby holds the head of his older brother A baby plays with a young boys face .,0.8754562586545944
141841337.jpg,"A man wearing a gray hooded sweatshirt , blue jeans , and white and gray socks is putting his foot on top of his head . A boy in a gray sweatshirt is laughing while someone helps him put his foot over his head . A woman is grabbing a guy 's foot and putting it behind his head . A man in a gray sweatshirt is bending his leg over his head . A woman is putting a man 's foot above his head .",0.9534040093421936
1423997242.jpg,A man enjoys a peaceful solitary moment while camping . A man with a backpack takes a rest in the tall grass . A man sits on a field near a backpack . a man relaxes with his backpack . A hiker resting in a field .,0.9585054963827133
1424775129.jpg,There is a little boy in a red jacket walking down the railroad tracks and holding a stick . The little boy walks along the railroad tracks with his stick . A little boy walks along railroad tracks in the woods . A little boy walking on railroad tracks . little boy walking with stick on tracks,1.0291192680597305
143688205.jpg,"A person scaling a rocky ledge , with a rope supporting . A person is climbing up a rock with a pink rope . A man using a pink rope to climb down a cliff . A man is climbing a rope up a cliff . A climber scales a steep rock face .",0.9051256626844406
1444710198.jpg,"Two boys playing around the shores of a lake with one boy in a teal shirt throwing rocks into the lake . Two young boys appear to be throwing rocks into a lake from the bank . Two young boys play besides a lake , throwing rocks into the water . Two young boys throwing rocks into the water . Two young boys run by the edge of the water .",1.1751586943864822
144571886.jpg,"A blond woman dressed from head to toe in black , stands in front of a CHEVROLET car and sign . Woman giving a presentation about a Chevrolet car . A woman speaking in front of a chevy malibu . Chevrolet car on display at a convention A woman promoting the Chevrolet .",1.149485558271408
1453366750.jpg,Two teen girls hang playfully from the side of the bed Two women are laying upside down on a white bed . Two girls lay upside down on their bed . Two kids laying on a bed upside down Two children are shown upside down .,0.8952313661575317
146019208.jpg,Two men on a snowy and rocky mountainside cook a meal while their teammates sit a little way away . Two people with a bit of equipment sitting on some rocks with snow in the background . Two people in heaving clothing preparing food on a mountain . Two men share a meal on a snow covered mountain . Two men sitting outside in coats .,1.066567674279213
1483574454.jpg,Two asian children working on bicycles at a shop in front of their mother . A man in front of an Asian shop of some sort working on a bicycle . One man checks out a bicycle in a shop while another sits nearby . man in orange shirt squatting and working on black bicycle . Two people working on bicycles .,1.0349255800247192
1505686764.jpg,a man in red shorts is walking along rocks by a river carrying a stick . A man is walking on rocks with water flowing around them . A shirtless man standing on the edge of a stream . A man in red shorts standing on rocks by a stream The hiker nears a creek .,1.1359352618455887
151215569.jpg,A little girl in pink is holding up her pointer finger and pinkie finger in the air while holding her sunglasses in the other hand . A young blond girl in pink shirt and pigtails is sitting atop a man 's shoulders in a crowd . A girl in pink is on the shoulders of a mustached man . A blond girl with braids taking pictures in a crowd . A young girl is on the shoulders of a man .,1.0277385264635086
1542970158.jpg,A man in a plaid shirt and blue jeans stands on scaffolding . The man stands on the scaffolding as he looks outward . A man is standing on red scaffolding . Older male standing on scaffolding . A man is standing on a builder .,0.9969895333051682
154653766.jpg,A group of teenage boys is standing in front of a Wells Fargo Bank . 4 teenagers are standing outside a Wells Fargo bank . Four men standing in outside of Wells Fargo Bank . Young men loitering outside of a bank . Four people in front of wells fargo .,0.8808843791484833
1546632452.jpg,"A little boy wearing a long-sleeve t-shirt and shorts having fun bouncing on a trampoline . A young boy in shorts and a green shirt making a face while airborne on a trampoline . A young boy jumping barefoot on a trampoline in his grassy backyard . A child , wearing green , is bouncing on the trampoline . This child is jumping on a large trampoline .",0.9832258522510529
1554713437.jpg,A skinny brown dog walks across a large piece of fallen tree . A gray dog walks on top of a fallen tree in the woods . The skinny brown dog is walking on a fallen tree . A brown dog walks on top of a felled tree trunk . A big hound dog walking on a log in the woods .,0.9135992079973221
1558753996.jpg,White Man with gray beard playing acoustic guitar against a white tiled background . A man in a burgundy jacket sits before a beige background while playing a guitar . An older man sitting against a call with a guitar in his hands . A bearded man plays guitar leaning against a white wall . A male with a beard is playing a guitar .,0.9690490365028381
1580159719.jpg,A group of young people sitting in the grass as one plays a guitar and another the violin . A group of young people are sitting outside listening a guitar and violin being played . Two guys are playing music outside while people surround them . A group of people sit on a lawn while one plays a guitar . A group of friends are sitting listening to some music .,1.128995567560196
160541986.jpg,A woman with a black sweater and white necklace poses for the camera . A girl is dressed up and wearing a large broach with pearls . A woman wearing antiquated clothing including many pearls . A girl is all decked out with razzling jewelry . A woman wearing a pearl necklace .,0.8404736965894699
160566014.jpg,A man and a woman sit on a car and face the opposite way of the camera . A couple sit on the hood of a car with their backs to the camera . A man and woman sit on a car and watch the road . A man and woman sitting on a parked car . A couple sits on a car .,0.838712528347969
1606988704.jpg,"Three children playing with hay outdoors , throwing some at camera lens . Three young children play in the hay , throwing some at the camera . Two young children are throwing hay . Three children play on corn stacks . Three children playing in hay",1.0441428422927856
16158623.jpg,"There are two men on a ladder one is at the top handing down to the other guy the number "" O "" as this what they do for a living . Two guys climbing a red ladder putting letters on a brown building . Two men with tool belts are fastening a sign to a building . The man on the bottom is wearing a gray shirt . Two men are working together on a ladder .",1.148255467414856
1625306051.jpg,A man in a yellow shirt and a man in an orange shirt jump in the air . Two men in hiking boots strike martial arts poses . Two men jumping on a rock wall Two men leap into the air . A man jumps off a hill .,0.9016243368387222
16396205.jpg,"Three young men standing in a field behind a barbecue smiling each giving the two handed thumbs up sign Three young men are giving the thumbs up sign while grilling sausages on a small barbecue . Three happy young men are in the outdoors waiting for their grilled food to be ready . Three men standing portraying thumbs up to the screen , while having a barbecue . Three men are cooking sausage on a grill .",1.1169885843992233
16630920.jpg,A man selling colorfully patterned rugs enjoys a drink from a coffee cup on a sunny day . A man is sitting on a bench with a cup of coffee looking at the hanging rugs . Man sitting on a bench drink from a mug surrounded by rugs . A man sitting with a lot of rugs around him . Man sitting in a chair hold a cup .,0.9969029575586319
170405864.jpg,The South American dancer is with a small boy during Carnival ' . Beautiful woman dancing on a parade float holding a little boy . A woman in a dress carrying a child in her arms . Scantily-clad woman holding boy in red shirt . A dancer with a bikini is holding a toddler .,0.7862788438796997
172097783.jpg,A young man dressed in blue swimming trunks and a red life jacket waterskiing in a blue lake . A man wearing a red life jacket is water-skiing across a bay . Boy in red vest and blue and white trunks on wakeboard . A boy is wakeboarding on a lake with one hand . A surfer in blue shorts surfs over water .,0.947062149643898
1733853950.jpg,Two men are standing in front of a concrete building using the atm . Two people in black jackets knocking on a door in the city . Two men in black coats stand by the side of a building . A man and a woman are entering a building . Two men entering a building .,0.9442779421806335
1737441377.jpg,"A man in white clothing and an orange sash stands at a cart with a boy in blue jeans as they look over a large stack of green , round produce . A boy in an orange shirt sells fruit from a street cart . An Indonesian child selling his wares on the street . Man and boy work their fruit cart . A man and a boy are tasting fruit .",1.0277888178825378
1775223211.jpg,"One woman is sitting under a loom , another woman is stooping beside it , and is working on the unfinished item . A lady wearing a ball cap learns to weave cloth from a lady instructor . A woman gives the 'thumbs up ' before her legs are amputated . two women working on a yarn machine . Two Asian ladies working at a loom .",1.008123755455017
177591612.jpg,"Two young men , one dressed in black , and the other with a black shirt and light pants , in an urban setting posing , tangled up with a football in the foreground . Two guys against a wall , one is in black pants and is upside down , the other man is in khaki rolled up pants holding the other one up . Two men , one holding the other upside down in front of a building . two individuals intertwined along a cement walkway . Two guys are performing a show .",0.8931400626897812
1777816180.jpg,The little boy walks carefully down the rocks holding his arms out to balance himself . A small boy wearing blue balances as he walks on a large rock . A toddler in blue clothes is balancing on a rock . A boy wearing blue walks across some rocks . a boy prepares a jump off a rock .,1.049422174692154
179778822.jpg,"A little girl with blond-hair , a yellow shirt , and a yellow cup is looking at a mirror with a woman wearing a yellow shit and red shorts behind her . A woman in a yellow shirt and red shorts crosses her arms as she looks into a mirror with a little girl in a yellow Disney Princess shirt . A woman and young blond child standing in front of a mirror . A lady and a toddler stare at themselves in a mirror . A woman watches a small girl with blond-hair .",0.9357740730047226
1806580620.jpg,The gal wearing the black sunglasses and blue jean jacket is smiling . A woman wearing black sunglasses looks to the right and smiles . A blond woman wearing sunglasses and dice earrings smiles . A blond lady with sunglasses smiles . A woman wearing sunglasses smiles .,0.6684444844722748
1810651611.jpg,A little girl in a pink and white flowered dress and blue sweater swinging . A little girl in a dress with pink flowers swings on a red-seated swing . The little girl swings in the backyard . A young girl is swinging in a backyard . A closeup of a little girl on a swing .,0.9276338666677475
1872000955.jpg,Workers dig deeply into a rock and stone hole with tools placed on the ground before them . A bird 's eye view of four people standing in the middle of tall rocks . A group of people digging a large hole . Four black men digging in a deep hole . Africans working in a mine digging .,1.20158351957798
191592626.jpg,A man in a white helmet and huge backpack is rock climbing . A mountain climber has reached the top of a brown rock . A mountain climber follows the edge of the mountain . A climber is scaling a mountain cliff . A man climbs up a mountain .,0.9200070798397064
19469520.jpg,Competitors getting ready to compete in a grand opening event hosted by the chief executive A group of cyclists at a race with their arms around each other . Men in colorful shirts show camaraderie after a bicycle race . A group of bicyclist having their arms around each other . Cyclists await the start of a race .,0.9201644361019135
1961696686.jpg,A woman in a green shirt is getting ready to throw her bowling ball down the lane in a bowling alley . A woman in a green shirt and jeans about to throw a red bowling ball down the lane towards pins . A woman winds up to throw a red bowling ball down the lane . A woman prepares to bowl and red bowling ball . Woman in a green top and blue jeans bowling .,0.9282310307025909
201314419.jpg,"Two people stand at the end of a fenced jetty overlooking the ocean , looking at a purple ocean and sky . Two people looking out over the ocean at a sunset with purple sky and waters . A couple watching a beautiful sunset on the sea side . Two people on a boat looking at the sunset . A couple enjoying a sunset on a cruise .",0.9394525736570358
2047543321.jpg,"A man , wearing an orange hard hat , standing on top a pile of bricks and rubble . A worker stands atop a pile of rubble with a hose in his hand . One man in black clothing standing atop bricks and rubble . A man in a hard hat stand on top of a pile of rubble . A worker cleaning up a demolition site .",1.0463044047355652
2058124718.jpg,Brown dog barks at another brown dog with a stuffed duck in mouth . Two dogs running together and one has a duck toy in its mouth . Two Weirmeiner dogs in red collars are playing with a toy bird Two bird dogs competing for the kill . two brown dogs play .,0.803338885307312
20702864.jpg,"Orange cones , a man in a business suit , and workers with a drill and a wheel barrel on the corner of a street . Two old men are using jackhammers on the sidewalk while people walk by . Two men are using a jackhammer near a drain on a sidewalk . Two construction workers working in the middle of a city . Two middle-aged construction workers are jackhammering .",1.0343659669160843
208025491.jpg,"A man with a beer and another man facing each other , talking . Two men having a conversation in an outdoor public area . One older man holding a beer standing with another man . Two men , one enjoying a beer , have a discussion . Two older men are having a conversation at a park .",0.9441128373146057
20805896.jpg,A young man with a beard and a young man with glasses lying in an oversized chair together with a comforter over them . Two smiling young men lying in a green papasan chair with a tan comforter over them . Two men are Sharon a green beanbag in the corner of the room . Two men are sitting on a papasan chair under the covers . two men smiling and sharing a blanket and chair .,0.8578983694314957
2088460083.jpg,"A damaged vehicle is carried by a repair truck in a nighttime scene . A flat bed truck in a parking lot with an army vehicle on its bed . Dirty SUV sits on the bed of a tow truck at night . A broken down hummer gets towed on a truck bed . An old , beat-up jeep being towed away .",1.0492709279060364
2103080234.jpg,A group of people at a festival are blowing bubbles and enjoying the attractions . Bubbles float amongst a lively crowd gathered at an outdoor carnival . People look onward at bubbles at an outdoor festival . A crowd is enjoying an outdoor festival . Hippies blow bubbles at a festival .,1.0778580605983734
2113592981.jpg,A woman in the middle of a grassy field during autumn jumps in the air and extends her arms over her head . An asian woman is jumping in celebration in a park outside the city . A young Asian woman is jumping midair in a crowded city part . A girl jumps in the air in the middle of a city park . oriental lady jumping in the air with joy .,1.1139661073684692
2113996953.jpg,An Asian woman is sitting on a curb while wearing a hat with two fruit baskets attached to it . A smiling Asian woman wearing a conical hat sits on a sidewalk hawking her bananas . A lady sitting on the round with two baskets of bananas in front of her . A woman sitting on the side of the rode selling bananas . A woman sits on a sidewalk surrounded by fruit .,1.0662263631820679
2123838998.jpg,"Five men dressed in red and white clothing and Santa hats form a musical band composed of a trumpet player , saxophonist , a man playing an accordion and one playing a tambourine busk in front of a store window . A five-piece band , four of the men in red outfits and one of them in a leather jacket and jeans , perform on the sidewalk in front of a shop . An ensemble of musicians playing an accordion , a saxophone , and a trumpet are in front of a store , dressed as santas . A group of men dressed in Santa attired play music on a street corner . People playing instruments on the street while dressed as Santa Claus .",1.1189065873622894
2123995873.jpg,A lone leafless tree of about 25 feet stands in front of a construction site using blue mesh and a construction worker resting an arm on a traffic light pole . A person wearing a construction uniform is leaning against a traffic light pole on the sidewalk . A construction worker is leaning against a traffic light pole in front of a construction site . Construction worker leaning against under a crosswalk light . A construction worker leaning against a post .,0.9555401653051376
2125626631.jpg,A dog makes a faithful leap to catch a green and black Frisbee in his mouth . A white dog is airborne whilst catching a green toy . A leaping dog catches a green and black Frisbee . Small dog jumps sideways to catch a soft disc . A dog catching a Frisbee .,1.1251737177371979
2127166904.jpg,A man in a gray sweater speaks to two women and a man pushing a shopping cart through Walmart A man in a red coat at Walmart looks at the camera while a group of women talk . Four Walmart shoppers in a deep discussion in the grocery section . A group of people are discussing what they need to buy from Walmart Four people talking during a shopping trip .,0.9465685486793518
213583123.jpg,A young man in a yellow safety vest asleep with his head back over a chair . A woman in a green vest leans back with her eyes closed and mouth open . A worker sleeping outside in a chair during the daytime . A woman sleeping while standing up . A young man asleep on the job .,0.7976876199245453
214166720.jpg,This man is sitting on the floor holding up and showing the bottom of a teddy bear . A boy in an olive shirt is showing the bottom side of a blue stuffed animal . A man wearing dark green shirt and sweatpants is showing off a stuffed toy There is a man with a stuffed animal sitting on a blue rug . A man sitting on the floor holding a toy .,1.1078710854053497
2147866213.jpg,A man wearing glasses and with a beer in his left hand and his dog in his right hand being seated in a love seat . a man wearing glasses is seated holding a small dog on a leash and a long neck bottle A man holds a dog and a beer while sitting in a floral armchair . A man is sitting in a chair with his dog and a beer in hand . A man is sitting with his brown and white dog .,0.9693976491689682
21514026.jpg,"A lady in a long black dress is standing in a room with tables and chairs holding her arms behind her back . An older man in a green shirt , getting ready to sit down at a table . A woman in a long , black dress carries a tray on top of her head . A woman in a black dress is standing in the distance waiting . In a cafe a woman stands in a dress .",0.833299458026886
2167644298.jpg,"A man with a hat , glasses , jewelry and a jacket stands against an orange wall . There is a man with glasses and a hat wearing a black suit jacket indoors . A man dressed in black wearing a hat and glasses in front of a red wall . A man wearing all black and a black hat is smiling . A man in a black hat stands in front of a red wall .",0.9550225734710693
2174648405.jpg,Women in dresses work the assembly line while wearing masks and hairnets . Two ladies wearing medical mask working in a food factory . Two indian women in sari 's work inside a factory . Two woman are in a warehouse wearing mask . Two women work in a cookie factory .,1.0348418354988098
2176874361.jpg,a small black dog growling at a large brown and white cow . A black dog runs in front of a large brown and white bull . A dog and a cow play together inside the fence . Running dog and cow in fenced area . The dog is running around the cow .,1.0319538414478302
218225539.jpg,"A man is jumping into an inflatable tube in a large body of water that also has boats , a ramp and a person in it . A man jumps toward a floating device in a lake as another man watches . One man is jumping into the water , while the other is watching . Two men playing in a beautiful lake surrounded by mountains . A man trying to jump into a floaty in beautiful water .",1.0610416531562805
2202059975.jpg,People on a street corner with very odd shaped objects bolted to the ground that look like old car parts . Several people stand outside near metallic objects including a few posts . Pedestrians admire sculptures on the street as they walk past . Two people are looking down at sculptures on the street . Shoppers walking down the street .,0.9071528166532516
2209751.jpg,Men standing around a car with a lamp behind them . A movie with a car is being filmed on the street . A car being prepared for a photo shoot . Four men standing near a yellow car . Interior of yellow car is filmed .,0.9401893615722656
221596640.jpg,The bearded man keeps his blue Bic pen in hand while he plays the guitar . A bearded man plucks an acoustic guitar with a blue pen in his hand . A long-haired man plays an acoustic guitar while holding a pen . A man with long hair and a beard is strumming a guitar . A man with a beard and long hair plays the guitar .,0.9233248978853226
2219805467.jpg,The yellow dog walks on the beach with a tennis ball in its mouth . A brown dog on the beach with a yellow ball in his mouth . a dog runs in the water with a tennis ball in its mouth . A yellow dog carries a ball in its mouth on the beach . A tan dog runs at the beach carrying a yellow ball .,1.126270592212677
2222732183.jpg,A woman and a young boy are sitting on a flowered couch and reading . A woman wearing a blue sweater is reading to a boy on the couch . A woman with a blue shirt is reading to her son . A woman in a blue shirt reads to a young boy . a mother is sitting and reading with her son .,1.0572024434804916
2229108152.jpg,A man wearing jeans and a button down shirt leads a brown horse wearing a saddle on a horse racing dirt track . A man wearing blue jeans is walking while he leads a horse . A man in a pink shirt leading a horse down a dirt road . A man is walking his horse on a racetrack . A man is walking a small horse .,0.8786582946777344
2229177914.jpg,A light brown dog jumping over a hurdle that has fire on each end . A tan dog is jumping over a hurdle that is on fire on the ends A brown dog is jumping over a pole with fire on the ends . A brown dog jumps over hurdle with flames on each end . A yellow dog is jumping over a flaming hurdle .,1.243102103471756
2230134548.jpg,A chef is currently preparing food in a kitchen looking outside . a chef in an outdoor kitchen preparing food in a marketplace A man in a chef uniform cooking in a restaurants kitchen . A man working at his job as a cook in a city . A man in white clothing cooks food .,0.90167336165905
2230363312.jpg,An older man wearing a brown jacket and a hat stands outside and reaches into his pocket . An older man with glasses and a white beard is walking along the sidewalk of a road . A man wearing a brown jacket and blue jeans is reaching into his pocket . An old man white a white beard is wearing a dark hat and a dark jacket . A man with a white beard walks down a city street .,0.9982447326183319
2249682069.jpg,Two men and a woman are laughing about trying to knit at a party . Friends enjoying a celebration and learn how to knit . A group of friends working on a quilt . Man in a sweater learning to knit . A group of people are knitting .,1.0088670998811722
2254913901.jpg,"Woman on the street window shops in front of the store , Louis Vuitton . The woman in black is looking at outfits in a clothing store window . A woman looks at clothes in a Louis Vuitton store window . A woman window shops outside of a Louis Vuitton store . A Louis Vuitton store window at night .",1.0537299513816833
2255266906.jpg,A black bird sitting in a leafless tree . a black bird sits in a dead tree . A bird sits in a leafless tree . A gray dove in a bare tree . A bird sits in a tree .,0.8923821151256561
2256447557.jpg,"Four young girls , one of which is wearing a skirt , or standing at the beach while an older adult looks on . A girl with glasses is joined by her family on the beach . Young women chat after a stroll along the beach line . Group of girls hanging out on a wet sandy beach . Four girls on the beach on a cool summer night .",0.8969324827194214
2265106886.jpg,A peasant woman sells a variety of vegetables on the street . A woman sits at the market selling her vegetables . A woman sits behind her produce at a market . Woman sitting surrounded by vegetables . A foreign lady gathering vegetables .,1.1382075399160385
227689211.jpg,"A policeman wearing a black had and a bright , green shirt licks his lips . A police officer standing next to a crowd of people in sailor suits . A police officer in his uniform wearing an ear piece . A policeman looks at a man wearing a sailor costume . A policeman wearing an earpiece at a parade .",1.0813737660646439
2278490028.jpg,A group of people play on bamboo rafts in a waterfall fed pool surrounded by a lush forest . A group of people standing on rafts with a waterfall in the background . Eight people enjoy the fun of rafts and the beauty of a waterfall . Eight people enjoying the rafts and waterfall in this swimming hole . People are swimming and enjoying a day in a waterfall .,0.9791496396064758
2279432034.jpg,Men and women of various ages sit playing instruments in an orchestra while a similar group stand in the background as a choir . A male conductor wearing all black leading a orchestra and choir on a brown stage playing and singing a musical number . A choir and an orchestra performing a musical piece in some kind of theater hall . a string instrument band and chorus singers rehearsing . An orchestra plays in an ornate hall .,0.880034789443016
2281054343.jpg,A man wearing a black hat is walking through a busy city street . Person with black hat and black coat near buildings with signs . Thre is a shot of man with his back turned in a city . A silhouette of a man in a hat on a busy city street . Three people in a crowded city area .,1.058192104101181
2284894733.jpg,"A brown dog is running over an obstacle course with its mouth wide open . The brown dog is on the wooden stage with people behind it . The dog is barking while running down an obstacle . A dog descends a ramp , teeth bared . A brown dog growls .",1.0082139074802399
2293149170.jpg,"A boy wearing a black shirt and khaki pants is laying down , and is surrounded by stuffed animals . Child laying down in the midst of stuffed animals including Mickey Mouse and Tigger A boy is lying down in midst of many soft toys , and spiderman quilt . A child laying in the midst of stuffed toys and blankets . A young boy lays in a bed of stuffed animals .",1.0406254976987839
2298661279.jpg,A boy in red pants getting ready to slide down a metal slide . A child crouches at the top of a reflective playground slide . A boy in red prepares to slide down a blue slide . A young boy at the top of a slide . A boy on the top of a slide .,1.045544296503067
23016347.jpg,"A girl in a yellow tennis suit , green visor and white tennis shoes holding a tennis racket in a position where she is going to hit the tennis ball . a woman wearing a yellow shirt and shorts hit the tennis ball . A young tennis player stretches for a ball on a clay court . A woman tries to volley a tennis ball . a woman wearing yellow playing tennis",0.8652090281248093
230486268.jpg,"A little boy holding a yellow , plastic shovel , crouches in the sand . A boy wearing a red shirt digs into the sand with a yellow shovel . A little boy squats while playing with a yellow plastic shovel . A little boy in a red shirt and swim trunks plays at the beach . A little boy is kneeling looking at his yellow shovel",1.1095630377531052
2305437797.jpg,A dog is swimming in the water with a stick in his mouth . A dog is swimming across the water biting onto a stick . A dog swimming with a stick in its mouth . The dog is fetching a stick in water . A dog swimming with a stick in its mouth .,1.0521695017814636
2307118114.jpg,A man in a black cap and shirt smiling while holding a white gray and black rectangular object . A man smiles and poses with a product he appears to be trying to sell . There is a man with a black shirt and a black hat smiling . The man is wearing a black shirt and hat and smiling . A man wearing a black shirt and baseball cap smiling .,0.9761106967926025
2307757311.jpg,"Two girls are jumping over another girl , while a smaller girl watches . A group of girls jumping over another girl who is laying on the floor . Three people are jumping over a boy laying down on the floor . four girls in a building playing with each other Four young girls jumping and dancing .",1.0307452827692032
2313551145.jpg,A man carrying boxes on his shoulder is walking past a building with a Coca-Cola sign on it . The side of a building next to a church is painted with a brightly colored Coca-Cola sign . Person holding boxes in a street in front of a wall painted with antique advertisements . A man is walking uphill on a street with two boxes on his shoulder . A man walks down a sidewalk near a Coca Cola mural .,1.0839451849460602
2313598755.jpg,A father and a son are tucked tightly together while sleeping . A man with closed eyes holding a baby with closed eyes . Man cuddling with a child on an orange pillow . A father and his son cuddle while sleeping . A father and son asleep in their blankets .,0.915510430932045
2317271.jpg,A large formally dressed family poses for a photo in front of a large wooden door . A family gathers for a photo after a wedding where the bridal party wears red capes A photo of a wedding party taken outdoors in front of a building . The wedding couples families pose for a picture together . A group of people outside a church at a wedding .,1.0647865384817123
2319389144.jpg,There are four people walking down the street in front of a yellow building . The photo looks down on a street where five pedestrians are walking . People walk along a street near a yellow building . An ariel view of people walking down the street . A top view of a road with pedestrians,0.901615172624588
2321865325.jpg,a small black and white puppy running along a gravel path next to a larger dog in the background . A black and white puppy with ears straight up is running . A black and white puppy runs along the gravel road . The gray and white dog is walking on gravel . A small black and white dog .,0.9200545400381088
2324581814.jpg,A man with a beard and two others put something up on the wall . Three people looking at something on a white wall . Two men and a child are using a ruler on a wall . three people nailing something to the wall . Three men looking at a whole in the wall .,0.9324005246162415
2324804923.jpg,"A man with a sign in front of him that reads "" Deleon "" sits at a microphone . A young man sitting behind a table with a microphone in front of him . A man speaking into a microphone by a drink banner . A man known as Deleon speaks at a Q&A . deleon speaking into a mic .",1.1690128594636917
2324963565.jpg,A woman wearing a green hooded sweatshirt picking food from the bin . A woman taking candy off of a shelf and putting it in a box . A lady wearing a green sweater is putting candy on a shelf . A woman reaching for candy bars that are on a shelf . A woman in green is picking out candy .,1.0415537655353546
2327240505.jpg,A young girl with a flower on her shirt rides a skateboard while a young boy wraps something around her . A little girl riding a skateboard while a boy swings a toy at her . A young boy and a girl on a skateboard have fun in a parking lot . A young boy is draping a toy over a young girl on a skateboard . A boy hitting a girl on a skateboard with a plushie snake .,1.003081351518631
2335428699.jpg,"Five children jump on a large trampoline while the snow outside melts . Several children and jumping on a trampoline in the snow . Four children on a trampoline , in a snow covered area . Children are playing on a trampoline in the snow . Children jumping on a trampoline .",1.019749566912651
234374617.jpg,A man in a yellow reflective vest squats on a lawn while using on a cellphone . The man in the yellow vest sat down on the brick to make a cellphone call . A man sitting on a rock in a grass field talking on his cellphone . A man on a cellphone sitting in the middle of a grassy field . a construction worker sitting on a rock making a phone call .,1.0281281918287277
23473996.jpg,The workers are wearing reflective jackets for working at night . Five men in orange vests work on repairing a street at night . A group of men standing by a road block . Construction in the city at night . Orange cones and traffic workers .,1.0838255286216736
2363540508.jpg,"A little girl with long hair and something in her mouth , wearing light-colored clothing is sliding down a tunnel . A young girl going down a tube slide . A girl inside a long tubular slide . A girl goes down a red slide . Young girl in tunnel slide",1.057298630475998
2373932560.jpg,Man dressed in a Winter coat and a hat steps out of his bright red car . Man with ball cap getting out of a red sports car . A man getting out of an older looking orange car . A man is leaving his orange car . A man is getting into a red car .,0.8789609372615814
2378356400.jpg,A woman in a checked coat is taking a photograph of a little girl sitting on a fake tiger . A little girl on a bouncey playground animal sits while a woman takes her picture . The lady takes a picture of the little girl on the ride . A woman stands next to a child who is riding on a toy . A woman and a child .,1.0412905365228653
2382950929.jpg,A boy in jeans is sitting on rocks while an older women in a red top holding a straw hat stands behind him on the rocks which is next to a lake . A boy ties his shoe while a woman carrying straw hats looks on atop a rock in front of a body of water . A woman and her son sitting on top of a big rock looking tired . A boy and a woman are on top of large rocks at sunset . People standing on rocks by a river .,1.0067888349294662
2384401298.jpg,A dog walking along a canal and his reflection is on the water . A white dog and a brown dog are by a stream . A tan dog is running along a river . A dog runs by the water 's edge . Dogs near the edge of water .,0.9814053773880005
2391442557.jpg,"Woman wearing dark brown leather jacket , sunglasses , brown leather boots , silver designer handbag , sitting on a fire engine red park bench . A fashionable young woman seated on a bench gazes into a makeup mirror . A woman in black jacket is sitting on a maroon wooden sidewalk bench . A woman is sitting on a bench looking at her phone . A woman in boots sits on a red bench .",0.8795086294412613
2391509645.jpg,A man wearing a gray hat is lying with his head next to a cow 's head . Man with tattoo is lying down in the sand next to a cow . A shirtless guy lays in the sand with a cow . A person laying on the ground next to a cow . A man lays in the sand next to a cow .,1.176489219069481
2393971707.jpg,two women walk down some stairs with intricate designs on the railings people in red and pink walking down large steps Two people descending a set of gray steps . Two people walking down some stairs . People walk down steps .,0.8928541094064713
2394003437.jpg,A boy rides a Segway scooter through a crowded city plaza . The child in the green shirt is on a machine with wheels . A boy in a green shirt and blue jeans riding a segway . A boy in a green t-shirt is riding on a Segway kid holding handles on two wheeled object,1.0206267982721329
2396746868.jpg,A little boy is watching another little boy ride on a blue slide . Two little blond boys play on a slide in the backyard . a kid sliding down a slide while another kid looks on A little boy is going down a blue slide . A boy going down a small blue slide .,1.023545265197754
2404959574.jpg,"A brunette female in a blue shirt , wearing sunglasses , gazing at a ram with black fur and curled horns . A woman in a blue t-shirt is looking down at a black ram . A woman in a blue hiking shirt looking at a black ram . A woman in a blue shirt is looking at a black ram . A girl in sunglasses looks at a sheep .",0.9570060670375824
2409312675.jpg,A four wheel drive car is driving through the mud . A monster truck gets stuck in a muddy hole . The truck appears to be stuck in the mud . An ATV attempts to get out of a ditch . A truck climbs a muddy hill .,0.8930349349975586
241109594.jpg,This black and white dog is retrieving a stick from the water . A black and white dog is biting onto a stick in the water . A black and white dog swimming with a stick in its mouth . a dog swimming in the water with a stick in its mouth A dog swims retrieving a stick .,1.012044996023178
241345522.jpg,An American footballer in a white and purple strip is making a run with the ball . A man runs on the football field carrying the ball in front of the ref . A man runs with the football at a professional or collegiate game . The football player runs with the ball across the field . A UW football player runs with the ball .,1.0490890592336655
241345770.jpg,A quarterback scans the football field while the offensive line protects him . There is a notre dame quarterback dropping back into the pocket at a game . A quarterback ready to pass the football in the middle of a play . A group of football players are playing football . A quarterback gets ready to throw the football .,0.9979358315467834
241347243.jpg,Football player Quarterback in red Sooners jersey and red helmet prepares to receive snap The Sooners quarterback is waiting for the snap from his center . Football players huddle and get ready for the game . Football players stand at the line of scrimmage . Oklahoma Sooner football players on the field .,0.9729864448308945
2422482455.jpg,A person in an orange coat prepares to throw a stick to a black dog . A man in an orange shirt plays fetch with a black French poodle Woman in orange jacket playing with a black dog A person playing with her large black dog . A woman holding a stick out for a dog .,1.0009918361902237
242558556.jpg,A woman with blond-hair is smiling and putting on a white sweater . A blond woman with her hair up is taking off a white sweatshirt . A girl with a white sweatshirt and blond-hair is smiling . A blond-haired lady in white poses for the camera . A woman poses for a picture outdoors .,0.7513841986656189
2431723485.jpg,"A girl on a bike is wearing a backpack and a helmet , and riding through a wooded area . a woman wearing a black helmet riding on a bike A woman rides her bike by some trees . A mountain biker rides in the woods . a biker bikes through the woods .",0.9836458414793015
2437392162.jpg,"Seven kids are playing , 6 on the rope climber and 1 on the big blue and silver play structure . A bunch of kids climbing sliding and playing on a really cool playground . Many children playing at a playground jungle-gym . Children play in a park with bright blue tunnels . Children climbing on ropes at a park .",0.8518021553754807
2441313372.jpg,A boy with an injured right arm and wearing blue shorts is lying on a bed with a towel . A boy sleeps in a hospital bed while wearing a cast on his arm . A young boy with a cast on his arm is lying on a hospital bed . A young boy with a broken arm sleeping in a hospital bed . A boy wearing an arm cast lying in a hospital bed,1.133085936307907
2446830166.jpg,"A street performer on stilts walks on the stone tiles and discovers the thief escaping with the suitcase . A pair of street performers , one on stilts and the other with a suitcase , perform outdoors . A man on stilts walks behind a woman holding a suitcase and wearing yellow sunglasses . A man in a white suit walking on stilts . Street performers entertain on street .",0.9781568497419357
2448393373.jpg,"A young boy wearing blue is holding a blue baseball bat and holding a white ball in his hand . A boy with a plastic bat , looking skyward , about to throw a ball . A small boy playing in the grass with a blue bat and a ball . A little boy plays baseball with himself . A boy plays baseball .",0.9252342581748962
2463394631.jpg,A middle-aged man in a camouflage sweatshirt falls to his knees and holds out his hat . A homeless man is kneeling in the street and begging for money . A man in a camouflage jacket bending over on the floor . A man wearing camouflage is down on all fours . A man in camouflage kneels on the floor .,1.0368940979242325
2466420387.jpg,A woman wearing a bathing suit points in a case as another looks on . A young woman in a bikini looking at something in a glass case . Two girls lean over and look at something in a case . Two women are looking into a glass case . two woman looking into a glass case .,0.9836559742689133
2468906010.jpg,"A picture of two volleyball teams with one girl on the ground , looks like she hit the floor . A player fell down onto a hard court in women 's volleyball . Two girls volleyball teams competing in a match . A group of women playing volleyball indoors . Girls are playing volleyball .",1.040855199098587
2471447879.jpg,A young girl practicing rock climbing on an indoor wall . A young girl ascends an indoor climbing wall . A little girl is climbing up a climbing wall A girl climbing on a climbing ledge . A small girl climbs a rock wall .,1.0051500052213669
247189554.jpg,"A man sitting in a wicker chair in a white room with one arm draped over the back of the chair , chuckling . A man is sitting in a wooden chair in front of a white bookshelf and orange lamp . A one-armed man in a brown shirt sits in a chair facing the camera . A man sitting on a chair Indian style in front of a bookshelf . A man in glasses sitting with his legs crossed .",0.9498815983533859
2474776724.jpg,While playing soccer girl in red striped shirt runs into girl in white shirt . A small girl is blocking a much larger girl in a red and white uniform . Girls in red and white striped uniforms standing in a field . Six people playing sports outside in the daytime . Six people and young girls soccer practice .,0.9941468387842178
2501548593.jpg,Two women playing beach volleyball with one trying to spike the ball and one trying to block the ball . Two women jumping to get the ball over the net in a game of beach volleyball . Two women playing beach volleyball are jumping in the air for the ball . One woman spikes the volleyball while the other attempts to block . Two woman beach volleyball players jump during a match .,1.0012111067771912
2503250992.jpg,"A man is sitting with his head facing down , while other people are looking in his direction . A man appears to be cooking up some food for customers in the street . A man wearing a white shirt is cooking food on a small grill . Four men standing around a small grill preparing food . A food vendor prepares snacks for waiting customers .",0.9208876639604568
2504056718.jpg,A black and white dog is jumping up to catch a green Frisbee . A black and white dog jumps high to get a green Frisbee . A dog catching a Frisbee in front of a red building . Black and white dog leaping for Frisbee . The dog jumps up to catch the Frisbee .,1.106014922261238
2507182524.jpg,A brown dog in a blue collar is chasing a green ball through mulch . A white dog wearing a blue collar runs for a green ball . The dog is running after a ball and stirring up dust . A dog is running towards a ball to catch it . A dog chases a ball through dirt .,0.9896595031023026
2507831979.jpg,A woman with dark hair and glasses sits alone at a table with two coffee cups and saucers . A woman makes a gesture with her hands while sitting at a cafe . A woman is chatting as she drinks her coffee . A woman enjoying coffee at a cafe . A woman sits in a cafe at night .,0.972159281373024
2511798599.jpg,"At an outdoor event , one man is speaking into a megaphone while another man is holding the megaphone . Two young people in blue shirts share a megaphone at some kind of festival with a Greenpeace tent . Two young men in blue holding a loudspeaker with one talking . Two people in blue shirts are outside with a bullhorn . Two people in blue shirts using a megaphone .",1.0939014703035355
2515822745.jpg,"An Asian man reading a piece of paper into a microphone with an Asian lady in a light blue jacket standing next to him looking at a folder . A dark-haired woman is looking at papers standing next to a dark-haired man speaking into a microphone . A Asian or Chinese male singing a song with the direction of an Asian or Chinese female . A middle-aged female and a young man , standing by a microphone . A man and woman are reading from a script into a microphone .",1.0404260456562042
2517489722.jpg,A little girl is climbing a wooden wall in a park and another man in a red shirt is walking on the trail . A man is walking on a trail in the woods while a young girl is attempting to climb some boards of wood . A blond-haired girl in denim shorts climbs a retaining wall along a path next to a river . A girl on wood and a man walking outside . A little blond girl is climbing .,0.9479223936796188
2518853257.jpg,"Two people with brown hair , sitting on chairs and huddled over book , near flowers . Two women on green chairs are looking at a book . Two people in lawn chairs reading books . Two individuals sit on a park bench . Two people in chairs reading .",1.010175198316574
2527411111.jpg,Two people kiss on a street blindly-lit in bright white sun while several silhouetted pedestrians walk behind them . Two people kiss as others walk by them on a street . A man and a woman kissing on a street . A couple kisses in a shady walkway . Couple kissing outside on street .,1.0262229293584824
2527628435.jpg,A man sitting in a small shelter with various articles of clothing hanging on the wall . An older man in Bangalore sits in his shoe shop holding a piece of shoe . A man is sorting through his belongings A man starts his day in India . A man sits in a messy room .,1.1154811829328537
252846811.jpg,Two tan colored dogs are roughhousing outdoors . Two tan dogs play on the grass near the wall . Two brown dogs play rough on green grass . Two yellow dogs play-fighting . Two dogs play,1.0124900937080383
2532047708.jpg,"One guy with a brown short-sleeve shirt playing a violin and another guy in a red long-sleeve shirt playing the banjo inside with the curtains down . A man in brown t-shirt is playing a violin while another man who looks like him is accompanying him on a banjo . Two long-haired men with beards playing instruments , one a banjo the other a violin . Two men are playing instruments , one playing a violin and the other a fiddle . Two men , who look like brothers , are making music together .",1.0820820182561874
2536957963.jpg,Two men wearing orange vest using an industrial cleaning machine to clean stairs . Two male workers hauling off a piece of heavy off metal down a staircase . A worker cleans a stairway under the supervision of his co-worker . Two men in orange vests moving a heavy object sown some stairs . The two floor cleaners haul the machinery upstairs .,0.9604328870773315
2536995789.jpg,"A dingy indoor scene shows an apparent renovation or construction project in progress , with a drop-cloth on stairs , scaffolding , and a man in hard-hat and orange safety vest looking away outside . A hallway is littered with ladders and fabric during construction . Scaffolding ladders placed on a stair way path . Workers within a stairwell under construction . Workmen are working in a stairwell .",1.0851837694644928
2537002791.jpg,A man in an orange vest and blue hat smiles next to a large piece of equipment . A man with orange vest and blue cap standing next to electronic equipment . A man in a safety vest is posing in front of some technical equipment . A man demonstrating how a computer system works . working in a nice factory .,0.9065219759941101
2537819002.jpg,A man with an orange vest and pants pouring stones on railroad tracks . A construction worker watches as a tractor dumps rocks onto a track . Construction workers work on railroad tracks at night . Construction workers stand near tracks at night . Workers standing in a work zone .,1.178380474448204
253800791.jpg,A gentleman in the background watches the gentleman in the foreground demonstrate the technique for playing a game at the park on a sunny afternoon . Two middle-aged men playing a game in a park on a sunny day . Two men playing a game in the park . Men play horseshoes in the park . peoples playing at the ground,0.8983121067285538
253924161.jpg,"A man with gray hair and a blond woman sitting on the same side of a table with bikes in the background . A gray-haired man and a blond younger woman listen to someone speak to them at an outside cafe . A man and woman at a table , the woman has a cup with drink in front of her . There 's a lady with her hands on her face and a guy sitting at a table . A woman in a red sweater is sitting next to a man at a table outside .",0.9755047410726547
2540884723.jpg,a woman wearing a pink jacket sitting on a staircase with a man wearing a gray hat sitting a few steps behind . A woman in a red business suit sits on a step sharing food with a man in a leather jacket . The woman wearing the pink blazer is talking to the man wearing the golf cap . A man and woman sit on cement stairs outside of a store . A man and woman are sitting on concrete stairs .,0.9730947017669678
2543589122.jpg,A beige and dark brown dog plays in the swimming pool with his mouth open . A dog is splashing through water trying to catch ice in its mouth . a black and white dog trying to bite a stream of water a dog is making a splash in a blue paddling pool . A dog playing in some water .,1.0101021826267242
2549946671.jpg,A young boy is an orange shirt is outside holding a phone next to his ear . A little Asian boy speaks on a phone outside of a building . A boy in a red shirt is holding a phone to his ear . A little boy in a red shirt talking on a cellphone . A little boy holding a mobile phone to his ears .,0.9474775195121765
2551602773.jpg,The passengers are leaving the airplane by a stairway . Several people are exiting a commercial jet aircraft . People are exiting a Ryanair airplane . A group of passengers exits a plane . People are boarding a plane .,1.0714233666658401
2557922709.jpg,A girl in glasses is looking over two American flags near a wooded area . A young girl with glasses sits and holds two American flags . A girl with glasses next red white and blue flags . A girl wearing glasses behind two American flags . A blond girl and two American flags,1.02591373026371
2577972703.jpg,The girl in a pink top is standing next to a red tricycle looking like she is about to cry . A young girl with dirt on her face and a red child 's bike is in the background . A girl making a sad face standing in front of her tricycle A little girl in a pink shirt about to cry A little girl with mud on her face cries .,0.866907462477684
2579460386.jpg,This dog is jumping through the water . A dog running through the water . A dog is a body of water . Wet dog jumping in water A dog swimming .,1.072874665260315
2580707208.jpg,"A man with long hair and glasses is making a silly face while holding two hats , one on his elbow , and one with his hand above his head . A man is holding two hats , one in his hand and one hanging from his elbow , in front of a crowd . A man in a brown shirt is holding a blue hat above his head and a red hat on his elbow . A long-haired man displays a humorous face while wearing two hats . A man makes a face while holding colorful hats .",0.9299343079328537
2584487952.jpg,A dog is jumping in the air in a field of grass . A red dog jumping up in a field of tall grass . A brown dog jumps high on a field of grass . A brown dog jumps high in the grass . a brown dog jumps into the grass .,1.04030542075634
2589156742.jpg,A man with a soft drink poses for the camera with a park in the background . A black man wearing a white suit and hat is holding a paper cup . A man wearing a hat leans against a bench and holds a cup . A black man drinking out of a paper cup . an african american man holds his soda .,0.9982344508171082
259510411.jpg,A chubby woman is holding an ice cream cone in front of a painting of a cow . Woman with red shirt eating ice cream in front of a picture of a cow . A woman in a red shirt is standing in front of a cow painting . A woman in a red shirt stands in front of a cow mural . A woman is standing in front of a painting of a cow .,0.9475125372409821
2596474836.jpg,A woman in a white swim cap teaches a toddler how to swim in a swimming pool . A woman wearing a white swim cap holds a small boy in the swimming pool . A woman is holding a boy in a swimming pool . A woman helping a toddler to swim in a pool . Woman teaching young boy how to swim .,0.9474842995405197
2597958208.jpg,A little girl and boy play Frisbee together in a grassy area . A little boy and a little girl playing together outside . A young boy and a young girl walking towards each other Two children playing in a field . A young boy and girl playing .,1.0406063497066498
2602279427.jpg,A woman wearing a yellow apron and a knit hat walks among other pedestrians . An oriental woman who is wearing a hat walks down the busy street . A person wearing a yellow apron looking toward other people . An oriental girl wearing a yellow apron and a stocking cap . A person with a yellow apron walking .,1.0319655388593674
2607097757.jpg,"Construction worker wearing a hard hat stands above hole while another construction worker stands with folded arms inside hole . A male construction worker in a yellow safety vest and orange safety hat with headphones , holds a platform of thin wood . Two men in a construction hat and reflective safety vests at work . A construction worker is standing next to a hole in the ground . A construction worker looking at something off-screen .",1.0240428894758224
2608623292.jpg,an old man sitting on a bench staring at the ocean An old man sits on a bench overlooking the water . An elderly man sitting on a bench near the water A man is sitting on a bench on top of grass . A man sitting on a bench by the ocean .,1.0588432103395462
2612125121.jpg,"At a brick-floored area near the beach , a middle-aged white man surrounded by a white family is sitting and painting a portrait of someone . A man , wearing a specs , is painting the picture of a boy in front of him as a few interested people look at his paintings . Several people are standing on a street corner watching a cartoonist with glasses draw on his sketch pad . A crowd watches as a woman draws caricatures . Child sits for painter , while others watch .",1.1259452253580093
2618322793.jpg,"A child wearing an orange shirt , dark blue denim shorts and sandals rides on a swing . A boy wearing an orange shirt is playing on a swing . A child in an orange shirt swings on a swing . a boy swinging on a swing . A boy swings in the air .",0.9884193539619446
2622624460.jpg,A dog makes a large splash in the water while chasing a red ball . A black dog splashing into the water to retrieve a red ball . A black dog chasing a red ball through the water . A black dog makes a huge splash for a red ball . Dog splashing in water toward a red ball .,1.0161979496479034
2629784415.jpg,"A large display of artifacts are in a large room and around a very large display are six people with two people near wooden benches . Two people wearing jackets are walking by a museum exhibit while several people surround the exhibit . There are people in a museum , looking at wall panels and columns from antiquity . A middle-aged man and woman walking in a museum . Many people walking around an art exhibit .",0.9692780673503876
263233914.jpg,Young african-american girl in a red bathing suit at the edge of the pool . A little girl in a pink bathing suit laughs by a pool . A girl with dreadlocks standing in a pool A small black girl in a bathing suit A young girl in a pool .,1.0114821791648865
263494261.jpg,People run a marathon on a city street with a crowd watching . A large group of people watching others run a marathon . A crowd is watching runners during a marathon . a bunch of athletes running in a race . People Running a Marathon .,0.8772546052932739
2635938723.jpg,The wide eyed little boy is eating a red Popsicle . A dark-headed boy is eating a large red Popsicle . Dark-haired child eating a frozen treat . A little boy is eating a red Popsicle . Little boy eating a red Popsicle .,0.9975883364677429
2637510448.jpg,A little girl in a pink and white ski suit and red helmet skies sideways on the snow covered slope . Young skier in a pink ski-suit is on the side of a snowy hill Person in pink skis wearing skis on a slope . Child in pink and white skiing down a slope . Little girl skis on slope .,1.0217223316431046
2638177115.jpg,Men in khaki green pants having a conversation on a busy street . A few soldiers have a discussion while onlookers stand nearby . A military member talks to another while on the streets . The soldiers are preparing for security at a big event . An army man poses for a group of bystanders outside .,0.8889627456665039
2640869832.jpg,"Three young men in this picture are seen trying on a new pair of shoes that they just bought from the local park 's swap meet . A young man wearing a white shirt , blue jeans , and bright blue shoes sitting next to two other boys talking . A man is checking his blue sneakers next to two men having a conversation . Three teenage boys sitting down talking and fixing their shoes . A group of young men hand out in a park with their skateboards .",0.8920964598655701
2641049916.jpg,"This stone sculptor gently shaded seems to decorate a garden but here a young boy dressed in a US flag decorated t-shirt enjoys climbing on it . A young boy wearing red , white and blue face paint and a American flag shirt leans over a decorative stone structure . A kid with his face painted is at the top of a concrete structure with asterisks carved inside . A little boy , who 's face is painted like a zombie climbs on a stone structure . A boy with face paint looks out over a stone sculpture .",1.0709065198898315
2641098920.jpg,"A woman in a white shirt , wearing jewelery , is sitting on a couch next to another female wearing a dark colored shirt . 2 women on a couch , woman in white appears to be describing something in her hand . Two women are sitting on the sofa , and one woman is eating a snack . A woman sits on a couch while eating a snack . An asian woman eating food on couch .",1.0341350734233856
2645724661.jpg,"A woman sits with a child , reading a big blue book . An infant is eating while being read a book . The woman with the baby is drinking wine . A woman is hold a child while he reads . A mother reads a book to her baby .",0.7471657544374466
2646540383.jpg,A boy wearing a blue swimsuit begins to slide down a water slide . A person in swim trunks jumping down an inflatable slide A boy is jumping forwards down a water slide . a boy jumps onto a inflatable water slide A boy on a water slide,0.9185155481100082
2654943319.jpg,A man in a purple shirt attempts tricks with a skateboard inside a heavily graffiti painted area . A person wearing a blue hat rides a skateboard off of a cement bench . A man in a purple shirt is skateboarding in a graffiti-heavy area . A kid in purple is doing a skateboard trick . A person grinding a ledge on a skateboard .,0.9068169444799423
2657844508.jpg,"A man and woman are sitting at a table in front of a sign that reads IL PORTO and two wine bottles and two wineglasses are on the table . Two people sit at a table with wine in front of them , and a sign with a fish reading : "" IL PORTO "" behind them . An elderly couple are sitting outside a restaurant , enjoying wine . A couple is sitting at a restaurant in front of a big fish sign . Couple sitting on patio outside restaurant having some wine .",1.0426157712936401
2666234771.jpg,A man wearing black pants and a white long-sleeved shirt appears to be dancing in the middle of a street . A man dances with flags in the street in front of a group of onlookers . A man in old costume leaps across an English street besides a Peugeot . A man jumping in the middle of the street with flags attached to him . Man performing a dance in the street .,1.05812668800354
2667242810.jpg,"A man in a white shirt hammers one piece of wood while a boy in a black , white and orange hat looks at another piece of wood . a group of young men and small boys working on hobby like projects in a warm summer climate . A man in a purple shirt and a hat is talking to another man while holding some wood . Four men and a young boy are at a table set up for wood crafts . The organizers of the fundraiser were chatting at registration .",1.0293366760015488
2671602981.jpg,A little girl wearing a black tankini is jumping in the air with water in the background . The girl in the bathing suit is poised in midair next to the blue water . A young girl in a swimming suit jumps into a body of water . A little girl in a bathing suit leaps up in the water . A young girl jumping out of the water,0.8719943463802338
2678171436.jpg,"A man in a white shirt holding a brown stick , looking at the ground . A man is seen from above through green leaves holding a shovel . A bird 's eye view of a man in a white shirt working outside . A man working on something underneath a bridge . A man in a white shirt digging a hole .",1.0536574572324753
2682194299.jpg,A black and white dog is running down some white steps . A black and white dog is bounding down white steps . A tri-colored dog is jumping over obstacles . A small dog jumping some hurdles . Dog sits on hurdles .,1.0326682776212692
268365231.jpg,A man and a woman dressed in black walk towards a gate near a wooded area . A man and a woman walk away with their arms around each other . Man and woman wearing black walk with arms around each other . A couple in black clothes are walking towards a white gate . Two people dressed in black are leaving .,1.0052914172410965
2683823978.jpg,"Two people one in a brown shirt wearing a backpack and the other wearing a pick sweater and bike helmet are kneeling at a bicycle tire . Two women with decorated bicycles one is wearing a red backpack and the other has a black helmet and pink sweatshirt . A young girl is sitting on the sidewalk , changing the tire on a bike while another young girl sits and watches her . Two children or possibly young adults fixing their bikes . 2 girls are outside working on their bicycles",0.9160029888153076
2691641332.jpg,"A little girl is wearing knee pads and a helmet next to a pretty bike . The young girl , clad in helmets and pads , examines her bike . Little girl wearing lots of pink playing with her bicycle . A little girl plays with the reflector on her bicycle . A young girl with her bike .",1.1233516037464142
269361490.jpg,A group of hip young people walk down the street in a residential neighborhood . four goth looking people walking down a street with trees in the background Four teenagers in Gothic clothes are walking in a neighborhood . Four people dressed in black clothing stand together outside . Two girls and two guys walking down the street .,0.9492091834545135
269440642.jpg,Four women dressed in red shirts are doing the hula dance while several people in the background watch . Two women in red skirts dancing for an audience . ladies dancing on a field while people watch . Women in white and red dance as group . Chinese traditional dancing .,0.9130125492811203
269898428.jpg,A man has put a stuffed animal on an electric screwdriver and is spinning it . A person with an electric drill doing something to a toy animal . A man is spinning a stuffed animal with a screwdriver . A young man spins a stuffed animal around on a drill . A man drills his stuffed animal .,1.132647916674614
2700788458.jpg,A man wearing a white shirt and red hate interacts with a woman wearing a white shirt . A white women and a black man in a red hat play fighting . A man and women in white shirts make sporadic movements . A man and a woman wearing white shirts in a wooded area . Woman trying to punch man .,0.8791396766901016
2701892321.jpg,"Two martial art athletes compete in front of an audience , carefully monitored by the judge . Two people are hitting each other in a karate match , while an audience and referee watch . There is a chun kuk do tournament with a group of spectators watching . A martial arts contest takes place in a ring in front of spectators . Two people are competing in a martial arts match .",0.9987252950668335
2705101739.jpg,A boy in colorful pants plays guitar and laughs together with his friends . A group of individuals are sitting in a room together and smiling . A male in a red t-shirt plays a guitar in a room full of people . A group of smiling people sit around a man with a guitar . a boy in pajama pants playing a guitar .,0.9518826752901077
2705922624.jpg,A man in a black shirt photographs a group of girls in the woods . A group of children gather together to pose for a picture . A man taking a picture of a group of people in a park . A group of kids are posing outside for nice picture . A man films a group of girls in the outdoors .,0.9137240052223206
2717110088.jpg,"Two children play in a department store , laying under the polka-dot covers of a pre-made bed in the home furnishings department . Two kids who look almost alike are under the covers of a bed on display in a linen store . Two small children get cozy under the covers of a display bed in a furniture store . Two people are laying in a bed in the middle of a department store aisle . Two children lie in the display bed in a store that sells linens .",1.0603288561105728
2723024306.jpg,A man builds a sand castle as children enjoy the sun in the background . A man in a blue shirt is building a sand castle at the beach . A man builds an elaborate sand castle on the beach . Man builds detailed sand castle on the beach . A man on a beach building a sand castle .,1.1040572822093964
2723785828.jpg,Two children with face paint sitting on the ground in front of a window . Two small boys with painted faces are sitting next to each other . Two children with their faces painted are sitting on the floor . A pair of unhappy children with painted faces . Two kids after having their faces painted .,0.9546768665313721
2723929323.jpg,Three woman stand on a beach below with their shadows long behind them . There are three women with cameras talking on the beach . Three people standing on a beach talking with cameras A group of girls on a beach . Three women on the beach .,1.0556700080633163
2725441885.jpg,A baseball player in a uniform with a dark top and light pants is hitting the ball with his bat . A ESPN cameraman films a baseball player hitting a ball during a game . A baseball player hitting a home run . A baseball player hitting a ball . A baseball player hits baseball .,1.0044627636671066
2728607980.jpg,A crowd of people stand in front of and on top of a stone pedestrian walkway . A lot of people are gathered in different areas of an old building . A crowd of people gathers around an old stone wall . Tourists pack the square waiting for a show . Hundreds of people gathered at an event .,1.0447520017623901
2731298834.jpg,A woman and two children who are wearing blue life vests are swimming . A woman swimming with two children in blue life vests The mother with two son are swimming in the sea . A woman and two children are swimming in water . A woman and kids swimming in a lake .,0.826042965054512
2735558076.jpg,A row of legs and black boots with a boy sitting at the end of the row . A group of people sit on pavement wearing dark shoes and warm clothes . A row of people sitting on the ground wearing matching heeled boots . The young man is waiting with others on the sidewalk . A boy looks suspiciously at someone nearby .,1.0734836012125015
2736263351.jpg,A man with his sleeves rolled up is gardening next to a pole . A young man is squatting by a pole and raking soil . A man planting some flowers around a pole outside . The curly man wearing gloves is raking the grass . A young man wearing white gloves and gardening .,0.9789693355560303
2741051940.jpg,A small dog is playing with a plastic bag on the sidewalk . a chubby puppy dog with its tail cutoff plays with a bag . A white dog is playing with a plastic bag . Small puppy stands on top of plastic bag . A dog wrestles with a plastic bag .,1.0570770502090454
2741990005.jpg,"A high jumper goes at his craft , leaping over the pole as a bright sky of blue and occasional white clouds pass overhead . There is a man or woman attempting the high jump on a mostly clear day , it looks like they are about to clear the pole . A woman jumping over a bar during the day . An Olympic jumper crossing the rope . A man vaults over a high bar .",0.8455543220043182
2743465453.jpg,A person in a robe and apron is cutting bread on a table . A woman in a white robe is preparing a table for a meal . The man in the apron prepares the dining table . A man in an apron is standing by a table . A woman is preparing food at a table .,0.8377166092395782
2747436384.jpg,Four young men are sitting on the beach under a crashing wave . Four boys are about to be hit by an approaching wave . three boys sitting in sand getting splashed by wave Boys with their backs against an incoming wave . Four people sitting in the path of a wave .,1.053258627653122
2752084369.jpg,A little girl in a red dress and white hat holding two ZARA blue bags . A toddler in a red dress carries two Zara shopping bags . A young girl is carrying two large black shopping bags . A little girl in a red dress is carrying shopping bags . A little girl is carrying two shopping bags from Zara .,1.029282808303833
2757803246.jpg,"A little blond boy is running around in the grass behind a row of benches A small child wearing blue smiles as he stands behind a group of people . A child plays outdoors , near a group of people who are mostly seated . A little boy runs around while others look at a stage . A little boy is running towards a group of people .",0.8815698325634003
2763090857.jpg,"An asian girl wearing a gray and white stripe shirt smiling at the camera while serving herself something . A young Asian woman getting some ice cream from a self serve dispensing machine . A woman is using a machine and is smiling . A woman smiling as she works a machine . Girl at fountain , getting a drink .",1.0372679680585861
2763601657.jpg,The man with no shirt and flip-flops looks at the women in white shorts . A man and a woman are walking past benches that overlook the water . a young couple walking on the sidewalk away from the beach . A man and woman walk up a sidewalk away from the water . A couple strolls down a path near benches and water .,1.0077942162752151
2768972186.jpg,a large brown dog trying to catch a small white puppy from behind A large brown dog sniffs a small white dog 's behind . The large brown dog is sniffing a small white dog . A big dog is biting a smaller dog on the leg A dog bites the tail of another dog .,0.9914258122444153
2782480767.jpg,A young girl in a swimming pool is coming up for air after being underwater . A little girl is swimming under the crystal blue water . A girl is about to emerge from a swimming pool . A girl holds her breath underwater in a pool . A girl underwater in a pool .,0.8700123429298401
2786245676.jpg,"Near a window and a chair , a young boy in a blue shirt holds something in his hand and smiles . a young man wearing a blue striped shirt standing in front of a floral patterened couch A small boy wearing a light blue shirt smiles as he holds something in his hand . A little boy wearing a red wristband grins as he holds something . A young boy smiling with something in his hand",1.05807363986969
2790909995.jpg,"A dog running in the sand , grass in the background . A brown dog is running though some sand . A dog running through the sand . A dog is jumping in some sand . A dog runs through sand .",0.9513812512159348
2797188545.jpg,Two paddlers in a red canoe approach a couple of large rocks in the rushing river with conifers in the background . Two people paddle a canoe down a rough stretch of river near a pine forest . A couple in a red canoe paddle down a rough river lined with trees . Two people canoeing down a river in a red canoe . Two people are in a canoe .,1.060899794101715
2800990525.jpg,A man with sunglasses on his head is standing by signs for the Wharf and ferry terminal . A man with sunglasses on his head poses for a picture near the wharf . A man is walking in the street with sunglasses on top of his head . A man stands next to signs for the wharfs . A man poses outside of some buildings .,0.9379337728023529
28041138.jpg,"Man wearing a cotton gray tank top , straw hat and rope necklace singing into a microphone and playing a bass . A man in a gray sleeveless shirt and straw hat is on stage singing and playing guitar . A man in a gray tank top wearing a straw hat singing into a mic playing a guitar . A man in a gray tank top and a cowboy hat plays the guitar and sings . A man is singing and playing a guitar on stage .",0.7692877948284149
2806632713.jpg,A shoeless strapped in individual jumping with rubber bands attached is airborne . A person wearing a white shirt and blue shorts with cables attached to him . A person is flipping upside down while attached to some bungee cords . A person is suspended by wires and poles against a blue sky . A person belted into a bungee-jumping ride in midair .,0.9971024841070175
280840823.jpg,"Three young men are seated at a table playing a game of Monopoly while drinking sodas and one man is shoving the other away from him . Three young men playing a game of Monopoly in which two of them are physically arguing . Three young men are playing monopoly together , and one is being pushed by the other . Three young men are playing around while playing Monopoly at a table . Three guys in jeans playing Monopoly at a table .",1.0458794236183167
281658181.jpg,"A woman in a blue athletic outfit is completing a high jump while two men photograph her and one man is watching from behind a fence . A female athlete attempts a vault over a pole while spectators take pictures . A female in blue is jumping over a hurdle , while two people photograph her . A woman is doing gymnastics while a man takes a picture of her in midair . A female athlete is in the process of completing a high jump .",1.004624217748642
2822265828.jpg,"A row of young female cheerleaders sit in a row at the base of the bleachers and pose for a picture as the audience looks on . 19 young girls , wearing the same athletic uniform , sit next to each other on a bench facing a running track . Girls cheerleading team sitting on the sideline waiting to do their routine A cheerleading squad poses for a picture in front of full bleachers Young cheerleaders are sitting on a bench by a fence at a game .",1.0246800631284714
2822418176.jpg,A man with noise-cancelling headphones in a black t-shirt is using a chainsaw to sculpt a bird out of a tree stump . A guy wearing protective pants is carving an owl on a perch out of wood using a chainsaw . A man is using a small chainsaw to carve an owl from wood . A man is using a chainsaw to carve a wooden sculpture . A man carving a wooden statue with a chainsaw .,1.1165814846754074
2823575468.jpg,A boy in blue shorts running on a concrete surface while holding goggles . The young athlete completes the swimming portion of the race . A young boy runs barefoot while wearing a blue swimsuit . Boy wearing swim trunks holding goggles and running A wet boy carrying goggles runs .,0.9661143273115158
2831215155.jpg,"An SUV is parked in a grassy field with mountains in the background , and a woman is looking through a telescope off into the distance . A person holding a piece of equipment up to her eyes is standing in a large meadow near a blue vehicle . A woman is looking through binoculars while standing in front of a car that is parked near mountains . A person in a field looks through a telescope while a blue car approaches or waits . A woman stands in a field near a car , and looks through binoculars .",1.0364008694887161
2834103050.jpg,"People dressed in bathing suits , dresses and shorts are on the beach , near an exhibit . A woman with a green sunshade is passing a sales merchant on the beach . Many people are walking along the beach on a clear day . People standing on a beach , one under a green umbrella A beach with people standing on the sand",0.8006830513477325
2834752476.jpg,A young man with a mullet smokes while sitting on a unique couch . Young man in a black shirt smokes on a sofa in a colorful room The young man is sitting on a couch smoking a cigarette . A young man sits on a couch and smokes . Man smoking on a couch .,1.057896912097931
2837804631.jpg,Very young boy is standing outside near a water fountain that is built into the ground and is squirting water . A little boy in a black shirt is leaning away from a water fountain . A little boy playing and getting wet from a park fountain . The little boy is about to walk into the sprinklers . A child being splashed by a water fountain .,0.9712187200784683
2841909138.jpg,"A woman with a ponytail wearing a peach shirt , white khaki pants , and black sandals sits outside a store on a wicker bench as she writes on a notebook . A girl wearing sandals is writing in a notebook while sitting in a chair outside . A woman is writing in a journal , while sitting on a bench at a coffee shop . A woman writes in a notebook while sitting on a wicker seat . A woman is sitting outside writing in a notebook .",0.9656244516372681
2842439618.jpg,A surfer in a black wetsuit catching a wave while another one tries to catch up with him . One surfer rides a wave while another surfer paddles at the base of the wave . A person is surfing on a wave while another person heads towards it . Someone is surfing along a wave with someone else swimming nearby . A person is standing on a surfboard and riding down a large wave .,0.9414774924516678
2844202978.jpg,"An elderly lady sits among a bounty of food sipping a refreshing beverage while a large straw hat protects her from the sun 's rays . A woman wearing a straw hat is sitting among a variety of different foods while holding a drink . An Asian lady is holding a cup and sitting in front of a table covered in different foods . An woman , wearing a straw hat , is presenting a variety of goods . A woman sits with various bowls of food .",0.8001287281513214
2852982055.jpg,"a woman is looking away from two small children playing in a fountain . Two children and a woman are playing in a water fountain . Woman , with two children playing in outdoor fountain . Two children and an adult are near the fountain . Two children playing in public fountains",0.9664340317249298
2853682342.jpg,"A man in a white shirt and shorts is running and jumping in the grass . A man in a blue shirt , jumping down a hill in a park . A guy jumping downhill took a still shot of it . A man jumping down a hill in a forested park . A man is jumping it a meadow",0.9528383612632751
2856524322.jpg,A man on a bicycle jumping off a dirt ramp with one foot on the ground A young man in tan shorts and green shirt is falling off his bicycle . A man riding a bicycle performs a trick above a dirt mound . Man doing a jumping bike trick on dirt mound at night . A man on a bmx .,1.0349690914154053
2858456847.jpg,An African woman in a blue turban poses with an infant . An african woman is holding a small child in her arms . A smiling woman poses with a baby in front of a hut . African woman smiling while holding her child . A woman is holding a baby and smiling .,0.9132805466651917
2860432302.jpg,A butcher in a yellow shirt is looking at a slab of fish meat on a wooden butcher block . A man with short black hair in a yellow shirt looking at a large piece of cut fish . A man is staring down at half of a fish . Man with filleted fish on wooden board . a man slicing the meat in the market,1.0254612565040588
2871691966.jpg,A group of people sitting in an ornate church are focused on a clergyman speaking into a microphone . The picture is taken inside a large church where many people are listening to a man in a robe . A congregation is watching the Pope give a speech . Church members watch a pastor give a sermon . A catholic mass is taking place .,0.9575220197439194
287212060.jpg,"A man in glasses holds a child against his chest outside in a public eating area , while they both look down at something out of frame . A long-haired man and a child are at an outdoor restaurant . A man and a girl are both looking at something of interest . A old man with gray hair is holding a young child . A man is sitting down and holding a young boy .",1.0737820714712143
2874876837.jpg,A little boy in a white long-sleeved t-shirt jumps on a trampoline . Boy jumps on trampoline outside house . A boy bouncing on a trampoline . A boy jumping on a trampoline . A boy jumps on a trampoline .,0.9541052579879761
2875823162.jpg,"A woman in a blue blouse is doing some sort of exercise on the back of a vehicle . A person leaning on the back of a bus , while two other people lie in the street . A woman dressed as a clown attempting to push a bus . Someone is having a hard time pushing the vehicle . A person is leaning on the bumper of a vehicle .",1.006711721420288
2877088081.jpg,A boy in jeans and a black shirt skating down a stair rail . The teenage boy is grinding a skateboard on a steep rail . Man with helmet performing a trick while rollerblading . A teenager performing a trick on a stairway in public . A skateboarder goes down a railing .,0.9305816143751144
288025239.jpg,A woman smiles from inside a red tent that is surrounded by snow . The hiker pokes out of her tent to find that snow is everywhere . A person peeks out from a colorful tent in a vast field of snow . A man pokes his head out of the red tent in the snow . A person poses inside of a tent surrounded by snow .,0.971166118979454
288038357.jpg,A man in a white jacket is on top of a roof sanding it down while standing on a wooden ledge . A man wearing a white cap and white sweatshirt working on a roof . A roofer is patching up a hut in a village . A man is on top of a roof fixing it . Man working on a straw roof,1.022714152932167
2881378816.jpg,"A man in a striped shirt and khaki pants plays the bass next to a man with a hat who is sitting in a chair . A man is sitting on a chair , while many people walk in front of him . A busy historical cityscape with people painting and playing music . A man in a blue shirt is sitting on a chair in the street . Two street musicians are performing , as people walk by .",0.9392809122800827
2889113059.jpg,A group of instrumentalists and vocalists dressed in black are being conducted by an older gentleman . Man works at microphone with a group of informally attired musicians under the lead of a conductor . Man singing and being accompanied by a concert ensemble in an elegant room . Musicians are practicing as directed by a director . Orchestral group playing music .,0.8829206228256226
289639811.jpg,A group of men playing soccer in a stadium full of people . A soccer game where a corner kick is about to take place . Soccer players guard a goal during a soccer match . The soccer players are walking on the field . Spectators view of soccer game .,0.9089168906211853
2900905937.jpg,A man in a green shirt is working under a blue vehicle . A man wearing a green t-shirt is working on a blue car . A man is working underneath a blue older model car . A man lays down to fix an old blue truck . Someone working under a blue vehicle .,0.8843377232551575
2903617548.jpg,The little boy is playing with a croquet hammer and ball beside the car . The kid is in front of a car with a put and a ball . The child is playing croquette by the truck . A little girl plays croquet next to a truck . A little baby plays croquet .,0.937308669090271
2904714989.jpg,"A group of people holds tennis rackets , and pose together near a tennis net . A group of young tennis players is posing on the court with their coach . A tennis team holding rackets and posing for the picture . Several men on a tennis court posing for camera . Tennis players all standing around a court .",0.9966599941253662
2905200744.jpg,Two people wearing helmets riding in a four wheeler along next to the ocean . Two people with white helmets on riding in a Yamaha red and black vehicle . Two people in a white and red Yamaha vehicle driving next to the ocean . Two men in a black in red vehicle on the beach . Two people are riding a Yamaha on the beach .,1.0778489708900452
2908493594.jpg,"A man in a blue windbreaker jacket , laying face down on a park bench , with a liquor bottle nestled by one of the bench 's legs . A bottle of alcohol is sits next to a person sleeping on a bench . A man lying on a park bench with a bottle of alcohol next to him . A man is sleeping on a park bench next to an empty bottle . A person in a blue jacket sleeping on a bench .",1.0459405183792114
2910885196.jpg,A man in a blue button-down shirt and holding a knife grins at a woman while standing in front of a white and black cake while another man in a black shirt stands behind him . The man in the blue shirt held a knife and got ready to cut the sheet cake . A man in a blue shirt smiles while holding a knife over a cake . The man in the blue shirt is about to cut the cake . A man with a knife in front of a cake .,0.9402904659509659
292198220.jpg,"A little girl with blond-hair is outside playing with a small doll . A little girl in a pink shirt is looking at a toy doll . A little blond girl dressed in pink holds a toy . Girl in pink sweater , playing with a doll . A blond girl holds a small plastic doll .",0.8291111141443253
2922222717.jpg,a small black dog biting a ladies two fingers on a beige couch Small black dog biting the fingers of a woman . Small black dog biting on a person 's finger . A small dog bites a ladies fingers . A small black dog chews on fingers .,0.9437567740678787
2922807898.jpg,White dog holding pink floppy Frisbee in mouth jumping with all four feet off the ground . A medium sized white dog is jumping up to catch a small cloth Frisbee . A large yellow dog leaps into the air to catch his Frisbee . A yellow dog is jumping to catch a toy in a park . A dog leaps in the air to catch a disc .,0.9821023046970367
2923086298.jpg,A girl in black shorts and a black shirts is vac-cumming beneath the dishwasher in a kitchen . A middle-aged woman is vacuuming her kitchen floor with a canister vac . A woman is vacuuming the floor in a kitchen . A woman in black vacuums the kitchen floor . This is a woman cleaning her kitchen .,1.0332947224378586
2949337912.jpg,A surfer rides out the green and white waves . A surfer is riding on a breaking wave . A man surfing on a big green wave . A person is surfing a big wave . A surfer rides a green wave .,0.8694072812795639
2952320230.jpg,The woman is dressed in all white swinging a tennis racket . A woman intensely playing tennis in an all-white outfit . The tennis player dressed in white swings the racket . A woman swinging a tennis racket on the court . A female tennis player swings for the ball .,1.0223785042762756
2954929479.jpg,A young man in a blue sweatshirt and jeans holds a pumpkin in his arms as he stands amidst a field of pumpkins . A young boy with glasses and a blue sweatshirt holds a pumpkin that he picked from a pumpkin patch . A young boy holding a pumpkin in the middle of a pumpkin patch . A young boy is at a pumpkin patch holding up a large pumpkin . A boy with glasses holding a pumpkin in a patch,1.0440322011709213
2955099064.jpg,A group of men struggle to catch the ball in the air . Three men react as a football flies overhead . Three rugby players grab for the ball . Three men wrestle for a soccer ball . three men with football in air,0.9464758634567261
2970183443.jpg,"Small white dog with spot on back leaping in air with football in mouth with small boy and man watching . A small black brown and white dog catches a football in midair as a man and child look on . A man and a small boy watch their small , white dog catch a toy in the air . A man and a child are standing near a dog who is jumping . A man and a boy watch a dog leap to catch a ball .",0.9561826288700104
2971478694.jpg,A crowd of women wearing multiple different colors is entering a stone structure . Many ethnic people in multicolored robes gather for an event Many women in colorful saris are entering a stone building . Many women have gathered and are listening to speakers . A crowd of people in colorful dresses .,0.9310784935951233
2973269132.jpg,a lioness is chasing a black bison across a grassy plain . A large wild cat is pursuing a horse across a meadow . The lioness attacks a wildebeest on a plain . A lioness chases a black animal with horns . A lioness closes in on its prey .,1.1415205150842667
2978040423.jpg,"A woman wearing a white shirt , tan pants , and boots is standing beside a vendor cart that contains various beverages . Lady at the beach standing next to her ice cream cart , numerous people is lounging in the background . A treat vendor is standing in the sun while others sit in the shade under umbrellas . A black woman wearing a blue hat and white t-shirt is standing at a snow cone stand . Woman with a vending cart in the middle of a beach .",1.0707951337099075
2980901328.jpg,"A worker , elevated on a piece of equipment , is trying to repair a pole near a window . A man in a red shirt and jeans on a cherry picker holds onto a wooden sign . A man in a red tank top is on a cherry picker fixing a pole . A man in a red shirt is working on a large statue . A construction worker is fixing a window .",0.9342370182275772
2984174290.jpg,A surfer on a blue surfboard is falling off of it as he hits a wave . Man falling off a blue surfboard in the ocean . The surfer rides a wave on a blue surfboard . a surfer rides up the wave . The surfer is in the wave .,0.8434132486581802
2987588136.jpg,Two asian women hug one another while smiling outside of a white Sports Utility Vehicle . Two women hug while a third gets out of the car . Two Asian women are embracing next to a car . Two Asian women hugging outside an SUV Two women hugging each other .,1.1276649683713913
2991994607.jpg,A man in a uniform costume stands next to a man in a horro costume . Man in a police costume next to a man in a zombie costume . The bloodied man is a hit at the haloween party . people are at a costume party . People at a costume party .,0.9465423971414566
299303069.jpg,A child in a orange shirt is pouring Legos out of a plastic bag . A child is spilling a set of Legos out of a bag onto a table . A young boy is dumping a bag of Lego 's onto a glass table . A boy in an orange shirt is pouring Legos from a bag . Young boy playing with Legos .,1.1141260713338852
2993049054.jpg,A man is wearing a black mask and black clothing in a social setting . a single man wear a black mask with several people in the background Man dressed in black wearing elaborate black mask Man with mask on raises hand . A person wearing a mask .,0.883059948682785
2997939824.jpg,"Three soldiers are washing cooking tins in red buckets with two women with yellow vests standing behind them . Individuals in uniform , some camouflage and some yellow , dip silver apparatuses into red and blue buckets . Soldiers washing dishes in tubs on the street . Soldiers are washing pans in red tubs . People in army washing pans .",1.1084095388650894
3000017878.jpg,Five men in jeans play in a band on a stage with a brightly colored backdrop . A band plays on stage in front of a colorful backdrop . A five member band is performing live music . A band playing on a colorful stage . This band is playing on a stage .,0.8618522435426712
3019609769.jpg,A small group of black adults and children are walking on a brown surface . A group of people are walking down a road passing by some barb-wire . A poor family is leaving their home with only a few belongings . A group of people carrying bags walk near a barb wire fence . A group of dark-skinned people are walking past barbed wire .,1.1025989800691605
3019667009.jpg,Two boys are playing on very old architectural structures . A boy dances as another boy stands on a short brick wall . Two people stand outside near an arched doorway . Young boys playing in front of fortess gate Two boys play outside a building .,1.0749062895774841
3019776218.jpg,A young boy is looking into a silver cellphone while resting his light brown-haired head on top of a resting blond dog 's head . A young boy playing next to a sleeping dog on the floor . A young boy talking on a cellphone laying next to a dog . Child laying next to a dog while looking at a phone . A young boy and his dog lay together on the floor .,1.081552729010582
3024022266.jpg,A young boy rides on a surfboard with light blue water behind him . a young surfer surfs the large blue wave . young boy surfing on blue water A young male surfing . A boy surfs .,0.9105443954467773
3027397797.jpg,"A teenager wearing striped shorts and no shirt is skateboarding down a road a long the ocean . Shirtless , tattooed man rides skateboard down blurring street near beach . A barefoot and shirtless skateboarder rides along a road . A skateboarder in striped shorts skating down a street . A man in shorts skateboards down the street .",1.0286656022071838
3041642723.jpg,"A group of people stand on the porch of a house while a dog is being pet by a girl . A group of people is standing on a porch , and one of them is petting a yellow dog . Young teens are gathered on a porch around a dog on a cool day . A group of teenagers stand and sit on a house porch . A group of teenagers hanging out on a front porch .",1.000446081161499
3043510721.jpg,"An older balding man with glasses wearing a pink and white shirt with a sweater vest is playing a musical instrument while looking at the sheet music . A man in a pink and white pinstriped shirt and brown vest with a colorful design playing a clarinet . An older man in a pink shirt and a black vest plays the flute while looking at his sheet music . An old man , wearing a pink shirt and a brightly decorated vest , plays the clarinet . A man wearing glasses is playing a type of instrument .",0.9650327265262604
3046312861.jpg,"Young gymnast holding onto a horizontal poll , with someone else holding her left arm . A gymnast from Georgia trains on the unparalleled bars with her coach or trainer . A girl is training in gymnastics with a Georgia sign in the background . A female gymnast in black and red being coached on bar skills . Female gymnast and coach training on the uneven bars .",1.1347170919179916
3050606344.jpg,a kayaker wearing yellow fights the rapids . A man goes through whitewater in a kayak . A man is riding a kayak through water . A man kiyaking in rough water . A man kayaks in rough water .,1.0357624292373657
305979887.jpg,"A person is sitting on a yellow picnic table with a water bottle , while a baby stroller sits beside her . A woman having her time thinking of how she will break away from her drinking husband A woman wearing gray , sitting on a picnic table by a baby stroller . A woman next to a stroller stops for a drink of water on a bench . A woman sits on a park picnic table near a stroller .",0.9770713001489639
3063054647.jpg,"Two young children , a boy and a girl , are walking down a wooden walkway through the woods . A young boy and girl are walking along a wooden path in the middle of grass and trees . Two kids walk down a wood path in a heavily wooded area . Two children walking on a wooden path through the woods . A Boy and a Girl are walking along a wooden trail .",1.0919886082410812
3063544435.jpg,Very blue water with skyscraper buildings on the shore and a group of people in a canoes with paddles . A team of rowers propel their boat forward with their paddles in the water . Five people are paddling a kayak in the ocean with the city behind them . A group of people rowing in a boat near a city . people row in a crew boat .,0.858587920665741
3072074170.jpg,A bearded man in a brown button down shirt and plaid shorts is standing on one hand in the grass . A man wearing a brown button-p shirt and plaid shorts doing a one handed handstand . A man in a brown shirt is balancing on one hand in a grassy field . Man in brown shirt outside standing on one hand . A man doing a one armed handstand in the grass .,0.9385693073272705
3079917032.jpg,"A woman in a red sweater and a girl is in front of a girl in a green hoodie & a girl with a brown jacket and pink purse . A woman in a red sweater walks by two younger women talking near a busy street . two Asian women are talking behind an older woman who is wearing a red sweater . A woman in a red sweater walks past two younger women who are chatting . Three asian women , two young , one old , on an urban sidewalk .",1.0792750865221024
3081330705.jpg,The man has a blue shirt on and is standing in front of some snowy mountains . A man stands on a mountaintop looking over dry forests and lakes . A man is on top of a cliff overlooking a forest and lake . A man stands on a mountain overlooking trees and a lake . A man on a cliff .,0.9194021672010422
3084472304.jpg,"A clean up crew working on a accident in the street . Workmen in orange clothes , repairing a street . Sanitation workers in orange clean up a street . Cleanup workers on cleaning on the road . BSR trucks and machinery and workers .",0.947355329990387
3085590738.jpg,"A blond woman speaks at a podium labeled "" Holiday Stars Project "" in front of a blue wall that says "" University of Illinois Springfield "" . A woman in a suit is speaking at a podium at the University of Illinois at Springfield for a Holiday Stars Project . A white lady speaking into microphone . A woman is standing at a podium . A woman stands at a podium .",1.1430713534355164
3090398639.jpg,a mountain biker is riding on a marked out competition trail in the woods . A person wearing red rides a bicycle over a dirt path . Bicyclist riding on a dirt race course . Mountain bike riders on a dirt trail . A woman rides a bike on a dirt path .,0.9223757684230804
3094034946.jpg,A young girl with long brown hair and dressed in black athletic wear is running towards a soccer ball . A young soccer player is about to kick the ball presumably to another player . A girl with a ponytail in a black soccer uniform prepares to kick the ball . A young soccer player getting ready to kick the ball . A girl wearing a black uniform is playing soccer .,0.9985417127609253
3094629328.jpg,Person trying to dig something out of the ground wearing a blue sweater and hood . A man digging through reinforced concrete with a hand tool . Somebody digging in the dirt with a shovel . Someone grinding stones with a pestle . A man chips away at cement in a hole .,0.9493426233530045
3105623068.jpg,A woman in a white shirt and black cropped pants climbs a rock wall . The girl is climbing an artificial climbing wall . Fit brunette enjoys some time rock climbing . A young girl climbing a rock wall . A girl in white is rock climbing .,0.9247235953807831
3114944484.jpg,a girl in a red shirt looks at her mom in a crowd of people sitting in white plastic chairs A young girl wearing red faces the opposite direction from the rest of a seated audience . A group of people with their backs to the camera and a little girl facing a lady . A little girl looking into a females face in the midst of a crowd . A group of people are facing away from the camera .,1.0385386645793915
311619377.jpg,A black-haired woman in a parka is looking at burning incense sticks . A woman stands and watches incense burn with the smoke billowing . A woman stands over a copper bowl holding many burning incense . A woman looks at a plate filled with steam . The woman is looking at a smoky exhibit .,1.0433748364448547
3119887967.jpg,"One man is posing with arms outstretched and finger pointed while another stares from behind him . Two men , one wearing a black hat while the one in front points , standing in a hallway . Two men look toward the camera , while the one in front points his index finger . The man in the black hat stands behind the man who is pointing his finger . Man in a sweater pointing at the camera .",0.9131412953138351
3120921482.jpg,A young boy in a gray and white striped shirt is playing guitar . A young boy with dark hair plays an acoustic guitar . A young boy is smiling while playing his guitar . Kid in a striped shirt holding a guitar . A little boy holding a guitar .,1.0391543060541153
3121219649.jpg,Three men stand in a forest among a dense cluster of large tree trunks . Three men in the middle of the woods are looking at a tree . Three men look at a tree in the woods . Three men are standing in a forest . three men examine a tree .,1.027805581688881
3124455694.jpg,A happy woman with a bouquet of flowers moves through a large crowd waiting to get on a subway train . Lots of people standing on a platform in front of a train . Passengers board and disembark a crowded train . A woman is existing a crowded subway station . A group of people boarding a silver train .,1.0372397303581238
3125628091.jpg,"A small child wearing a green long-sleeved top lays with her head on a pillow . A little boy in pajamas snuggles on a couch with a Santa hat . Child on couch , holding red cloth with white fur . A smiling child with Christmas colored clothing . The child with a green shirt is on a bed smiling",1.0261034220457077
3126753745.jpg,A drummer in a red hat and black shirt hits the snare drum on his kit during a performance with his band-mates . A man with a red hat and a long-sleeve shirt on is playing the drums . A man with a red hat playing the drums with his band . A man with a red hat is playing the drums . A band playing on stage in a club .,0.9893278032541275
312788070.jpg,A soccer player standing with the ball on the sideline as other players walk up the field . Three soccer players in black and white and a player in red take a break on the field . soccer player waiting with ball on side of soccer field Players on a soccer field performing for the crowd . A crowd watching a soccer match .,0.8328753709793091
313385842.jpg,"A man dressed in black shorts , a black t-shirt , and a backwards black baseball cap is talking to a man wearing a striped shirt and shorts while standing behind a truck . Two males seem to be conversing while standing in front of a truck 's back , and behind a metal item , while four people stand around them . A semi trailer is inside a building , and people are gathered behind its open rear door where there are displays being set up . A group of people are standing in a warehouse . People stand in a warehouse .",1.0208027064800262
3134341610.jpg,"A woman in mask sits next to a man wearing a Santa suit and also in mask as they hold wineglasses next to a Christmas tree . Santa and a woman drink wine next to the christmas tree while wearing joke disguise glasses . A man and woman in masks and costume make a toast in front of a christmas tree . Two people , one of whom is in a Santa costume , pose wearing funny glasses . Two people with silly disguises at Christmas time",0.9623913466930389
3134644844.jpg,A man with a guitar playing to an ill little girl in a hospital bed . A man is playing a guitar for a little girl in a hospital . A man is playing the guitar for a child in a hospital bed A man plays a guitar for a sick child in a hospital A man plays guitar for a girl in the hospital .,1.178433820605278
3135826945.jpg,A little boy with a yellow shirt is looking at a book someone is holding in front of him . A person in a sweater sits looking at a book with a child on their lap . A woman teaches a young boy about babies through a book . A parent and their toddler are reading a book . a boy wearing yellow reads a book .,0.9823039919137955
3139160252.jpg,Three girls are posing for a picture beside a dresser in front of a decorated Christmas tree . Three women one of which is holding a paper cup posing in front of a Christmas tree . Three women standing next to each other are smiling in front of a Christmas tree . Three women are posing for a photo in front of a christmas tree Three women are posing together in front of a Christmas tree .,0.9560152888298035
3143991972.jpg,"Near seats , woman has spread out green blanket to sit on floor with baby . A woman monitoring a baby as it plays with nearby luggage . Woman and baby sitting on floor in waiting room . A woman and a baby waiting with luggage Woman and baby waiting at an airport .",1.1656564474105835
314800643.jpg,A man in a gray shirt looks past the camera while a girl in a blue sweatshirt sits behind him to his left . A man assembles a tent while a woman sits and watches in a field of a large number of tent dwellers . Man setting up a tent outside with onlooking girlfriend waiting . a man working to put up a tent at a outdoor event A man in a black shirt stands next to a tent .,0.9661054611206055
3149038044.jpg,Two little boys playing flag football in purple jerseys . two children are playing with a football on the grass . Two boys playing flag football with purple jerseys . Two children are playing flag football together . A child gets ready to hike the ball to another .,0.8702302724123001
3157745346.jpg,A bicyclist attempting to pay for a transportation ticket at a kiosk . A man wearing a helmet is standing in front of a machine . Man in bike helmet getting fare ticket out of machine . A man with a helmet is using an ATM . Man using an ATM with a helmet on .,1.099386140704155
316298162.jpg,A group of men in suits are walking down a park sidewalk . A group of older men is walking away on the shady path . A group of people walking through a wooded park . A group of businessmen walking down the road . A group of men walking on a tree-lined path .,0.987384095788002
3163281186.jpg,A man is riding an elephant while another person is touching the elephant 's head . A man sitting on an elephant with a riding seat is talking to a female tourist . A woman pats an elephant that is saddled to give rides . A woman stands on a wall to pet an elephant . A woman is petting a man 's elephant .,0.9626442193984985
3168327945.jpg,A little boy wearing khaki pants showing a man his candy cane filled with candy . A man sitting on a couch and a little boy holding up his Christmas candy . A white boy opening a candy cane full of chocolate sweets on Christmas . Man looking on as child holds up plastic cane full of candy . A man in a sweater being offered candy by a child .,1.003071665763855
3169184260.jpg,"A young boy holding a red toy wearing green snowman and reindeer pajamas with an older woman on a couch behind him . A boy in green pajamas plays with a red toy , while a woman in a robe sits smiling in a chair behind him . Boy in green pajamas play with his toy while his mother sits on the couch and watches him . A young boy in green pajamas playing with a toy at Christmas . I 'm enjoying my new toy for Christmas .",1.1567723006010056
3169276423.jpg,"A man and a woman wearing costume glasses ( with attached eyebrows , nose , and moustache ) and holding cigars . The man and woman are posing with fake glasses and moustaches . An older couple with Goucho Marx masks and fake cigars . Man and woman wearing false eyebrows and noses . An older couple with joke glasses and cigars .",1.057324856519699
3170122039.jpg,Two African American girls riding bikes down a dirt road . Two women riding their bicycles along a dirt road . Two people riding their bicycles down a dirt road . Two women are riding bicycles down a dirt road . Two african women bike down a dirt road .,1.0360292345285416
3176499620.jpg,A young man in a t-shirt and a pair of jeans with a hat is doing a one armed handstand in front of a wall full of graffiti . A breakdancer displays an impressive handstand in a heavily graffiti tagged room . A guy is doing a skateboard trick at a skateboard park . A young man breakdancing while wearing a beanie . this man is breakdancing .,1.0427753627300262
3179223972.jpg,A blond little boy smiling inside a car and wearing an Elmo shirt . A blond child with blue eyes and an Elmo shirt sitting in a car . A happy child with an Elmo shirt in the back of a car . A baby boy posing for a picture in an elmo shirt . Little boy with bright blue eyes smiling .,0.9656581282615662
3183330562.jpg,A group of kids in summer play clothes follows a young man down a paved path . Several African American children are walking with a Caucasian adult man . Four kids next to a blue house are walking down a street . A man and several children are walking down the street . A group of children walking in a neighborhood .,1.0183919221162796
3186527735.jpg,A man and a woman in a silver coat are on a city sidewalk with their backs to the camera . A woman walks with another person at night . Two people outside looking to get a paper . People are outside at night . Couple waiting on sidewalk .,0.8014190196990967
3189464563.jpg,"a woman with big earrings , holding up her prize ticket , with a huge piece of chocolate cake in front of her A woman in a black scarf sitting with a big piece of cake in front of her . There is a piece of cake on the table with a spoon next to it . A woman seated at a table in front of cake . A woman wearing a scarf is having cake .",1.033378690481186
3194034449.jpg,Three men dressed in centurion costumes are sitting in front of the building . Three people wearing gladiator garb standing in front of a building . Three men rest on the steps near the entrance in full Roman attire . Three men dressed as roman soldiers resting on some steps . Three men dressed in roman gear lounge on a stone step .,1.1734317243099213
3194533056.jpg,"A group of people gathered around two woman , one of the woman is wearing a green dress with yellow shaped on it , the other woman is wearing pink and black shirt . Two women in colorful clothing are dancing and moving in the center of a circle of other women , who are clapping and smiling . A group of Africans are enjoying themselves in group song and dance . People clap while two women play a game . Women are dancing outside .",0.9703735262155533
319870744.jpg,A hiker is sitting on the ground looking towards the snow covered mountains . one person wearing a backpack sitting on the side of a rocky mountain . Someone is sitting on a hill overlooking a rocky mountain . A man is sitting on top of a mountain . A person sits near a mountain .,0.9937901794910431
3199895624.jpg,A man and a woman wear dark colored shirts in a beige room with a moniter in the background . A couple sitting in front of a computer screen . A blond woman and bald man sitting together . A woman watches a man recieving a gift . Woman looking curiously at a man .,0.8587343990802765
3201517121.jpg,"Two men in same clothing man on right in a fighting stance with the one on left in a submissive stance having his hands in the air . Two men , who are twins , are wearing matching black shirt and are about to fight . twins in black shirts are having a confrontation . Two people acting out a fight scene . A pair of twins in a playful fight .",0.8122263103723526
3209564153.jpg,A skier wearing a blue jacket and helmet is skiing down a hill . A man in a blue jacket with a helmet on skiing . A skier going goes down the mountain . A skier is coming down a hill . A person skiing down a hill .,0.9109227359294891
3217187564.jpg,A number eight racing dog is beating a number four racing dog slightly in a race . There are three dogs wearing numbered jerseys running a race . Several dogs wearing muzzles are racing on a track . Three race dogs run to finish a race . A group of dogs racing .,1.016451120376587
3218861747.jpg,A skateboarder is doing a trick in the air with his skateboard on a red ramp while people stand around looking . A man in a green shirt is jumping a ramp on his skateboard . A skateboarder is riding on a red ramp by the ocean . A man on a half pipe doing a skateboard trick . A man is skating on a vert ramp,0.9457061439752579
3219606.jpg,A choir dressed in white and black performing on stage . A singing choir with purple and white decorations . children wearing black and white are performing . young people on stage in front of an audience . The youth choir is performing .,1.0022082179784775
3221036999.jpg,A skateboarder becomes airborne at the top of a black and yellow ramp . A skateboarder does a trick on a black and yellow striped ramp . A man performing a skateboard jump off the top of a ramp . This man is doing a stunt on a skateboard outdoors . Skateboarder flying over ramp outside .,1.038338541984558
3223809913.jpg,"The skateboarder is jumping his board in the air while another skateboarder watches . A skateboarder does a trick in the air , another watches and so does a crowd . A skateboarder is watching another skateboarder perform a jumping stunt . A man with an Afro propels his skateboard into the air . Boy does skateboard trick .",0.9557373821735382
322563288.jpg,"A young blond-haired girl is playing on the limbs of a tree , close to a leaf covered ground . A young blond girl is playing among tree branches . A little blond girl is playing in the woods . A young girl is playing on a forest log . A young girl exploring the woods .",0.9801678359508514
3231749680.jpg,Four children in sleeping bags sleep on a floor . Four children taking a nap on colorful mats . Children are sleeping on mats on the floor . Children are sleeping on the floor . Four Asian toddlers nap on a floor .,1.0578227043151855
3240637051.jpg,A woman is playing on a banjo while two boys are playing other instruments . A girl singing and playing the drums for the people in line . Young children playing homemade instruments . Young African people drum in the streets . Children are playing music outside .,1.0641689598560333
3241531692.jpg,An african-american woman with multicolored jewelry and clothing is working with pottery . An African woman dressed in traditional clothing is playing a drum . An African woman in a brightly colored dress is playing her drum . A black woman in colorful clothes is holding her right hand up . An African woman in colorful clothes playing a tribal drum .,0.7952933758497238
3243866702.jpg,A boy in a wet red shirt gives water to a turtle while a boy dressed like Spider man and others look on . They are feeding the tortoise water and the baby boy is excited to see it . Three young children feeding a turtle water from a blue container . Young children on a sandy beach playing with a sea turtle . A young boy in a red shirt offers water to a sea turtle .,1.0139769315719604
3245460937.jpg,A boy wearing jeans leaps in the air and shows his shadow below . A boy jumping to hit a tennis ball with his racket A child jumping on a tennis court . Where is the rest of his racket ? The boy is jumping in the air .,0.9977928549051285
3246724744.jpg,A young woman wearing a black shirt and black shorts jumps in the air at the beach . A girl jumping in the air on the beach in front of the water . A girl is jumping on the beach with her legs and arms spread . A girl leaps into the air in front of the ocean . A girl is jumping into the air by the ocean .,1.0286927968263626
3247052319.jpg,"A man drives an ATV down a dirt road with a power line behind him . The man rides his quad through a rural area followed by his dog . A man wearing a white hat is on a red ATV driving on the dirt . Man riding four-wheel , off-road vehicle in rural area . a man is driving a red ATV up a rugged hill .",1.0031312704086304
3249597269.jpg,A brown squirrel jumps into the air in a snowy area . A squirrel takes a huge leap over a mound of snow . A brown squirrel is jumping over a snow drift . A gray squirrel bounds over the melting snow . A squirrel jumps in the snow .,1.0473261028528214
3256274183.jpg,"A man in military fatigues is assisting another man who is lying on the ground in front of a row of parked cars . A man on the ground near a row of cars , and another man standing holding the first man 's leg . Two men in combat fatigues , one grabs the other 's foot on grass near parking lot . A cadet is being taught how to properly stretch his right leg . One man is helping another man get under a boundary line .",0.9260717034339905
3259229498.jpg,"A lone performer or lecturer takes the stage in an urban setting , for a crowd of about 30 spectators . An older crowd looks up at a small stage in the street . A person standing on a stage in front of a seated crowd People are seated outdoors to see someone on stage . People are watching an outside presentation .",0.9709332883358002
3262645599.jpg,"Two men , one in yellow coveralls and the other in a red anorak , are untangling a large green fishing net . Two fishermen try to untangle their large fishing net on the side of the road on a cloudy day . Two men handle a fishing net with a cloudy blue sky and concrete wall behind them . Two men are untangling their nets on the dock . Two fishermen are checking their nets .",1.1189397424459457
3272847211.jpg,A young man in a white uniform holds a basketball surrounded by members of the opposing team wearing green . A basketball player tries to aim for the goal while being blocked by other players . a group of basketball players trying to get the ball from another player . A group of high school basketball players play a game . A basketball player with several blockers .,1.010330691933632
3273892996.jpg,Two men are handing an item from one to the other over large piles of freshly picked vegetables while the older of the two men speaks to a third man who is facing them . Three men stand together with two pairs of scales beside large heaps of fresh vegetables . Men are standing around produce at an open market . A man sells tropical fruit to two other men . Two indians people trading their goods .,1.0117670148611069
3274495419.jpg,Three people are standing around while one points a camera at an electronic device on a table . Several people are standing around a mechanical device of some type during a demonstration . A man works on a microscope while at least four others observe and one videotapes it . A group of people working with some kind of bright machinery . Two men and a woman looking at a magnifying glass .,0.9905465692281723
3279228339.jpg,"This is the inside of a small restaurant , with a cook in the background , and two men in booths . The kitchen worker at a restaurant observes the dining room , including a man in a red jacket . Two men are sitting by themselves in a cafe . A man sits alone in a diner reading a book . A man sits in a booth at a diner .",1.1569079756736755
3297272270.jpg,Four male members of a band wear all white outfits that include white skirts over white pants . Men dressed in tutus perform a musical act on stage . Men wearing tutus sing and play guitars on stage . An all-male band performing in tutus A group of four guys wearing tutu,1.0600804537534714
3298573714.jpg,"A woman is stepping up onto the sidewalk near a garage door in a residential neighborhood . A woman is walking her dog along a row of colorful houses with garages . A woman walking her dog along a street of residences . A girl walks her dog next to a colorful building . Woman in a jacket , walking a small white dog .",0.7738111913204193
3302986588.jpg,A little boy in a green shirt holds a blue umbrella in front of a doorway framed by orange signs with Asian writing on them . A little boy in a green striped t-shirt standing out front of a Chinese laundry A young boy standing in front of a building holding a blue umbrella . A young boy with a blue umbrella waits outside a shop . A young boy holding a blue umbrella .,1.1504378914833069
3307563498.jpg,A child begins to climb over a chain with water on the other side . A child is climbing over a chain leading to open water . A child crossing a chain fence to get to the water . A young boy on the beach by ropes . A boy playing on a chain at a beach,0.9831302613019943
3307667255.jpg,There are a lot of people in front of a tan building with colorful squares hanging from the top . A lot of people are gathered around a mosque-like building . Busy marketplace in an Arabian country . A large group is shown in the street . A crowd scene in front of mosque .,0.8831591159105301
3308171165.jpg,A girl with a purple beanie sits and waits at Domino 's Pizza . The girl is standing outside and holding on to her necklace . A girl wearing a hat near a Domino 's Pizza sign . A little girl in a purple hat is starring . A girl waits outside a Domino 's Pizza,0.8934640884399414
3310851569.jpg,A band is preparing to go on stage by warming up their routine . Three people are dancing in front of a man playing a guitar . Four musicians perform their act in the spotlight . Four people in a band are performing . A band of four playing a gig .,0.8450005203485489
3311724634.jpg,"A woman is holding a toy snake , she is on stage with a guy speaking through a microphone , and a man in clown makeup holding a guitar . A well dressed man in front of a microphone is attacked by a dragon pinata and a lady . A man speaks into a microphone while a surprised woman holds a stuffed snake . A group of performers sing and play under the spotlight . A group of people perform using a fake snake .",1.089988574385643
3316725440.jpg,The bike rider is wearing a silver helmet and red shirt . Stop action frame of a racer in a bicycle race . A man rides a bike through a course . A guy on a bmx bike . A biker races .,0.8650419861078262
3320411267.jpg,A person in a blue jacket climbs a large rock in a dark forest . A man in a blue jacket is climbing on a rock in the woods . A woman in blue is climbing up a big rock . A person is climbing a rock in a forest . A rock climber in the forest .,0.8870305866003036
3325960085.jpg,"Large seated group of people with a sign in the photo that says "" Gladstone School "" Community gathers outdoors together and wear bunny ears . A group of parents are sitting at an outdoor assembly . A group of people gathered at a school . A group of people having a good time .",1.0314486920833588
3326249355.jpg,Two people stand on a grassy hillside in front of a large wooden cross . A couple stands in front of a wooden sign on top of a hill . Two people standing outside in front of a wooden marker . Two people stand next to a wood cross on a grassy hill . A couple standing under a sign .,0.8632069826126099
3327761688.jpg,An expensive car is parked in what looks like a car-wash with a man standing at the open passenger door side . Man in yellow shirt and jeans watching his BMW coming out of a car wash . Man in yellow shirt waiting for his car to be washed . A driver parks his BMW in the garage . A man is standing next to a BMW .,0.8317261189222336
3329207492.jpg,A group of young people are playing around with water guns and standing in front of a white truck . Three children hold a boy 's arms down while another boy in a hat shoots a water gun at him . A young boy in an orange shirt soaks companions with a water gun . Several children are playing with squirt guns in the road . A group of kids playing with water guns .,0.9800171852111816
3332248667.jpg,A man in a purple shirt sits with a woman on the subway and smiles . An oriental man and woman are sitting in a subway train . Two guys are sitting and a lady is sleeping . Three people are sitting on a subway car . Three commuters sit on a train .,1.100957915186882
3334866049.jpg,The child is wearing a blue hat and green jacket while walking through snow . A person with a blue hat stands in trails in the snow . A young boy walks across tracks in the snow . A child walking in the snow . A child in the snow .,0.8597902953624725
3344040145.jpg,"A person in a red jacket yelling something with a snow scene in the background . A person in a red jacket is pointing and exclaiming on a snowy hill-side a woman in red , panicking as she watches someone ski down a hill There may be a avalanche , lets grab some cocoa . a woman in a red coat is on the skiing .",0.9989158064126968
3347798761.jpg,A motorbiker racer performs an aerial stunt as he flies over a dirt hill in the woods . A dirt biker who is sideways in the air having come off of a dirt jump . A person on a dirt bike soaring through the air sideways . A dirt bike rider is in the air pulling off a trick . A person on a dirt bike doing a trick over a hill .,1.0150787234306335
33497646.jpg,"A carefully balanced male stands on one foot near a clean ocean beach area . A young man performs yoga , inspired by a beautiful day on the beach . A man in printed board shorts is doing a yoga pose on the beach . A man in swim trunks poses in a yoga stance on the beach . A man posing on the beach by the water .",1.0083984583616257
3351586010.jpg,A young inline skater balances with outstretched arms as he skates over the pavement . a young boy is rollerblading across a wide open space . A young inline skater takes a spin in the skate park . A young boy rollerblading in a cement skate park . A boy is rollerblading in a skate park .,1.1004886031150818
3353400143.jpg,A man in a yellow outfit riding a yellow motorcycle . A yellow motorcycle is being ridden on a racetrack . A motorcyclist in yellow and white rides his bike . A yellow motorcycle drives down the road . A motorcyclist in yellow .,1.0433848947286606
3354474353.jpg,"Two dogs walk in the snow , the larger dog has a fish in his mouth . There are two dogs in the snow and one has something in his mouth . Two dogs , one holding something in its mouth , in the snow . Two dogs are playing in the snow . Two dogs on the beach .",0.9753364324569702
3355683198.jpg,A teenage boy in rides a hand-railing on a skateboard outside a columned brick building . A boy in a blue and white tie dye t-shirt is skateboarding on the railing of a building . A boy in a tie dyed shirt is riding a skateboard down a railing . A skateboarder goes down a stair railing . A kid is skateboarding on a handrail .,0.8771904557943344
3357416302.jpg,A snowboarder clothed in red is in the middle of a jump from a snowy hill . A snowboarder is doing a big jump and is in the air . A snowboarder soars through the air . The snowboarder is in the air . A snowboarder in midair,0.821773111820221
3362080042.jpg,At a baseball game the player numbered 16 is trying to get out the runner numbered 25 . A baseball player running to the base as another players tags him out . A baseball player in a blue uniform beats a runner to the base . Number 16 tries to tag first base before number 25 . Baseball players running to field .,0.9771637618541718
3362592729.jpg,Twome women in black jumpsuits throw objects in the air in sync . two dancers each wearing black outfits with battons in midair Two women in black practising throwing rifles in the air . Two women in black outfits and barefoot are looking up . Two girls in black toss their guns in the air .,0.7879944145679474
3365783912.jpg,"Two older men in business attire are walking in a city , text graffiti is visible on the sidewalk . Two men walk along a busy city street with words printed on the sidewalk . Two elderly people walk down a city sidewalk by words written in chalk . Two people walk down a city street that has writing on it . Two men walk through a city with words on the street .",1.058935970067978
3367399.jpg,"A man in a jacket is standing in a gas station , next to a car and lights are shining in the distance . A man in a tan jacket at the gas station pumping gas . The man is filling his car with gasoline . A man pumping gas at a gas station . A man dressed in tan pumps gas .",0.9608832001686096
3368569524.jpg,A girl playing basketball attempts a shot while another girl aggresively defends her . The female basket player in red is challenging the player in white for the ball . The opposing basketball player is making a hook shot over the defender . Girls participating in a basketball game in front of a crowd . A girl defends the basketball from another player .,0.9663090854883194
3373544964.jpg,"A buy with glasses petting his bulldog , on the pavement with woods in the background . A boy and his dog are standing on a trampoline , enjoying each others company . A muscular dog with upturned face looking into eyes of a young boy . A boy looks at a dog while they stand on a trampoline outside . Dog with tongue out looking up at a young boy with glasses",0.9286604821681976
3376741717.jpg,A silhouette of a janitor with a broom cleaning up a messy venue . Cleaning the auditorium from the aftermath of a concert . A man sweeping up mess on the floor after a concert . a janitor is sweeping the floor after a concert . A person cleans up a mess in front of a stage .,1.127382516860962
3381788544.jpg,"A group of asian women in sports attire , and one woman in the center is wearing a baseball cap . Four teenagers in dark clothes looking in various directions . There are several asian people , one wearing a baseball cap . A group of Asian girls are standing together . Two girls laugh while other girls look on .",1.0574918985366821
3390808408.jpg,A football player dressed in green and white advances the ball while watched by a defender in blue . Two men on opposing teams are running after a soccer ball . A man in white and green is playing soccer on a field . A soccer player is running while kicking a ball . A male soccer player running on the field .,0.9584798663854599
3396251819.jpg,"The man with a gray jacket and red sunglasses is holding cameras and standing in front of a car . A person wearing a gray jacket and sunglasses poses for the camera . A person stands wearing sunglasses , a boat and two cameras . A man wearing red sunglasses is carrying two cameras . A woman wearing a gray jacket and pink sunglasses",0.9888245165348053
3399284917.jpg,"A young woman watches as a young blond boy swings in a chair swing with buildings visible in the background . The woman stands outdoors , next to a child in a swing . A child on a kiddie swing being pushed by a woman Woman standing , with a child on a swing . An adult smiles with a child on a swing .",0.9008797258138657
3399944164.jpg,A woman lays down with a camera and a man leans back on her taking the picture . Two young people taking pictures of themselves while laying atop each other A girl in yellow is laying down and man is looking at the camera . A man in a purple shirt in front of a woman in a yellow shirt . A man and a woman are laid back relaxing on the couch .,1.0056696832180023
3403263046.jpg,A female basketball player wearing a red uniform is holding a basketball and looking up while an arm is trying to block her . A woman basketball player holding the ball grimaces with effort while another player 's arm attempts to block her . A female woman has a basketball in her hands and a determined look on her face . A woman with a red basketball jersey is holding a basketball and looking up . A basketball player looks upward as a hand reaches for her ball .,1.032470166683197
3415178926.jpg,A man dressed for cold weather plays with a stick with his black and brown dog . A man in orange pants and brown vest is playing tug-of-war with a dog . a man tugging on a stick that a little dog has in his mouth A man in a brown vest and glasses plays with a brown dog . A man tries to take a stick away from a brown dog .,1.0022424906492233
3416050480.jpg,"A woman in riding apparel is jumping a brown horse over an object that looks like an airplane . An equestrian rider is on a horse jumping over a plane that is on the ground . A woman on a brown horse jumps of the fuselage of an aging jet aircraft . A person is riding a horse , which is jumping over a grounded airplane . A person on a horse jumps over a broken down airplane .",0.9980575740337372
3416339125.jpg,"A man in a white shirt and sunglasses and a man in a black shirt and sunglasses sit at a table with four beer bottles . There are two guys sitting around a table , both with beers in their hands . Two men in sunglasses sit at a table drinking beer . Two men sit at a small round table and drink beer . Two men drinking beers at a table",0.9288705140352249
3418462699.jpg,A person in a red shift and camouflage pants is bent at the waist and has their hands against a large tree . a man wearing a red jacket and camouflage pants is leaning against a giant tree in the snow . A man wearing red stands in the snow and attempts to push over a very large tree . A man in a red sweatshirt pushes a giant redwood tree in a snowy forest . A man with a red sweater and camouflage pants stretching on a tree .,1.0806562006473541
3421131122.jpg,"The kayaker holding an oar , is raising both arms in the air , while waves splash around him . Spray obscures the face and torso of the paddle wielding man in the red kayak . Kayak rider raises arms as he 's splashed with water . A man in a kayak is holding his paddle up high . A man is kayaking through rough water .",1.0345832258462906
3422458549.jpg,An african american woman dressed in orange is hitting a tennis ball with a racquet . A tennis player in orange is striking the ball with her racquet . A woman in an orange athletic outfit playing tennis Serena Williams hitting a ball in an orange outfit A tennis player in an orange outfit hits a ball .,1.034771129488945
3427233064.jpg,A little girl stands on the fence while peeking through it to look at the horse . A young girl dressed all in pink is standing on a fence and looking at a horse . A young girl clings to a fence and watches the horse on the other side . A girl is hanging on the fence watching a horse . A girl in pink polka dots looks at a horse .,1.0943114012479782
3431671749.jpg,A car is zooming off with fire coming out of its exhaust pipe . A race car on a track has flames shooting from the rear . Flaming are shooting from the rear of a race car . Fire is coming out of the back of a race car . A race car has fire shooting out the back .,1.0248979926109314
3449114979.jpg,Six children are sitting in two rows with plastic bags on the desk in front of them . Five of the six children have their own chalkboard . Six African children sitting at two tables . Children sit in a classroom holding slates . Three children sitting at desks .,1.035752147436142
3449846784.jpg,A dog is up on its backlegs trying OT catch a ball above its head . A dog plays catch with a white ball near a wooden fence . A black dog looks up at a white ball that 's in midair . A black and white dog catching a baseball in midair . A black and white dog is playing with a white ball .,0.9919033199548721
3451290730.jpg,"A group of men lined up along a road at night holding lit candles holding signs that show they are supporting a cause involving saving trees . Candlelight vigil with many individuals holding signs including the word "" trees "" A group of people have a candlelight vigil in honor of saving trees . A line of people hold candles and signs to promote saving trees . Young people protest the cutting down of forests .",1.1151301115751266
345284642.jpg,A brown dog holding an object in its mouth is moving through snow-covered tall grass outdoors . A black dog is running through a snow covered area while holding something green in his mouth . A black dog with a stuffed animal in its mouth is running and jumping through a snowy field . A black dog is moving through a snowy field with an object in their mouth . A dog carreis an object through the snowy grass .,0.9926293045282364
3455019076.jpg,"A woman with long blond-hair is standing over her bicycle while other bicycles are around her . Blond woman in black cycling outfit and bicycle helmet getting on a ten speed bike . Blond bicyclist wearing a helmet and pink goggles , looks down . A female wearing bicycle racing gear and a helmet is on a bike . A woman in black and white is on a bicycle .",0.9245153516530991
3456579559.jpg,A skateboarder is airborne between a white building and an American flag . a young skateboarder jumping a trick in the air . Man jumping with a skateboard in a parking lot . A skateboarder in midair while doing a jump . The skateboarder is jumping in the air .,0.9006218612194061
345852737.jpg,A woman is pushing a shopping cart of groceries in the parking lot of Trader Joe 's . A woman in a burgundy coat exits Trader Joe 's with a cart full of groceries . A woman is walking with a full shopping cart away from a Trader Joe 's . A woman pushing a shopping cart through a supermarket parking lot . A woman exits Trader Joes with a cartful of bags .,0.9556492418050766
3461041826.jpg,A white dog is splashing in an outdoor stream next to a grassy bank . A black and white dog is splashing around in the water . A black and white dog is playing in a pond or creek . A black and white dog is splashing in a stream . A dog playing in some water .,1.099003553390503
3466635681.jpg,A woman in black clothes cleaning columns with a green bucket and orange gloves . This person is cleaning the building using a green bucket . A woman using a green bucket is squatting while cleaning . A woman cleans white pillars in a temple in Thailand . Someone bent down cleaning poles .,1.1988364160060883
3468635980.jpg,A man in a gray jacket and black pants standing inside of a bus . An older man is leaning against the inside of a commuter bus . A man in a brown jacket stands on a bus . A man in a jacket is standing on a bus . A man is leaning against a wall .,0.7880859076976776
3469609037.jpg,"A skateboarder , holding his board while airborne , with high voltage power lines in the background . A boy does a skateboarding trick in the air while holding the board with his left hand . A skateboarder in a white shirt grabs the side of his skateboard in midair . A bow does a trick on his skateboard at a skate park . A kid doing a skateboard trick while in the air .",1.0081136226654053
3475111806.jpg,"Two men in a crowd are turned around taking a picture together while a concert is going on in the background . At a concert , two men look on while another takes a photo . a man takes a picture of another two men in a crowd . The crowd is gathering for an event at Best Buy . A man takes a picture in a crowd .",1.0100240260362625
3477315700.jpg,A little girl in a pink jacket and hat is swinging in a harness attached to yellow ropes . A young child jumps in a bungee seat in front of a blue sky and tree . The little girl wearing pink is having fun bungee jumping . A little girl in a harness is in midair on a sunny day . Little girl in pink coat on a swing .,0.8993770927190781
3482974845.jpg,A black dog with his pink tongue sticking out running on the beach with a white dog wearing a red collar . A white dog is following a black dog along the beach . Two dogs run across the barren ground . Two terrier dogs frolic on the beach . Two dogs running on the beach .,1.0407624393701553
3486831654.jpg,The umpire dusts off home plate in order to see it better . an umpire makes a mark on a base on the field . An umpire brushes dirt off the home plate . Umpire brushes off home plate . An umpire marking a base .,0.8113647997379303
3494151850.jpg,An orange boat with three men in life jackets aboard is making a turn in an ocean setting . Three men in a bright orange boat race across the water as foam sprays in the air . Men wearing life vests speed across a body of water in an orange boat . The rescue team is going fast to reach survivors of the sunken ship . Three rescue workers in an orange boat racing to an emergency .,1.0668399930000305
3501457496.jpg,"A group a five people wearing the same shirt are sitting on the grass with a dog . 4 women , one child and a black and white dog sit outside at a social event . Boys and girls wearing navy blue shirts smile for the camera . People sitting on the grass with a black and white dog . Good friends at a park gathering .",1.0767421871423721
3504379205.jpg,"Two women look at a table with assorted items on it in some sort of market that others are currently browsing . Two women looking at a food vendor , considering if they want to buy something . Tourists at a flea market bartering for souvenirs . People are shopping in an open air market . A group of people eat food inside a mall .",0.9467979520559311
3508522093.jpg,A young boy falls off his skateboard into a pile of brown leaves in the road . A young skateboarder in a pile of leaves with a smile on his face . Young boy in green shirt rolling on a cart into a pile of leaves . A boy belly-surfing a skateboard into a pile of autumn leaves . Little boy laying in a pile of leaves next to a skateboard .,1.1613398790359497
3514184232.jpg,"A baseball player is making a play nearby a large sign and boundary of the field . A ponytailed girl in a softball uniform raises her mitt in the air . A woman with long hair is catching a softball in a softball field . A woman playing softball , running to catch the ball . a girl catches a baseball .",0.9701915830373764
3515451715.jpg,A woman pushes a child on a swing while another swinging child looks on . A mother pushes two children on swings at a park . Two children on swings with a woman pushing them A mom is pushing her two kids on the swing . A woman pushing two children on swings .,0.9592218697071075
3516087269.jpg,"A man wearing a black shirt and jeans kneels in front of a woman with blond and blue streaked hair in knee high buckled platform boots . A young woman , with blue hair and large boots , is standing near a man in the subway . A boy is leaning down in front of a girl with blue striped hair in a subway station . Young man kneeling in front of a young girl who has blond-hair and blue stripes . The girl with the blue streaked hair has very thick-soled shoes .",0.7926066964864731
3518443604.jpg,"Two people wearing jeans huddle near a wooden door , sheilding their faces from the camera . Two people cower in a doorway and they are both wearing jeans . Two people huddle together on a brownstone door stoop . a couple cuddling in a corner on a set of stares Two people hiding their faces in a doorway .",1.0796661674976349
3522495606.jpg,A large amount of older people are sitting in a room full of tables talking with each other . A group of senior citizens are seated at round white tables as they wait for food . A room full of tables with elderly people sitting and standing around them . Many elderly people sit at tables with snow in the windows . A crowd of elderly men and woman socializing .,1.0164202749729156
3522989916.jpg,"Two dogs , one light brown and one gray , play outdoors on the grass . A gray dog and a tan dog playing on a grassy field . A brown dog barks at a gray dog in the grass . A brown dog and a gray dog play in the grass . Two dogs playing on grass .",1.0422727465629578
3523559027.jpg,"A formation on a big field with people wearing red , white and blue The crowd stood in many different lines in the open field . The group of people make single file lines on the field . Marching bands in formation on a field . Many people in formation on a field .",0.7045120745897293
3525978606.jpg,A blond woman wearing all red polishes an aluminum-colored aircraft . A woman in a red dress prepares for another day at work . A blond woman in a red suit cleaning a metal object . girl in red dress cleaning the airplane wing . A woman is washing her vehicle .,1.0278604179620743
3529333786.jpg,Male wearing brown shorts and black t-shirt in his bedroom with his feet on the desk talking on the phone . A man lounges in a chair while viewing a lava lamp and computer screen . The man in the black shirt is relaxing at a desk . A man sitting at his desk with empty soda cans . A young man relaxes at his computer desk .,0.823381319642067
3539817989.jpg,Person dressed in black with a blue hat next to several cats outside . a man kneeling on the ground surrounded by several cats The man kneeled down and the cats circled him . Man caring for several cats on the sidewalk . A man on the street surrounded by cats .,1.0740575939416885
3539960792.jpg,"There is a baseball player standing at home plate , the catcher behind him has his hand up in the air with his glove , and the umpire is standing behind him , and many people in the stands . A baseball player holds his bat , while the catcher and umpire squat behind him and a crowd watches . A man in a red and white uniform holding a bat . A baseball player getting ready to bat . A baseball player is holding a bat .",1.044277846813202
3540241710.jpg,"A man , low to the ground , rolls down a ramp on a skateboard . A skateboarder high in the air above an indoor ramp . A skateboarder in midair above an indoor ramp . A man in a white shirt is airborne . A man skateboards in a warehouse .",0.9427770972251892
3543294190.jpg,A man wearing red and black is balancing himself on the back wheels of a bicycle that is pointing up . A man performing a trick on a bicycle by standing on the pedals while the bike is upright . A man demonstrates how to ride a bicycle with only the back wheel on the ground . Man in a red shirt riding a trick bicycle on only the rear wheel . A man in a red outfit balances on a bike .,0.9947130084037781
3547000169.jpg,Three men are sitting inside of a store while the green neon lights flash on them from outside . Three men sitting behind a window ringed with green neon lights . Three men sit down in a building illuminated with green light . Three men seated looking through glass accented by green light Three men sit at the counter in a restaurant .,0.996154397726059
3549006919.jpg,a man wearing a yellow helmet climbing the side of a large rock wall . A man wearing a yellow helmet tries to climb a rock with his hands . A person wearing a yellow helmet is climbing a cliff . A man in a yellow helmet climbs up a rock cliff . A mountain climber reaches the top of a cliff .,0.9710496664047241
3549614763.jpg,Two young women sitting at an outdoor resaurant looking at menus about to place their order with the waiter standing at their table . There are two girls sitting at a table reading menus while the waiter stands at the table . Two girls look at a menu with unhappy faces as the waiter takes their orders . Two girls sit at a table outdoors and give their order to the waiter . two women looking at menus with waiter at table,0.8263739198446274
3553056438.jpg,A little boy kisses a little girl as they sit on a hay bale with pumpkins and a Halloween display in the background . A little boy kisses a little girl while sitting on hay bales surrounded by Halloween decorations . Two children are sitting on bales of hay in a Halloween themed setting . Two children are sitting on hay in front of pumpkins and play witches . A little boy kissing a girl on a stack of hay .,1.033455803990364
3559693175.jpg,A group of people at a counter with a young man in a black shirt and hat helping them from the other side . This is a bunch of people standing in line at what looks like a bicycle shop . Lots of people in a store some are talking and some are just looking around A woman wearing a flower t-shirt makes a transaction at a bike store . A crowd of people are standing around inside a bike shop .,0.9200012683868408
3560081723.jpg,person wearing a helmet on a four wheeled bike in air A man riding an ATV makes a jump over a dirt road . A racer on an ATV leaves the ground in a jump . The man does a trick on the fourwheeler . A man driving a four-wheeler off-road .,0.9770286828279495
3560502528.jpg,"Three young men , one of which is wearing a white hat , are huddled together around bicycles on a wooden platform . Three young men are examining a red bike with yellow handlebars . Three young men are inspecting their bicycles in the sun . Three casually dressed young men crowd around bicycles . Three people are looking at the tire of a bike .",1.0266203433275223
3562606482.jpg,"A man in a gray tank top and woman in a black tank top walk across a grassy field . A man with a hat and a woman with a black top are walking on a grass field . A young man , with a white hat , walks with a woman in a field . A man and a woman walking across a field of grass . Two people walking in a field .",0.8898454904556274
3562816250.jpg,A man with a black dog sitting in a yellow kayak on that is floating on calm water . A person sits in a yellow kayak on the water with their little dog . A woman in a kayak with dog rests her paddle over her head . A woman is kayaking in a yellow kayak with her dog . A woman kayaking with her small dog,1.064038872718811
3567604049.jpg,The boy in the black swim trunks dives into the pool . A young boy jumps into a pool with outstretched arms . A man is about to do a belly-smacker into the pool . The boy is jumping into the large pool . A man jumps into the blue water pool .,0.8465101569890976
358355700.jpg,"A group a young children with some adults bundled up for cold weather outside of a multicolored bounce house . Red , blue and yellow MoonBounce with people walking around in front of it , some with balloon hats . A group of children and their parents are in front of a bounce house in the shape of a castle . Adults wearing balloon hats are watching children play in a balloon castle . Many children outside a bounce house .",0.9834707528352737
3584603849.jpg,"A plane doing tricks in the air , leaving a smoke trail behind the plane . A colorful aerobatic plane leaves a coiled trail of smoke behind it . A blue , red , and yellow airplane is flying through the air . A blue , red , and yellow plane does a loop in the air . A blue plane does loops as it heads down to earth .",1.0156472027301788
3590753142.jpg,Three people are standing at a fence looking at a skyscraper filled city while one looks through a binocular scope . Three people lean against a railing and look at buildings across the water . Three people standing on boardwalk looking at buildings across the water . A family is looking through binocular at a city over a body of water Sightseers look across the water at a city .,1.1012940108776093
3595080592.jpg,Two children wearing colorful pullovers are walking next to each other . Two children with adults in the background . Two asian children standing on cement . Two young boys smile and walk outside . Two children smile .,0.9601708501577377
3595412126.jpg,"Two girls in pink coats drink from soda bottles and lean on a tree . Two girls in pink jackets stand by a tree with water bottles . Two young girls in purple are leaning against a large tree . Two girls stand by a tree , one holds a bottle cap . two asian girl with pink jackets standing by a tree",1.1197587102651596
3597715122.jpg,"Group outside of ice cream place , decorated with giant cone , two innertubes . People outside an ice cream shop that has summer decorations for sale . Guys gathered outside an ice cream store on a sunny day . Group of people waiting in line at an ice cream stand . People standing outside of an ice cream stand",0.9499423205852509
3599780784.jpg,"A guy is sitting on the floor , getting his haircut by one guy , and being photographed by another one . Two men , one with a camera and another with hair clippers are helping another man in kitchen . A guy is getting his hair shaved off by another guy , while a third guy takes a picture . Man receiving a haircut from two friends . Two men giving another a haircut .",0.9276008605957031
3601843201.jpg,A person wearing a red and white uniform is racing a motorcycle with the number 58 on it . A red and white motorcycle is being ridden around a bend on a racetrack . A motorcycle rider drives fast around a curve on a track . Red and white motorbike number 58 races around the track . A man racing on a motorbike,0.9915181249380112
3604391853.jpg,"a man in a red shirt is laying on the grass reaching out to another person . a man on the ground stretches his hands out to another person . A man , lying on the grass , hand outstretched to another arm . A man is lying in the grass with his arms outstretched . A man reaching for someone on the grass .",1.1356981843709946
3607969989.jpg,"A young man skateboards in black shoes , black pants , and a white top with sunglasses . A guy with sunglasses stands on a skateboard in front of a circle design wall . Skateboarder wearing shades in front of a wall that looks like fishscales . A man is skateboarding on asphalt while the sun beams over a wall . A man on a skateboard",1.0100242495536804
3609952704.jpg,"a young boy carrying a large soccer ball with a soccer feild in the background There is a young kid , dressed up in a soccer uniform , holding his ball . A young boy in a green shirt is holding a red and blue soccer ball . A boy holds a soccer ball while he stands next to a running track . A boy is outside holding a red and blue soccer ball .",0.9325551241636276
3616525288.jpg,Horse jockeys racing on horses in a race . a horses with five jockeys and five horses Jockeys on horses race around a track . Jockeys ride horses during a race . The people are racing horses .,0.9169545769691467
3619322150.jpg,"A young couple dressed in matching red outfits performing a romantic dance . A man embracing a woman , both are wearing red outfits . A young man and woman , both in red , hold each other . A man and a woman wearing red embracing . A man and woman are dancing closely .",0.8627205342054367
3620764461.jpg,2 kids sleeping while the adults dance the night away . Two young boys are asleep on a brown carpeted floor . Two children that have fallen asleep at a dance . Children nap on a floor while others stand by . Children sleeping on the floor .,0.986308827996254
3634400263.jpg,A man performs a trick on a yellow bike in a skate park covered in graffiti . a lone bicyclist wearing a helmet jumping a graffitied concrete ramp . The bicyclist has both wheels off the ground . A trials biker doing a trick in the air . A bicyclist doing a jump .,0.9987086057662964
3635194562.jpg,A child dressed in a white coat paints an image on the paper laying on the table . The little girl with the white hat and white shirt is painting . A small child wearing a white hat reaches for a paintbrush . A child paints with different colors using brushes . A small child fingerpaints,0.9027980268001556
3636936656.jpg,A young woman who is either taking off or putting on a shoe in front of a produce sign . A casually dressed young-lady fixing her shoe which has come untied . A woman in a furry hat and black overcoat putting on her left shoe . Women puts on shoe while leaning against a storefront . A woman in a fuzzy hat putting on her shoe .,0.9257155656814575
3640329164.jpg,a surfer is riding the waves whilst another surfer sits on his board waiting . A surfer wearing a black and green wetsuit riding a wave . A surfer in a green striped wetsuit rides a wave . A surfboarder catches the waves . The surfer is riding the wave .,0.9336291998624802
3640348910.jpg,A skateboarder does an ollie off a black ramp near a colorfully painted building . The skateboarder is riding the ramp next to the very big painting . Skateboarder does a trick on a ramp in front of a graffiti scene . A skateboarder in the air at a brightly colored ramp . A person is doing a jump with a skateboard on a ramp .,1.020939201116562
3640870001.jpg,A brown dog is walking in the river with a yellow ring in its mouth . A dog holding a ring in his mouth is standing in a small river . The dog runs through the water while holding a yellow ring . Gray dog in a stream surrounded by trees and shrubs . A dog with a ring in its mouth is standing in water .,1.0579334944486618
3643981804.jpg,"A Dallas man in a hat reaches up to realtor signs on a brick wall , advertising Trees and the Gypsy Tea Room . Man standing and pointing toward a sign that has Morton Rachofsky realtors ' information on it . A man in a white shirt and a black baseball cap reaching up to a sign on a brick wall . A man in a hat is reaching toward a sign . Man repainting a building sign .",1.0130341351032257
3655074079.jpg,A young naked lady in body paint rides a bike through a street festival . A naked girl covered in painted flower designs riding a bicycle . A naked woman wearing body paint riding a bicycle . A naked cyclist in body paint rides at a fair . A painted woman rides a bike in public .,1.1207430064678192
3667781063.jpg,a group of people are in venice using the boat system to get around . Tourists enjoy a traditional boat ride in long paddle boat . People in Venice going on a boat ride . Adults ride a gondola on a sunny day . Six people are on a gondola ride .,0.9748093038797379
3667788497.jpg,"Under a blue sky with white clouds , a child reaches up to touch the propeller of a plane standing parked on a field of grass . With 3 people watching him from a park bench , a young boy touches the propeller of an antique airplane . A child in an orange shirt examines the propeller on a large radial aircraft engine . A young boy reaches for and touches the propeller of a vintage aircraft . A young boy stretches up to touch an airplane propeller .",1.082189679145813
3669527584.jpg,A Indian women displaying her cultural heritage with painted red fingers and an extravagant head piece . An Indian woman poses in ornate ceremonial clothing with an elaborate headpiece . A small image used to signify a broken web image link A young woman performing a traditional dance . An exotic dancer making a pose .,1.0231798887252808
3676460610.jpg,A woman rides a bike over a dirt path through the long grass . A woman biking along a trail surrounded by various plants . A woman rides a bike on a trail through a field . Woman on bicycle riding down dirt trail . A woman riding a bicycle in a field .,0.8576446026563644
3676788491.jpg,A dark-skinned man standing outside a small yellow building which is setup to sell items . The man is standing next to a yellow building with a blue window . A man is standing outside of a yellow building . A man is standing outside a yellow building . A man standing in front of a yellow building,1.0867207497358322
3678098428.jpg,A man wearing a black tank top and red plaid hat is smiling as a man behind him is playing with a colorful object . A bearded man at a fair wearing a black tank top and a plaid hat . A man with face peircings and a red fadora hat smiles at a fair . A man in a black tank top wearing a red plaid hat A guy with a black tank top .,1.058833748102188
3685373706.jpg,A man with several red marks on his body is holding a flag while people in the background are cheering A shirtless man covered in red lipstick kisses waving a blue flag . A shirtless man with red paint on his torso holding a stick . A man is shirtless and is covered in red marks . A shirtless man waaves a flag .,0.9427887946367264
369047365.jpg,The man wearing the white shirt takes a picture of the man in the blue shirt with the two dogs . A man is taking a photo of another man and his two dogs on some grassy hills A couple enjoying the high plains with their dogs . two men take a hike with two dogs . Dog training on the mountain,0.9447813779115677
3691394196.jpg,A man in a vest and tie holding a flaming stick in a crowded area . A man in black and white is holding a torch in front of a crowd . A man doing some type of public show involving fire . An old man juggling fire outside a street corner . A man about to eat fire in the town square .,1.0408865660429
3698607223.jpg,A skier is skiing down the snow wearing a white shirt and black shorts . People in summer clothing racing down a snowy hill . A man in summer clothing skiing on thin snow . A man in shorts skis down a hill . Skiers are competing .,0.8375827968120575
3700322513.jpg,A guy on a bike jumps high into the air while another person takes his picture Shadowed cyclist jumps over camera at sunset as shadowed photographer films . A man on a BMX bike catches massive air while someone is taking a picture A man is taking a picture of a bicyclist performing a trick in the air . A bike rider jumps through the air while being filmed .,1.0520756244659424
3701699584.jpg,A man in a white and yellow shirt and black shorts is attempting to hit a tennis ball flying his way with a tennis racket . A tennis player wearing a white shirt and black pants prepares to hit the ball . A male tennis player jumps in the air as he prepares to return the ball . A man swinging at a tennis ball with a green sign that read findersport . A male tennis player hits a tennis ball at a tennis match .,0.9081534296274185
370445133.jpg,"The cowboy is struggling to stay on the horse inside of the bullpen as he goes around the red , white , and blue barrel . A man in blue jeans and a cowboy hat is riding a horse around a red , white , and blue barrel . A man in a cowboy hat riding a horse around a barrel that is red , white , and blue . A man in a cowboy hat is riding a horse around a barrel . A man is barrel racing on a brown horse .",1.0899826139211655
3707283973.jpg,Three people on a walk down a cement path beside a field of wildflowers with skyscrapers in the background . Three people walking in a park right outside of the city . People walking through a garden in the middle of a city . People walking through a garden in a large city . Three people are walking in a park with flowers .,0.961788073182106
3707585013.jpg,A woman sings and plays guitar while young adults mill around in the background . A woman is performing with a guitar in the middle of a crowded space outside . A young female musician singing and playing the guitar in a plaza . A young woman singing and playing guitar in a performance . A singer is performing before a small crowd outside .,1.0043395310640335
3708748633.jpg,A man wearing a coat and a plaid green skirt is playing a bagpipe . an older man playing wearing a quilt the bagpipes outside . A man wearing a kilt is playing the bagpipes . a man plays the bagpipes . A man playing bagpipes .,0.9873678535223007
3724946689.jpg,a group of people enjoying a thrill ride at an amusement park . Happy Amusement Park riders on a theme park ride . A crowd of people enjoy a pirate ship ride . Some children ride on a high swinging boat . A group of young people enjoy a fair ride .,0.9480556100606918
3726551176.jpg,"A girl wearing a Sea World shirt and holding a water bottle is standing next to a sign . A woman in a white shirt is standing by a Gwan Multipurpose Centre sign . A smiling female , with a water bottle , standing next to a sign . Girl standing by a grassy knoll with a sign indicating location . A woman is standing next to a sign outside .",1.0070467740297318
3727740053.jpg,One man kicks another in the shoulder at a martial arts event . Two men in karate uniforms kicking each other . Two men are participating in a karate match . Two men in an oriental fighting contest . Two martial artists compete in a match .,1.007278710603714
3728015645.jpg,Man standing on one arm with feet in the air on playground equipment with a body of water in the background . a skateboarder wearing a white cap is doing a stunt in a city skate park . A young man is skateboarding on a ramp and is standing on one arm . A man is posed standing on one hand on a skateboard ramp . A man on inline skates in midair,0.9583339095115662
3731739486.jpg,"Four people , One male in a blue shirt and slacks with three females , one in pink , one in blue , and the other with a white shirt and blue blouse , in line to enter a yellow school bus , while a female in pink hold paper is on the phone . A line of people are leaving the sidewalk and entering a yellow school bus . 3 women and a man waiting in line to board a yellow bus . 4 young adults are lined up to get onto a school bus . people are getting ready to get on the bus",0.8454640209674835
3732728142.jpg,"A baby in a baby seat wearing a red beanie that says "" love "" . A baby in a red hat sitting in a stroller is holding a doll . a litttle baby plays with her teddy bear . A baby with red hat sits in his stroller . Baby wearing red hat in car seat .",0.9880560636520386
3738685861.jpg,A small child is sitting playing with an adornment in a small garden . A blond child is playing with a metal yard ornament . A child in a blur shirt playing in a flower bed . A child dressed in blue sits next to plants . A child plays outside by a garden .,0.905003696680069
3745405944.jpg,A blond woman in a purple sweatshirt is sitting on a bench with a man drinking a juice box . A man and woman are sitting outside on a park bench while the man drinks a beverage . A man in a green shirt and a woman in a purple top are sitting on a bench . A blond woman and a man in jeans sitting on a bench outside . A couple sitting on a bench in a park chatting .,1.0436166822910309
3745474894.jpg,A bunch of younger people are lying and sitting n blankets in the grass . A large group of young men and women sit and lay on blankets on a lawn . Many young people are sitting and laying on blankets in a field . Youths sit and lie on blankets spread over a field of grass . Young people laying on blankets in a park .,1.03695847094059
3747007211.jpg,"A ski slope with a big red sign that says "" 12 "" and a person in a yellow ski jacket skiing . A man skies on snow with mountains in the background . A young man prepares to ski down a snowy slope . A skier skis by a sign out in the mountains . This person is skiing down a snowy mountain .",0.8799357712268829
3761067976.jpg,"A young girl wearing a yellow vest points upwards with here right hand containing a plant while her left hand remains at her side holding a headband . A little girl , wearing a yellow , zip-front outfit is holding a flower and a basket and pointing upwards . A girl , holding a flower in one hand and a plastic ribbon in the other , is pointing upwards . A little girl in a yellow dress points while she holds a ribbon and a flower . A young girl holds flowers in one hand and a basket with a bow in another .",1.1282749474048615
3771613841.jpg,A group of fisherman peer out at the city across the river as they wait for the fish to bite . Five people sit near the water looking towards a bridge . People sitting on a rooftop looking out into the water . Five people are looking across a lake at buildings . A group of men enjoy a day of fishing .,1.0488002002239227
3772446893.jpg,"A girl in a purple dress is sitting on furniture with red pillows , while smiling for the camera . A woman with a blue and black shirt on is smiling while she sits in front of a rose bush . A woman in a blue dress is sitting on a red wooden couch . a woman in a blue shirt sitting on a red couch A woman sitting next to roses .",0.9158690273761749
3773298212.jpg,A man dressed in a brown shirt and tan shorts is down on one knee looking at some type of machinery . A man in shorts and a brown t-shirt is looking closely at an air compressor . Man in camouflage shorts bending over red and black air compressor . A man kneeling before a machine . A man kneels down by a machine .,0.8955392241477966
3773323977.jpg,Children play with a remote-control boat in a pond with a boat house . Five young boys observe remote control boat in water . Five boys standing a one boy sitting by the lake . A group of boys enjoying a day by down the creek . Children stand on shore watching a r.c. boat .,0.8221878111362457
3774986130.jpg,"Two girls trying to get attention by twirling hula hoops , one girl wearing a pink skirt is barefoot and the other girl is wearing a denim colored skirt and very worn brown boots . Two young women wearing colorful costumes show off their hula hoop skills at a friendly competition during a local festival . Two ladies , one in pink and purple , the other in red and blue , hula-hoop . Two young women perform with hula hoops on the street . Two women are spinning hula hoops .",1.050509735941887
378336163.jpg,"A man poses in mid jump beside a left turn road sign and a recumbent bicycle in the snow , behind him there is a large body of water . A bearded man jumps in the snow with the ocean in the background and an orange , recumbent bike parked near a road sign . An explorer is jumping for joy near his snow bicycle at the edge of a large body of water in a area covered with snow . A man on the side of the road leaps in the snow with the ocean in the background . A man jumping up in the snow next to a body of water .",1.1499512940645218
378453580.jpg,A dog is jumping over a log in a wooded area while carrying another log . A dog with a stick in his mouth jumps over a fallen tree in the forest . The dog carries a stick and jumps over a log in the woods . The dog jumps over the log with a stick in its mouth . Dog carries stick and jumps over a log .,0.9782372415065765
3784574313.jpg,Two people in hard hats and safety vests working with cable in a grassy area . Two people working on a lawn with red and white tape blocking off an area . Surveying or installing underground items in a grassy field . Construction workers have started to do work somewhere . Construction workers are unwinding some cable .,1.0384391248226166
3799708677.jpg,Monks walk past a large stone building with stone women at the top . Two monks walk along a plaza in front of some large columns . Two monks are walking together possibly contemplating life . Two men in brown robes walk away from a columned building . Two monks walking together .,0.9058310091495514
380752558.jpg,"A young blond girl in a pink ski suit and hat is crying , and being comforted by her mother who is holding her . A little girl in pink is crying while being held by a woman in a white coat . blond child in knit hat and pink coat cries in a woman arms . A woman holding a blond headed child that is crying . A woman is holding a crying child dressed in pink .",1.0386383533477783
3809063851.jpg,Street musicians perform in front of benches . Street musicians playing music in the park . A band is playing music at a park . A band is playing music in a park . A band is playing outside .,1.0102470219135284
3809758561.jpg,A man stands in front of a street vending booth with his hands crossed awkwardly in front of him while two yellow taxis are seen in the background of the cityscape . A street vendor that sells ties and sunglasses is standing with his hands together looking at the camera . A main in a white shirt and tan pants stands in front of a stand that sells various goods . A man is standing in front of a street stand with folded hands . A man with a white shirt standing next to a vending stall .,0.9770391881465912
3815318559.jpg,A person wearing a hat riding in a red car and looking out the window Person looking out of a red colored vehicle driving down the street . A red rally jeep parked in the street . A red car travels down the street . a red suv with a woman inside,0.87352454662323
3819214047.jpg,"A teenage man in a green shirt and bright red beanie sits on his skateboard with arms crossed over his knees . A young man with a red beanie cap , green shirt , and blue jeans , sits on his skateboard as he watches . A skateboarder with a red hat and green shirt sitting on a skateboard watching other skaters . An adolescent in green pants , blue jeans , and a red hat is sitting on a skateboard . One guy in a red beanie and green t-shirt sitting on a skateboard .",1.105518788099289
3827176890.jpg,Two children wearing baseball caps shake hands while standing on the sidewalk . Two young boys who are both wearing sweaters and hats shake hands . Two young kids shaking hands in the middle of spectators . Two children are shaking hands in a crowded area . Two young boys are shaking hands outside .,1.041315346956253
3855173636.jpg,A man gets photography equipment out of the back of his vehicle . Man setting up a tripod behind red vehicle . A man does mechanic work on a dune buggy . A man placing a tripod behind a cart . A Man setting up a tripod off road .,1.0315994173288345
3856155585.jpg,Six older women are standing in a row at a table smiling and looking trough books and other material displayed on the table . A group of women are standing together in a line looking at books . A group a ladies are standing at a table looking at objects . Older ladies are sharing books and art with each other . Some ladies are looking at materials on a table .,0.9641120582818985
3880366728.jpg,A dancing couple is performing a dip where the man is crouched nearly to the floor . A woman is being dipped by a man with a blue button up shirt while dancing . A man in a blue shirt dancing with a woman with brown hair . A couple performs during dance competition . A man dips a woman as they dance together .,0.9109589457511902
3880726770.jpg,"Spices and other goods are being put in display in what appears to be a local village shop . People in an outdoor market with colorful plastic containers filled with dried food . A woman in a blue dress is sitting in front of buckets of hay and grain . Women are selling grains in a stall in an urban environment . two tubs hold wood chips , and people stand around .",0.9016875177621841
388837010.jpg,Two children looking at horses through a small fence . Two children are in a grassy area near two horses . Two children feeding horses through a fence . Two children pet horses in a field . 2 kids talk to the horses .,0.9769940376281738
3893510114.jpg,Men gather around during a chess game played in a pool . A group of men playing a game of chess in the pool . A group of old men playing chess in a pool . Shirtless men playing chess in a pool . A group of men play chess poolside .,1.2056111544370651
39024981.jpg,Two women wearing pink T-shirts and blue jeans converse outside clothing store . Two women are standing outside a store wearing pink shirts and jeans . One woman is smoking and talking to another woman . Two women talk in front of a clothing store . Two female co-workers talk on break .,1.0633713752031326
390369.jpg,A street performer dressed as a statue stands in the middle of a street . A person is dressed up in a dress parading around the streets of a town . The people walking by are staring at the woman in the street . A gold colored street performer is standing in the street . A person is standing in a costume on a street .,1.0180189460515976
3909552008.jpg,Three men in blue hard hats are on the tops of telephone poles working on the wires of one with a tall wedge topped skyscraper in the background . Three utility workers on a telephone pole . Three men are working on telephone lines . Two guys fixing power lines of the city . Phone line workers doing repairs .,1.0958819836378098
392467282.jpg,Two brown dogs are running over snow in a line . two big brown dogs running through the snow . Two brown dogs walking through snow . Two weimaraners running in the snow . two dogs running in the snow,0.9500569850206375
393043864.jpg,"Baskets of fresh cabbage , tomatoes , beans and other produce sit outside in an open air market . A local market boasts a wide variety of fruits and vegetables . A collection of vegetables sit in baskets . A picture of a fruit and vegetable store . Fresh fruits and vegetable stand .",0.968703106045723
3944169186.jpg,"A young female basketball player in red and white blocks another in possession of the ball who is dressed in white and maroon . Two young girls playing basketball , one in white attempting a layup while the other in red defends . Two girls playing basketball in red and white uniforms . Two young girls are playing basketball in a gymnasium . Two girls playing basketball .",1.0901103168725967
3944497603.jpg,A person in an orange coat with a hood lays on top of the entrance corridor to the metro . A person in an orange jumpsuit is laying over a metro station . A person in orange clothing rests above a metro entrance . person in orange clothing lying on a wall Bus worker sleeping on building ledge .,1.0010610520839691
3955157194.jpg,A little girl with brown hair wearing white t-shirt is playing with the giant machine . A small child in a white t-shirt sits behind a large machine and holds on . Little girl with red-hair sitting on round piece of metal at the museum . Small girl plays on top of a black iron machine . A brown-haired child is sitting on machinery .,0.9951947629451752
3965771582.jpg,"Four men , two in work cloths , are relaxing and taking a rest break . Four men relax outside of a truck , some of them drinking coffee . Four black men , taking a break by a SUV . Four workers are taking a break . Four men talking by a truck .",0.8537599444389343
3996889070.jpg,A young child wearing an overall dress with a floral patterned skirt and a white t-shirt pets a baby deer with a backpack on her back . A small girl wearing denim overalls and a flowered skirt reaches out to pet a seated deer . A little brunette girl squats down to pet a deer laying in sand . Young girl reaches out to pet a deer . Young children like to pet the deer .,0.9984403848648071
400345058.jpg,A silhouette of a child playing in the beautiful ocean at sunset . A man walking in the water on the shore . A person is wading in the ocean . A person standing in the ocean . A man standing in the water .,0.9886743128299713
4005756399.jpg,"A vendor , selling such kid-friendly items as popular cartoon balloons , water guns and clear umbrellas , wheels his stand around in the streets where he is selling . A street vendor tends to his stand with lots of kids toys and items . A street vendor next to a stall of umbrellas and inflatable animals . A vendor sells souvenirs and trinkets on a busy street . Black man sells various toys in the street .",1.143130585551262
401405215.jpg,"While sun is setting , boy is blowing bubbles by rocks new lake or ocean . A child is blowing bubbles on a beach at sunset on a warm , clear day . The sun is setting as a young boy blows bubbles into the air . Young boy blowing bubbles over the water at sunset . A young boy blowing bubbles at the beach .",1.1830847710371017
4016499639.jpg,A disabled combat veteran sells hotdogs and pretzels on the sidewalk . A girl with a pink handbag buying a hotdog at a hotdog cart . A girl in a black shirt buying food from a street vendor . A man and a woman stand at a street vendor 's food stand . People wait for their order at a street vendor cart .,0.9157359600067139
4024098174.jpg,"This man is skiing in the white snow and going through a course of some kind . A man dressed in all black with a green helmet is skiing down a ski slope . A skier in a green helmet is skiing in the fluffy , white snow . There is a snow skier on a slalom course taking a turn . Snow skier skiing down a course of snow .",0.938410684466362
4050916276.jpg,"The baby boy is playing with a large red stick with other balls in the swimming pool . A toddler wearing bright colors is using a stick to poke something inside a pool . One kid by the pool with him holding a skimmer , which is inside the pool . A child is standing by a pool with a pole to clean out the pool . A boy is poking a long stick in a swimming pool .",0.9758315235376358
4052515931.jpg,"A smiling teen boy clutches the straps of his backpack as he looks at a girl . A young guy in a black windbreaker smiles at someone . A man in a black jacket clutching it to his chest . A man , in black jacket , is smiling at a woman . A man in black talking to a woman on the street .",0.7918210327625275
405615014.jpg,"A policeman wearing a neon green vest has a whistle in his mouth while directing traffic . A traffic director wears a yellow safety suit marked , "" Seattle Police . "" A policeman wearing a green vest blows his whistle and moves his arms . A police officer in a yellow vest directs traffic . A man in a lime green vest directs traffic",1.1294546723365784
4062259729.jpg,"A man wearing a yellow hat and sunglasses peers around the side of a sailboat while sailing on the water . A man , in a yellow baseball cap and sunglasses , is aboard some sort of boat on the water . A man in a yellow cap and a red-sleeved jersey adjusts the sail on a sailboat . A man with glasses and a hat on steering a boat in the sea . A man wearing sunglasses and a yellow hat is on a boat .",0.9730574488639832
4071750215.jpg,"Little girl , wearing a outfit of many light colors , standing in a pile of leaves . A little girl is playing with some leaves outside during autumn . A young girl smiles as she plays outside in the leaves . A girl in a bright outfit is playing in the leaves . A little girl playing in the fall leaves .",0.9804525971412659
4074473431.jpg,Runners pass a statue of a man on a horse as spectators look on and take photos . The marathon runners draw the race to a close as their supporters Cheer ! People watch a group of runners on the street . People running down the street with observers Runners pass a check point in the city .,0.9406790882349014
407815946.jpg,The man carries ears of corn in his arms while out in the corn field . A man wearing a harley-davidson hat working in a cornfield . a man is carrying a load of fruit through his crops . A man wearing gloves carries corn through a field . A man harvests a field of fresh corn .,1.0565341264009476
4080351447.jpg,An Indian man is cooking using traditional ingredients . A man wearing a blue apron is cooking in a kitchen . A cook is in the kitchen looking at the camera . A man cooking some food in a kitchen . A man in a blue apron in a kitchen .,0.955815315246582
4090827772.jpg,A man in shorts and a black shirt is riding a motorcycle and wearing a red helmet . This man is wearing a red helmet and flip-flops and driving a Spyder . A man in green shorts and red helmet rides a motorcycle . A man wearing a helmet riding a black motorcycle A man rides a motorcycle in flip-flops .,0.8300758898258209
410422753.jpg,A black and brown dog runs through the snow next to some trees . a dog with a shiny dog tags changes course of his stride A dog is running in the snow . A dog runs through the snow . A dog in the snow .,0.9874003380537033
411008311.jpg,A group of people in formal attire are in the background and a man in a white shirt with khaki pants jumps from the dirt road to the green grass . Someone is getting some serious air while the more formally dressed group gathers in the background . A guy is jumping in the air while a group of people stand around and ignore him . Man started jumping because the sprinklers were about to go off . man jumping over a small stone wall in front of a group of people,1.0027754306793213
411678041.jpg,"A man on a horse with a large hat goes down the street while many people , some with balloons , watch from the edge of the street . A man is showing off during a parade on top of a horse with a rope . cowboy rides a horse in a parade as onlookers watch from the curb . A man in a parade rides a brown horse and works a lariat rope . A cowboy performing in a parade .",1.0538510978221893
4118638516.jpg,A man has a variety of decorative goods hanged up in what appears to be his storefront . A man stands behind a small shop surrounded by bright flowers and decorations . A man is selling leis and flower decorations on the street . A middle eastern guy selling stuff street side . A man selling flower arrangements .,1.1102566123008728
4145119743.jpg,A grocery store checkout where a checker is counting out change . A cashier with a black goodies sweatshirt is counting change . A customer at the checkout of a grocery store . People are standing in line at a market . People at a supermarket checkout .,0.9524618834257126
4152957260.jpg,High above the ground two people cross a large yellow bridge on foot . An elderly woman carrying plants on a long bridge over the river . Two people walking across a wooden and orange bridge . A lady carrying food crossing a bridge . A woman walking over a bridge .,1.0025423765182495
415604639.jpg,"A fairly large woman opens one side of a double swinging door , while a large man goes out the other side of the same door . A man and woman in black exiting and entering a kitchen , maybe for a St Patrick 's day party . Celebrating St. Patrick 's Day at 2:10 pm & an police officer is going inside a room . A policeman walking into a set of double doors as a man in a black shirt exits . A woman in black is coming out of a room while a police officer is entering .",1.0167647153139114
4180952377.jpg,A man works on his car as he tries to keep warm with his hat and sweatshirt . An elderly man in a light blue coat works on a car on the roadside . Older man in a teal fleece jacket working on a car . A man in a green jacket is working on his tire . A man in a green jacket working on a car .,0.939069390296936
4183662919.jpg,A young girl is cleaning a pair of boots on a rug inside a doorway . A little girl in a purple dress is cleaning some black boots . a blond little girl is playing with shoes . A child plays with her father 's boots . A small girl shines her boots .,0.9849822521209717
421153376.jpg,A dog is splashing water into the air as it runs through a wet field of grass . Dog carry leash in mouth runs through marsh . White dog with leash running through water A medium sized dog running through puddles A dog is jumping through the water .,1.150917336344719
4222067827.jpg,"The little boy wearing a striped blue , white , and purple shirt is wearing a red and black mask in front of a very interested little girl in the back . A child wearing a red helmet , cowboy vest , striped shirt , silver shorts and brown pants . A kid is dressed in a costume wearing a power rangers helmet . This boy is wearing a red Power Rangers helmet . White child with a helmet on and cow vest .",0.9012176841497421
423782935.jpg,"One man is on a bulldozer pouring in a liquid , while another man is standing with his hand on the bulldozer watching . A man wearing dark clothing leans on a bulldozer while watching another man who is on the bulldozer looking at a part . A man stands and watches another man add liquid to a compartment in the motor of a bulldozer . Two men standing near a piece of heavy equipment . Two men looking at a bulldozer .",1.0476667433977127
4257619114.jpg,a woman wearing a helmet is at a cookout with a makeshift horse around her waist . A woman with a white horse costume and helmet enjoys hanging around friends . A woman wearing a horse costume around her body with a helmet on her head . A woman is wearing a horse costume and helmet at an outdoor barbecue . Woman wearing a white donkey costume while talking to a man .,0.9740028530359268
4274214534.jpg,A woman on ice skates is being pulled by her dog she is holding with a leash . A girl on ice skates is walking her dog on a leash across the ice . A woman with a red hat is pulled by her dog on ice skates . Woman with a red hat ice skates and walks her dog . A woman is walking her dog along a snowy ground .,1.053902506828308
427736337.jpg,A woman and a man talk over a desk in a purple room . A man and a woman talk to each other across a desk . Two people talk while sitting by a desk . A man and woman speak in an apartment . Two people sitting at a table .,0.8715207874774933
4283472819.jpg,"A man in a two-toned gray jacket and blue jeans is touching his skis against the top corner of a building in a midair maneuver . A man using ski gear is jumping through the air near a brick building and blue guardrails . A person on skis is flying through the air near a brick building surrounded by snow . Male skier launching off the top of a snow covered roof , one story up . A person on skis is in midair near a brick building .",0.8945523202419281
4287633714.jpg,"A man with brown hair wearing a leather jacket with a white skull , black pants and brown bag on his left shoulder along with a blond woman wearing a leather jacket and black pants with a purple and red backpack on her back with white skull and cross bones both walking down the subway platform . Two people wearing black leather and carrying bags walk hand-in-hand through a railroad station , their attire adorned by skull imagery . A person in a leather jacket with a skull on the back is holding the hand of another person wearing a skull backpack . Two people dressed in black facing away from the camera with skull bones on their jacket and backpack respectively . A view from behind of a group of people at a train station .",1.0940183699131012
428979011.jpg,An asian long-haired man wearing a yellow hat & long-sleeved shirt talking on a microphone A guy with a yellow outfit on standing behind a microphone under a tent . A man dressed in yellow is speaking on the microphone . A man dressed in yellow speaks into a microphone . A guy in a yellow hat talking into a microphone .,1.0299661755561829
430964917.jpg,"A man riding a bike wearing flannel shirt , plaid pants and a blue backpack while riding on a street near buildings and parked cars . A person wearing a blue and white coat rides a bicycle down the street . Person riding their bicycle on the street with a backpack on . A man wearing lots of plaid riding a bike through the streets A bicyclist with a backpack rides down a suburban street .",0.8770384639501572
4316585644.jpg,A woman wearing a blue shirt and gray stretch pants is squatting down to take a picture of a red car . A woman wearing a fanny pack is taking a photo of a red car . A lady with her back turned taking pictures of classic cars . A woman in stretch pants hunched over near a red car . An adult crouched over and looking at a red car .,1.0013674944639206
4320494335.jpg,A man and woman stroll down a sidewalk pushing a baby carriage in a residential area . These two parents are enjoying time out of their house with their new baby boy . a couple strolling a baby down the street together . A brown-haired woman is pushing a baby stroller . Couple taking baby for a walk in a stroller .,0.9936359524726868
4326893429.jpg,"Five people , sledding outside on a snow covered road with tree 's also covered in snow to the side of them . Five men are sledding down a snowy slope on separate sleds . Five men in heavy winter attire sledding down a snowy hill . 5 adults are riding wooden sleds down a snowy hill . Several people are riding sleds down a snowy hill .",0.9919352829456329
4328528475.jpg,A dark-haired girl holding a racket in one hand and showing the peace sign with the other hand . Asian female holds up bad mitten racket and a peace sign with a big smile behind the net . A girl in blue shorts is holding up a racket while displaying the peace sign . The girl in the photograph appears to be enjoying some badminton . Asian girl holding a racket in the air in a gym .,0.9392649680376053
4328538175.jpg,Two Asian students are trying to piece something back together . A male and a female looking at snippets of paper . Two people are trying to put together a puzzle . Two chinese men looking at papers on a table . Two people creating an art project .,1.1147231608629227
4333374998.jpg,"A child with blond-hair looking out of a screen door . A blond kid with no shirt stares out a glass door . A young , blond child looks out of a glass door . A shirtless toddler staring out the window . A child is looking out of a door .",0.9446194022893906
4347441967.jpg,A man and a kid practicing martial arts with man other boys watching in front of a really old awesome building . A man in a black cape faces off against a young boy in a tracksuit . Children gather and play outside of an older white building . A man prepares to fight a young boy in the gravel . Two males are fighting in the street .,0.9170417487621307
434932657.jpg,"A cowboy with a black hat , blue vest and black pant riding a bucking bull with another man standing in the background for safety of the cowboy . A cowboy in a blue vest is riding a brahma bull , a man in a multicolored shirt is standing in the background . A true cowboy , this man holds on during an exciting rodeo moment . A cowboy with a black hat is riding a bull at the rodeo Cowboy riding a bull wearing a blue vest .",0.9804246574640274
4361156028.jpg,A woman sitting inside a public transportation vehicle looks in the distance while several other passengers can be seen in the background . A woman on a bus that does not look very happy and the bus seems crowded . A person in a dark-colored sweater sitting on public transportation . On this bus is a rather angry looking woman . A woman in a dark jacket sitting n a bus .,0.9689665585756302
4365035558.jpg,"A mother , her children , and their pet dog are on a beach and look like they are vacationing . A woman in a black bikini holds a baby at the beach , while another little girl watches a dog . A mother , her two children , and their dog stand on a tropical beach . A woman is standing on the beach holding a small child . A woman , her children , and a dog are on a beach .",0.9461715817451477
4368362518.jpg,"A man playing a guitar is sitting with a screen behind him , that has religious wording on it , in front of an audience . A man in a green plaid shirt performing some karaoke with a guitar in front of a small crowd . A man playing the guitar for a small group of people . A guitarist leads a congregation in worship . A man playing the music for a couple .",0.9433939307928085
437549483.jpg,Dark-skinned female dressed in white and black martial arts uniform strikes a lunge pose . A woman with a black belt is doing some form of martial arts . Demonstration of martial arts by young female in gymnasium . A black belt practices her martial arts barefoot . Young women practicing marshal arts in a gym .,0.9557855874300003
4376363559.jpg,A man wearing a black hat and heavy green coat harnesses a black horse wearing a teal and pink blanket . A man in a green coat checks the carriage equipment hooked up to his black horse . A man in a dark green jacket is hitching a black horse to a black pole . A man in a green jacket is looking after a black horse . A rider is being ready to ride a horse .,0.9274988621473312
439171995.jpg,"A man in a white shirt types at a desktop , near a window and black chair . A man is a white shirt sits under a lamp typing on a laptop computer . A man is a white sweater is sitting at a desk using a computer . a man with glasses typing on his laptop computer A man working on his computer .",0.9784962981939316
4397606831.jpg,"Two men who appear to be in good spirits , one in a red shirt and another in a blue shirt are climbing on a crosswalk signal pole . A guy in a blue shirt and hat holding an air horn sits on top of a signal light while a guy in a red jacket makes a funny face . Two men are climbing up a light pole , one posing with this tongue out while the other is smiling . Two men on a traffic light making faces . Celebrants climbing a traffic light .",1.0902493447065353
439916996.jpg,A woman in a blue jacket watches as her two brown dogs play with a red ball in a grassy yard . A brown dog persues a Frisbee across the grass as the thrower watches . A woman watches a brown dog run away from a house across the grass . A woman throws a Frisbee for her two brown dogs to chase . brown dogs and a woman in a yard,1.0423728823661804
4400746838.jpg,"A blond girl in a yellow shirt with blue flowers is covering her face . A blond girl covering her eyes with her hand in yellow dress . A little girl in a yellow shirt is standing covering her eyes . A small girl covering her eyes in a yellow shirt , outdoors . Little girl covering her eyes !",1.0234715044498444
4401136784.jpg,A crowd watches as members of Lifesavers with Pride stand next to a float . Two people in yellow shirts stand under a Lifesavers with Pride float . The street is crowded and the people are watching the parade . Parade outside with lots of light and color . A celebration with lots of people .,0.811367854475975
4410033566.jpg,A man leaning against a counter next to an open door . A man in a black shirt leaning on a counter A man in a black shirt leans on a counter . A man is leaning on a counter . A man leans against a table .,0.9361182153224945
4433634883.jpg,"A man in a white shirt is standing on the curb waiting to cross the street . An intersection with a couple cars , you can see the back of a bus . An image of a city street with several vehicles . A man is waiting to cross the intersection . Suburban street in the fall .",0.8140037953853607
4439654945.jpg,"Young children are learning a local custom by watching adults , and it appears to involve pretending to be asleep . A group of Indian men demonstrate the act of sleeping to 3 school children , a young boy , and two young girls . A small boy grins in a crowd full of people posing with their eyes closed in a sleeping position . Three children and adults in the background , all pretend to sleep . People without shoes on acting like they are sleeping .",0.8813466876745224
444051472.jpg,"An elderly man with light brown hair , wearing a gray sweater , blue shirt , brown pants and tan shoes , reads a book sitting at a bench , as two ducks feed themselves on the grass . A man with parted hair and wearing glasses is seated outdoors on a bench where he is reading . A man sits outside at a wooden table and reads a book while ducks eat in the foreground . An elderly man sitting on a bench while reading a book . Man reads in a park while feeding the ducks .",1.1584614217281342
4441980889.jpg,Four people standing in front of the house with some Meijer bags sitting on a table in front of one of the women . A lady is by a table that has a bunch of groceries on it . This is a family getting ready for a cookout . These people are getting ready for cooking . A woman puts new groceries on the table .,1.0047346353530884
4442319130.jpg,A man in a hat and hoodie is standing near a building advertisement with a cat on his shoulder . Person wearing a black hat lets a cat sit on their shoulder . A man with a hat has a cat on his shoulder . A cat lays on an old woman 's shoulder . A man in a white hood holding a cat .,1.0345621407032013
4442382200.jpg,A man with black and white gloves holds a cross with a crucified Jesus on it in a street . This man seems to be trying to make some kind of political statement in a busy city . A man is holding a cross with a photo of Jesus on it . A man holding a crucifix in the middle of the road . Priest showing his love of Jesus with a cross .,1.055152788758278
4443088094.jpg,"People are walking in the city on the street , with bikes parked up to the left of the picture . asian women walking down a sidewalk in a large city in midday . Image of an asian city with people walking down the sidewalk . A couple of ladies walking down a street lined with bicycles . three women , two which are elderly walking on a sidewalk .",0.9747703373432159
4444686770.jpg,A man and a woman are closely examining a fishing pole together by a large body of water . A woman and a man are outside near a body of water and is preparing a fishing rod . A man and a woman fiddling with a fishing pole while standing on a pier . A man and woman are holding a fishing pole in front of a body of water . A man and woman help each other with a fishing rod .,0.9866440296173096
4447160600.jpg,An officer in uniform is glancing at notes while leaning against a church wall Uniformed police officer stands outside a New York catholic church . A cop is reading over his paper next to the church . A policeman is standing outside a church . A police officer a new york church .,1.141572892665863
4448279884.jpg,A group of people are standing around a big bonfire . A crowd is gathering around a large fire at night . A group of people gathered around a bonfire . A crowd gathers and watches a bonfire . A large bonfire is burning at dusk .,0.7046647369861603
4451504790.jpg,A toddler with blue jeans on is sitting on a tractor while holding on to the steering wheelie . A little blond boy in a Gap sweatshirt sits on a blue tractor . A small male child in a GAP shirt sitting on a blue tractor . A boy in a red sweatshirt pretends to drive a tractor . A young child holding the steering wheel of a tractor .,1.0616178065538406
4455065396.jpg,A small child lays on a glossy hardwood floor . A little boy in blue lays on an empty floor . Small child laying on a hardwood floor . The child lays on the hardwood floor . Small boy laying on wooden floor .,1.0021936893463135
4459033855.jpg,Standing at a podium in front of a colorful mural and old gentleman uses a screen to communicate to other men at a table and in the audience . Men in suits watch a slide show in front of a mural of the Golden Gate Bridge . A man is speaking a presentation while others watch a slide show . A man at a podium is speaking to a group of men at a conference . A room with men dressed in suits and glasses .,0.9108886867761612
44619131.jpg,"Four different users working in a lab environment each performing duties on computers and laptops . Four people , three men and one woman , are working on their computers . Multiple people work on laptops in an officer setting . Three men and one woman are working on computers . Three men and a woman using laptops together .",0.9525145590305328
4465093007.jpg,"A man in a white shirt yells and throws up his fists as he is being carried by a group of people at a gathering . A young man at a party shouts out , his fists raised with emotion . A man in a white shirt with a mustache is crowd surfing . A man wearing a white shirt and he is having fun A man in a white t-shirt is cheering .",1.0778971016407013
4472750626.jpg,A blond woman with a gray dress is walking across a street . A blond woman in a gray dress crossing the street . A woman in a gray dress walks down the street . A blond woman is walking on the street . A woman in a gray dress is walking .,0.8544321358203888
4474749623.jpg,"Two elderly women walking in the city , one with a red umbrella and one with a black umbrella . Two pedestrians walk in the rain with their umbrellas ; one red , the other black . Pair of women holding umbrellas walking down a street in wet weather . Two women with umbrellas walk under the stop for pedestrians sign . Two old women walk in the rain with black and red umbrellas .",1.0611815750598907
4478063110.jpg,The man in the photo is contemplating his next move . A man in a T-shirt is playing chess . man sitting down playing chess alone A man playing a game of chess . A man playing a game of chess .,0.9617884457111359
4480270643.jpg,"A person standing in front of a window overlooking a large body of water , next to a large indoor pool . A person standing next to an indoor pool while looking at the ocean outside . A man standing in a strange building is looking out a window at the water . Man checking out a body of water from inside latticework . A man standing in a large room by a window .",0.9753574430942535
4480923732.jpg,"An older man holding a young child is talking on a cellphone while sitting on a concrete barrier . A man wearing a green jacket is talking on the phone while holding a baby wearing a pink jacket . A man in a green jacket is sitting , talking on a cellphone holding a baby wearing pink . A man in a green sweater talks on the phone and holds a baby girl on his lap . An older man holds a toddler girl on his lap while talking on his cellphone .",1.0470866411924362
4486484038.jpg,A woman with long blond-hair runs across a busy street with several cars passing nearby . The blond woman crossing street has a golden purse over her shoulder . A woman with a tan purse is running across a city street . A woman with a yellow purse runs across a busy street . The woman is crossing the signal .,0.8977095782756805
4490635744.jpg,Two uniformed police officers are standing on a sidewalk while one child looks directly at the camera . Two officers enjoy stand by as a crowd has gathered behind a barricade . in the background there seems to be a lot of people around They are here to ensure no one crosses the barriers . Everybody is watching carefully .,1.1010497063398361
4491044489.jpg,"Two men one wearing a red shirt , and one wearing a white shirt are standing on a boat and paddling it to shore . Two men , one in a red shirt and one in a white shirt , are on a boat in the beautiful blue-green water . Two people on a floating device in the water on a nice day . Two men stand and row a thin boat in the ocean . Two men are making their way across the ocean .",0.922216922044754
449352117.jpg,A brown and black puppy stands by a camera . A dog chews on the strap of a camera case . A small dog is standing behind a camera . A small dog chewing on a black strap . A dog gnaws on the strap of a camera .,0.9436371922492981
4494075018.jpg,"Male with brown hair and mustache , wearing a gray shawl over a printed shirt , while a small orange and blue boat cruises along the water . There is a man drinking in the foreground , while people in a boat pass by in the background on the water . A man walking in front of a body of water with a boat in it . Man with shawl praying by a large lake and small boat . A man standing near water lights a cigarette .",0.9751754254102707
4494095559.jpg,"A man on a skateboard waits at the corner of a city street , with an overpass in the background . A young man in a black t-shirt and jeans rides a skateboard on the side of the street . A young man rides a skateboard down a town road with a yellow railing behind him . A skateboarder in a black t-shirt and jeans skating threw the city . a young man is skateboarding down the side of a road .",0.9560962021350861
450688968.jpg,A man with a shaved head is getting ready to kick a soccer ball while other players run on the field behind him . A soccer player dribbles a soccer ball while other players run in the background . Men running across a field and playing soccer . A soccer player is kicking the ball . A man in blue plays soccer .,0.8132483065128326
4507048434.jpg,A placard on a brick wall is displaying an advertisement for flan and a man at the corner of the building is talking on a cellphone . A man in a hat and coat is talking on the phone next to a building with a sign that is in a foreign language . A man leaning against a brick building with a McDonald 's advertisement on it while on a cellphone . Man talks on cellphone while standing near a dessert sign . A man talking on his cellphone at a street corner .,0.8795931190252304
4511879942.jpg,"A woman is pointing down the street to her friend in front of an entrance to a subway station . A woman next to a subway entrance in a tan coat is asking a woman in a pink coat directions . Two women are standing next to a subway sign , one is gesturing to the other . A young woman gives directions to an older woman outside a subway station . A woman outside of the subway giving directions .",0.9961742907762527
4514987995.jpg,"One woman wearing a starred jacket is sitting at a table with papers across from a man with glasses and blue shirt and another woman wearing a vest 3 individuals at a desk , one male and one female on one side , and another female on the opposite side , seemingly working on solving a problem . Two women and a man discuss notes in a classroom . Three non-traditional students work on a project . A student is getting some help on her homework .",1.1264864355325699
451547131.jpg,"A man carrying a surfboard is walking across the beach during sunset , gazing into the horizon as the waves gently wash into shore . A surfer walks along the beach as he looks out onto the water . A person walks along a beach at sunset carrying a surfboard . A surfer is walking along the beach during a sunset . A man is walking on the beach with a surfboard .",1.0161595046520233
4523218758.jpg,Three women walk together down the street and past a graffiti covered building . Three women are walking behind a woman with a maroon shirt . A group of ladies walk down a busy sidewalk . Three women are walking down a street . Women walking down a city sidewalk .,1.0138630867004395
45334151.jpg,A young woman is reading a novel in front of a row of sky blue washing machines . Women in colorful shirt reads a book while waiting at laundry mate . Woman reading a book in a laundry room A woman sits reading at a laundromat . Girl waiting at the laundry .,0.9724865853786469
4540165999.jpg,"A woman wearing a black fur coat is walking down the street holding an umbrella . Two women , one in a fur coat , walk down the sidewalk with blue umbrellas . Two women walk on a sidewalk in the rain , carrying umbrellas . Two women are walking down the street holding umbrellas . People under a blue umbrella walking .",0.9855310618877411
4549641134.jpg,A group of people in folding chairs and wheelchairs sit outside in the sun . A large crowd of people and most of them are sitting on folding chairs . Many people are sitting in yellow folding chairs . A large crowd of people at an outdoor event . A large crowd of people are seated outdoors .,1.0369732230901718
4550700462.jpg,"A little boy is holding a Mexican flag as he walks down the street with a woman . A young boy carries a green , white , and red flag and walks next to a woman . A mother and son walk together while the son carries a flag . A woman is walking with a boy who is holding a flag . The boy with the flag is walking in the road .",0.9973452240228653
4555935886.jpg,"Woman in a dress standing in front of a line of a clothing line , with clothes hanging on the line . A woman in a blue and red dress stands outside her house hanging the laundry . A woman in an apron puts clothes on the line next to a white picket fence . A woman in a long dress is hanging clothes on a clothesline . A woman hanging out her laundry on the line .",0.8813251554965973
455714074.jpg,a family gathers for a nice meal in a comfortable home watching tv next to the fireplace . People are eating food while watching television . four people sit down for dinner in a house . A family is dining and watching television . A family is having a meal together at home .,1.0107886046171188
4558580445.jpg,A line of saddled horses walks down the street past a car that has its hood and trunk open . A line of horses walks on a road as a car sits to the side with the hood and trunk open . A line of horses is walking down a road past a broken-down car . People riding horses down the street . The horses are in a straight line .,0.9635383635759354
4560100704.jpg,A woman in a gray sweater talking to another woman in a black jacket . A group of people enjoying a small carnival . A group of people are at an amusement park . People standing near a street fair . A few people standing in the road .,0.9364517033100128
456299217.jpg,A woman and two others are sitting nearby a decorative water fountain . A woman sits on a wall next to a large conical fountain . Woman in black poses near a pyramid fountain . A girl sits outside at a large fountain . A young woman sits near a fountain .,0.8024420589208603
4563177695.jpg,Two people with blue pants and yellow safety vests sit at an open gate on a red and blue wall . Two people in yellow vests sit in front of gates . Two guards sitting and talking to each other . Two guards are sitting near an entrance . Two workers stand at an entrance .,0.9741348773241043
4565084634.jpg,A man and a woman walk down the street carrying groceries . Two people carrying groceries down a busy sidewalk . Two people just got done shopping for produce . A couple is carrying shopping bags outside . A couple that just finished shopping .,1.007741168141365
4567003374.jpg,"A man in a black suit with an orange shirt is playing a trumpet , along with other musicians , with background onlookers . A man in a black jacket plays the trumpet while a crowd watches in the background . A man with glasses , a red shirt and black jacket is playing a trumpet . A man plays a trumpet in front of a crowd of people A man in black clothing plays a trumpet .",0.9530605375766754
4569102627.jpg,Little girl just getting up in the morning drinking apple juice . Young girl with curly hair is drinking out of a plastic cup . Little girl with very curly hair drinking her cup of juice . Small blond-haired girl drinking a glass of juice . A little curly hair girl drinking from a big cup .,0.8761424571275711
4569926879.jpg,"This photo shows a group of people walking and one man is holding a bottle of wine while handing a glass of wine to a woman walking near him . A man in a black shirt is walking down the street offering a glass of wine to a woman . A redheaded woman standing next to a man in a black jacket with a wine bottle . A man drinking in public , while making contact with a redheaded girl . Several people with white hats on with a black brim .",0.8441672474145889
4570151256.jpg,"White female with long blond-hair , black shirt with pirate slogan and blue jeans , pulls a black wheelbarrow in the woods . A blond girl with a graphic t-shirt wheeling a wheelbarrow across a lawn . Teenage girl volunteering to help with some dirty work . A blond girl wearing work gloves bushes a wheelbarrow . Blond woman in black t-shirt pushes wheelbarrow .",1.1551973968744278
4584266249.jpg,"these two ladies are reading a sign while shading themselves from the sun with their umbrellas . Two Asian women wear sandals , long silk robes and hold umbrellas . Two women with umbrellas are looking at a display . Two Asian women with umbrellas looking at a sign . Two ladies standing outside with umbrellas .",1.0059919208288193
4586247564.jpg,A middle-aged woman with a pink satchel purse walking along a breakwater in a European coastal town . A lady walking along a concrete pathway above the ocean . Woman in black shirt walking along pier . A blond woman walks by a harbor . A woman walking across a jetty .,1.0417710989713669
4594224630.jpg,Men are playing different musical instruments in a park . Four Musicians are playing music on a baseball field . Men playing instruments on a baseball field . A group men playing musical instruments . Musicians play on a baseball diamond .,0.9507796913385391
4603099757.jpg,A woman in a yellow shirt carrying a black handbag over her right shoulder . A blond woman in a yellow shirt lifts up her arm ands furrows her brow . A woman in a yellow shirt is making a disgusted facial expression . A blond-haired woman squinting and wearing a bright yellow shirt . A woman wearing a yellow t-shirt is squinting .,1.0639888048171997
460326010.jpg,A young boy chasing a dove after it had tried to steal food that had been the boy 's lunch . Little boy with dark hair chasing a pigeon flying through the air . Little boy trying to chase a black crow . A boy chasing a pigeon on a pier . A boy that is chasing a bird .,0.9619513899087906
4606522320.jpg,"Several men are wearing red caps , one stands apart from the others and looks towards the camera . A group of people with red berets and one man in the front with gray hair and glasses . Men in red caps stand in an audience of some sort amid costumed figures . Men at a gathering together wearing orange berets . Men wearing red hats and blue suits .",1.0041442513465881
4606967207.jpg,A person in a long-sleeved striped top stands near a cat in front of a glass-doored beverage cooler in a store . A man in a sweater is cooking while his black and white cat sits next to him . An Asian man kept company by his cat is cooking in his apartment . An Asian man prepares food on a counter next to a cat . A man is working in a small store with his cat .,1.1506744474172592
4623000836.jpg,A group of kids walk down an urban street passing by graffiti and a small car and a couple bicycles . A group of youth pass some vehicles and a graffiti adorned wall as they make their way through town . Group of children walking down sidewalk in front of wall tagged with spray paint . Group of kids walking down the street next to a wall of graffiti . Group of colored people walking the street .,0.9221487492322922
462383841.jpg,A young woman wearing a bikini and a baseball cap is taking a sunbath floating on the beach A woman floating on a raft in tropical waters in front of a beach . A woman in a bikini and ball cap is sunbathing at a beautiful beach One lady enjoying her floatation device on a clear water beach . A woman relaxes on a float in clear blue water .,0.8967351913452148
4623878206.jpg,"A woman in a long green shirt , a yellow backpack , and a bottle of water is walking across a street as a couple follows close behind . A tattooed woman with a green dress and yellow backpack holding a water bottle is walking across the street . A dark-haired woman wearing a green dress and carrying a yellow backpack crossing a street . A woman with a yellow backpack , a tattoo , a green dress and spandex walks past a couple . A woman with a yellow backpack , tattoos , and a bottle of water walks on the street .",1.0544290393590927
4631131293.jpg,"A group of Japanese women wearing matching outfits walking across a crosswalk while passersby stare . A crowded street with a few people wearing white shirts and polka dotted skirts walking in a line . There are many people outside , including a group of girls all wearing polka dot skirts . A group of girls in black and white spotted skirts cross a street . Large crowd congregating in a busy street .",0.9962499141693115
4631804601.jpg,"A man is working on a project with wood , a tool , and a wheel . A man wearing a hat and gloves is using a tool to chisel wood . A man in boots wearing a hat is doing some woodwork . A bearded man uses tools to carve a wooden object . An artisan at work woodworking .",0.934801772236824
4631840705.jpg,A man climbing the side of a cliff and with another man at the base helping him . A male rock climber is scaling a wall while another man belays him . One man climbing a rock wall while another man is below . Men in shorts rock climbing . Two men are rock climbing .,0.8780042827129364
4632869465.jpg,"A blond girl smiles while holding flowers and her diploma after a graduation ceremony . Blond girl receiving pink flowers from family after her graduation ceremony . A young girl , the recipient of a dozen roses , is at an outdoor party . A girl is celebrating her graduation outside . Young woman celebrating her graduation .",0.9826287627220154
4633043171.jpg,An old man wearing a gray jacket is looking at a red bus on the street next to a large sign . Here is a picture of a man waiting for the bus to pick him up and he is hiding his face . A man in a long coat and dress pants looks up at a sign on a bus as it passes by A man awaits a double-decker bus . A man waiting for the bus .,0.888645350933075
463978865.jpg,A man with dreadlocks and a backpack walks down the sidewalk with colorful buildings in the background . A man sitting on the left near a man walking along the side of a street with colorful buildings . Two boys are on the sidewalk as cars pass by on the road . A white man with dreadlocks walks down the sidewalk . A man walking by a sitting man on the street .,0.8524446934461594
4650780114.jpg,"Many people populate the eating area in a building , coming and going or standing in line or digging in their purses . A busy store full of people shopping at the store . People standing in line at a food service place . Several people in a restaurant . A line of customers at a deli .",0.96209816634655
4655361417.jpg,A man with sideburns and a black t-shirt grimaces as he sings into a microphone . A man with a big white e on his shirt sings into a microphone on stage . a man in a black shirt is singing into a microphone . A man in a black shirt is singing with a microphone . A man in a black shirt sings into a microphone .,0.9076970815658569
46663846.jpg,Four guys standing around the bed of a white pickup truck . Four men are standing outside near a white truck bed . Four men place cones into the back of a work truck . Four men are standing around the back of a truck . A group of men standing near a work truck .,0.9967018663883209
466877726.jpg,Two men in orange construction hats are guiding a cart full of brick stones . A man in a hard hat is carting a rickshaw of bricks . A man is pulling a wheelbarrow laden with bricks . A man pulling a heavy cart full of bricks . Construction workers hard at work .,0.9409387409687042
4668948309.jpg,Several people standing in silhouette looking over a balcony . Seven people leaning over a rail wearing business attire . Several people look down from above the first floor . A peoples wearing all black clothes A group of people look over ledge .,1.0608210414648056
4672132178.jpg,"Several young people in baseball caps talk and laugh along a street lined with palm trees . People wearing very colorful outfits have fun on the sidewalk . People in bright clothing walk and stand on a sidewalk . A group of people wait on the sidewalk , wearing hats . a group of people in flat bill hats dancing",1.0014355927705765
4673314291.jpg,Three individuals sit on short metal posts outside of a building . These people can find a resting place in the most unusual forms . Two women and a man are sitting on metal bollards . Three people are sitting and waiting . Bystanders rest on nearby poles .,1.0382138937711716
4676792744.jpg,A man wearing shorts and a shirt walking beside a woman wearing a gray dress walking away from a crowd . A couple walks through a busy area with a lot of people . A man and woman walking away from a crowded street fair . A couple is walking away from a building . People walking and relaxing in a plaza .,0.7167796045541763
4677535056.jpg,A black man with a hat and shades frowning with a yellow taxi in the background . A man with a dark blue shirt and hat wears glasses next to a taxi . An elderly man in a cap and sunglasses walks by a taxi . A man with a blue polo is standing in front of a taxi . A man wearing a cap and jacket passing by a taxi .,1.003452092409134
4682929932.jpg,"A crowd of people stand in the background of a set of tables draped in white with various used toys set upon it . A crowd of people are looking at various items for sale on top of a table at an outdoor event . A group of people , men , women and children gathered around a table stacked with merchandise . A group of people looking at merchandise on a table . People crowded around toys on a table .",1.018177643418312
4684005479.jpg,Man in a blue number 78 sports jersey walking down city street past a white SUV Man in blue shirt with the number 78 on the back walking down that street . A man wearing a jersey is walking down a street . Man in a blue shirt walks down a sidewalk . A guy walking down the sidewalk .,0.9907161444425583
4686568156.jpg,A man wearing a black jacket and a woman wearing a black jacket and earrings are standing close to each other . Man and woman in black stand close together on the street . couple in black possibly about to kiss on street . A hooded man lovingly holding a woman 's face Two lovers just met in a date .,1.0966713726520538
4689487867.jpg,"Older man wearing a north face vest , sunglasses and hat with buttons looking over cards at outdoor stand . A man , wearing a black North Face vest and maroon undershirt , shopping . A man with a black North Face vest and hat looks at items displayed . A tourist examines some postcards on the local docks . A man with a hat is turned around looking at cards .",1.0594755411148071
4690278994.jpg,A man in athletic clothing holding a water bottle running . A man jogging in athletic wear holding a bottle of water . A man is running with a water bottle in his hand . A guy in white shirt and black pants is running . Man jogging on a sunny day .,0.8733909577131271
4692725862.jpg,Two young child are swimming side by side with kickboards in a pool . Two boys are playing in pool filled with sparkling blue water . Two young boys using kick boards to learn how to swim . The two boys are swimming with boogie boards . Two children are swimming in a pool .,0.919497162103653
4694894610.jpg,An older African-American male is playing an electric guitar in the public street . An older black man plays an electric guitar on a city street . An older black man plays an electric guitar on the sidewalk . An older man is playing a red guitar on the street . A man trying to play guitar for entertainment .,1.0289056599140167
4695471709.jpg,People are climbing steps that lead up to a statue that features several green people . Two people are climbing steps that lead to three connected green statues . People standing on steps in front of a large green statue . A statue of an athletic man on a large stone staircase . People are climbing stairs to a statue of several men .,0.8567528426647186
4704083135.jpg,African American woman with a bluish white dress and an orange hair tie dancing . A woman with long black hair is dancing in a voluminous white dress . A woman with a long black ponytail and a flowing white dress twirls . A woman with long hair smiles as she dances . A lady wearing white is dancing .,0.882449671626091
470887785.jpg,"A speaking woman at a podium has the phrase "" Armenian Genocide "" written on it , flanked by priests and men in suits . A middle eastern woman is talking into a microphone at a protest event . A lady is giving a speech dealing with the Armenian genocide . A woman speaks at a podium surrounded by religious men . A woman speaking at an Armenian Genocide event",1.185845136642456
4712411908.jpg,"A lady in black pants , white t-shirt with red writing across breast , doing a stretch exercise on top of a concrete sphere with a 18th century building surrounding the sphere . A woman with dark hair , a white shirt , and black pants is stretching on a round platform . A girl is standing on one leg on top of a globe shaped structure . A girl in a white shirt does a yoga move atop a statue . A woman doing yoga outdoors .",0.9830385446548462
4712636240.jpg,"An older man peers through his binoculars at the expansive , mountainous vista before him . A man is at an overlook point staring out across a valley by using binoculars . A man with a walking stick looks through binoculars to see the mountains . An old man with a walking stick uses binoculars to look at mountains . Older man carrying a stick looking through binoculars .",1.118103414773941
4715269800.jpg,A man wearing a blue coat with yellow stripes is sitting in an airplane that is taking off . An emergency worker is looking out the window of a moving vehicle . A bald fireman in his uniform rides in a moving vehicle . A firefighter looking out from a vehicle 's window . A firefighter looking out the window .,0.8688748627901077
4716333601.jpg,"Two women walk across a street , one wearing a red shirt and pink hat , while the other wears a striped , white shirt and sunglasses A woman in a striped shirt and glasses is walking in the city in front of a younger woman with a pink hat and red blouse . Two pedestrians walking past a sidewalk cafe on a cobblestone street . two women are walking past are cafe . A man and a woman out for a stroll .",0.9975065290927887
4716376540.jpg,Somebody wearing a crash helmet performing a wheelie on a black and white motorbike . A woman is pulling a motorcycle up onto one wheel performing a trick . Motorcycle rider riding a wheelie while sticking legs out . The woman is pulling a wheelie on her motorcycle . Woman on a motorcycle doing a wheelie .,0.9748098999261856
4719086173.jpg,Firefighters walk down a street with a red tape strung across the area . A group of firemen move about in a restricted area . Firefighters in black suits walking in Chicago . Firemen walk on a street next to a building . A group of firemen leaving a fire scene .,0.9919144958257675
4726677489.jpg,"Man in white t-shirt , black shorts , walking along side female with a white tank top , beige shorts , and an older woman with black hair , white shirt , black shorts . Several individuals are walking along a street in tennis shoes and shorts . A group of people in white shirts walking along a street . people are walking down the street . People are walking in the park .",0.9843067824840546
473323374.jpg,A baby with blond curls and a blue shirt is crying . The baby wearing the blue shirt is crying . A child with blond curly hair crying . A child in a light blue shirt crying . A baby crying for his mom .,0.934356153011322
4734146340.jpg,"A man in an orange ball cap , sunglasses and orange reflector jacket holding a pole standing next to another man in a striped shirt and glasses . A man with a orange hat holding a stick is talking to a man wearing sunglasses and wearing a striped shirt . An older man in safety orange holds a piece of wood next to another older man with gray hair . A male with sunglasses is out supporting his cause . An old man holding a large stick .",1.0440868139266968
4734162520.jpg,"A police officer , wearing his helmet , standing next to his motorcycle , standing next to a taller , bald , black male , wearing brown pants , his leather jacket across his shoulder . A police officer works while resting his right foot on his motorcycle . Police officer and his motorcycle in a crowd of people at a protest . A policeman is leaning on his motorcycle while people are watching . A motorcycle cop monitors a crowd of people .",0.9726081788539886
4736841029.jpg,A child with long hair wearing a pink shirt is looking through a tourist telescope near a beach . A little girl is looking through a telescope at the beach . A child looks through a binocular station near the beach . girl child looking through a telescope in a serene setting A girl looking through binoculars .,1.139662116765976
4743795506.jpg,A man in a white t-shirt stands at a podium giving a speech while another man in a red polo shirt stand behind him . A young man in a t-shirt is speaking at a podium while another young man stands by . A man is standing at a podium with a microphone in front of his face . The man in the white T-shirt is speaking at a podium . A man is standing behind a podium .,0.9072677791118622
4749166996.jpg,A man gestures with his hands as he stands in front of a podium with a microphone . A man in a suit and tie in a fancy building is speaking at the podium . A gray-haired gentleman in a suit is standing in front of a podium . An elderly man gesticulates while speaking at a podium . Male standing at a podium speaking .,0.9397657215595245
4750766294.jpg,a young girl reads a book while another lies down in a bedroom . A little girl in a striped shirt is reading a book . One child reading and one child resting in a room . One young girl reads a book to another . One child is reading to another .,1.0470089316368103
4751250311.jpg,A man strolling down the sidewalk wearing a red shirt and jeans . A young black man walks down a street with a stray dog on it . An African American man walking down the street . A black man with a red shirt on is walking . A guy with a red shirt walking .,0.9969355165958405
4751932433.jpg,Two men wearing white coats and standing next to sheet talk to each other while a woman wearing a wicker hat and a white coat stands with sheep looks at a woman in a white coat and a man wearing a white coat and white hat both standing next to sheep . Five men all of whom are wearing white coats are standing next to lambs in an enclosed area 5 people in white lab coats are standing over 5 sheep a group of people in white coats holding sheep . People are judging sheep at a state fair .,1.092585101723671
4752721674.jpg,Cameras set up on tripods along the side of a road barrier . A group of video cameras recording from behind a barricade . Many video cameras are set up in front of a concrete wall . Several video cameras lined up behind a concrete wall . Many cameras are set up against a barricade .,0.958118662238121
4759710534.jpg,"A woman is walking away from the viewer , she is wearing white clothing and has a handbag draped on her left shoulder ; her upper back is exposed , showing a tattoo of a winged creature( possibly a fairy ) . A woman wearing a white dress and carrying a floral purse has a large fairy tattoo on her back . A woman with a fairy tattoo on her back is carrying a purse with a red floral print . A woman with a tattoo on her back shops at a flea market . A woman has a tattoo on her back .",1.0869237780570984
4764087782.jpg,A african american woman wearing yellow walks down the sidewalk towards a yellow car . A young woman in a yellow shirt is walking down the street . A woman in a yellow shirt is walking past a yellow SUV . A woman in a yellow shirt is waling down the sidewalk . A woman in a yellow shirt walking by a parking lot .,1.0871349275112152
4768270751.jpg,A woman painting on the sidewalk of a busy street as people walk by her . A woman in a t-shirt paints on a large piece of paper on the ground . A woman wearing a green shirt is painting part of a mural . A brunette woman is painting large mural on the ground . A young woman paints on a large community mural .,0.9306818246841431
4770473055.jpg,A man wearing a black shaggy hat and leopard printed sash with red accents is holding a drum that says Premier on it . A man in a fur hat is carrying a drum that says Premier . A man in a fuzzy hat is holding a large bass drum . A man is playing a drum in a marching band . A bass drummer marches in a band formation .,1.0882268846035004
4770745669.jpg,"A man in a black shirt and blue shorts stands in the doorway of a building labeled "" Gelateria , "" which is on the lower floor . A man wearing shorts is standing in front of the door of a multi story building . A man in a black shirt stands in the doorway of a shop that says "" GELATERIA "" . A man with a black shirt and blue shorts stands in the doorway of a storefront . A man in a black polo shirt stands in the doorway of a Gelateria .",0.909721851348877
4772885285.jpg,A lady with a black bag is walking in the rain with her blue umbrella . A woman in white is holding a blue umbrella and walking in the rain . A woman in a white dress is holding a blue umbrella in the rain . lady wearing white shirt with blue umbrella in the rain . A woman alone in the rain with a blue umbrella .,1.011502742767334
4775763666.jpg,Three women work together at a table scattered with bottles and bowls . Three women wearing sleeveless shirts are busy working on something . Women gathered around a table with food related items on it . Three women are gathered around a table looking at items . Three women standing around a table .,0.9261606633663177
4781019036.jpg,A group of men and women are in the carnival ride . People brace themselves on a carnival ride . Young riders on an amusement park ride . Kids on a ride at an amusement park . Six people riding a roller coaster .,0.9830696880817413
4787867133.jpg,A man wearing a hat is standing at a food stand leaning on a cooler . A man in a white cowboy selling concessions under a green umbrella . A Latino man leans on one of the coolers in his food stand . A man sells Mexican food by a parking lot . A man sitting at a food and drink kiosk .,1.1302726715803146
4791485167.jpg,A woman wearing a white shirt and gray shorts using a shovel to dig in snow . A man wearing a hat and boots is digging for something in the snow . Person in a white shirt wearing a hat digging in the snow . a main shorts digs in the snow on a sunny afternoon . A man in shorts is shoveling snow .,0.9632466733455658
4791513183.jpg,A girl wearing pink stands in a red doorway while a black bicycle rests nearby . A little girl in pink stands at the top of stairs in front of building . A small girl in pink is standing in a large doorway . A small child wearing pink stands in a doorway . the little girl in pink is looking outside,0.986892580986023
4791975111.jpg,A woman in a black and white shirt crossed a street while a man on a moped dressed in a red shirt and jeans looks back towards her . A man in a red shirt on a small blue motorbike is looking over his shoulder at an attractive woman in a white skirt and high heels . A man on a moped looking at a woman walk across the street . Man on a moped looking back as he crosses the street . A man on a scooter and a red shirt is looking back .,0.8099231868982315
479545053.jpg,"A man reads inside of an Asian bakery , and another man is working behind him . A man in a green t-shirt sitting reading a newspaper while vending bread An older man reads a newspaper in front of a store . A man is sitting down reading . A man is reading a newspaper .",1.1998482048511505
4797050581.jpg,"A large group of people walking on a white floor , which makes the people really stand out . Many people are walking in a large public space , some are talking on cellphones . Various people walking through a building of some kind . Group of people walk through a mall or train station . A crowd of people is walking in the same direction .",1.0875371843576431
4799951910.jpg,A man in a bright green shirt and brimmed hat sits with three other men on a concrete rise . Four men - two in hats and two with mustaches - sit together by a fountain and large vents . Several old men sitting around talking and drinking . A few homeless men sit on a curb . peoples sitting at the ground,0.9958595037460327
4801764348.jpg,"Two Asian men and two Asian women wait impatiently on shiny , metallic , red chairs . Four people sit in an airport terminal with bored expressions on their faces . Two men and two ladies sitting on a row of chairs . Four Asians sitting on a bench in a building . An asian family is waiting at an airport .",1.0809376090765
4801849846.jpg,A man in a pink shirt walks in front of a blue storefront next to a lime green storm front . A man in slacks walks on a sidewalk in front of brightly-painted buildings . A man is walking down the sidewalk in front of the colorful building . Man in pink shirt and tan pants talking a walk . Man in a pink shirt walking down a street .,0.8254662901163101
4803926618.jpg,A dark-haired drummer is playing his set with enthusiasm . A man in a gray shirt with crazy hair playing the drums . A guy in a black shirt is rocking on a set of drums . Man in gray shirt rocking out on the drums . A very excited drummer playing the drums .,0.8987220376729965
4803984649.jpg,Black man in gray jumpsuit shows both hands to the camera . A man standing in front of a car is holding up his hands . A man standing next to a car holding up his hands . A man standing next to a car holds up his hands . A man showing his ten fingers .,0.9955183416604996
4812155149.jpg,A young man in a gray and white shirt and jeans is balancing while walking on the side of a grassy area on a street . Three young youths outside sitting on a cement bench very distant from each other . Two people are sitting around a tree and one man is posing by the tree . A guy in jeans jumping and doing a trick in front of a building . Man walks on edge of planter .,0.7571759819984436
4817804359.jpg,"A group of people on a public street , many of whom carry satchels and cameras , look toward one common point . Two people with backpacks take a picture of something high above them , while standing in a crowd . A man in a crowd blocking the sun from his eyes so that he can read a sign . Many people have gathered to look at something that is not in the photo . A crowd is gathered together .",1.0131575912237167
4818675994.jpg,"A woman in a blue shirt and wearing a blue scarf on her head is holding a large inflated ball . A young woman and her friend waiting for the court hearing in the city of Portland , Oregon . A woman in blue holds a large ball while conversing with a woman in black . Two women in the middle of the street talking . Two women talking in a city street .",0.871165543794632
4819772045.jpg,"A little boy posing for the camera , while two women sit in two bright green lawn chairs on the side of a street . Two women sit in chairs while a child in the street gets the attention of the camera . Two women are sitting on green chairs while a young boy makes a pose for the camera . Two women sitting in green chairs and a little boy in a red shirt throwing a sign . Young boy in a red shirt throwing gang tags out .",0.980604737997055
4821810079.jpg,A man in a red shirt is walking towards a blue market stall . A man in a red vest is holding a red article of clothing . A man in a red shirt holding a red piece of clothing . A man dressed in red is at the marketplace . A man is wearing a red shirt and vest .,1.0026125609874725
4825458628.jpg,A man is about to take his blue bag out from a basket in the laundromat . A guy in a laundromat getting his things together . Guy wearing shorts and flip flaps in laundry mat . A guy in khakis and sandals is at a laundry mat . A man staring while at a Laundromat .,0.8895077556371689
4825488431.jpg,"Silver plane in a blue sky , ready to land with its wheels down , while spectators watch behind a high fence . An airplane flying over a fence with a few bystanders watching it as it approaches its landing . Group of people stand near a fence watching a plane fly over them People watch as a plane flies over their heads at an airfield . A group of people are watching a plane flying low .",0.9545591473579407
4828433053.jpg,A person in shorts with a tattooed calf holds the leash of a large white dog in a blue vest . A man with a tattoo on his leg is standing against a wall with a white dog on a leash . Someone with a tattoo of a lady on their leg stands with a white dog . A dog is leashed by someone with a tattoo . A dog wearing a blue vest .,1.0225124657154083
4830307454.jpg,A young man in a white t-shirt is looking at the photographer . Kid wearing white shirt and black hat posing for the camera . A teenager wearing a baseball cap and a white tee-shirt A teenage boy wearing a cap looks irritated A handsome Caucasian boy in a car .,1.0404332727193832
4831683216.jpg,"A young girl in a bathing suit drinking a beverage in a green bottle . A young girl in a bathing suit , drinking from a green glass bottle Girl in swimsuit drinking out of a green bottle by the shore . A girl in a swimsuit on the beach taking a drink . A young woman enjoying a beer with both hands .",1.0702022165060043
4838106858.jpg,"While the man waits for a train , he is reading a book . Man in a blue shirt reading a book in a train station . A man is reading a book while waiting for a train . A man reading a book while waiting for the subway . A man is at a train station reading a book .",1.0392801463603973
4838943023.jpg,"A man is looking down at a huge camera that 's hanging around his neck , while two younger children look on . A man and two children look at the image on a camera . A man with two kids looking at pictures on a camera . Father showing sons pictures on his camera . A man and two children looking at a camera .",0.9453978389501572
484280924.jpg,"An Asian chef is working in the kitchen , and is smiling after putting the food he has made in a wok into a "" to-go "" container . An Asian man is removing food from a wok into a carry away container . An Asian male putting noodles and rice in a small container . Chef making stir fry in a restaurant . A man is happily frying Chinese food .",1.0677823424339294
4842876705.jpg,"A street musician in blue , with a cigarette in his mouth and a huge guitar in his hands . A man in a denim shirt and pants is smoking a cigarette while playing a cello for money . A man in a blue shirt and jeans plays bass on the street . A man wearing denim plays a bass against a dun wall . A man smoking while playing a big instrument .",0.9404890239238739
4844409798.jpg,"a little boy in camouflage shorts and tennis shoes walks along side an adult in a red shirt . A little boy holds hands with a woman while walking with a man in a red shirt . Man in red shirt and blue jeans walking with child in the middle of a street . A Toddler with a blue design shirt , and gray short waling with his family . A young boy is walking next to someone in a red shirt .",1.0444223135709763
4848645410.jpg,A man in a white shirt and blue shorts takes a picture in the street . The man wearing a white shirt stopped to take a picture . A young man in shorts with a backpack taking a picture . A man is standing on the streets taking photographs . A guy wearing a white shirt is taking a picture .,1.007746160030365
4851268802.jpg,A man wearing a white shirt is talking to a woman wearing a green blouse on the street A man with a beard and white shirt talks to a woman in green outside in the street . A bearded man in a white shirt looks at a blond woman wearing a yellow scarf . The bearded man is speaking with the lady wearing a green top . Two older people talk in a group of people .,0.8594701439142227
4851524954.jpg,Two women sit at an outdoor cafe table laden with teapots and cups while other people sit at other tables in the background . There are four women and one man sitting at tables having tea at a sidewalk cafe . An older woman looks off into the distance as she sits at an outdoor restaurant . Women are enjoying beverages at a restaurant outside . mother and daughter sitting down having coffee .,0.9601599723100662
4852819911.jpg,"An urban , outdoor , daytime setting shows a building with blue walls and prominent graffiti ; with two pallets leaning against the building and a sign overhead that says "" TAY SHING CORP. 1 ALLEN ST. "" . A man sweeps the road in front of a wall with graffiti and two flats set against it . A man mops a mess outside of his storefront . Graffiti on the side of an Asian warehouse . A male with a hat a is sweeping the road .",1.0479561239480972
4857558207.jpg,This is a mother embracing her newborn child in the hospital for the first time . A young woman holding her newborn baby in a hospital bed . A blond-haired mother is holding her newborn baby . A lady on a hospital bed is holding a baby . A mother holds her newborn baby .,0.9375841170549393
4857776520.jpg,"A man in a white shirt holding a lit cigarette and wearing sunglasses looks up towards the sky next to a woman wearing a black halter with a striped shirt thrown over her shoulder . A man and a woman look at the sky while the man smokes a cigarette . A man and a woman , both wearing sunglasses , look up into the sky . A man and a woman look up while the man smokes a cigarette . A man and women wearing sunglasses are looking up .",1.0293609648942947
4858175898.jpg,An older many in a navy blue polo shirt holds an infant wrapped in a blanket . a man in a black polo shirt holds an infant in a white blanket . A middle-aged man with red-hair and glasses holding an infant . An older male is holding an infant while sitting down . An older man holding a newborn baby .,0.9037226438522339
4859170265.jpg,"Two blond girls are advertising in a public space ; one is handing out literature and the other is holding balloons . Two blond females in public , one handing out fliers and the other holding a bunch of multicolored balloons . A blond woman in a crowded area hands out fliers while another blond woman holds a bouquet of balloons . Two blonds are passing out fliers and balloons on a busy walkway . Two woman are selling balloons to a busy crowd .",1.012309193611145
48614561.jpg,"Two babies are sitting on the floor next to the table , and one baby is crying . One toddler takes away the mouth piece of the other which makes him cry . The baby in the yellow shirt cries while reaching out to another baby . Two asian toddlers , one crying , playing with a pacifier . A baby cries while another baby holds an object .",1.0543007403612137
4876504906.jpg,A man in a nun costume has a cigarette in his mouth . A man dressed as a nun has a cigarette in his mouth . A man dressed as a nun smoking a cigarette . Man with cigarette in nun outfit . Male nun smoking a cigarette .,1.0691358149051666
4878415659.jpg,"A toddler wearing boots , a hat and an orange-sashed blue coat is looking behind him at a woman in a short-sleeved top , a skirt and platform heels as they walk along the street in the daytime . A small asian boy is walking down the street in tradition asian clothing looking back at a lady dressed in high heels and a beige skirt . A young Asian boy in navy blue traditional costume looks up at a woman wearing modern clothes as they both walk down a paved path . A costume worn by this little boy is making him feel a little insecure . A small child in a costume looks up at an adult .",1.027083471417427
4879951396.jpg,"A smiling girl is holding a white umbrella with the word "" HOOD ! "" on it , and the girl is holding a card or book , and her face is smeared with something black . A woman with black smudges on her face smiles with teeth showing while holding a large white umbrella and some papers . A woman holding a "" Hooters "" umbrella has smokey face-paint across her eyes and cheeks . A smiling woman with a black smear across her face holds an umbrella . A woman under an umbrella with faded black paint on her face .",1.1205670237541199
4885036157.jpg,A man and a woman pose together awaiting their picture to be taken by a kneeling photographer surrounded by graffiti . Photographer shooting picture of lovers in underground surrounded by graffiti . A couple embraces against a graffited pillar while a man take a photo . A couple embracing as their picture is taken by a male photographer . A couple poses for a picture in front of graffiti art .,0.9520481526851654
4890932738.jpg,Some graffiti appears on a column of a stone structure . A person walking down a lonely corridor of columns . A person walks down a hallway of stone archways . One person in a long hall is walking . Someone walks in a hallway .,0.9531660377979279
489134459.jpg,A little girl leans on a concrete wall next to a blue door where a shirtless child sits . A girl stands outside of a blue and white home while a younger child sits on its stoop . A young girl stands against a blue and white house with a young boy who sits . A girl stands nearby while a boy sits in an open doorway . a boy and a girl stand in front of a house .,1.0018356144428253
4893369019.jpg,"A large group of men , women , and children gather on a lawn for a concert . A large group of people are sitting on a lawn watching something . A large number of people are sitting in a green field . A crowd is gathered outside watching a performance . A crowd of people sitting on a lawn clapping .",0.9486860036849976
4893545292.jpg,"A woman standing outside on a sunny day looking at something wearing blue jeans and sandals and a tank top . A woman with short brown hair , in jeans and a leopard top is taking a picture . The fashionably dressed young woman peers at an object in her hand . Girl in sandals & blue jeans is taking a picture . A skinny woman is taking a picture .",0.9054616838693619
4895355979.jpg,Man wearing a black and red striped shirt taking a photo next to a lion statue . Older gentleman with striped polo smiles as he stand next to a lion sculpture . A man in a red and blue striped shirt posing next to a statue of a lion . A man is standing next to a large black lion statue . A man poses next to a lion statue .,0.9258974343538284
4899635195.jpg,Two young women pose next to a fence in a street . Two young Asian women standing by a metal gate . Two Asian ladies stand next to a metal railing . Two women in dresses are standing by a rail . Two girls standing on the side of the road .,0.8220008015632629
4900761380.jpg,Three people are standing by the store and the owner is sitting inside of the store Three men stand beside a blue produce stall outside . Three guys hanging out outside of a fruit stand . Three men are hanging out at the fruit stand . a few men are standing around a fruit stall .,0.9097879379987717
4903293024.jpg,"A group of people , including three police officers , watch women dancing around a pole . On a public street , two women clad in bikinis and high top boots , are pole dancing . Strippers on a pole with police and others gathered around for the show . Two women pole dance in the middle of the street . A girl in boots dancing in a public area .",0.9771721065044403
4912108775.jpg,A man in a black shirt with a white ring in his right hand reaching for something on the edge of a window . A guy in a black shirt and tan pants leaning a little out of a large window looking at something . A man in a black shirt does work outside a window of a brick building . A man paints the walls of an apartment on Hyndland Road . A man is working on his house by repairing the windows .,1.0356558114290237
4912431886.jpg,"A window-washer , dangling from a cord and carrying a white bucket , works on the windows of a red brick building which is labeled with the word "" BUILDING "" on a carved lintel . A man hanging from a rope washes the windows of a red brick building . A man is washing the windows of a brick building . A man washing windows on a red brick building . A window cleaner is repelling down a building .",1.0493886470794678
4912808658.jpg,An ethnic street performer ( bongo drums ) posing for the camera . A dark-skinned man is sitting on a chair while playing two drums . Jamaican musician entertaining passers on a sidewalk for tips . A man dressed as his culture is playing the drums outside . An african man in a colorful hat is playing congo drums .,1.0424328595399857
4915658588.jpg,"A young woman with a red bag stands at the street corner with her family as a woman with a purple shirt walks down the street . Two women and one man , all dressed in black , are standing on a curb by a road while people walk towards them . Friends wait and converse on a street corner before proceeding to their destination . Three people , all wearing dark clothing , stand talking at a street corner . Three people wearing black chatting on a street corner .",0.9695617109537125
4917931600.jpg,"A man in a blue jumpsuit and a brown hat wearing a black tie , boots and goggles sits with his legs crossed in the street . A man dressed in a dark blue jacket and pants sits in the street while wearing old time flying goggles and a hat . A man in goggles and a hat is sitting in the street holding something and wearing white gloves . A man wearing an aviation cap and goggles sits in the road . Male with goggles sitting on the floor with a pamphlet .",0.9587270766496658
4918525947.jpg,"A Japanese woman , dressed in traditional Kimono and straw hat , stands in front of a store . An asian woman in traditional attire is standing outside . A geisha stands outside of a store peering to her side . A chinese lady is dressed as a karat girl . A woman in a white kimono and bamboo hat .",0.9189232438802719
491987177.jpg,"A man tries to remove an opossum from underneath a bar with a broom , while people watch in the background . A man trying to shoo away a mongoose with a broom , while a man watches from behind . A man drinking a beer , is trying to remove a possum from a bar with a broom . An older gentlemen cleans the bar while a man behind observes . A guy in a restaurant is sweeping the floor",1.1243122816085815
4920617810.jpg,"A woman with a ponytail taking pictures with her phone , standing in a crowd . A woman in a crowd lifting up her camera to take a photo . A woman focuses her digital camera at major event . The lady is sitting in the crowd taking a picture . A woman is taking a picture .",1.056336686015129
4925573161.jpg,A bicyclist wearing a black and yellow racing suit rides along a street near a granite building . A professional bicyclist wearing a yellow shirt and black shorts rides by an old building . A person in a yellow shirt cycles past a historic looking building . A man in yellow is biking past a gray building with columns . A man wearing yellow riding a bike .,0.916205644607544
492587970.jpg,Two men shaving their faces while a woman in an orange shirt watches . Two men shave their beards with razors as a woman watches . Two men shave at an outdoor sink as a woman looks on . Two men shave their faces while a woman watches . Two men playful save while a woman looks on .,1.0638751089572906
4935046155.jpg,"A busy city is filled with cars stuck in traffic along the road , and a lone man notices the traffic jam . A busy city scene with many different types of vehicles either parked , or moving along on the freeway . Several cars and trucks are going down a busy street while two people walk by the road . A woman with white shoes and a gray shirt looking at traffic . Cars line up in a very busy road in the middle of the city .",0.7642274349927902
4936302238.jpg,"A man and woman look like they are having their picture taken in front of a famous building in France . A couple takes their own picture in front of the Arc De TRiomphe , from across the street . A couple is posing for a picture in front of the Arc de Triomphe . A woman in a black shirt is hugging a man in jeans . A couple standing in front of a major tourist spot .",0.9592801332473755
4937441878.jpg,A woman hanging out of a car window in order to try and get a better look at something up ahead . A crowd of people with the focus on a woman with long blond-hair and a black shirt . A lady possibly stuck in traffic leaning on her car window talking to someone . A blond woman with a large watch getting out of her car . A blond woman leaning on her car door talking .,1.1106646060943604
4940658755.jpg,A man wearing a dark scarf and pants stands in front of a shop . An older man with gray hair is standing outside of a store . An elderly gray-haired man standing before a storefront . An older man stand outside of a shop window . An older man is standing outside a shop .,0.8085599541664124
4941418090.jpg,A female musician tunes her acoustic guitar while smiling at the camera . The lady with the pink top is playing the guitar outside a shop window . A woman in a pink flowered shirt playing a guitar and smiling . this lady is wearing a pink shirt and tuning her guitar A woman playing a guitar .,1.053014099597931
4944644486.jpg,A crowd of people looking towards a person in a gorilla costume inside a building . A group of people travel through a line along side a gorilla statue . A crowd waits to interact with some people in an indoor location . There is a group of people looking at a life sized gorilla . A group of people are lined up inside waiting .,0.9362320601940155
4948403203.jpg,A man wearing a gray long-sleeve shirt and sunglasses lounges against a red and white pole while reading a newspaper on the beach . A man sitting down and leaning against a pole reading a newspaper at the beach . A man is sitting against a pole on the beach while reading a paper . A man is sitting at the beach reading his newspaper . A man sits on the beach next to a pole .,0.9724708646535873
4948865477.jpg,"A man in a blue jacket has fallen asleep while sitting on a fold-able chair , with a fishing pole and a green umbrella . One man , in a blue jacket , is sitting in the rain under a green umbrella . A man is fishing on the dock despite the dreary weather . A man relaxes in a chair as he fishes on a rainy day . A man is trying to find shelter from the rain .",1.1717043071985245
4950889937.jpg,"A woman in a gray kimono walks past a black car in the middle of a crowded street full of Japanese signs , with a man in an orange shirt and khaki slacks . There are people walking down a busy nighttime street with signs lighting the way . A narrow street full of people and a car in an Asian city . A busy street scene in an Asian community . A busy Asian street with bright signs .",0.9458809345960617
4964794183.jpg,"In the foreground , a man in a striped shirt drinks something from a bottle while behind him stand two women with dark hair and black shirts in front of a crowd in an urban setting . Two women look at a cameraman while walking through a crowd . A man drinks a purple liquid on a crowded street . Many people walk along a crowded street . People walking around the city streets .",0.8891197293996811
4966861386.jpg,"A firefighter wearing a hard hat , carrying a tank on his back stands behind another man who is reaching in behind a fire hose in a metal cabinet . A firefighter dressed in gear looking puzzled . Two male firefighters working on the firetruck The fireman is looking something near him . Two firemen beside their fire engine .",0.8975145220756531
4967261262.jpg,Young gymnasts execute a team move while spectators record the show . Two girls in a bathing suit hold up another girl in fun . Two girls are raising another girl in the air . Two girls are holding another girl in the air . Young girls practicing gymnastics .,0.9899915009737015
4970590451.jpg,"A man wearing a colorful helmet while on some type of motorcycle or scooter . A man wearing a bright , multi-color helmet is sitting on a motorcycle . A motorcyclist is sporting a very colorful helmet . A guy is riding and has on an interesting helmet . A man wearing a helmet is driving .",0.9750469774007797
4971484184.jpg,A topless mannequin with a white skirt is being displayed in a window . A woman with no bra on and half naked posing next to a blue car . A topless mannequin is photographed next to a blue car . A semi-nude mannequin is posed in the window . A mannequin behind a blue car .,0.9197275340557098
4971580248.jpg,"A woman in an all black outfit holds her glasses while she stands in the street in front of a sandwich board advertising menu items . A woman dressed in black boots , black jacket , and a black hat wonders who is taking this picture of her . A woman wearing black pants and black jacket is holding a pair of glasses . A woman wearing all black and carrying a black bag on sidewalk A woman wearing all black looking at something .",0.7201788574457169
4973611817.jpg,A police officer is writing a ticket for a silver car that is pulled up halfway on the curb . A cop in a blue shirt pulling over a car in the city . A police officer talks to the owner of a parked car . A police officer writes a ticket for poor parking . A officer is standing by a car .,0.8771373331546783
4974263771.jpg,Three young people sit on a wall while two older people walk past . Many young people ar sitting on a wall and hanging out together . Some friends are hanging out sitting on a wall . Three young adults sitting on top of a ledge . Kids sit on a ledge and talk .,0.9443332999944687
4975536758.jpg,A little girl walking away from her bicycle and walking down the street . A little boy on a dirt road is walking away from his blue bike . A blond-haired child stands near his bike on an unpaved road . a boy running away from his bicycle on an empty street . Kid running down a sidewalk .,0.9875737875699997
4977528001.jpg,"A young boy standing in a crowd with a N.Y . cap on his head , black and white striped shirt , and gray sweat jacket . A young boy looks at the camera while wearing a New York hat and a black and white striped shirt . Boy in camouflage yankee 's hat staring . A boy wearing a New York Yankees hat . A little boy wears a Yankees cap .",1.0079226642847061
4978901111.jpg,An Asian woman playfully has her hand and mouth open as she leans toward a little Asian girl eating a plum as they sit at a wooden table . A lady in a blue shirt making a funny face at a little girl biting something in a restaurant . A woman and a young girl sharing smiles at a table with a glass of water on it . A woman and a girl laughing in a restaurant . A teenager playing with a younger child .,0.9890783578157425
4979293130.jpg,A small child with brown hair sitting on the seat of a red motorbike on the side of the street . A young boy looking back at the camera while sitting on a red scooter . Little girl with a cute face sitting on a motorcycle . A small boy sits at the controls of a red moped . A small child points at a moped .,1.1097970604896545
4980795412.jpg,"Several people are at a street corner by a building with curved windows ; a man with a green shirt , a dark-haired woman , and an embracing couple . A man wearing a green shirt and carrying a shopping bag is reading the newspaper on a city corner while a woman looks on . Some people are standing at a busy intersection waiting to cross the street . Many shoppers carrying their shopping bags standing on a curb . A girl in a skirt hugging a boy .",0.9166902303695679
498404951.jpg,A white dog with long hair wades through a pond surrounded by green grass . A blond puppy wearing a red collar is standing in the water . A furry dog with a collar is sitting in a pond . A tan dog swims around in the water . White dog at the edge of the water .,0.9843462705612183
499165634.jpg,"A woman with short , dark hair sitting at a round , white table eating lunch . Young woman in gray shirt and cream sweater eats a hotdog . A woman in blue glasses and a white sweater is eating . An Asian girl eating a hotdog at a diner . An Asian woman in glasses eats .",0.8660881221294403
5009047021.jpg,"A team in black , the Knights , chases after a member of the unnamed white team who is holding the ball ; one Knight and one other white team member is on the ground , while the other members chase the ball-bearer . Two football teams are playing and one is holding the ball running as the other team is running after him . A man running with a football while members of the opposing team chase him . A football player holding a ball is being chased by the Knights team . A boy with a football runs from the other team .",0.9703413397073746
5009687058.jpg,"A football player in navy blue , gold , and white pushes another in white and blue out of his teammates way as a referee looks on from a distance . Two opposing football players with one in black tackling the one in white . Football players in a blue uniform tackling a opposing team . Three football players during a game , making a tackle . a guy trying to make a block to free the receiver",0.9011997282505035
503357436.jpg,"An African American male rides a green bike while another person does an ollie on a skateboard in the background . A man on a bike and in the background a man performing a trick on a skateboard . Kid doing a skateboard trick and an older kid riding a bike . A child is skateboarding while a man is riding his bike . A man skateboards , while another man rides a bike .",0.8208159357309341
506082695.jpg,Two people are climbing and outdoor artificial climbing wall . Two females are climbing a rock wall outdoors . Two women climb a rock wall in a city setting . Two people are climbing a portable rock wall The rock climbing event is held in a city .,1.0744161158800125
5062422406.jpg,"A golfer raises his club for a swing while standing next to a caddy and a man holding a sign with the game score . Grant prepared to hit his golf ball while his caddy and scorekeeper waited for him . A golfer wearing a blue and black jacket and black pants swings his golf club . Three men standing on a golf course , one is in the middle of taking a shot . A golfer is at the top of his backswing while others look on .",0.8998799324035645
5086989679.jpg,"A main in a face painted like a clown looks like he is in free fall or doing some sort of acrobatic move . A man , wearing makeup , spreading his arms for a move in gymnastics . A man with creepy face paint wearing a bodysuit is free falling . A gymnast with a painted face is suspended in the air . An acrobat with face paint soars through the air .",0.914834588766098
509778093.jpg,a brown and white dog has is playing with a white ball on the grass . A collie plays with a white ball in a field of green grass . A orange dog playing with a white ball on green grass . a brown and white dog chasing a ball on some grass . A small brown dog paws at a white ball,1.0484229028224945
509987636.jpg,"An older man with a graying beard sits in front of works of art , in a wide-brimmed hat . An older man wearing a red western shirt and jeans sits in front of pieces of art . An older man wearing a hat sits in front of various paintings . The man in the white hat is sitting by the pictures . man in hat sitting in front of artwork .",0.8830607682466507
511749704.jpg,Little boy with red shirt and gray shorts does a trick on a skateboard . A young boy skateboards on a sidewalk at a skate park . A young boy is skating through a skating park . A boy rides his skateboard at the park . A little boy in red skateboarding .,1.0071402788162231
5123000955.jpg,A large group of children jumping in the air are pictured on wooden boards by a large body of water with mountains in the background . Eleven children wearing coats of all colors are jumping in the air with mountains and a cloudy sky in the background . A group of people in a wide range of colors jump for a photo on a dock aside a body of water . A group of friends or family all jumps at the same time for a portrait while on vacation . A group of people jumping with joy on a deck overlooking a lake in a mountainous region .,1.1088597774505615
512309690.jpg,"A brunette woman in a white lace dress holds a string and bow instrument as she sits in a chair . Woman wearing white , sitting in front of a stone wall , playing a string instrument . A beautiful young lady is sitting in a chair playing a musical instrument . A woman wearing a white dress is playing an instrument . Lady in a white dress playing an instrument .",1.0548671334981918
5131842202.jpg,On a partly cloudy day a clown in red plaid overalls relaxes in the back of his tent . A clown in red plaid pants and a pink hat sits in front of a tent . A clown is sitting cross-legged on a folding chair at a carnival . A clown posing for a picture with a rabbit in a hat . A smiling clown is sitting outdoors by his booth,1.0652944445610046
5138003138.jpg,"A young woman leaps high into the air to spike a volleyball over a net while her teammate watches with anticipation . Two young women are playing volleyball , one has jumped into the air to hit the ball . 2 girls playing volleyball , one striking the ball . A girl jumping in the air to spike a volleyball . Girl jumps to spike volleyball .",0.889415442943573
514165525.jpg,"Several people , including children , are on a red carnival ride which is being operated by a man in a green headscarf . People swing on a red , metal amusement park ride in front of some trees . People in some type of amusement park ride while one person operates it . several people sitting on what appears to be a carnival ride People are riding thrill game .",0.8888750523328781
516360813.jpg,"A man sitting at a table working on a wood carving with three kids around him . An older man in a black shirt is sitting by three young children outside . An older man breaks open nuts , while his grandchildren watch . A man working with three children around him . Man is crashing some nuts with a hammer .",1.0786708444356918
5171155099.jpg,"A man in a red and gold uniform and black cap sits on an embellished saddle and blanket on a pale gray horse as it trots along a gray road , while onlookers watch between a low metal barrier and a brick building . A man wearing a military uniform riding a white horse down the street as spectators watch from behind barricades . A man in a red jacket is riding a white horse through a street . A man wearing a black hat is atop a trotting , white horse . Soldier riding a white horse .",1.0574227571487427
517942470.jpg,A small to medium sized white short-haired dog is looking up at an owner not in the photo . A white dog is looking up at a person as they both sit in front of a computer . A white dog is distracting its owner from using an iMac computer . A dog distracts his owner from working at her computer . dog sitting on owners lap sitting in front of computer,1.0675697028636932
519228867.jpg,A smiling young girl wearing a swimsuit is soaking in a tub of water . A little girl is sitting in a metal tub filled with water . A little girl in a metal tub filled with water . A girl sits and laughs while in a kiddie pool . A small girl in a tub of water .,0.9373261034488678
5194023863.jpg,A young girl in a yellow shirt holds a rather large snail in her hands next to her cheek . A little girl with big bright eyes wearing a yellow shirt holding a snail . Small girl holding up a very large slug that she found . A little girl in a yellow shirt holding a big snail . A young girl in a yellow shirt holds a large snail .,1.2254925072193146
5196783191.jpg,"A musical group performs in front of a live audience , adorning colorful neon clothing and in front of a screen backdrop . A guy with blue spiky hair and his band performing in front of an audience . A rock concert with four band members pictured in front of a large crowd . A band is putting on a light show and a performance in front of a crowd . A show with lots of lights and action being put on in a dark theater .",0.875539630651474
5199439325.jpg,Dark-haired art student working on a project while standing up . A boy in school painting in a book with his finger . A student is painting something in art class . Young man in an classroom creating Art . A young man doing some art .,1.0038624703884125
520913429.jpg,A man dressed in green sweeps leaves from an outdoor altar . Man sweeping debris from road with bundle of twigs . Boy sweeping trash away from a shrine . this man is sweeping the sidewalk . A man uses a homemade broom .,1.1234083771705627
5220880759.jpg,"Man in a shower with polka-dotted shower curtain , is washing his face . A man washing his face while taking a shower . A person is taking a shower in a dark room . Back view of a person showering . Man showering next to a window .",0.9213903546333313
524036004.jpg,"A boy in blue and red trunks , with a green ball in his hand . is jumping into a pool . Boy in red and blue flowered trunks jumps into pool holding green ball . A boy is jumping into the water with a ball in his hand . A boy jumps into a pool while holding a ball . boy in floral swim trunks jumps into the pool",1.005975604057312
524360969.jpg,A woman in a hi-viz jacket is smiling at person carrying a stop sign in front of a crane . Two construction workers holding signs interact on a street in front of a large truck . a workers standing in the road holding a stop sign in front of another worker Two flaggers chatting on a construction site . Person holding stop sign to direct traffic .,1.0847632586956024
530170010.jpg,"A man wearing a black shirt , jeans , and skate shoes is jumping near a pond . The red-haired man in the black turtleneck is leaping into the air . A man in a black top is jumping on a sunny day . A man with red-hair is jumping on a sunny day . Redheaded man jumping high in the air .",0.9403698146343231
534570169.jpg,"A well dressed man with a smile on his face walks past a piano with a saxophone in his hands A man in a black suite , with a saxophone around his neck is standing next to a piano . A man in a tuxedo is carrying a saxophone across stage in front of a grand piano . A well-dressed man is holding a saxophone and walking in front of a piano . A man in a suit strides across a stage holding a saxophone .",1.0094544291496277
536495604.jpg,A woman in black is standing on an urban sidewalk carrying a baby in an orange baby wrap . A woman wearing black standing on the sidewalk is holding a baby in an orange carrier . A woman is standing in the street with a baby in a sling . A lady in black clothing holds her baby in a red sling . A woman in black holds a baby in an orange blanket .,1.1749844253063202
536537638.jpg,A small group of Asian women wearing redhead scarves and black shirts are shopping . an asian girl wearing a red hat along side several others with red hats as well Several asian women wearing red cloths on their heads . A group of people wait in similar attire . five Japanese ladies wear red bandanas,1.0241302102804184
5384132543.jpg,A man jumping off into water with mountains in the background . A young man jumps into the water head first from a dock . A guy jumping off a dock into a body of water . A person with clothes on is diving into water . A person does a back flip into the water .,1.0133960843086243
5389294129.jpg,A group of men wearing white garments with red waist sashes stand among a crowd outdoors on a dirt surface waving yellow and red flags . A parade of men hold red and yellow flags as they wave them proudly . A group of people is parading with red and yellow flags . A group of men in white uniforms are waving flags . Some expats celebrate and wave red flags .,0.9179887175559998
5399620276.jpg,A skateboarder does a tailslide down the side of a railing over some stairs A young man in a black shirt and brown pants is skateboarding . a young man is skateboarding down the railing of some stairs . A skateboarder skates down a ledge next to stair steps . A skateboarder skateboarding .,1.0165929794311523
541063419.jpg,A man wearing sunglasses is sitting on top of some jagged rocks with mountains in the background . A male hiker sits perched on a high rock in the mountains . A man is sitting on top of a snow covered mountaintop . A man is sitting on a rock high up in the mountains . A man sits on a rock near mountains .,0.9034623205661774
54242432.jpg,"A man in jeans climbed up a light pole to change the light bulb while the light is on . Man with beard and glasses wearing a jacket , holding onto a light pole and light . A boy is hanging on a light pole while opening his mouth and touching the light . A man has climbed to the top of a red light pole and is touching the light . A man is climbing a red pole .",0.9152086079120636
5428390334.jpg,A man in a laboratory coat looking into the lenses of a microscope . A scientist intently looks through a microscope in a laboratory . A man in a lab coat is looking through a microscope . A scientist looking through a microscope in a lab . A man in a lab coat looks through a microscope .,0.9726192802190781
5430267989.jpg,A lady rides her pony in a victory lap after competing in an English riding competition . This woman is riding a beautiful and well groomed horse . A young lady equestrian riding a brown and white horse . A woman is riding a brown and white horse . A young girl rides horseback .,0.793021023273468
5456862756.jpg,"A woman soaks her feet in a natural pool in a landscape of rocks , with green covered tents in the background . A young women dips her feet into a natural spring in an outdoor setting . The woman is relaxing by dipping her feet in water at a rocky area . A woman is sitting with her feet in the water . A woman relaxing her feet in a hot tub .",0.9527567028999329
5489602545.jpg,A man wearing a red t-shirt sweeps the sidewalk in front of a brick building . A man sweeps a sidewalk outside of a brick building during the day . A person is sweeping off a sidewalk in an urban area . A shopkeeper sweeps the front of his store . A man in a red shirt sweeping the sidewalk .,0.9705007076263428
549520317.jpg,"The little boy in the red coat and tan pants is at the top of the slide , holding on to the handles of the slide . Small child in red jacket and khaki pants at the top of a slide with a fence behind . The little boy has a red coat on as he plays outside . A toddler in tan pants and a red hoddie on a slide . A child in a red jacket , sitting atop a slide .",1.1011472344398499
5501340599.jpg,"A little girl wearing a polka dot shirt is standing in front of a sink washing clothes out , with a few wet items next to her . A young girl , blond and wearing a polka-dot shirt , washes a stuffed animal in a vanity sink . A little blond girl with a polka dot shirt is giving a stuffed animal a "" bath "" in a sink . A little girl around the age of five is trying to do the dishes in a kitchen . A young girl is washing her teddy bear in the kitchen sink .",1.0758300125598907
5504963988.jpg,Numerous workers with blue shirts and white aprons are preparing fish for sale . This appears to be a group of Asian people cleaning and preparing food . Many workers in an Asian market work diligently . Workers preparing foo in a restaurant . Asian workers are working hard .,1.037604734301567
551315867.jpg,"Two men - one wearing a blue cap , two-toned blue shirt , and gray trousers , the other hatless and in dark-colored shorts - stand in a green cherry-picker amid utility wires and leafy tree-tops . Two men standing in a crane lift next to several tall trees . Two men on a piece of green machinery in the trees . Two men stand in a lift near some power lines . Two men in a crane examining trees .",1.071186140179634
5513727638.jpg,Four men in the background look on as a man is trying to do some tricks on his bicycle . A boy is doing bike tricks while a group of three other boys looks on . A biker reaches the apex of his ramp while onlookers watch his feat . One biker doing a stunt while onlookers watch in the far corner . One bicyclist does an awesome trick at a skate park .,0.8540680259466171
5526795355.jpg,"A man whose face has been painted silver with white stripes plays the violin while dressed in a red cloak and hat . A man with a mustache , face paint and a matching red hat and shirt is playing the violin . A masked man plays a violin while wearing a silky red outfit and hat . An older gentleman with face paint is playing the violin . A man in red is playing the violin .",1.0175123810768127
553918837.jpg,A little girl in a striped pink shirt going down the slide . A girl in pink slides down the slide at a playground . A little girl in a pink having fun on the slides . A little girl laughing while going down a slide . A child is going down a slide .,0.8235102891921997
55438559.jpg,The parents are cheering on this group of children in a race . the local kids are having a footrace . Little girls run together outside . Young girls running in a race . some children are racing .,0.9459883719682693
558338473.jpg,"Two men in all black practice a fighting sport with sticks while a man in a blue shirt looks on . Two men wearing black clothes practicing karate moves , and another man looking at them . Two men in black pants and black shirts practice martial arts on a green gym floor . Two men who are wearing black shirts and pants are holding wooden sticks . Two men dressed in black practicing martial arts on a gym floor .",0.9705653786659241
5614715384.jpg,"A lady wearing a tan dress holds her arms out and open her mouth in front of a sign that says "" CLOSED "" . A happy woman quite stands in front of a business that displays a closed sign and looks very animated . A woman on the stairs outside of a building closed for private function in a white dress . A woman in a brown dress is jumps off some stairs outside a building . A woman in a dress is singing and having a good time .",0.8880847692489624
5623287052.jpg,A man is standing in the aisle of a grocery store and staring at the cereal selection . A man with a shopping cart is studying the shelves in a supermarket aisle . A man in a green jacket at the supermarket looking over products to buy . An old man with a cart is shopping for cereal at a grocery store . A man with a cart in the grocery aisle of a store .,0.9670844674110413
5631556013.jpg,"skinny dark complected boy , jumping into a vast of water with his nose held so water does n't rush in . Boy wearing rust colored shorts in mid leap into water while holding his nose . A young man wearing only shorts is jumping from the pier into the water . One young boy holding his breath and jumping in the lake on a warm day . A young boy is holding his breath while he jumps into water .",0.9882781654596329
5661511556.jpg,Several people are in an enclosed garden space while a young Black boy and another person hold onto a wooden frame of a raised plant bed . A young African American boy holds up a piece of wood to be secured in place . Boy in a black striped shirt bending over a wooden board . A group of boys are building something with wood . Black boy aligning wooden panels .,0.9884512424468994
5662260935.jpg,"A man in a black outfit , with flames on it , is practicing his fighting technique . A man in a black shirt and shorts with flame decals is miming a boxing motion . Two men with black shirts and shorts decorated with flames practice boxing . A man dressed in boxing attire throws a practice punch . Man shadow boxing in black and yellow outfit .",0.9584350138902664
5691210724.jpg,"Two white-haired women , both wearing hats , play saxophones while standing in front of a pair of landscape paintings . Two older women in matching blue jackets playing saxophones in front of two large paintings . Two women , both in blue jackets and hats , are playing saxophones together . Two women , in blue jackets and jeans , are playing saxophones . The ladies in the purple jackets are playing the sax .",1.0646279901266098
5732777684.jpg,The view from a cracked train window of children walking to or from school along train tracks . Young children are walking down a pathway with a telephone wire running behind . There are a lot of kids walking on train tracks surrounded by trees . Several young people walking along a set of train tracks . Three young school children walk down railroad tracks .,1.1026305705308914
5733760.jpg,A man in a striped polo shirt stands on stage in front of a chalkboard while holding a microphone . Here is a picture of a teacher talking on a microphone in his classroom . A man with a striped shirt and glasses speaks into a microphone . A man wearing a black and white striped shirt with brown pants . A man wearing glasses on stage holding a microphone .,1.014881357550621
575853856.jpg,An Asian man in a gray shirt is playing a small wind instrument made of wood . An Asian man playing a wooden instrument . A man in a gray shirt playing a whistle . An Asian man plays a wooden whistle . A man plays a whistle .,1.1092112213373184
582788646.jpg,A blond-haired child with blue and red floaties playing in the ocean . Small child with blue floaties on bending over at the beach . A child in red and blue floaties looking down at the water . Boy with floaties with his feet in the sand on the beach . A blond boy wearing water wings bends down at the beach .,1.0226213932037354
5870701819.jpg,"A dancer in a green dress is twirling around and there is a dancer in a purple dress in the background . The dancers wore beautiful colors during the performance . Two women wearing elegant , flowing dresses are dancing . Two beautiful women dancing in their native culture . A woman in a flowing green dress is dancing .",1.081984043121338
5892931627.jpg,"A uniformed baseball player just took a swing at the ball , as the rest of the team looks on and the catcher behind him , is ready for the play . A baseball player swings at the pitch while the opposing team 's catcher is ready for the ball . A baseball player swinging at a ball while the other team watches from the dugout . A uniformed young man is swinging a bat to hit the ball in a baseball game . A batter in a white uniform takes a huge swing at the ball .",0.8979666233062744
5896386113.jpg,An elderly looking woman is hanging up clothes to dry in what appears to be an old town or neighborhood . An elderly woman wearing an apron and black dress hangs clothes on the laundry line . An older woman is hanging clothing on a clothesline to dry . An older Amish lady hangs clothes to dry outside on a line . An Amish woman is hanging whites on her clothesline .,1.0216403007507324
5901845159.jpg,"Man with old movie camera and equipment , all in gold , being approached by a young child in a blue coat . A child looking at a street performer who has a camera and is covered in gold paint . A bronze street performer pretends to make a movie while a confused boy watches . A young boy is looking at a man painted in all gold . little boy admiring a statue of a movie maker",1.0584186017513275
5925539370.jpg,a boy in a blue uniform is standing next to a boy in red and a boy in yellow and they are holding baseball gloves . Three children playing baseball in uniforms on a baseball diamond . Young boys having fun playing on a baseball field . An young overweight male pitches a ball . A boy is throwing a baseball .,0.9678306430578232
5925544950.jpg,"A girl with a red cap , hair tied up and a gray shirt is fishing in a calm lake . A lady wearing a red hat is fishing in a quiet and peaceful lake . a woman with a red cap is fishing in the river . A woman with a red hat is fishing at a lake . Woman in red hat fishing .",0.9862885624170303
59303979.jpg,An elderly man with white hair and eyeglasses is smiling at something A man with glasses and a gray sweater is laughing . A man in a gray sweater and glasses is laughing . An older man laughs while cruising on a boat . An older man with big teeth laughing,0.9328266233205795
5988551357.jpg,A clown lying on a horse at a circus or fair event with spectators . A person is laying sideways on a horse in front of spectators . It looks like the clown has fallen off the horse . A rodeo clown finds it 's way in the action . A person in pink attempts to mount a horse .,0.9584080427885056
6043589490.jpg,"A young lady with multiple piercings is brushing her teeth outdoors in a wooded area . A girl is standing outside in front of a forest and brushing her teeth . A woman is standing in the forest , looking into the camera . Lady brushing her teeth in the forest in the morning . This is a woman brushing her teeth in the woods .",0.9451955556869507
6053720349.jpg,A baby is looking quite tired as she sits inside a luggage bag . A child with a pacifier in its mouth is sitting in a suitcase . A small child wonders why on earth he 's in a suitcase . A baby decides to pack himself away in a suitcase . A baby is sitting in a suitcase .,1.0852177441120148
6059154572.jpg,"A teenage male goes urban surfing in a small body of water with a modified surfboard for a crowd of people with lush trees in the background . Surfer wearing blue long-sleeve shirt with black and white shorts , causing a splash jumping with their surfboard . Guy jumping off a surfboard at some kind of event . A skimboarder performs a trick in the water . A teenage is on a surfboard .",0.9438343346118927
6066650935.jpg,"2 people on bikes riding away on the distant road with their backs toward us as the road they are on extends on into the distance . A man and a woman on bikes are bicycling down a large highway in the trail lane , along with other bikers and joggers . A girl and a guy biking down a long strip of road with people jogging in the distance . A female and male bike riding on a sunny day . A line of people are biking down a road .",1.0287294536828995
6084817815.jpg,"Foreign folk dancers are dressed in outfits of bright lime green , red and white tops , lime green headbands and red , blousy trousers and open-toed specialty shoes while dancing in a city street , while spectators enjoy the show . Asian people are dancing in the street with trees and buildings in the background , while wearing red , white , and green colored costumes with green headbands . Chinese dancers in green , white , and red clothing entertain on a road . Asians wearing green , white , and red are dancing in the street . People dancing at an Asian cultural parade .",1.0813838988542557
6152180229.jpg,"The family is out on vacation the oldest son is being goofy with his soda on his head , while the mom smiles . There are three people in their mid 20 's that are drinking energy drinks in front of a recycling bin . Two boys and a woman are posing for a picture with a canned drink advertisement . Friends are showing off a new drink . Three friends have fun bicycling .",0.7513093203306198
6156276992.jpg,A photographer carefully sets up his camera on a tripod and prepares to take the shot amidst the scenic background . A man in a blue shirt with gray hair is looking through a camera with mountains in the background . An elderly man looks through a camera on a tripod during a trip to the mountains . Tourists observe a geographic landmark through viewfinders . Man using camera outside .,1.1189976334571838
6160193920.jpg,"An Asian woman in a blue top and green headscarf smiling widely as another woman rows a boat in the background . A middle-aged oriental woman in a green headscarf and blue shirt is flashing a giant smile . A woman wearing a green headscarf laughs while a woman in the background paddles a boat . A lady wearing a blue print shirt and green head cover smiles for the camera . A woman with a green headscarf , blue shirt and a very big grin .",1.135934665799141
617782839.jpg,"An archer using the japanese style teachings aiming at his target , while wearing traditional japanese garb An older man wearing a chinese outfit shooting a large bow at a target A man wearing japanese clothes shoots an arrow at a target . A monk shooting a bow and arrow at the target . A man shooting a bow and arrow at a target .",0.9422805160284042
6186146093.jpg,An innertube is being worked on a bicycle by a male and female . A man and woman are working on replacing a bike tire tube . There is a man and woman working on a bicycle tire . Two people outside examining a bicycle tire . A man and a woman repairing a bicycle tire .,0.9570726752281189
618771382.jpg,One girl is hugging another girl in front of an American flag . Two young girls are hugging in front of an american flag . Two girls hugging in front of a giant American flag . Two young girls hug in front of the American flag two girls in front of large american flag,0.8966824412345886
618797331.jpg,A young boy wearing a blue sweater holding up a necklace with green and brown beads . A little boy in a blue sweater holds up a necklace made of wooden and glass beads . A young boy shows his brown and green bead necklace . A bow in a blue sweater shows off a beaded necklace . A young boys shows off a beaded necklace .,1.1873221397399902
6188266707.jpg,"A female volleyball player reaches high as her fingers touch the ball . Female volleyball player attempts to set the ball over the net . A blond volleyball player reaches up to hit the ball . ,  6 tries her best to help her team to victory . A girl wearing white is playing volleyball .",0.9434036165475845
6191516871.jpg,"Man wearing blue bowing on floor in front of another man in blue bowing on floor with two other men wearing blue kneeling on same floor also . A grand master and students in a martial arts class bow towards each other in a gesture of respect for each other and the sacred art . On wooden floor , martial arts instructor bowing before students with all in blue martial arts clothing . A group of men dressed in blue in Monk style robes kneeling and bowing on a wooden floor . Four men in dark colored clothing appear to be praying or meditating on a wooden floor",0.960409939289093
6194677011.jpg,A person wearing protective clothing coverings is sitting in front of a microscope . A medical professional operating a microscope and viewed on a computer . A researcher analyzes the image being displayed from the microscope . a woman in a hairnet looks at a sample under a microscope . A woman in a lab suit operates a computer and microscope .,1.118893101811409
62057380.jpg,"Two young stylish people walk enthusiastically down a city street at night . Two young adults walking in a street towards bright lights . A man and a woman walking , he is cool she is funny . Two young women run down the sidewalk at night . A man and women walking talking a picture .",0.8774532377719879
620595746.jpg,Two people in swimsuits are sitting on a beach while a woman in native dress walks by with a basket balanced on her head . A black lady in traditional dress with a basket balanced on her head walking down a beach crowded with sunbathers . A wares peddler walking along a beach with a basket on her head . A woman is balancing a basket on her head at a beach . A woman in a batik dress walking on the beach .,1.0114440321922302
6206278823.jpg,"A goalie in the hockey game is in a stance while watching what is happening during the game . The Whatcom Warrior 's Goalie is focused on the puck , in front of the goal post . A hockey goalie stands in front of the net at the ready . Hockey goalie in red jersey ready to block a shot . a goalie getting ready to defend the net",1.039832979440689
6218244928.jpg,Several workers brace a large yellow object aboard a boat with the Golden Gate bridge in the background . Men in hard hats are on a boat in the water with a large bridge and a mountain in the background . A group of workers are working together around a large yellow object on a large boat . A group of people are on a work boat that is in the water . Several men with hard hats working on a boat .,1.163722351193428
6225843702.jpg,"A cyclist on his bike jumps over a board in a large open grass field , during what appears to be a race . A male biker jumping a ramp in a contest or crossing the finish line . A man in spandex maneuvers his bike over an obstacle . A man in a bike race jumping over a small obstacle . A cyclist and his bicycle hop over an obstacle .",0.9662535786628723
6232601127.jpg,The skilled potter carefully molds and shapes the large clay bowl while it spins on the pedestal . A man is standing up and spinning a piece of pottery on his pottery wheel . An aproned clay-worker throws a pot and forms it on a potter 's wheel . An artist creating a pottery while wearing an apron . A pottery maker shaping a new pot in his workshop .,1.0874984413385391
6274918824.jpg,"In a kitchen with stainless steel applicants is someone preparing a recipe in a large stainless stain mixing bowl . A person , in a kitchen , is holding an egg on top of a bowl with rice in it . A person is holding a brown egg in front of a mixing bowl . Person holding an orange , over a bowl with rice . Someone having a good time mixing up some batter .",1.0321234911680222
6314475602.jpg,"A few dozen able-bodied men in kilts are gathered for an outdoors event , with a thrown stick nearing the camera . A large number of people are watching men dressed in kilts , one of whom has thrown a long pole . People all around on a hot sunny day watching a large tan stick get thrown . A group of men wearing kilts throwing a long wooden stick . A man wearing a kilt has thrown a large pole .",1.1697384715080261
6315352509.jpg,Race car driver driving his car on the track . A race car is speeding along the racetrack . A red race car speeds down the racetrack . A race car zips by on the racetrack . this race car is going fast .,0.8157703280448914
6333818443.jpg,"Thin woman dressed in navy blue pants and light blue thin parka with a top to cover her head , seems to be floating in a kitchen at 1:55 pm , according to the clock on the wall and she has a glass in her left handheld up from the bottom of it A girl wearing blue pants and a shirt with a hood is seen flying up above nearly two feet from the ground holding a glass which she has removed from the dishwasher . A woman in a kitchen , leaps in the air while attempting to balance a glass cup in one hand . A woman is jumping through the air in a kitchen and placing a glass in to the dishwasher . A woman wearing only socks floating towards an open dishwasher .",0.9975132346153259
6338704.jpg,Three people cross the street while a crossing guard in an orange vest stops traffic . People are walking across the street at a crosswalk . School children crossing the road at a crosswalk . a cross guard helps people get across the street . Several people walking across the street .,0.7360422611236572
637245791.jpg,"A small Asian boy is sitting on the floor of a bedroom being entertained and smiling at a lego toy that looks like a bug on wheels . A young Asian boy , wearing pajamas , is seated on the floor by the bed watching an insect made of Legos . A young child is watching a toy construction brick construct . The little boy is playing with a toy . A child is playing with a Lego toy .",1.2332749366760254
6381062375.jpg,A woman wearing goggles and a blue swim cap doing the backstroke in a swimming pool . A female swimmer with goggles and a cap does the backstroke . A woman is performing the backstroke in a pool . A swimmer in a pool swimming on their back Women backstrokes in pool .,0.9214956313371658
6386880789.jpg,"A female swimmer with goggles is fixing her swimmers head cap as she stands near a pool the background is out of focus . A smiling girl is wearing a Speedo swimming suit , goggles and cap with her hands on her forehead . A female swimmer checks her goggles and head cap . Getting ready for the big dive . Swimmer adjusting her goggles",0.9471399337053299
6420396169.jpg,A small blond boy enjoys a lollipop while getting his hair styled in a salon . A young boy getting his hair styled is eating candy . A boy gets his haircut while enjoying a lollipop . A blond boy getting his hair done . A blond boy is getting a haircut .,0.9918946027755737
6472693569.jpg,"On a bright and sonny day a man with blue trunks and white and blue shirt appears to be preparing to take a canoe ride A man wearing a white shirt and blue shorts is leaning over a canoe at the end of a dock . A woman preparing her kayak for pleasant row across a beautiful day on the lake . One man is bent on a pier , next to a kayak on the water . A couple guys entering rowboats on a dock .",0.865449532866478
6474645169.jpg,A basketball player from Penn State dribbles a ball while being surrounded by Lafayette players . A basketball game showing Lafayette player number 32 and Penn State player number 23 . A basketball player in white squats while a player in red moves toward him . Men from Lafayette and Penn State are playing basketball . The two college basketball teams are playing a game .,1.085381880402565
65845718.jpg,This is a woman in a swimming pool with her hand on the edge of the pool and appears to be wearing a dark blue bathing suit and looking off to her right . A woman in a black swimming suit is holding onto the edge of a in ground pool . A lady is in a swimming pool wearing a dark colored bathing suite . A woman in a bathing suit hangs on the side of a swimming pool . A girl in a swimming pool holding on to the side .,0.9484462440013885
6589292543.jpg,A very tired little boy 's taking advantage of bed setting in a department store to get some rest . A child resting on a bed at a furniture store waiting for his mom to get done shopping . A very young boy wearing a green long-sleeve shirt is laying on a bed at a store . Very young boy in a green shirt laying face down on a white bed . Tired little boy lays down on a display bed at a store .,1.0177909582853317
6632464405.jpg,"A rock concert in progress , with the two musicians and a singer performing as jets of flame shoot up from the stage . A man is standing center stage with a microphone as flames shoot upward behind him . A band dressed in black in front of flame throwing effects is performing . Rammstein performing a stage show with high caliber pyrotechnics . A musician performs on stage with pyrotechnic displays .",1.0333240032196045
6647904677.jpg,"A group of people in blue Arabian robes and white headdresses is on yellow bicycles in the street in front of a tall building . Several people , wearing blue robes and white keffiyehs , are riding yellow bicycles . A group of people wearing blue and white dishdashas all riding orange bicycles . Wearing a traditional blue robes , men ride down the street on bicycles . Muslims riding their bicycles down a busy street .",1.0263459384441376
6680789117.jpg,"Two boats of people kayaking , a smaller yellow boat with two people and a larger white boat with six people . Two people in a yellow kayak are coming toward a larger , white kayak on open water . Two kayakers interrupt a race and are about to hit competitors of the race . Two rowers in yellow canoe approach six rowers in a longer white canoe . Two people in a yellow kayak come along side a larger white kayak .",1.03050597012043
6693881913.jpg,A referee wearing a black and white uniform watching two hockey players from opposing teams fighting on the ice . Two ice hockey players fight with their gloves off while a referee looks on . Two hockey players are fighting with a referee watches . Two people on a hockey field fighting . Red versus blue on ice .,1.0810331255197525
6728801573.jpg,"An Asian woman and a guy wearing blue jeans , blue shirt , and flip-flops are in a bicycle shop repairing the cycles . Performing some bike maintenance , the lady lubricates a frame before assembly is completed . Woman wearing brown shirt working with tools on a bike frame . A woman is building a bike in a shop . A woman fixing a bicycle .",1.009289175271988
6774537791.jpg,A skier midair during what appears to be a daring flip on a sunny ski slope . A skier in a yellow and green shirt doing a flip in the air . a skier is in the middle of performing a midair trick . A skier does a jump in front of an empty chair lift . This is a skier getting some nice jumps in .,0.9650328010320663
6828750292.jpg,"Three rugby players in a field two are in a sprinting stance but all three have masks to protect their faces . Three males , in green t-shirts and shorts , practicing lacrosse , on a green grassy marked field . Three players participating in a team sport . Teenagers at a field playing a sport . Kids playing cricket with pads on",0.8136605471372604
6839984356.jpg,An sitting Asian male wearing a yellow shirt with a skateboard in his lap . An Asian youth sitting on a wall with a skateboard on his lap . A youth wearing yellow sits on a wall holding a skateboard A young Asian man sits with his skateboard on his lap . The boy with the skateboard is taking a break .,1.0065040737390518
6841943688.jpg,A man in a leather coat plays a saxophone into a microphone . A man in a black leather jacket plays a saxophone . A saxophone player playing in a studio . A man is playing a saxaphone . A man playing the saxophone .,0.992569625377655
6847401646.jpg,An athletically built man with orange hair and a blue bandanna is flexing in front of a lake . A shirtless man with a race placard on his butt is posing like a body-builder . A man with red-hair and a bandanna shows his muscles . A shirtless male runner with long red-hair flexing . An skinny long-haired man flexing .,0.9967174381017685
6848277313.jpg,A man with close-cut hair wearing a plaid shirt is pointing to a screen that has words projected on it . A man in jeans and a button up shirt is presenting something on a projector screen . A man with a checkered shirt on is giving a powerpoint presentation to people . A man standing in front of a projector screen A man is giving a presentation .,0.8871433883905411
6869365418.jpg,The children dodge water as they play at a park with their parents in looking on . A group of young children laugh and play amid a large bubbles . Three children playing on the sidewalk with big bubbles . 3 kids are playing with bubbles outside . Three children are playing with bubbles .,0.9656313061714172
6870444330.jpg,"A man wearing a white and green flannel shirt points to himself while holding a microphone . A man in a plaid is standing on a stage holding a microphone , in front of a crowd . A caucasian male in a green and white plaid shirt holding a microphone . A man standing with a microphone under lights in front of a crowd . a man is on stage with a microphone .",0.929141491651535
6870585516.jpg,"People travel on the escalator ; some are going down to the lower level , while others are going up to the next level . Men and women with satchels and briefcases travel up and down dimly lit escalators . A large escalator with many people is escalating people up and down . A large group of people are riding up and down on an escalator . An escalator with many people on it , leading out of a tunnel .",1.0567055642604828
687513087.jpg,"Two black dogs fight with each other , with their teeth bared , in a plush carpeted room . Two black dogs are bearing their teeth beside a white couch . Two black dogs are fighting in front of a tan sofa . Two large black dogs are snarling at each other . Two black dogs play or fight together .",1.1169546097517014
688926797.jpg,"A woman showing her pretty blue dress and new hairdo , with a man standing behind her . A woman in a blue dress stands with a bemused look on her face . A woman in a blue dress is standing with her hand on her hip . A girl in a blue dress is standing with her hand on her hip . A woman in a blue dress standing .",1.0172314941883087
6901412.jpg,"A young bearded man in a casual black shirt sits at the cluttered dining table of a restaurant while holding a pair of tongs before his tongue . a guy , with a lot of drinks in front of him , trying to be brave , what ever he is trying to do . A man with a beard is sitting with drinks in front of him holding a pair of tongs . A man with a beard holds a pair of tongs at a restaurant table . A man licking a small pair of ice tongs .",0.9402002394199371
6925158300.jpg,A bunch of young adults stare in concentration at their computer monitors as they competitively game . A large group of computer gamers are arranged in a row while playing games . There is a line of computers in a row and each one is occupied by a man . A line of men are all using computers intently . A row of PC gamers focusing on their screens .,1.0419739037752151
6927848734.jpg,A man in a red shirt is sitting in the drivers seat of a car that has the steering wheel on the right hand side . A man in a red t-shirt and jeans is driving a right-hand drive car . Man with red shirt is sitting in drivers seat of a car . A man is sitting behind the driver 's wheel in a car . Enjoying a nice test drive in a Foreign compact car .,1.0346465557813644
6952893010.jpg,"Four sailing vessels at sea on a cloudy day , one smaller then the others and one other one much larger then the other three . Blue and gray sailboat in the water with a few other boats in front of it against a gray sky . A large competition sailboat is surrounded by three small boats in the middle of the water . A collection of boats gathers on the ocean during a sunny day . A bunch of boats in the nice blue water .",0.7827072590589523
6958079140.jpg,"Man , wearing sunglasses and a blue shirt , stares intensely into the scope of a rifle . A guy wearing earmuffs and shooters glasses sites his rifle 's scope on a target . Man looking down the scope of a rifle preparing to shoot . A guy is shooting his rifle at a shooting range . Man in blue shirt shooting a rifle .",1.0010537505149841
697582336.jpg,A black and brown dog runs in the grass while hanging its tongue out . A black dog runs on green grass towards the camera . A black and brown dog running across the grass . The German shepherd runs happily in the park . a brown and black dog on the grass,1.008792221546173
6981038793.jpg,Person in orange pant skiing in an event sponsored by VISA . A person in orange pants is skiing down a slope . skier in red pants skiing down a slope Somebody is skiing down a mountain . aerial view of a competitive skier,0.9426742047071457
69830857.jpg,One person walks along a road in a barren landscape while cars pass in the same direction of travel . A person walks along the shoulder of a road in the desert . A woman walking on the side of a highway in the desert . A lone figure walks along a desolate highway . A person walking down a road in the desert .,0.911378487944603
6987411804.jpg,A female cheerleader is being held up by one male cheerleader while two other male cheerleaders stand to the side . A male cheerleader is holding a female cheerleader in the air at a football game . Cheerleaders are doing a routine at a football game while several men watch . Male cheerleader holding a female cheerleader up during a football game . A group of cheerleaders perform at a football game .,0.9292574226856232
7003919692.jpg,Several young black people traverse a market street in a rather dilapidated section of town . People are walking down a busy street in a foreign country . Africans walking down a crowded alley during the day . A family is at a market in a different country . African marketplace on a hot summer day .,1.0103477537631989
7012109893.jpg,"A man dressed in blue places mop inside a green bucket as he stands on a roof that overlooks a city . A man in a blue uniform and a gray hood is mopping a roof , the mop bucket is kelly green . A man wearing a blue suit is standing on a roof with a mop and bucket . A worker is cleaning a roof or terrace on a cold winter morning . A man cleaning the top of a roof .",1.0535018891096115
707941195.jpg,"A black dog with white paws stands on a large rock in a field . A black dog stands on a rock , green fields behind him . A black dog with white paws is climbing over a rock . A dog with its two front paws on a rock in a field . The black dog is climbing on a rock .",1.0577904433012009
7081584189.jpg,"A pair of athletes are in a kayak equipped with protective gear and oars , rowing down a rapid body of water in a blue and white kayak . Two people kayaking through rough waters in a blue and white kayak . A man kayaks in a blue and white kayak through rapids . Two people in white are kayaking in front of a wall . Competitive kayakers battling in ferocious waters",0.9232887625694275
7117115809.jpg,A woman wearing a white cap is painting a landscape of brightly colored rock formations ; the rock formations themselves are visible in the background . A woman wearing a white hat and a black shirt paints a scene from the Grand Canyon . A woman is painting a scene of the Grand Canyon on her portable easel . A woman in a white hat paints the rocky landscape in front of her . A woman paints mountains while observing the mountains .,1.1775921285152435
7129695767.jpg,A rock climber rappels down a sheer rock face with a view of snow covered mountains in the background . Somebody is rappelling down a tall cliff with the sun and clouds in the sky . A man is suspended midair from a rope as he climbs a mountain . A person climbs a cliff with a blue sky in the background . A man rappels off the side of a cliff .,0.9196136891841888
7162685234.jpg,"Two children playing on the beach in the sand with the ocean in the background Two children are playing with sand on a beach near the ocean . two brothers playing in the sand after swimming in the ocean . Two young , wet boys playing in the sand on a beach . Two little boys play with sand on the beach .",1.0004232823848724
7173939318.jpg,"Amidst a busy dock comes a red and white ship with a landscape of mountains and possibly middle-eastern territory . Pier with groups of people , some with fishing poles , boats in water and buildings and monuments in background . a beautiful seaside scene with people on a dock and a large white building in the background A boat pear with people boarding and disembarking some boats . A group of people on a dock by a city boarding various boats",0.9393943846225739
72010346.jpg,A man in a white shirt and a woman in a pink shirt touching one another 's head . A man in a white shirt dances with a woman in a pink shirt . A happy duo embraces in front of a computer . A young couple dancing in an apartment . A man and a woman dance happily .,1.0516433417797089
7212803242.jpg,A messy blond-haired baby feeds an individual wearing a red shirt on grass . A little child is trying to feed his mom a piece of messy cake . A baby uses his hand to feed a person with a red shirt on . A smiling baby feeding a colorful treat to its parent . Father and baby are sharing something to eat .,0.9470333904027939
7235990180.jpg,"Two small blond children holding stick while standing in a crowd n the city . Two small children are playing with toys while the crowd looks on . Two blond children , a boy and a girl , hold sticks and smile . The little girl and boy are entertained as the crowd watches . Two younger children are at an event both holding two sticks .",1.060045212507248
7249187716.jpg,"Many sports people dressed in black swim wear , yellow cap and goggle boisterously swimming across a body of water with a surrounding plush vegetation . A large group of swimmers in wetsuits and swim caps eagerly dive into the water . A man with a yellow swimming cap is crashing into the water . Lots of people with yellow swim caps going for a swim . A large group of swimmers entering the water .",0.9470055252313614
7252718418.jpg,"An adorable little girl with pigtails and glasses is about to take a swing at a baseball . A young bespectacled girl attempts to hit a softball from a free-standing batting tee . A young pig-tailed girl , is swinging her bat at a ball on a post . A little girl on a baseball field swinging at a baseball on a tee . A little girl is playing t-ball .",1.0932201892137527
732671252.jpg,Two young boys are sitting on a trampoline talking to each other . Two children are sitting shirtless on a trampoline . Two boys sit shirtless on a trampoline . Two boys relaxing on a trampoline . Two boys sit on a trampoline .,0.9460931271314621
7330749240.jpg,"Indy car , white , blue with a red mark on the roof , rounding a turn , in front of the white car . Two race cars are going down a racetrack bend . Two cars are driving on a racetrack . The cars are racing around the track . Two cars are on a racetrack .",0.7865077257156372
7353914844.jpg,Three kayakers in helmets and life vests held in place by their oars in a river pause for a photo opportunity with one kayak perpendicularly over another the third apart . Three people are kayaking and two have crashed into each other . Two different kayaking reams come into contact . Three men in kayaks battle in the rough water . Three people are kayaking in dark waters .,0.896199494600296
7430272380.jpg,A straining man wearing a gray shirt is throwing a javelin with great force . Javelin thrower wearing a dark shirt and preparing to throw . Man holding a large stick and wearing gray pants and shirt . A man performing in a track or athletic competition . A man on the field is throwing a long stick,0.9052753448486328
745880539.jpg,A little brown and white dog emerges from a yellow collapsable toy tunnel onto the lawn . A white dog emerges from a yellow tube on an obstacle course . A small dog in front of a yellow tube on grass . A small white dog walks through a yellow tube . A dog coming out of a large yellow tube .,1.0479836165904999
74635420.jpg,Women in black dress taking picture of children in front of flowers . A woman is taking a picture of several playing children . 4 children posing for a photo with 2 adults on a street A boy posing for his mom at an important event . A boy is posing for the camera .,0.6128830090165138
7472814756.jpg,"ah , this photo is that of a regatta , possibly trials for America 's Cup , showing three yachts sailing . Three catamaran boats are in close proximity to each other as they race near a bridge . Sailing teams come to the rescue of a boat in need . Three sailboats are passing a bridge . Three sailboats in a sailing race .",0.998459979891777
74759622.jpg,"A guy is standing in front of a toilet with a coffee cup in one hand and a toilet brush in the other . Man in zippered black jacket and green shirt poses next to a urinal , holding a toilet brush . Man holding a cup and toilet brush next to a urinal . He is in the bathroom with a drink in his hand . A man in jacket holds a mug in the bathroom .",1.0791994631290436
7498713846.jpg,"A man wearing a black shirt has his hand on the back of a man wearing a red shirt . A man bows his head in prayer with another , as a third looks on . Two men in red shirts are standing with a man in a black shirt . A praying man is comforted by another man in a parking lot . A group huddled together saying a little prayer .",1.1553366482257843
7610186624.jpg,"A woman in a gray and blue shirt smiles as she unwraps and cuts into a calzone . A woman is sitting outside at a table , using a knife to cut into a sandwich . A girl uses her knife to cut a sandwich as she eats at a blue table outside . A woman is cutting into a sandwich while sitting at an outdoor table . A young women outside eating her lunch .",1.0158487409353256
7616312438.jpg,"A man wearing white pants , with sunglasses on his head , is playing a saxophone . A man in white pants and a black shirt is playing a saxaphone . A man playing on his saxophone with white jeans on . two men playing a saxophone . Guy playing the sax on stage",0.9580773115158081
7645680482.jpg,"Four cyclists , two male , one female , and one of indeterminate gender , in a bike race in a european country . Cyclists are focused straight ahead as they ride along a street with onlookers watching from behind barricades . Multiple people on their bikes riding in a race on a city street . Streets are lined with people watching lots bicyclists drive by . Bicyclists competing for the gold .",1.04980006814003
76466808.jpg,Two pilots are standing and talking in front of a British Airways airplane . Two men standing at the nose of a British airways airplane in discussion . Two men stand conversing in front of a British Airways airplane . Two men in white shirts standing in front of a plane talking . A pilot standing next to a British Airways airplane .,0.9377724677324295
7711598144.jpg,A woman in white karate attire is taking down another woman in blue karate attire during a competition . A martial art tournament in session while there are referees in the sidelines keeping watch . A woman performs a take-down in a martial arts competition . A woman being flipped in a taekwondo competition Two athletes participating in a competition .,0.9798488020896912
7738368186.jpg,"a person collecting beer bottles , at what looks like a pro fight , while wearing a British flag . A person wearing sunglasses , a visor , and a British flag is carrying 6 Heineken bottles . A woman wearing a blue visor is holding 5 bottles of Heineken beer . A person wearing the UK flag is carrying Heineken bottles . Someone , wearing a flag as a cape , is carrying 6 beers .",1.129472330212593
7746984692.jpg,"A lone man heads off on a high mountain trail wearing a bright red jacket , black backpack and carrying two ski poles for assistance . A hiker wearing a red jacket , is walking up a dirt path on a grassy mountain , with other mountains in the background . A person with a red jacket and crosscountry skis is walking up a mountain . A person in a red hoodie uses nordic poles to walk up a mountain . A lone hiker walking along a path in a high mountainous area .",0.9167338162660599
7772052674.jpg,A man in a bar drinks from a pitcher while a man in a green hat looks on and a woman in a black shirt drink from a glass . Two males and a female are sitting at a table at a bar and two are drinking beer . Two men and a woman are sitting at a table inside a bar and having drinks . Two guys and one girl are sitting at a table in a bar drinking beer . Three young people drink beers at a bar .,0.9437989443540573
777288299.jpg,A tennis player wearing white is jumping up to hit a ball . Woman at tennis match jumping in air to hit ball . A blond woman serves the ball in a tennis match . Female tennis player serving the ball . A woman serving a tennis ball .,0.8927401900291443
77740577.jpg,"A woman wearing a pale shirt and jeans is sitting on a couch next to a man in a maroon shirt . A lady with long brown hair is wearing a tan sweater and is sitting on a couch with a man . A man and woman rest on a sofa , with holiday wrapping paper beside their feet . A woman in a pink sweater sitting on a couch . woman sitting on couch with chocolate",0.8620822429656982
7784556300.jpg,"A bicycle race , with bicycle riders dressed in multicolor uniforms , with a man recording it . A man on a black mountain bike rides through a course filled with other bikers . Several cyclists make their way through a rutted field , as a cameraman films . A man filming a bike race , with a female biker in the foreground . A group of men are biking through the grass .",0.9290313720703125
7796487260.jpg,"A woman performing a dance move in an empty swimming pool with nike shoes on her feet . Beautiful woman in black doing a low twist like a 1980 's breakdancer . A young woman does an acrobatic move on one hand , in an empty pool . Girl performs gymnastic move in a drained pool . A woman standing on one hand in an empty pool .",0.6389506161212921
78058719.jpg,A man in a turtleneck shirt looks on while a woman in a white shirt deals with the dishes in the dishwasher . Two women and one man standing over an open dishwasher while one of the woman is loading a bowl . A woman is manipulating dishes in a dishwasher with a man and another woman next to her . This family starts cleaning the kitchen after a nice wintery meal . a woman is loading the dishwasher in the evening after dinner .,0.9989789128303528
7940321892.jpg,A red race car with the number 56 is driving along a racetrack . A number 56 red racing car is speeding left past the frame . A bright red race car is speeding past . man driving a race car competitively A man in a red go kart is racing,0.9899558126926422
7990849887.jpg,"A three member band plays intensely in a club with flashy designs and lights in the background . A musical group performs in front of a live audience with large pink lights on the stage . A three-person band plays in a dark venue , with blue and red backlighting A live performance of two artists . A band performing on stage .",0.9414661675691605
8034139464.jpg,"A man in an orange shirt is raising his golf club on a grassy course while five other men look on . A man wearing orange and blue has just hit a golf ball , as a group in similar uniforms look on . A golf team dressed in orange , watch as one of their players swing the club . A golfer in an orange shirt gauging the shot he made . A man in an orange shirt hits a golf ball .",0.9420904517173767
8038092309.jpg,"Two baseball players in a stadium during broad daylight are both after the same baseball in the outfield . Two baseball players in orange shirts and white pants grab a ball on a grassy baseball field . Two baseball players are trying to catch this ball and not dance with each other . Two baseball players trying to catch a ball in the outfield . Baseball players stumble into each other , chasing the ball .",0.9717495739459991
81125088.jpg,A very young child dressed entirely in red squats in the back of a truck with a good amount of debris in it . A kid wearing a red outfit and sandals in the bed of a dirty pickup truck . A child wearing red shirt and pants is kneeling in the back of a vehicle . A little black boy in a red suit picking at trash . A little boy smiles while playing in the dirt .,0.9347940236330032
8138745455.jpg,"3 Asian men are playing a game of Mahjong at a table in front of a building with advertisements on it . Three elderly men play a board game on a green board with beige pieces . Three men sit at a table outside of a store , playing Mahjong . Some older people are playing an ancient game . Three old men are playing domino 's .",1.214802861213684
8143343377.jpg,"Two men , one playing the violin and the other playing the drums . Two band mates performing on stage under green lighting . Musicians on a stage with green lights shining on them . Two men at a concert performing for an audience . two guys playing music with a band",0.8861541748046875
8173029395.jpg,A standing audience of revelers watches the performance of a musical act in a small indoor venue . A standing crowd of people watches a musical performance on a lighted stage . People calmly and intently waiting for the band to begin . A crowd of people watching a music concert . A man plays music to a crowd of people .,0.9125957638025284
821599220.jpg,A man and young girl outfitted for hiking look down from the top of a cliff face . A male and female hiker peer out over the mountains . A man and woman hiking in cool weather . two people are looking off a cliff . Two people are standing on a cliff,0.8030707389116287
83001714.jpg,Children on a city street are playing tug-of-war wile others look on . A group of young children play tug-of-war in the street . A lot of children are playing tug-of-war with a rope . Local children play tug-of-war in front of a crowd . Some kids are playing tug-of-war .,0.9356491267681122
837919879.jpg,Two men wearing jeans and sunglasses are playing horseshoes . Two guys are playing horse shoe together . Two people play horseshoes . Two men playing horseshoes . Two guys playing horseshoe .,0.7882040739059448
84509831.jpg,Young boy dressed in long pants and a plaid shirt is holding a shovel near the ocean . A boy in a long-sleeved shirt and long pants is on the beach . A boy in a plaid shirt wields a shovel on the beach . A boy or young man is playing a ballgame on a beach . A boy is running on the beach with a shovel .,1.1012838780879974
852427632.jpg,A woman in a cowboy hat holding a rope and riding a horse chases down a calf as part of a rodeo . A woman in a cowboy hat on a horse chases a calf around a dirt ring . A girl on horseback is chasing a steer inside an arena . Girl atop horse that is chasing a small longhorn . A woman on a white horse corrals a bull .,0.9421636164188385
86112875.jpg,A woman with a hair bun appears to be making cigars next to another woman . A couple of women working in at a table with cigar tubes . A woman is putting a band on a cigar in a factory . A dark-haired woman is placing a label on a cigar . Two women are assembling wooden objects .,1.0053957253694534
86120682.jpg,"A lady wearing a navy blue stripe tank top cargo pants has a yellow glow of on her left hand holding a long stick getting ready to burn glass in front of an incinerator Lady with her hair up in a bun , in a tank top and khakis looking at a bright light . A woman is sitting on a bench while facing a bright fire . A girl working blowing glass into a image . A woman kneels in front of a fire .",0.9222328662872314
86131617.jpg,"A large billboard of a woman wearing a white shirt and lavender cami is being hung by 2 people in mechanical lift and one man standing on the ledge behind the billboard . Two men are in a cherry picker looking at the billboard which has a picture of a blond woman on it . A billboard of a woman , with three men , two in a lift , and one on top of the billboard . Two men on a cherry picker putting up a billboard of a woman . Men working on a billboard .",1.030367910861969
905355838.jpg,A male ballplayer wearing a white and blue uniform playing in front of a large crowd . A baseball player wearing a number 19 shirt looks at the outfield . Baseball player looking out into a stadium crowd a baseball player stands and faces the crowd . A baseball player standing on the field,0.891655832529068
91251257.jpg,A black-haired woman in yellow and orange is doing work near the water . An Asian woman kneeling on the dock of her house . A lady by the water is grasping a black pot . A woman is kneeling down near the water . A woman working next to the water .,0.9805432707071304
91875542.jpg,An elderly woman with white hair and glasses is next to a window and in front of an open cash register drawer . A elderly white-haired woman is looking inside her register and looking through her glasses . A woman with white hair is observing something while sitting at a desk . An elderly woman in a pink shirt is utilizing an antique cash register . An old lady working at a cash registrar .,0.8500929921865463
92679312.jpg,"A young white boy with short hair smiling into a microphone , standing near a slightly balding white male smiling into a microphone . These two people are singing or talking into the microphone . Man and young boy singing together using microphones . A man and a young boy sing together . A man and a boy holding microphones .",1.1032947152853012
95795877.jpg,"A man catching some much needed rest while riding some public transportation . Young man talks a nap while riding the subway home from a hard days work . Person sleeping on the subway , while sitting beside someone . A man in a black dress is sitting and sleeping in a train . A man is taking a nap in the train .",0.895419716835022
965444691.jpg,"Ever since his baby girl started coming to the arcade with him , the dad enjoys watching others play his favorite pinball game . A man holds a chubby baby with pink cheeks and blue shirt . A closeup of a man holding a baby wearing a blue shirt . The man is holding a baby near a carnival game . A man in black holds a baby .",1.236223503947258
97138973.jpg,A man with brown hair is all wet wearing a black shirt that someone is helping him with . The man is laughing because he just realize that his swimsuit came loose . This gentleman just finished a refreshing swim . A man who just came from a swim . A wet man in a black tank top .,0.9411925822496414
97162852.jpg,"A dark-haired woman sews a camouflage colored garment on a sidewalk , in front of a graffiti-covered fence . Hispanic woman wearing a red plaid shirt works on sewing an article of clothing . A woman uses a sewing machine to sew on the side of the street . Woman sewing outside by a green fence with graffiti . Woman sews on sewing machine outdoors .",0.949326828122139
